manager_id,fund_key,fund_code,url,published,title,label,filename_date,path,error
vcbf,vcbaif,VCBF-AIF,https://www.vcbf.com/images/2025/vcbaif_bc_tuan_20251126.xlsx,2025-11-28,Báo cáo thay đổi giá trị tài sản ròng Quỹ AIF - Tuần 48/2025,Tuần 48/2025,2025-11-26,data/raw/vcbf/vcbaif_bc_tuan_20251126-1826c17b2194a296.xlsx,BadZipFile: File is not a zip file
vcbf,vcbbcf,VCBF-BCF,https://www.vcbf.com/images/2025/vcbbcf_bc_tuan_20251126.xlsx,2025-11-28,Báo cáo thay đổi giá trị tài sản ròng Quỹ BCF - Tuần 48/2025,Tuần 48/2025,2025-11-26,data/raw/vcbf/vcbbcf_bc_tuan_20251126-4f150fe83c3f4d4e.xlsx,BadZipFile: File is not a zip file
vinacapital,veof,VINACAPITAL-VEOF,https://vinacapital.com/wp-content/uploads/2022/07/20140714-veof-nav-weekly-report.pdf,2014-07-14,20140714-veof-nav-weekly-report.pdf,,2014-07-14,data/raw/vinacapital/20140714-veof-nav-weekly-report-8bea68e680b70090.pdf,ParseError: line 2.1 (nav_end) absent; layout is not Appendix XXIV [data/raw/vinacapital/20140714-veof-nav-weekly-report-8bea68e680b70090.pdf]
vinacapital,veof,VINACAPITAL-VEOF,https://vinacapital.com/wp-content/uploads/2022/07/20140721-veof-nav-weekly-report-1.pdf,2014-07-21,20140721-veof-nav-weekly-report-1.pdf,,2014-07-21,data/raw/vinacapital/20140721-veof-nav-weekly-report-1-cc44f75deee08637.pdf,ParseError: line 2.1 (nav_end) absent; layout is not Appendix XXIV [data/raw/vinacapital/20140721-veof-nav-weekly-report-1-cc44f75deee08637.pdf]
vinacapital,veof,VINACAPITAL-VEOF,https://vinacapital.com/wp-content/uploads/2022/07/20140728-veof-nav-weekly-report-1.pdf,2014-07-28,20140728-veof-nav-weekly-report-1.pdf,,2014-07-28,data/raw/vinacapital/20140728-veof-nav-weekly-report-1-6588b5e951bf1405.pdf,ParseError: line 2.1 (nav_end) absent; layout is not Appendix XXIV [data/raw/vinacapital/20140728-veof-nav-weekly-report-1-6588b5e951bf1405.pdf]
vinacapital,veof,VINACAPITAL-VEOF,https://vinacapital.com/wp-content/uploads/2022/07/20140804-veof-nav-weekly-report-1.pdf,2014-08-04,20140804-veof-nav-weekly-report-1.pdf,,2014-08-04,data/raw/vinacapital/20140804-veof-nav-weekly-report-1-d103f82854e62de2.pdf,ParseError: line 2.1 (nav_end) absent; layout is not Appendix XXIV [data/raw/vinacapital/20140804-veof-nav-weekly-report-1-d103f82854e62de2.pdf]
vinacapital,veof,VINACAPITAL-VEOF,https://vinacapital.com/wp-content/uploads/2022/07/20140811-veof-nav-weekly-report.pdf,2014-08-11,20140811-veof-nav-weekly-report.pdf,,2014-08-11,data/raw/vinacapital/20140811-veof-nav-weekly-report-1abdb5ed1373fb71.pdf,ParseError: line 2.1 (nav_end) absent; layout is not Appendix XXIV [data/raw/vinacapital/20140811-veof-nav-weekly-report-1abdb5ed1373fb71.pdf]
vinacapital,veof,VINACAPITAL-VEOF,https://vinacapital.com/wp-content/uploads/2022/07/20140818-veof-nav-weekly-report.pdf,2014-08-18,20140818-veof-nav-weekly-report.pdf,,2014-08-18,data/raw/vinacapital/20140818-veof-nav-weekly-report-cfe64718f68c3c7f.pdf,ParseError: line 2.1 (nav_end) absent; layout is not Appendix XXIV [data/raw/vinacapital/20140818-veof-nav-weekly-report-cfe64718f68c3c7f.pdf]
vinacapital,veof,VINACAPITAL-VEOF,https://vinacapital.com/wp-content/uploads/2022/07/20140825-veof-nav-weekly-report.pdf,2014-08-25,20140825-veof-nav-weekly-report.pdf,,2014-08-25,data/raw/vinacapital/20140825-veof-nav-weekly-report-e9c9a189a7f83747.pdf,ParseError: line 2.1 (nav_end) absent; layout is not Appendix XXIV [data/raw/vinacapital/20140825-veof-nav-weekly-report-e9c9a189a7f83747.pdf]
vinacapital,veof,VINACAPITAL-VEOF,https://vinacapital.com/wp-content/uploads/2022/07/20140901-veof-nav-weekly-report.pdf,2014-09-01,20140901-veof-nav-weekly-report.pdf,,2014-09-01,data/raw/vinacapital/20140901-veof-nav-weekly-report-875c911044698455.pdf,ParseError: line 2.1 (nav_end) absent; layout is not Appendix XXIV [data/raw/vinacapital/20140901-veof-nav-weekly-report-875c911044698455.pdf]
vinacapital,veof,VINACAPITAL-VEOF,https://vinacapital.com/wp-content/uploads/2022/07/20140908-veof-nav-weekly-report.pdf,2014-09-08,20140908-veof-nav-weekly-report.pdf,,2014-09-08,data/raw/vinacapital/20140908-veof-nav-weekly-report-133f9f2894324890.pdf,ParseError: line 2.1 (nav_end) absent; layout is not Appendix XXIV [data/raw/vinacapital/20140908-veof-nav-weekly-report-133f9f2894324890.pdf]
vinacapital,veof,VINACAPITAL-VEOF,https://vinacapital.com/wp-content/uploads/2022/07/20140915-veof-nav-weekly-report.pdf,2014-09-15,20140915-veof-nav-weekly-report.pdf,,2014-09-15,data/raw/vinacapital/20140915-veof-nav-weekly-report-c40be905fc98280e.pdf,ParseError: line 2.1 (nav_end) absent; layout is not Appendix XXIV [data/raw/vinacapital/20140915-veof-nav-weekly-report-c40be905fc98280e.pdf]
vinacapital,veof,VINACAPITAL-VEOF,https://vinacapital.com/wp-content/uploads/2022/07/20140922-veof-nav-weekly-report.pdf,2014-09-22,20140922-veof-nav-weekly-report.pdf,,2014-09-22,data/raw/vinacapital/20140922-veof-nav-weekly-report-592e140dbb4f9f1f.pdf,ParseError: line 2.1 (nav_end) absent; layout is not Appendix XXIV [data/raw/vinacapital/20140922-veof-nav-weekly-report-592e140dbb4f9f1f.pdf]
vinacapital,veof,VINACAPITAL-VEOF,https://vinacapital.com/wp-content/uploads/2022/07/20140929-veof-nav-weekly-report.pdf,2014-09-29,20140929-veof-nav-weekly-report.pdf,,2014-09-29,data/raw/vinacapital/20140929-veof-nav-weekly-report-54452d1e09a5a8a1.pdf,ParseError: line 2.1 (nav_end) absent; layout is not Appendix XXIV [data/raw/vinacapital/20140929-veof-nav-weekly-report-54452d1e09a5a8a1.pdf]
vinacapital,veof,VINACAPITAL-VEOF,https://vinacapital.com/wp-content/uploads/2022/07/20141006-veof-nav-weekly-report.pdf,2014-10-06,20141006-veof-nav-weekly-report.pdf,,2014-10-06,data/raw/vinacapital/20141006-veof-nav-weekly-report-10f73aa453b74cb9.pdf,ParseError: line 2.1 (nav_end) absent; layout is not Appendix XXIV [data/raw/vinacapital/20141006-veof-nav-weekly-report-10f73aa453b74cb9.pdf]
vinacapital,veof,VINACAPITAL-VEOF,https://vinacapital.com/wp-content/uploads/2022/07/20141013-veof-nav-weekly-report.pdf,2014-10-13,20141013-veof-nav-weekly-report.pdf,,2014-10-13,data/raw/vinacapital/20141013-veof-nav-weekly-report-01b8032b0c3e8e0f.pdf,ParseError: line 2.1 (nav_end) absent; layout is not Appendix XXIV [data/raw/vinacapital/20141013-veof-nav-weekly-report-01b8032b0c3e8e0f.pdf]
vinacapital,veof,VINACAPITAL-VEOF,https://vinacapital.com/wp-content/uploads/2022/07/20141020-veof-nav-weekly-report.pdf,2014-10-20,20141020-veof-nav-weekly-report.pdf,,2014-10-20,data/raw/vinacapital/20141020-veof-nav-weekly-report-fcd919d30ad05948.pdf,ParseError: line 2.1 (nav_end) absent; layout is not Appendix XXIV [data/raw/vinacapital/20141020-veof-nav-weekly-report-fcd919d30ad05948.pdf]
vinacapital,veof,VINACAPITAL-VEOF,https://vinacapital.com/wp-content/uploads/2022/07/20141027-veof-nav-weekly-report.pdf,2014-10-27,20141027-veof-nav-weekly-report.pdf,,2014-10-27,data/raw/vinacapital/20141027-veof-nav-weekly-report-577be3b3f36c2c55.pdf,ParseError: line 2.1 (nav_end) absent; layout is not Appendix XXIV [data/raw/vinacapital/20141027-veof-nav-weekly-report-577be3b3f36c2c55.pdf]
vinacapital,veof,VINACAPITAL-VEOF,https://vinacapital.com/wp-content/uploads/2022/07/20141103-veof-nav-weekly-report.pdf,2014-11-03,20141103-veof-nav-weekly-report.pdf,,2014-11-03,data/raw/vinacapital/20141103-veof-nav-weekly-report-32978844eca9e348.pdf,ParseError: line 2.1 (nav_end) absent; layout is not Appendix XXIV [data/raw/vinacapital/20141103-veof-nav-weekly-report-32978844eca9e348.pdf]
vinacapital,veof,VINACAPITAL-VEOF,https://vinacapital.com/wp-content/uploads/2022/07/20141110-veof-nav-weekly-report.pdf,2014-11-10,20141110-veof-nav-weekly-report.pdf,,2014-11-10,data/raw/vinacapital/20141110-veof-nav-weekly-report-32c1b7dc8689daeb.pdf,ParseError: line 2.1 (nav_end) absent; layout is not Appendix XXIV [data/raw/vinacapital/20141110-veof-nav-weekly-report-32c1b7dc8689daeb.pdf]
vinacapital,veof,VINACAPITAL-VEOF,https://vinacapital.com/wp-content/uploads/2022/07/20141117-veof-nav-weekly-report.pdf,2014-11-17,20141117-veof-nav-weekly-report.pdf,,2014-11-17,data/raw/vinacapital/20141117-veof-nav-weekly-report-52f525e2a4c1f8c3.pdf,ParseError: line 2.1 (nav_end) absent; layout is not Appendix XXIV [data/raw/vinacapital/20141117-veof-nav-weekly-report-52f525e2a4c1f8c3.pdf]
vinacapital,veof,VINACAPITAL-VEOF,https://vinacapital.com/wp-content/uploads/2022/07/20141124-veof-nav-weekly-report.pdf,2014-11-24,20141124-veof-nav-weekly-report.pdf,,2014-11-24,data/raw/vinacapital/20141124-veof-nav-weekly-report-7b3d1667e83ac886.pdf,ParseError: line 2.1 (nav_end) absent; layout is not Appendix XXIV [data/raw/vinacapital/20141124-veof-nav-weekly-report-7b3d1667e83ac886.pdf]
vinacapital,veof,VINACAPITAL-VEOF,https://vinacapital.com/wp-content/uploads/2022/07/20141201-veof-nav-weekly-report.pdf,2014-12-01,20141201-veof-nav-weekly-report.pdf,,2014-12-01,data/raw/vinacapital/20141201-veof-nav-weekly-report-ccc3a2032d28ec03.pdf,ParseError: line 2.1 (nav_end) absent; layout is not Appendix XXIV [data/raw/vinacapital/20141201-veof-nav-weekly-report-ccc3a2032d28ec03.pdf]
vinacapital,veof,VINACAPITAL-VEOF,https://vinacapital.com/wp-content/uploads/2022/07/20141208-veof-nav-weekly-report.pdf,2014-12-08,20141208-veof-nav-weekly-report.pdf,,2014-12-08,data/raw/vinacapital/20141208-veof-nav-weekly-report-f3b30f4b0abac6c9.pdf,ParseError: line 2.1 (nav_end) absent; layout is not Appendix XXIV [data/raw/vinacapital/20141208-veof-nav-weekly-report-f3b30f4b0abac6c9.pdf]
vinacapital,veof,VINACAPITAL-VEOF,https://vinacapital.com/wp-content/uploads/2022/07/20141215-veof-nav-weekly-report.pdf,2014-12-15,20141215-veof-nav-weekly-report.pdf,,2014-12-15,data/raw/vinacapital/20141215-veof-nav-weekly-report-3721d356af2a79a8.pdf,ParseError: line 2.1 (nav_end) absent; layout is not Appendix XXIV [data/raw/vinacapital/20141215-veof-nav-weekly-report-3721d356af2a79a8.pdf]
vinacapital,veof,VINACAPITAL-VEOF,https://vinacapital.com/wp-content/uploads/2022/07/20141222-veof-nav-weekly-report.pdf,2014-12-22,20141222-veof-nav-weekly-report.pdf,,2014-12-22,data/raw/vinacapital/20141222-veof-nav-weekly-report-abef3ff74e0d68a0.pdf,ParseError: line 2.1 (nav_end) absent; layout is not Appendix XXIV [data/raw/vinacapital/20141222-veof-nav-weekly-report-abef3ff74e0d68a0.pdf]
vinacapital,veof,VINACAPITAL-VEOF,https://vinacapital.com/wp-content/uploads/2022/07/20141229-veof-nav-weekly-report.pdf,2014-12-29,20141229-veof-nav-weekly-report.pdf,,2014-12-29,data/raw/vinacapital/20141229-veof-nav-weekly-report-493ae9b465d8e80b.pdf,ParseError: line 2.1 (nav_end) absent; layout is not Appendix XXIV [data/raw/vinacapital/20141229-veof-nav-weekly-report-493ae9b465d8e80b.pdf]
vinacapital,veof,VINACAPITAL-VEOF,https://vinacapital.com/wp-content/uploads/2022/07/20150106-veof-nav-weekly-report.pdf,2015-01-06,20150106-veof-nav-weekly-report.pdf,,2015-01-06,data/raw/vinacapital/20150106-veof-nav-weekly-report-e9b4d2f255d6ee68.pdf,ParseError: line 2.1 (nav_end) absent; layout is not Appendix XXIV [data/raw/vinacapital/20150106-veof-nav-weekly-report-e9b4d2f255d6ee68.pdf]
vinacapital,veof,VINACAPITAL-VEOF,https://vinacapital.com/wp-content/uploads/2022/07/20150112-veof-nav-weekly-report.pdf,2015-01-12,20150112-veof-nav-weekly-report.pdf,,2015-01-12,data/raw/vinacapital/20150112-veof-nav-weekly-report-49f56b816040410f.pdf,ParseError: line 2.1 (nav_end) absent; layout is not Appendix XXIV [data/raw/vinacapital/20150112-veof-nav-weekly-report-49f56b816040410f.pdf]
vinacapital,veof,VINACAPITAL-VEOF,https://vinacapital.com/wp-content/uploads/2022/07/20150119-veof-nav-weekly-report-1.pdf,2015-01-19,20150119-veof-nav-weekly-report-1.pdf,,2015-01-19,data/raw/vinacapital/20150119-veof-nav-weekly-report-1-1e8e51de561f5532.pdf,ParseError: line 2.1 (nav_end) absent; layout is not Appendix XXIV [data/raw/vinacapital/20150119-veof-nav-weekly-report-1-1e8e51de561f5532.pdf]
vinacapital,veof,VINACAPITAL-VEOF,https://vinacapital.com/wp-content/uploads/2022/07/20150126-veof-nav-weekly-report.pdf,2015-01-26,20150126-veof-nav-weekly-report.pdf,,2015-01-26,data/raw/vinacapital/20150126-veof-nav-weekly-report-002ccfd6657563b3.pdf,ParseError: line 2.1 (nav_end) absent; layout is not Appendix XXIV [data/raw/vinacapital/20150126-veof-nav-weekly-report-002ccfd6657563b3.pdf]
vinacapital,veof,VINACAPITAL-VEOF,https://vinacapital.com/wp-content/uploads/2022/07/20150202-veof-nav-weekly-report.pdf,2015-02-02,20150202-veof-nav-weekly-report.pdf,,2015-02-02,data/raw/vinacapital/20150202-veof-nav-weekly-report-1957a4b080a6915e.pdf,ParseError: line 2.1 (nav_end) absent; layout is not Appendix XXIV [data/raw/vinacapital/20150202-veof-nav-weekly-report-1957a4b080a6915e.pdf]
vinacapital,veof,VINACAPITAL-VEOF,https://vinacapital.com/wp-content/uploads/2022/07/20150209-veof-nav-weekly-report.pdf,2015-02-09,20150209-veof-nav-weekly-report.pdf,,2015-02-09,data/raw/vinacapital/20150209-veof-nav-weekly-report-63bf6963dea782b7.pdf,ParseError: line 2.1 (nav_end) absent; layout is not Appendix XXIV [data/raw/vinacapital/20150209-veof-nav-weekly-report-63bf6963dea782b7.pdf]
vinacapital,veof,VINACAPITAL-VEOF,https://vinacapital.com/wp-content/uploads/2022/07/20150223-veof-nav-weekly-report.pdf,2015-02-23,20150223-veof-nav-weekly-report.pdf,,2015-02-23,data/raw/vinacapital/20150223-veof-nav-weekly-report-2ab37bad484c6e00.pdf,ParseError: line 2.1 (nav_end) absent; layout is not Appendix XXIV [data/raw/vinacapital/20150223-veof-nav-weekly-report-2ab37bad484c6e00.pdf]
vinacapital,veof,VINACAPITAL-VEOF,https://vinacapital.com/wp-content/uploads/2022/07/20150302-veof-nav-weekly-report.pdf,2015-03-02,20150302-veof-nav-weekly-report.pdf,,2015-03-02,data/raw/vinacapital/20150302-veof-nav-weekly-report-9e44ce4f47516e18.pdf,ParseError: line 2.1 (nav_end) absent; layout is not Appendix XXIV [data/raw/vinacapital/20150302-veof-nav-weekly-report-9e44ce4f47516e18.pdf]
vinacapital,veof,VINACAPITAL-VEOF,https://vinacapital.com/wp-content/uploads/2022/07/20150309-veof-nav-weekly-report.pdf,2015-03-09,20150309-veof-nav-weekly-report.pdf,,2015-03-09,data/raw/vinacapital/20150309-veof-nav-weekly-report-ee16f2d7c55e86d1.pdf,ParseError: line 2.1 (nav_end) absent; layout is not Appendix XXIV [data/raw/vinacapital/20150309-veof-nav-weekly-report-ee16f2d7c55e86d1.pdf]
vinacapital,veof,VINACAPITAL-VEOF,https://vinacapital.com/wp-content/uploads/2022/07/20150316-veof-nav-weekly-report.pdf,2015-03-16,20150316-veof-nav-weekly-report.pdf,,2015-03-16,data/raw/vinacapital/20150316-veof-nav-weekly-report-8b47daac457190a8.pdf,ParseError: line 2.1 (nav_end) absent; layout is not Appendix XXIV [data/raw/vinacapital/20150316-veof-nav-weekly-report-8b47daac457190a8.pdf]
vinacapital,veof,VINACAPITAL-VEOF,https://vinacapital.com/wp-content/uploads/2022/07/20150323-veof-nav-weekly-report.pdf,2015-03-23,20150323-veof-nav-weekly-report.pdf,,2015-03-23,data/raw/vinacapital/20150323-veof-nav-weekly-report-465c3733b1ea6807.pdf,ParseError: line 2.1 (nav_end) absent; layout is not Appendix XXIV [data/raw/vinacapital/20150323-veof-nav-weekly-report-465c3733b1ea6807.pdf]
vinacapital,veof,VINACAPITAL-VEOF,https://vinacapital.com/wp-content/uploads/2022/07/20150330-veof-nav-weekly-report.pdf,2015-03-30,20150330-veof-nav-weekly-report.pdf,,2015-03-30,data/raw/vinacapital/20150330-veof-nav-weekly-report-240095fc5c96422e.pdf,ParseError: line 2.1 (nav_end) absent; layout is not Appendix XXIV [data/raw/vinacapital/20150330-veof-nav-weekly-report-240095fc5c96422e.pdf]
vinacapital,veof,VINACAPITAL-VEOF,https://vinacapital.com/wp-content/uploads/2022/07/20150406-veof-nav-weekly-report.pdf,2015-04-06,20150406-veof-nav-weekly-report.pdf,,2015-04-06,data/raw/vinacapital/20150406-veof-nav-weekly-report-e3665d49ae3b36b2.pdf,ParseError: line 2.1 (nav_end) absent; layout is not Appendix XXIV [data/raw/vinacapital/20150406-veof-nav-weekly-report-e3665d49ae3b36b2.pdf]
vinacapital,veof,VINACAPITAL-VEOF,https://vinacapital.com/wp-content/uploads/2022/07/20150413-veof-nav-weekly-report.pdf,2015-04-13,20150413-veof-nav-weekly-report.pdf,,2015-04-13,data/raw/vinacapital/20150413-veof-nav-weekly-report-16695ba1630db008.pdf,ParseError: line 2.1 (nav_end) absent; layout is not Appendix XXIV [data/raw/vinacapital/20150413-veof-nav-weekly-report-16695ba1630db008.pdf]
vinacapital,veof,VINACAPITAL-VEOF,https://vinacapital.com/wp-content/uploads/2022/07/20150420-veof-nav-weekly-report.pdf,2015-04-20,20150420-veof-nav-weekly-report.pdf,,2015-04-20,data/raw/vinacapital/20150420-veof-nav-weekly-report-081ab445b8ad119e.pdf,ParseError: line 2.1 (nav_end) absent; layout is not Appendix XXIV [data/raw/vinacapital/20150420-veof-nav-weekly-report-081ab445b8ad119e.pdf]
vinacapital,veof,VINACAPITAL-VEOF,https://vinacapital.com/wp-content/uploads/2022/07/20150427-veof-nav-weekly-report.pdf,2015-04-27,20150427-veof-nav-weekly-report.pdf,,2015-04-27,data/raw/vinacapital/20150427-veof-nav-weekly-report-8512fda943a0d9cc.pdf,ParseError: line 2.1 (nav_end) absent; layout is not Appendix XXIV [data/raw/vinacapital/20150427-veof-nav-weekly-report-8512fda943a0d9cc.pdf]
vinacapital,veof,VINACAPITAL-VEOF,https://vinacapital.com/wp-content/uploads/2022/07/20150504-veof-nav-weekly-report.pdf,2015-05-04,20150504-veof-nav-weekly-report.pdf,,2015-05-04,data/raw/vinacapital/20150504-veof-nav-weekly-report-69e734ba40e555e1.pdf,ParseError: line 2.1 (nav_end) absent; layout is not Appendix XXIV [data/raw/vinacapital/20150504-veof-nav-weekly-report-69e734ba40e555e1.pdf]
vinacapital,veof,VINACAPITAL-VEOF,https://vinacapital.com/wp-content/uploads/2022/07/20150511-veof-nav-weekly-report.pdf,2015-05-11,20150511-veof-nav-weekly-report.pdf,,2015-05-11,data/raw/vinacapital/20150511-veof-nav-weekly-report-9074b049ff495ed2.pdf,ParseError: line 2.1 (nav_end) absent; layout is not Appendix XXIV [data/raw/vinacapital/20150511-veof-nav-weekly-report-9074b049ff495ed2.pdf]
vinacapital,veof,VINACAPITAL-VEOF,https://vinacapital.com/wp-content/uploads/2022/07/20150518-veof-nav-weekly-report.pdf,2015-05-18,20150518-veof-nav-weekly-report.pdf,,2015-05-18,data/raw/vinacapital/20150518-veof-nav-weekly-report-f13edb8d0eef3bf1.pdf,ParseError: line 2.1 (nav_end) absent; layout is not Appendix XXIV [data/raw/vinacapital/20150518-veof-nav-weekly-report-f13edb8d0eef3bf1.pdf]
vinacapital,veof,VINACAPITAL-VEOF,https://vinacapital.com/wp-content/uploads/2022/07/20150525-veof-nav-weekly-report.pdf,2015-05-25,20150525-veof-nav-weekly-report.pdf,,2015-05-25,data/raw/vinacapital/20150525-veof-nav-weekly-report-accd03ce9b6fec77.pdf,ParseError: line 2.1 (nav_end) absent; layout is not Appendix XXIV [data/raw/vinacapital/20150525-veof-nav-weekly-report-accd03ce9b6fec77.pdf]
vinacapital,veof,VINACAPITAL-VEOF,https://vinacapital.com/wp-content/uploads/2022/07/20150601-veof-nav-weekly-report.pdf,2015-06-01,20150601-veof-nav-weekly-report.pdf,,2015-06-01,data/raw/vinacapital/20150601-veof-nav-weekly-report-bfdbc3c2f21d25fc.pdf,ParseError: line 2.1 (nav_end) absent; layout is not Appendix XXIV [data/raw/vinacapital/20150601-veof-nav-weekly-report-bfdbc3c2f21d25fc.pdf]
vinacapital,veof,VINACAPITAL-VEOF,https://vinacapital.com/wp-content/uploads/2022/07/20150608-veof-nav-weekly-report.pdf,2015-06-08,20150608-veof-nav-weekly-report.pdf,,2015-06-08,data/raw/vinacapital/20150608-veof-nav-weekly-report-00b90a85abb46425.pdf,ParseError: line 2.1 (nav_end) absent; layout is not Appendix XXIV [data/raw/vinacapital/20150608-veof-nav-weekly-report-00b90a85abb46425.pdf]
vinacapital,veof,VINACAPITAL-VEOF,https://vinacapital.com/wp-content/uploads/2022/07/20150615-veof-nav-weekly-report.pdf,2015-06-15,20150615-veof-nav-weekly-report.pdf,,2015-06-15,data/raw/vinacapital/20150615-veof-nav-weekly-report-29d8c83c43b5bc95.pdf,ParseError: line 2.1 (nav_end) absent; layout is not Appendix XXIV [data/raw/vinacapital/20150615-veof-nav-weekly-report-29d8c83c43b5bc95.pdf]
vinacapital,veof,VINACAPITAL-VEOF,https://vinacapital.com/wp-content/uploads/2022/07/20150622-veof-nav-weekly-report.pdf,2015-06-22,20150622-veof-nav-weekly-report.pdf,,2015-06-22,data/raw/vinacapital/20150622-veof-nav-weekly-report-8fe575368740fb27.pdf,ParseError: line 2.1 (nav_end) absent; layout is not Appendix XXIV [data/raw/vinacapital/20150622-veof-nav-weekly-report-8fe575368740fb27.pdf]
vinacapital,veof,VINACAPITAL-VEOF,https://vinacapital.com/wp-content/uploads/2022/07/20150629-veof-nav-weekly-report.pdf,2015-06-29,20150629-veof-nav-weekly-report.pdf,,2015-06-29,data/raw/vinacapital/20150629-veof-nav-weekly-report-eae71feb0b14ff96.pdf,ParseError: line 2.1 (nav_end) absent; layout is not Appendix XXIV [data/raw/vinacapital/20150629-veof-nav-weekly-report-eae71feb0b14ff96.pdf]
vinacapital,veof,VINACAPITAL-VEOF,https://vinacapital.com/wp-content/uploads/2022/07/20150706-veof-nav-weekly-report.pdf,2015-07-06,20150706-veof-nav-weekly-report.pdf,,2015-07-06,data/raw/vinacapital/20150706-veof-nav-weekly-report-ed1903c02c74bf6b.pdf,ParseError: line 2.1 (nav_end) absent; layout is not Appendix XXIV [data/raw/vinacapital/20150706-veof-nav-weekly-report-ed1903c02c74bf6b.pdf]
vinacapital,veof,VINACAPITAL-VEOF,https://vinacapital.com/wp-content/uploads/2022/07/20150713-veof-nav-weekly-report.pdf,2015-07-13,20150713-veof-nav-weekly-report.pdf,,2015-07-13,data/raw/vinacapital/20150713-veof-nav-weekly-report-2ac2995e092552cb.pdf,ParseError: line 2.1 (nav_end) absent; layout is not Appendix XXIV [data/raw/vinacapital/20150713-veof-nav-weekly-report-2ac2995e092552cb.pdf]
vinacapital,veof,VINACAPITAL-VEOF,https://vinacapital.com/wp-content/uploads/2022/07/20150720-veof-nav-weekly-report.pdf,2015-07-20,20150720-veof-nav-weekly-report.pdf,,2015-07-20,data/raw/vinacapital/20150720-veof-nav-weekly-report-b77f9e97574f107a.pdf,ParseError: line 2.1 (nav_end) absent; layout is not Appendix XXIV [data/raw/vinacapital/20150720-veof-nav-weekly-report-b77f9e97574f107a.pdf]
vinacapital,veof,VINACAPITAL-VEOF,https://vinacapital.com/wp-content/uploads/2022/07/20150727-veof-nav-weekly-report.pdf,2015-07-27,20150727-veof-nav-weekly-report.pdf,,2015-07-27,data/raw/vinacapital/20150727-veof-nav-weekly-report-a9c2ebecb35c12b3.pdf,ParseError: line 2.1 (nav_end) absent; layout is not Appendix XXIV [data/raw/vinacapital/20150727-veof-nav-weekly-report-a9c2ebecb35c12b3.pdf]
vinacapital,veof,VINACAPITAL-VEOF,https://vinacapital.com/wp-content/uploads/2022/07/20150803-veof-nav-weekly-report.pdf,2015-08-03,20150803-veof-nav-weekly-report.pdf,,2015-08-03,data/raw/vinacapital/20150803-veof-nav-weekly-report-d3182de0b7948ea8.pdf,ParseError: line 2.1 (nav_end) absent; layout is not Appendix XXIV [data/raw/vinacapital/20150803-veof-nav-weekly-report-d3182de0b7948ea8.pdf]
vinacapital,veof,VINACAPITAL-VEOF,https://vinacapital.com/wp-content/uploads/2022/07/20150810-veof-nav-weekly-report.pdf,2015-08-10,20150810-veof-nav-weekly-report.pdf,,2015-08-10,data/raw/vinacapital/20150810-veof-nav-weekly-report-21a4bb801bec5585.pdf,ParseError: line 2.1 (nav_end) absent; layout is not Appendix XXIV [data/raw/vinacapital/20150810-veof-nav-weekly-report-21a4bb801bec5585.pdf]
vinacapital,veof,VINACAPITAL-VEOF,https://vinacapital.com/wp-content/uploads/2022/07/20150817-veof-nav-weekly-report.pdf,2015-08-17,20150817-veof-nav-weekly-report.pdf,,2015-08-17,data/raw/vinacapital/20150817-veof-nav-weekly-report-a873fb691bcba24a.pdf,ParseError: line 2.1 (nav_end) absent; layout is not Appendix XXIV [data/raw/vinacapital/20150817-veof-nav-weekly-report-a873fb691bcba24a.pdf]
vinacapital,veof,VINACAPITAL-VEOF,https://vinacapital.com/wp-content/uploads/2022/07/20150824-veof-nav-weekly-report-1.pdf,2015-08-24,20150824-veof-nav-weekly-report-1.pdf,,2015-08-24,data/raw/vinacapital/20150824-veof-nav-weekly-report-1-b43688684bf184f0.pdf,ParseError: line 2.1 (nav_end) absent; layout is not Appendix XXIV [data/raw/vinacapital/20150824-veof-nav-weekly-report-1-b43688684bf184f0.pdf]
vinacapital,veof,VINACAPITAL-VEOF,https://vinacapital.com/wp-content/uploads/2022/07/20150831-veof-nav-weekly-report.pdf,2015-08-31,20150831-veof-nav-weekly-report.pdf,,2015-08-31,data/raw/vinacapital/20150831-veof-nav-weekly-report-deb09759490d9479.pdf,ParseError: line 2.1 (nav_end) absent; layout is not Appendix XXIV [data/raw/vinacapital/20150831-veof-nav-weekly-report-deb09759490d9479.pdf]
vinacapital,veof,VINACAPITAL-VEOF,https://vinacapital.com/wp-content/uploads/2022/07/20150907-veof-nav-weekly-report.pdf,2015-09-07,20150907-veof-nav-weekly-report.pdf,,2015-09-07,data/raw/vinacapital/20150907-veof-nav-weekly-report-131b79d2929b8a01.pdf,ParseError: line 2.1 (nav_end) absent; layout is not Appendix XXIV [data/raw/vinacapital/20150907-veof-nav-weekly-report-131b79d2929b8a01.pdf]
vinacapital,veof,VINACAPITAL-VEOF,https://vinacapital.com/wp-content/uploads/2022/07/20150914-veof-nav-weekly-report.pdf,2015-09-14,20150914-veof-nav-weekly-report.pdf,,2015-09-14,data/raw/vinacapital/20150914-veof-nav-weekly-report-75b80448dfbb74a0.pdf,ParseError: line 2.1 (nav_end) absent; layout is not Appendix XXIV [data/raw/vinacapital/20150914-veof-nav-weekly-report-75b80448dfbb74a0.pdf]
vinacapital,veof,VINACAPITAL-VEOF,https://vinacapital.com/wp-content/uploads/2022/07/20150921-veof-nav-weekly-report.pdf,2015-09-21,20150921-veof-nav-weekly-report.pdf,,2015-09-21,data/raw/vinacapital/20150921-veof-nav-weekly-report-1ce232488b8eefc0.pdf,ParseError: line 2.1 (nav_end) absent; layout is not Appendix XXIV [data/raw/vinacapital/20150921-veof-nav-weekly-report-1ce232488b8eefc0.pdf]
vinacapital,veof,VINACAPITAL-VEOF,https://vinacapital.com/wp-content/uploads/2022/07/20150928-veof-nav-weekly-report.pdf,2015-09-28,20150928-veof-nav-weekly-report.pdf,,2015-09-28,data/raw/vinacapital/20150928-veof-nav-weekly-report-ac49b86244e1c9fb.pdf,ParseError: line 2.1 (nav_end) absent; layout is not Appendix XXIV [data/raw/vinacapital/20150928-veof-nav-weekly-report-ac49b86244e1c9fb.pdf]
vinacapital,veof,VINACAPITAL-VEOF,https://vinacapital.com/wp-content/uploads/2022/07/20151005-veof-nav-weekly-report.pdf,2015-10-05,20151005-veof-nav-weekly-report.pdf,,2015-10-05,data/raw/vinacapital/20151005-veof-nav-weekly-report-160cc0642ac02122.pdf,ParseError: line 2.1 (nav_end) absent; layout is not Appendix XXIV [data/raw/vinacapital/20151005-veof-nav-weekly-report-160cc0642ac02122.pdf]
vinacapital,veof,VINACAPITAL-VEOF,https://vinacapital.com/wp-content/uploads/2022/07/20151012-veof-nav-weekly-report.pdf,2015-10-12,20151012-veof-nav-weekly-report.pdf,,2015-10-12,data/raw/vinacapital/20151012-veof-nav-weekly-report-f7884405b23a4491.pdf,ParseError: line 2.1 (nav_end) absent; layout is not Appendix XXIV [data/raw/vinacapital/20151012-veof-nav-weekly-report-f7884405b23a4491.pdf]
vinacapital,veof,VINACAPITAL-VEOF,https://vinacapital.com/wp-content/uploads/2022/07/20151019-veof-nav-weekly-report-1.pdf,2015-10-19,20151019-veof-nav-weekly-report-1.pdf,,2015-10-19,data/raw/vinacapital/20151019-veof-nav-weekly-report-1-89ea04c77dc3a35c.pdf,ParseError: line 2.1 (nav_end) absent; layout is not Appendix XXIV [data/raw/vinacapital/20151019-veof-nav-weekly-report-1-89ea04c77dc3a35c.pdf]
vinacapital,veof,VINACAPITAL-VEOF,https://vinacapital.com/wp-content/uploads/2022/07/20151026-veof-nav-weekly-report.pdf,2015-10-26,20151026-veof-nav-weekly-report.pdf,,2015-10-26,data/raw/vinacapital/20151026-veof-nav-weekly-report-04d3368ed7948985.pdf,ParseError: line 2.1 (nav_end) absent; layout is not Appendix XXIV [data/raw/vinacapital/20151026-veof-nav-weekly-report-04d3368ed7948985.pdf]
vinacapital,veof,VINACAPITAL-VEOF,https://vinacapital.com/wp-content/uploads/2022/07/20151102-veof-nav-weekly-report.pdf,2015-11-02,20151102-veof-nav-weekly-report.pdf,,2015-11-02,data/raw/vinacapital/20151102-veof-nav-weekly-report-64ff9e50cc7ce45b.pdf,ParseError: line 2.1 (nav_end) absent; layout is not Appendix XXIV [data/raw/vinacapital/20151102-veof-nav-weekly-report-64ff9e50cc7ce45b.pdf]
vinacapital,veof,VINACAPITAL-VEOF,https://vinacapital.com/wp-content/uploads/2022/07/20151109-veof-nav-weekly-report.pdf,2015-11-09,20151109-veof-nav-weekly-report.pdf,,2015-11-09,data/raw/vinacapital/20151109-veof-nav-weekly-report-35c03fcf19c12cfe.pdf,ParseError: line 2.1 (nav_end) absent; layout is not Appendix XXIV [data/raw/vinacapital/20151109-veof-nav-weekly-report-35c03fcf19c12cfe.pdf]
vinacapital,veof,VINACAPITAL-VEOF,https://vinacapital.com/wp-content/uploads/2022/07/20151116-veof-nav-weekly-report.pdf,2015-11-16,20151116-veof-nav-weekly-report.pdf,,2015-11-16,data/raw/vinacapital/20151116-veof-nav-weekly-report-7fa47d1bc2d88c39.pdf,ParseError: line 2.1 (nav_end) absent; layout is not Appendix XXIV [data/raw/vinacapital/20151116-veof-nav-weekly-report-7fa47d1bc2d88c39.pdf]
vinacapital,veof,VINACAPITAL-VEOF,https://vinacapital.com/wp-content/uploads/2022/07/20151123-veof-nav-weekly-report.pdf,2015-11-23,20151123-veof-nav-weekly-report.pdf,,2015-11-23,data/raw/vinacapital/20151123-veof-nav-weekly-report-333cd5413e0a2daa.pdf,ParseError: line 2.1 (nav_end) absent; layout is not Appendix XXIV [data/raw/vinacapital/20151123-veof-nav-weekly-report-333cd5413e0a2daa.pdf]
vinacapital,veof,VINACAPITAL-VEOF,https://vinacapital.com/wp-content/uploads/2022/07/20151130-veof-nav-weekly-report.pdf,2015-11-30,20151130-veof-nav-weekly-report.pdf,,2015-11-30,data/raw/vinacapital/20151130-veof-nav-weekly-report-bdd577278d54d3ee.pdf,ParseError: line 2.1 (nav_end) absent; layout is not Appendix XXIV [data/raw/vinacapital/20151130-veof-nav-weekly-report-bdd577278d54d3ee.pdf]
vinacapital,veof,VINACAPITAL-VEOF,https://vinacapital.com/wp-content/uploads/2022/07/20151207-veof-nav-weekly-report.pdf,2015-12-07,20151207-veof-nav-weekly-report.pdf,,2015-12-07,data/raw/vinacapital/20151207-veof-nav-weekly-report-f7687174c0ce9df4.pdf,ParseError: line 2.1 (nav_end) absent; layout is not Appendix XXIV [data/raw/vinacapital/20151207-veof-nav-weekly-report-f7687174c0ce9df4.pdf]
vinacapital,veof,VINACAPITAL-VEOF,https://vinacapital.com/wp-content/uploads/2022/07/20151214-veof-nav-weekly-report.pdf,2015-12-14,20151214-veof-nav-weekly-report.pdf,,2015-12-14,data/raw/vinacapital/20151214-veof-nav-weekly-report-0187fee9f5914254.pdf,ParseError: line 2.1 (nav_end) absent; layout is not Appendix XXIV [data/raw/vinacapital/20151214-veof-nav-weekly-report-0187fee9f5914254.pdf]
vinacapital,veof,VINACAPITAL-VEOF,https://vinacapital.com/wp-content/uploads/2022/07/20151221-veof-nav-weekly-report.pdf,2015-12-21,20151221-veof-nav-weekly-report.pdf,,2015-12-21,data/raw/vinacapital/20151221-veof-nav-weekly-report-72036ae052083f74.pdf,ParseError: line 2.1 (nav_end) absent; layout is not Appendix XXIV [data/raw/vinacapital/20151221-veof-nav-weekly-report-72036ae052083f74.pdf]
vinacapital,veof,VINACAPITAL-VEOF,https://vinacapital.com/wp-content/uploads/2022/07/20151228-veof-nav-weekly-report.pdf,2015-12-28,20151228-veof-nav-weekly-report.pdf,,2015-12-28,data/raw/vinacapital/20151228-veof-nav-weekly-report-aeb6d54002446451.pdf,ParseError: line 2.1 (nav_end) absent; layout is not Appendix XXIV [data/raw/vinacapital/20151228-veof-nav-weekly-report-aeb6d54002446451.pdf]
vinacapital,veof,VINACAPITAL-VEOF,https://vinacapital.com/wp-content/uploads/2022/07/20160104-veof-changes-of-nav-weekly-report.pdf,2016-01-04,20160104-veof-changes-of-nav-weekly-report.pdf,,2016-01-04,data/raw/vinacapital/20160104-veof-changes-of-nav-weekly-report-3d5eb94f9968bf62.pdf,ParseError: line 2.1 (nav_end) absent; layout is not Appendix XXIV [data/raw/vinacapital/20160104-veof-changes-of-nav-weekly-report-3d5eb94f9968bf62.pdf]
vinacapital,veof,VINACAPITAL-VEOF,https://vinacapital.com/wp-content/uploads/2022/07/20160104-veof-nav-weekly-report.pdf,2016-01-04,20160104-veof-nav-weekly-report.pdf,,2016-01-04,data/raw/vinacapital/20160104-veof-nav-weekly-report-e0c467ba812c19a1.pdf,ParseError: line 2.1 (nav_end) absent; layout is not Appendix XXIV [data/raw/vinacapital/20160104-veof-nav-weekly-report-e0c467ba812c19a1.pdf]
vinacapital,veof,VINACAPITAL-VEOF,https://vinacapital.com/wp-content/uploads/2022/07/20160111-veof-changes-of-nav-weekly-report.pdf,2016-01-11,20160111-veof-changes-of-nav-weekly-report.pdf,,2016-01-11,data/raw/vinacapital/20160111-veof-changes-of-nav-weekly-report-4d6b6b3f8916bca5.pdf,ParseError: line 2.1 (nav_end) absent; layout is not Appendix XXIV [data/raw/vinacapital/20160111-veof-changes-of-nav-weekly-report-4d6b6b3f8916bca5.pdf]
vinacapital,veof,VINACAPITAL-VEOF,https://vinacapital.com/wp-content/uploads/2022/07/20160111-veof-nav-weekly-report.pdf,2016-01-11,20160111-veof-nav-weekly-report.pdf,,2016-01-11,data/raw/vinacapital/20160111-veof-nav-weekly-report-2986b0c15848f6b4.pdf,ParseError: line 2.1 (nav_end) absent; layout is not Appendix XXIV [data/raw/vinacapital/20160111-veof-nav-weekly-report-2986b0c15848f6b4.pdf]
vinacapital,veof,VINACAPITAL-VEOF,https://vinacapital.com/wp-content/uploads/2022/07/20160118-veof-nav-weekly-report.pdf,2016-01-18,20160118-veof-nav-weekly-report.pdf,,2016-01-18,data/raw/vinacapital/20160118-veof-nav-weekly-report-8023ca33d23ea631.pdf,ParseError: line 2.1 (nav_end) absent; layout is not Appendix XXIV [data/raw/vinacapital/20160118-veof-nav-weekly-report-8023ca33d23ea631.pdf]
vinacapital,veof,VINACAPITAL-VEOF,https://vinacapital.com/wp-content/uploads/2022/07/20160125-veof-nav-weekly-report-1.pdf,2016-01-25,20160125-veof-nav-weekly-report-1.pdf,,2016-01-25,data/raw/vinacapital/20160125-veof-nav-weekly-report-1-9af6cbc8c88eae5b.pdf,ParseError: line 2.1 (nav_end) absent; layout is not Appendix XXIV [data/raw/vinacapital/20160125-veof-nav-weekly-report-1-9af6cbc8c88eae5b.pdf]
vinacapital,veof,VINACAPITAL-VEOF,https://vinacapital.com/wp-content/uploads/2022/07/20160201-veof-nav-weekly-report.pdf,2016-02-01,20160201-veof-nav-weekly-report.pdf,,2016-02-01,data/raw/vinacapital/20160201-veof-nav-weekly-report-b53df6c447b8cb2c.pdf,ParseError: line 2.1 (nav_end) absent; layout is not Appendix XXIV [data/raw/vinacapital/20160201-veof-nav-weekly-report-b53df6c447b8cb2c.pdf]
vinacapital,veof,VINACAPITAL-VEOF,https://vinacapital.com/wp-content/uploads/2022/07/20160208-veof-nav-weekly-report.pdf,2016-02-08,20160208-veof-nav-weekly-report.pdf,,2016-02-08,data/raw/vinacapital/20160208-veof-nav-weekly-report-609c81adccc3975d.pdf,ParseError: line 2.1 (nav_end) absent; layout is not Appendix XXIV [data/raw/vinacapital/20160208-veof-nav-weekly-report-609c81adccc3975d.pdf]
vinacapital,veof,VINACAPITAL-VEOF,https://vinacapital.com/wp-content/uploads/2022/07/20160215-veof-changes-of-nav-weekly-report.xlsx,2016-02-15,20160215-veof-changes-of-nav-weekly-report.xlsx,,2016-02-15,data/raw/vinacapital/20160215-veof-changes-of-nav-weekly-report-0343d1b360a3378c.xlsx,ParseError: no sheet in data/raw/vinacapital/20160215-veof-changes-of-nav-weekly-report-0343d1b360a3378c.xlsx carries line 2.1; not Appendix XXIV
vinacapital,veof,VINACAPITAL-VEOF,https://vinacapital.com/wp-content/uploads/2022/07/20160215-veof-nav-weekly-report.pdf,2016-02-15,20160215-veof-nav-weekly-report.pdf,,2016-02-15,data/raw/vinacapital/20160215-veof-nav-weekly-report-5171b1084f76dcf1.pdf,ParseError: line 2.1 (nav_end) absent; layout is not Appendix XXIV [data/raw/vinacapital/20160215-veof-nav-weekly-report-5171b1084f76dcf1.pdf]
vinacapital,veof,VINACAPITAL-VEOF,https://vinacapital.com/wp-content/uploads/2022/07/20160222-veof-changes-of-nav-weekly-report.xlsx,2016-02-22,20160222-veof-changes-of-nav-weekly-report.xlsx,,2016-02-22,data/raw/vinacapital/20160222-veof-changes-of-nav-weekly-report-a8a8bfe5651c8bca.xlsx,ParseError: no sheet in data/raw/vinacapital/20160222-veof-changes-of-nav-weekly-report-a8a8bfe5651c8bca.xlsx carries line 2.1; not Appendix XXIV
vinacapital,veof,VINACAPITAL-VEOF,https://vinacapital.com/wp-content/uploads/2022/07/20160222-veof-nav-weekly-report.pdf,2016-02-22,20160222-veof-nav-weekly-report.pdf,,2016-02-22,data/raw/vinacapital/20160222-veof-nav-weekly-report-b49665fd822855e4.pdf,ParseError: line 2.1 (nav_end) absent; layout is not Appendix XXIV [data/raw/vinacapital/20160222-veof-nav-weekly-report-b49665fd822855e4.pdf]
vinacapital,veof,VINACAPITAL-VEOF,https://vinacapital.com/wp-content/uploads/2022/07/20160229-veof-nav-weekly-report.pdf,2016-02-29,20160229-veof-nav-weekly-report.pdf,,2016-02-29,data/raw/vinacapital/20160229-veof-nav-weekly-report-f291e04a9fe6d993.pdf,ParseError: line 2.1 (nav_end) absent; layout is not Appendix XXIV [data/raw/vinacapital/20160229-veof-nav-weekly-report-f291e04a9fe6d993.pdf]
vinacapital,veof,VINACAPITAL-VEOF,https://vinacapital.com/wp-content/uploads/2022/07/20160307-veof-nav-weekly-report.pdf,2016-03-07,20160307-veof-nav-weekly-report.pdf,,2016-03-07,data/raw/vinacapital/20160307-veof-nav-weekly-report-02fd1a977d27f6c8.pdf,ParseError: line 2.1 (nav_end) absent; layout is not Appendix XXIV [data/raw/vinacapital/20160307-veof-nav-weekly-report-02fd1a977d27f6c8.pdf]
vinacapital,veof,VINACAPITAL-VEOF,https://vinacapital.com/wp-content/uploads/2022/07/20160321-veof-changes-of-nav-weekly-report.xlsx,2016-03-21,20160321-veof-changes-of-nav-weekly-report.xlsx,,2016-03-21,data/raw/vinacapital/20160321-veof-changes-of-nav-weekly-report-d39549a84387d3de.xlsx,ParseError: no sheet in data/raw/vinacapital/20160321-veof-changes-of-nav-weekly-report-d39549a84387d3de.xlsx carries line 2.1; not Appendix XXIV
vinacapital,veof,VINACAPITAL-VEOF,https://vinacapital.com/wp-content/uploads/2022/07/20170828-veof-changes-of-nav-weekly-report.xlsx,2017-08-28,20170828-veof-changes-of-nav-weekly-report.xlsx,,2017-08-28,data/raw/vinacapital/20170828-veof-changes-of-nav-weekly-report-abc76a8cc6f3761a.xlsx,ParseError: no sheet in data/raw/vinacapital/20170828-veof-changes-of-nav-weekly-report-abc76a8cc6f3761a.xlsx carries line 2.1; not Appendix XXIV
vinacapital,veof,VINACAPITAL-VEOF,https://vinacapital.com/wp-content/uploads/2022/07/20170828-veof-nav-weekly-report.xlsx,2017-08-28,20170828-veof-nav-weekly-report.xlsx,,2017-08-28,data/raw/vinacapital/20170828-veof-nav-weekly-report-19071f5a07a3dcb4.xlsx,ParseError: no sheet in data/raw/vinacapital/20170828-veof-nav-weekly-report-19071f5a07a3dcb4.xlsx carries line 2.1; not Appendix XXIV
vinacapital,veof,VINACAPITAL-VEOF,https://vinacapital.com/wp-content/uploads/2022/07/20171106-veof-changes-of-nav-weekly-report.xlsx,2017-11-06,20171106-veof-changes-of-nav-weekly-report.xlsx,,2017-11-06,data/raw/vinacapital/20171106-veof-changes-of-nav-weekly-report-c7bb74375eb88aea.xlsx,ParseError: no sheet in data/raw/vinacapital/20171106-veof-changes-of-nav-weekly-report-c7bb74375eb88aea.xlsx carries line 2.1; not Appendix XXIV
vinacapital,veof,VINACAPITAL-VEOF,https://vinacapital.com/wp-content/uploads/2022/07/20171127-veof-changes-of-nav-weekly-report-1.xlsx,2017-11-27,20171127-veof-changes-of-nav-weekly-report-1.xlsx,,2017-11-27,data/raw/vinacapital/20171127-veof-changes-of-nav-weekly-report-1-acab2bbfe136696b.xlsx,ParseError: no sheet in data/raw/vinacapital/20171127-veof-changes-of-nav-weekly-report-1-acab2bbfe136696b.xlsx carries line 2.1; not Appendix XXIV
vinacapital,veof,VINACAPITAL-VEOF,https://vinacapital.com/wp-content/uploads/2022/07/20171127-veof-changes-of-nav-weekly-report.xlsx,2017-11-27,20171127-veof-changes-of-nav-weekly-report.xlsx,,2017-11-27,data/raw/vinacapital/20171127-veof-changes-of-nav-weekly-report-acab2bbfe136696b.xlsx,ParseError: no sheet in data/raw/vinacapital/20171127-veof-changes-of-nav-weekly-report-acab2bbfe136696b.xlsx carries line 2.1; not Appendix XXIV
vinacapital,veof,VINACAPITAL-VEOF,https://vinacapital.com/wp-content/uploads/2022/07/20180102-veof-changes-of-nav-weekly-report.xlsx,2018-01-02,20180102-veof-changes-of-nav-weekly-report.xlsx,,2018-01-02,data/raw/vinacapital/20180102-veof-changes-of-nav-weekly-report-78ba61cd4a28763b.xlsx,ParseError: no sheet in data/raw/vinacapital/20180102-veof-changes-of-nav-weekly-report-78ba61cd4a28763b.xlsx carries line 2.1; not Appendix XXIV
vinacapital,veof,VINACAPITAL-VEOF,https://vinacapital.com/wp-content/uploads/2022/07/20180102-veof-nav-weekly-report.xlsx,2018-01-02,20180102-veof-nav-weekly-report.xlsx,,2018-01-02,data/raw/vinacapital/20180102-veof-nav-weekly-report-bb6b7fe72e3cb053.xlsx,ParseError: no sheet in data/raw/vinacapital/20180102-veof-nav-weekly-report-bb6b7fe72e3cb053.xlsx carries line 2.1; not Appendix XXIV
vinacapital,veof,VINACAPITAL-VEOF,https://vinacapital.com/wp-content/uploads/2022/07/20180105-veof-changes-of-nav-weekly-report.xlsx,2018-01-05,20180105-veof-changes-of-nav-weekly-report.xlsx,,2018-01-05,data/raw/vinacapital/20180105-veof-changes-of-nav-weekly-report-a631533d2f89951a.xlsx,ParseError: no sheet in data/raw/vinacapital/20180105-veof-changes-of-nav-weekly-report-a631533d2f89951a.xlsx carries line 2.1; not Appendix XXIV
vinacapital,veof,VINACAPITAL-VEOF,https://vinacapital.com/wp-content/uploads/2022/07/20180109-veof-nav-weekly-report.xlsx,2018-01-09,20180109-veof-nav-weekly-report.xlsx,,2018-01-09,data/raw/vinacapital/20180109-veof-nav-weekly-report-87aa9a6034451b1c.xlsx,ParseError: no sheet in data/raw/vinacapital/20180109-veof-nav-weekly-report-87aa9a6034451b1c.xlsx carries line 2.1; not Appendix XXIV
vinacapital,veof,VINACAPITAL-VEOF,https://vinacapital.com/wp-content/uploads/2022/07/20180115-veof-changes-of-nav-weekly-report.xlsx,2018-01-15,20180115-veof-changes-of-nav-weekly-report.xlsx,,2018-01-15,data/raw/vinacapital/20180115-veof-changes-of-nav-weekly-report-54d258089ed4d5d0.xlsx,ParseError: no sheet in data/raw/vinacapital/20180115-veof-changes-of-nav-weekly-report-54d258089ed4d5d0.xlsx carries line 2.1; not Appendix XXIV
vinacapital,veof,VINACAPITAL-VEOF,https://vinacapital.com/wp-content/uploads/2022/07/20180115-veof-nav-weekly-report.xlsx,2018-01-15,20180115-veof-nav-weekly-report.xlsx,,2018-01-15,data/raw/vinacapital/20180115-veof-nav-weekly-report-1e2e5a1b6aee932e.xlsx,ParseError: no sheet in data/raw/vinacapital/20180115-veof-nav-weekly-report-1e2e5a1b6aee932e.xlsx carries line 2.1; not Appendix XXIV
vinacapital,veof,VINACAPITAL-VEOF,https://vinacapital.com/wp-content/uploads/2022/07/20180117-veof-nav-weekly-report.xlsx,2018-01-17,20180117-veof-nav-weekly-report.xlsx,,2018-01-17,data/raw/vinacapital/20180117-veof-nav-weekly-report-ed5a1d3b6bfa8922.xlsx,ParseError: no sheet in data/raw/vinacapital/20180117-veof-nav-weekly-report-ed5a1d3b6bfa8922.xlsx carries line 2.1; not Appendix XXIV
vinacapital,veof,VINACAPITAL-VEOF,https://vinacapital.com/wp-content/uploads/2022/07/20180122-veof-changes-of-nav-weekly-report.xlsx,2018-01-22,20180122-veof-changes-of-nav-weekly-report.xlsx,,2018-01-22,data/raw/vinacapital/20180122-veof-changes-of-nav-weekly-report-cfd7e5c32a226942.xlsx,ParseError: no sheet in data/raw/vinacapital/20180122-veof-changes-of-nav-weekly-report-cfd7e5c32a226942.xlsx carries line 2.1; not Appendix XXIV
vinacapital,veof,VINACAPITAL-VEOF,https://vinacapital.com/wp-content/uploads/2022/07/20180122-veof-nav-weekly-report.xlsx,2018-01-22,20180122-veof-nav-weekly-report.xlsx,,2018-01-22,data/raw/vinacapital/20180122-veof-nav-weekly-report-77d9a922d2f77141.xlsx,ParseError: no sheet in data/raw/vinacapital/20180122-veof-nav-weekly-report-77d9a922d2f77141.xlsx carries line 2.1; not Appendix XXIV
vinacapital,veof,VINACAPITAL-VEOF,https://vinacapital.com/wp-content/uploads/2022/07/20180124-veof-nav-weekly-report.xlsx,2018-01-24,20180124-veof-nav-weekly-report.xlsx,,2018-01-24,data/raw/vinacapital/20180124-veof-nav-weekly-report-8f1bbf495ebf268e.xlsx,ParseError: no sheet in data/raw/vinacapital/20180124-veof-nav-weekly-report-8f1bbf495ebf268e.xlsx carries line 2.1; not Appendix XXIV
vinacapital,veof,VINACAPITAL-VEOF,https://vinacapital.com/wp-content/uploads/2022/07/20180129-changes-of-nav-weekly-report.xlsx,2018-01-29,20180129-changes-of-nav-weekly-report.xlsx,,2018-01-29,data/raw/vinacapital/20180129-changes-of-nav-weekly-report-4a17de33124a9f5a.xlsx,ParseError: no sheet in data/raw/vinacapital/20180129-changes-of-nav-weekly-report-4a17de33124a9f5a.xlsx carries line 2.1; not Appendix XXIV
vinacapital,veof,VINACAPITAL-VEOF,https://vinacapital.com/wp-content/uploads/2022/07/20180129-veof-nav-weekly-report.xlsx,2018-01-29,20180129-veof-nav-weekly-report.xlsx,,2018-01-29,data/raw/vinacapital/20180129-veof-nav-weekly-report-4b33e75f11809c15.xlsx,ParseError: no sheet in data/raw/vinacapital/20180129-veof-nav-weekly-report-4b33e75f11809c15.xlsx carries line 2.1; not Appendix XXIV
vinacapital,veof,VINACAPITAL-VEOF,https://vinacapital.com/wp-content/uploads/2022/07/20180205-veof-nav-weekly-report.xlsx,2018-02-05,20180205-veof-nav-weekly-report.xlsx,,2018-02-05,data/raw/vinacapital/20180205-veof-nav-weekly-report-9d301b840cd94fdf.xlsx,ParseError: no sheet in data/raw/vinacapital/20180205-veof-nav-weekly-report-9d301b840cd94fdf.xlsx carries line 2.1; not Appendix XXIV
vinacapital,veof,VINACAPITAL-VEOF,https://vinacapital.com/wp-content/uploads/2022/07/20180207-veof-nav-weekly-report.xlsx,2018-02-07,20180207-veof-nav-weekly-report.xlsx,,2018-02-07,data/raw/vinacapital/20180207-veof-nav-weekly-report-9ef6b5552f483757.xlsx,ParseError: no sheet in data/raw/vinacapital/20180207-veof-nav-weekly-report-9ef6b5552f483757.xlsx carries line 2.1; not Appendix XXIV
vinacapital,veof,VINACAPITAL-VEOF,https://vinacapital.com/wp-content/uploads/2022/07/20180212-veof-changes-of-nav-weekly-report.xlsx,2018-02-12,20180212-veof-changes-of-nav-weekly-report.xlsx,,2018-02-12,data/raw/vinacapital/20180212-veof-changes-of-nav-weekly-report-8016db2c3bb8dd1b.xlsx,ParseError: no sheet in data/raw/vinacapital/20180212-veof-changes-of-nav-weekly-report-8016db2c3bb8dd1b.xlsx carries line 2.1; not Appendix XXIV
vinacapital,veof,VINACAPITAL-VEOF,https://vinacapital.com/wp-content/uploads/2022/07/20180212-veof-nav-weekly-report.xlsx,2018-02-12,20180212-veof-nav-weekly-report.xlsx,,2018-02-12,data/raw/vinacapital/20180212-veof-nav-weekly-report-f30f98835908a471.xlsx,ParseError: no sheet in data/raw/vinacapital/20180212-veof-nav-weekly-report-f30f98835908a471.xlsx carries line 2.1; not Appendix XXIV
vinacapital,veof,VINACAPITAL-VEOF,https://vinacapital.com/wp-content/uploads/2022/07/20180214-veof-nav-weekly-report.xlsx,2018-02-14,20180214-veof-nav-weekly-report.xlsx,,2018-02-14,data/raw/vinacapital/20180214-veof-nav-weekly-report-255fdeffed77cced.xlsx,ParseError: no sheet in data/raw/vinacapital/20180214-veof-nav-weekly-report-255fdeffed77cced.xlsx carries line 2.1; not Appendix XXIV
vinacapital,veof,VINACAPITAL-VEOF,https://vinacapital.com/wp-content/uploads/2022/07/20180221-veof-nav-weekly-report.xlsx,2018-02-21,20180221-veof-nav-weekly-report.xlsx,,2018-02-21,data/raw/vinacapital/20180221-veof-nav-weekly-report-d9b974ed795fde6b.xlsx,ParseError: no sheet in data/raw/vinacapital/20180221-veof-nav-weekly-report-d9b974ed795fde6b.xlsx carries line 2.1; not Appendix XXIV
vinacapital,veof,VINACAPITAL-VEOF,https://vinacapital.com/wp-content/uploads/2022/07/20180226-veof-changes-of-nav-weekly-report.xlsx,2018-02-26,20180226-veof-changes-of-nav-weekly-report.xlsx,,2018-02-26,data/raw/vinacapital/20180226-veof-changes-of-nav-weekly-report-8947d94f494777a8.xlsx,ParseError: no sheet in data/raw/vinacapital/20180226-veof-changes-of-nav-weekly-report-8947d94f494777a8.xlsx carries line 2.1; not Appendix XXIV
vinacapital,veof,VINACAPITAL-VEOF,https://vinacapital.com/wp-content/uploads/2022/07/20180226-veof-nav-weekly-report-1.xlsx,2018-02-26,20180226-veof-nav-weekly-report-1.xlsx,,2018-02-26,data/raw/vinacapital/20180226-veof-nav-weekly-report-1-a9df168154649b9e.xlsx,ParseError: no sheet in data/raw/vinacapital/20180226-veof-nav-weekly-report-1-a9df168154649b9e.xlsx carries line 2.1; not Appendix XXIV
vinacapital,veof,VINACAPITAL-VEOF,https://vinacapital.com/wp-content/uploads/2022/07/20180305-veof-changes-of-nav-weekly-report.xlsx,2018-03-05,20180305-veof-changes-of-nav-weekly-report.xlsx,,2018-03-05,data/raw/vinacapital/20180305-veof-changes-of-nav-weekly-report-a867b22292666c7d.xlsx,ParseError: no sheet in data/raw/vinacapital/20180305-veof-changes-of-nav-weekly-report-a867b22292666c7d.xlsx carries line 2.1; not Appendix XXIV
vinacapital,veof,VINACAPITAL-VEOF,https://vinacapital.com/wp-content/uploads/2022/07/20180305-veof-nav-weekly-report.xlsx,2018-03-05,20180305-veof-nav-weekly-report.xlsx,,2018-03-05,data/raw/vinacapital/20180305-veof-nav-weekly-report-fb13cff07a35e957.xlsx,ParseError: no sheet in data/raw/vinacapital/20180305-veof-nav-weekly-report-fb13cff07a35e957.xlsx carries line 2.1; not Appendix XXIV
vinacapital,veof,VINACAPITAL-VEOF,https://vinacapital.com/wp-content/uploads/2022/07/20180307-veof-nav-weekly-report.xlsx,2018-03-07,20180307-veof-nav-weekly-report.xlsx,,2018-03-07,data/raw/vinacapital/20180307-veof-nav-weekly-report-8ad9c50fb51284c6.xlsx,ParseError: no sheet in data/raw/vinacapital/20180307-veof-nav-weekly-report-8ad9c50fb51284c6.xlsx carries line 2.1; not Appendix XXIV
vinacapital,veof,VINACAPITAL-VEOF,https://vinacapital.com/wp-content/uploads/2022/07/20180312-veof-changes-of-nav-weekly-report.xlsx,2018-03-12,20180312-veof-changes-of-nav-weekly-report.xlsx,,2018-03-12,data/raw/vinacapital/20180312-veof-changes-of-nav-weekly-report-c22cc9b901c39970.xlsx,ParseError: no sheet in data/raw/vinacapital/20180312-veof-changes-of-nav-weekly-report-c22cc9b901c39970.xlsx carries line 2.1; not Appendix XXIV
vinacapital,veof,VINACAPITAL-VEOF,https://vinacapital.com/wp-content/uploads/2022/07/20180312-veof-nav-weekly-report.xlsx,2018-03-12,20180312-veof-nav-weekly-report.xlsx,,2018-03-12,data/raw/vinacapital/20180312-veof-nav-weekly-report-7b3838b922efc10e.xlsx,ParseError: no sheet in data/raw/vinacapital/20180312-veof-nav-weekly-report-7b3838b922efc10e.xlsx carries line 2.1; not Appendix XXIV
vinacapital,veof,VINACAPITAL-VEOF,https://vinacapital.com/wp-content/uploads/2022/07/20180314-veof-nav-weekly-report.xlsx,2018-03-14,20180314-veof-nav-weekly-report.xlsx,,2018-03-14,data/raw/vinacapital/20180314-veof-nav-weekly-report-3029a9c74e663faa.xlsx,ParseError: no sheet in data/raw/vinacapital/20180314-veof-nav-weekly-report-3029a9c74e663faa.xlsx carries line 2.1; not Appendix XXIV
vinacapital,veof,VINACAPITAL-VEOF,https://vinacapital.com/wp-content/uploads/2022/07/20180319-veof-changes-of-nav-weekly-report.xlsx,2018-03-19,20180319-veof-changes-of-nav-weekly-report.xlsx,,2018-03-19,data/raw/vinacapital/20180319-veof-changes-of-nav-weekly-report-e34a4417a24dda6b.xlsx,ParseError: no sheet in data/raw/vinacapital/20180319-veof-changes-of-nav-weekly-report-e34a4417a24dda6b.xlsx carries line 2.1; not Appendix XXIV
vinacapital,veof,VINACAPITAL-VEOF,https://vinacapital.com/wp-content/uploads/2022/07/20180319-veof-nav-weekly-report.xlsx,2018-03-19,20180319-veof-nav-weekly-report.xlsx,,2018-03-19,data/raw/vinacapital/20180319-veof-nav-weekly-report-ddce91d6ef2f4e46.xlsx,ParseError: no sheet in data/raw/vinacapital/20180319-veof-nav-weekly-report-ddce91d6ef2f4e46.xlsx carries line 2.1; not Appendix XXIV
vinacapital,veof,VINACAPITAL-VEOF,https://vinacapital.com/wp-content/uploads/2022/07/20180321-veof-nav-weekly-report.xlsx,2018-03-21,20180321-veof-nav-weekly-report.xlsx,,2018-03-21,data/raw/vinacapital/20180321-veof-nav-weekly-report-271ded32a5acd088.xlsx,ParseError: no sheet in data/raw/vinacapital/20180321-veof-nav-weekly-report-271ded32a5acd088.xlsx carries line 2.1; not Appendix XXIV
vinacapital,veof,VINACAPITAL-VEOF,https://vinacapital.com/wp-content/uploads/2022/07/20180326-veof-changes-of-nav-weekly-report.xlsx,2018-03-26,20180326-veof-changes-of-nav-weekly-report.xlsx,,2018-03-26,data/raw/vinacapital/20180326-veof-changes-of-nav-weekly-report-7fdb126b0ee66643.xlsx,ParseError: no sheet in data/raw/vinacapital/20180326-veof-changes-of-nav-weekly-report-7fdb126b0ee66643.xlsx carries line 2.1; not Appendix XXIV
vinacapital,veof,VINACAPITAL-VEOF,https://vinacapital.com/wp-content/uploads/2022/07/20180326-veof-nav-weekly-report.xlsx,2018-03-26,20180326-veof-nav-weekly-report.xlsx,,2018-03-26,data/raw/vinacapital/20180326-veof-nav-weekly-report-27f0c9f963ac2279.xlsx,ParseError: no sheet in data/raw/vinacapital/20180326-veof-nav-weekly-report-27f0c9f963ac2279.xlsx carries line 2.1; not Appendix XXIV
vinacapital,veof,VINACAPITAL-VEOF,https://vinacapital.com/wp-content/uploads/2022/07/20180402-veof-changes-of-nav-weekly-report.xlsx,2018-04-02,20180402-veof-changes-of-nav-weekly-report.xlsx,,2018-04-02,data/raw/vinacapital/20180402-veof-changes-of-nav-weekly-report-ee7c991716ccb04d.xlsx,ParseError: no sheet in data/raw/vinacapital/20180402-veof-changes-of-nav-weekly-report-ee7c991716ccb04d.xlsx carries line 2.1; not Appendix XXIV
vinacapital,veof,VINACAPITAL-VEOF,https://vinacapital.com/wp-content/uploads/2022/07/20180402-veof-nav-weekly-report.xlsx,2018-04-02,20180402-veof-nav-weekly-report.xlsx,,2018-04-02,data/raw/vinacapital/20180402-veof-nav-weekly-report-7b04172edce8a318.xlsx,ParseError: no sheet in data/raw/vinacapital/20180402-veof-nav-weekly-report-7b04172edce8a318.xlsx carries line 2.1; not Appendix XXIV
vinacapital,veof,VINACAPITAL-VEOF,https://vinacapital.com/wp-content/uploads/2022/07/20180409-changes-of-nav-weekly-report.xlsx,2018-04-09,20180409-changes-of-nav-weekly-report.xlsx,,2018-04-09,data/raw/vinacapital/20180409-changes-of-nav-weekly-report-63c3f4110aaaae0f.xlsx,ParseError: no sheet in data/raw/vinacapital/20180409-changes-of-nav-weekly-report-63c3f4110aaaae0f.xlsx carries line 2.1; not Appendix XXIV
vinacapital,veof,VINACAPITAL-VEOF,https://vinacapital.com/wp-content/uploads/2022/07/20180409-veof-nav-weekly-report.xlsx,2018-04-09,20180409-veof-nav-weekly-report.xlsx,,2018-04-09,data/raw/vinacapital/20180409-veof-nav-weekly-report-7c35495c471d7da8.xlsx,ParseError: no sheet in data/raw/vinacapital/20180409-veof-nav-weekly-report-7c35495c471d7da8.xlsx carries line 2.1; not Appendix XXIV
vinacapital,veof,VINACAPITAL-VEOF,https://vinacapital.com/wp-content/uploads/2022/07/20180411-veof-nav-weekly-report.xlsx,2018-04-11,20180411-veof-nav-weekly-report.xlsx,,2018-04-11,data/raw/vinacapital/20180411-veof-nav-weekly-report-0dce7ec784f5fb49.xlsx,ParseError: no sheet in data/raw/vinacapital/20180411-veof-nav-weekly-report-0dce7ec784f5fb49.xlsx carries line 2.1; not Appendix XXIV
vinacapital,veof,VINACAPITAL-VEOF,https://vinacapital.com/wp-content/uploads/2022/07/20180416-veof-changes-of-nav-weekly-report.xlsx,2018-04-16,20180416-veof-changes-of-nav-weekly-report.xlsx,,2018-04-16,data/raw/vinacapital/20180416-veof-changes-of-nav-weekly-report-8fc578c348e1c949.xlsx,ParseError: no sheet in data/raw/vinacapital/20180416-veof-changes-of-nav-weekly-report-8fc578c348e1c949.xlsx carries line 2.1; not Appendix XXIV
vinacapital,veof,VINACAPITAL-VEOF,https://vinacapital.com/wp-content/uploads/2022/07/20180416-veof-nav-weekly-report.xlsx,2018-04-16,20180416-veof-nav-weekly-report.xlsx,,2018-04-16,data/raw/vinacapital/20180416-veof-nav-weekly-report-cd58829a2aa0777f.xlsx,ParseError: no sheet in data/raw/vinacapital/20180416-veof-nav-weekly-report-cd58829a2aa0777f.xlsx carries line 2.1; not Appendix XXIV
vinacapital,veof,VINACAPITAL-VEOF,https://vinacapital.com/wp-content/uploads/2022/07/20180418-veof-nav-weekly-report.xlsx,2018-04-18,20180418-veof-nav-weekly-report.xlsx,,2018-04-18,data/raw/vinacapital/20180418-veof-nav-weekly-report-7b64e8eeb41f9315.xlsx,ParseError: no sheet in data/raw/vinacapital/20180418-veof-nav-weekly-report-7b64e8eeb41f9315.xlsx carries line 2.1; not Appendix XXIV
vinacapital,veof,VINACAPITAL-VEOF,https://vinacapital.com/wp-content/uploads/2022/07/20180423-veof-changes-of-nav-weekly-report.xlsx,2018-04-23,20180423-veof-changes-of-nav-weekly-report.xlsx,,2018-04-23,data/raw/vinacapital/20180423-veof-changes-of-nav-weekly-report-06a05f508daf1c02.xlsx,ParseError: no sheet in data/raw/vinacapital/20180423-veof-changes-of-nav-weekly-report-06a05f508daf1c02.xlsx carries line 2.1; not Appendix XXIV
vinacapital,veof,VINACAPITAL-VEOF,https://vinacapital.com/wp-content/uploads/2022/07/20180423-veof-nav-weekly-report.xlsx,2018-04-23,20180423-veof-nav-weekly-report.xlsx,,2018-04-23,data/raw/vinacapital/20180423-veof-nav-weekly-report-20ec886d34e98ba5.xlsx,ParseError: no sheet in data/raw/vinacapital/20180423-veof-nav-weekly-report-20ec886d34e98ba5.xlsx carries line 2.1; not Appendix XXIV
vinacapital,veof,VINACAPITAL-VEOF,https://vinacapital.com/wp-content/uploads/2022/07/20180430-veof-changes-of-nav-weekly-report-1.xlsx,2018-04-30,20180430-veof-changes-of-nav-weekly-report-1.xlsx,,2018-04-30,data/raw/vinacapital/20180430-veof-changes-of-nav-weekly-report-1-5a1276a7931ea7c0.xlsx,ParseError: no sheet in data/raw/vinacapital/20180430-veof-changes-of-nav-weekly-report-1-5a1276a7931ea7c0.xlsx carries line 2.1; not Appendix XXIV
vinacapital,veof,VINACAPITAL-VEOF,https://vinacapital.com/wp-content/uploads/2022/07/20180430-veof-changes-of-nav-weekly-report.xlsx,2018-04-30,20180430-veof-changes-of-nav-weekly-report.xlsx,,2018-04-30,data/raw/vinacapital/20180430-veof-changes-of-nav-weekly-report-5a1276a7931ea7c0.xlsx,ParseError: no sheet in data/raw/vinacapital/20180430-veof-changes-of-nav-weekly-report-5a1276a7931ea7c0.xlsx carries line 2.1; not Appendix XXIV
vinacapital,veof,VINACAPITAL-VEOF,https://vinacapital.com/wp-content/uploads/2022/07/20180430-veof-nav-weekly-report-1.xlsx,2018-04-30,20180430-veof-nav-weekly-report-1.xlsx,,2018-04-30,data/raw/vinacapital/20180430-veof-nav-weekly-report-1-85d495d14af9f08d.xlsx,ParseError: no sheet in data/raw/vinacapital/20180430-veof-nav-weekly-report-1-85d495d14af9f08d.xlsx carries line 2.1; not Appendix XXIV
vinacapital,veof,VINACAPITAL-VEOF,https://vinacapital.com/wp-content/uploads/2022/07/20180430-veof-nav-weekly-report.xlsx,2018-04-30,20180430-veof-nav-weekly-report.xlsx,,2018-04-30,data/raw/vinacapital/20180430-veof-nav-weekly-report-85d495d14af9f08d.xlsx,ParseError: no sheet in data/raw/vinacapital/20180430-veof-nav-weekly-report-85d495d14af9f08d.xlsx carries line 2.1; not Appendix XXIV
vinacapital,veof,VINACAPITAL-VEOF,https://vinacapital.com/wp-content/uploads/2022/07/20180502-veof-nav-weekly-report.xlsx,2018-05-02,20180502-veof-nav-weekly-report.xlsx,,2018-05-02,data/raw/vinacapital/20180502-veof-nav-weekly-report-cf51cd929c15933a.xlsx,ParseError: no sheet in data/raw/vinacapital/20180502-veof-nav-weekly-report-cf51cd929c15933a.xlsx carries line 2.1; not Appendix XXIV
vinacapital,veof,VINACAPITAL-VEOF,https://vinacapital.com/wp-content/uploads/2022/07/20180509-veof-nav-weekly-report.xlsx,2018-05-09,20180509-veof-nav-weekly-report.xlsx,,2018-05-09,data/raw/vinacapital/20180509-veof-nav-weekly-report-afabbb065e55cba4.xlsx,ParseError: no sheet in data/raw/vinacapital/20180509-veof-nav-weekly-report-afabbb065e55cba4.xlsx carries line 2.1; not Appendix XXIV
vinacapital,veof,VINACAPITAL-VEOF,https://vinacapital.com/wp-content/uploads/2022/07/20180514-veof-changes-of-nav-weekly-report.xlsx,2018-05-14,20180514-veof-changes-of-nav-weekly-report.xlsx,,2018-05-14,data/raw/vinacapital/20180514-veof-changes-of-nav-weekly-report-c3c1a7c46c93d443.xlsx,ParseError: no sheet in data/raw/vinacapital/20180514-veof-changes-of-nav-weekly-report-c3c1a7c46c93d443.xlsx carries line 2.1; not Appendix XXIV
vinacapital,veof,VINACAPITAL-VEOF,https://vinacapital.com/wp-content/uploads/2022/07/20180514-veof-nav-weekly-report.xlsx,2018-05-14,20180514-veof-nav-weekly-report.xlsx,,2018-05-14,data/raw/vinacapital/20180514-veof-nav-weekly-report-ed83a1f2c1a54a2e.xlsx,ParseError: no sheet in data/raw/vinacapital/20180514-veof-nav-weekly-report-ed83a1f2c1a54a2e.xlsx carries line 2.1; not Appendix XXIV
vinacapital,veof,VINACAPITAL-VEOF,https://vinacapital.com/wp-content/uploads/2022/07/20180516-veof-nav-weekly-report.xlsx,2018-05-16,20180516-veof-nav-weekly-report.xlsx,,2018-05-16,data/raw/vinacapital/20180516-veof-nav-weekly-report-1d7f137778c2e7cc.xlsx,ParseError: no sheet in data/raw/vinacapital/20180516-veof-nav-weekly-report-1d7f137778c2e7cc.xlsx carries line 2.1; not Appendix XXIV
vinacapital,veof,VINACAPITAL-VEOF,https://vinacapital.com/wp-content/uploads/2022/07/20180521-veof-changes-of-nav-weekly-report.xlsx,2018-05-21,20180521-veof-changes-of-nav-weekly-report.xlsx,,2018-05-21,data/raw/vinacapital/20180521-veof-changes-of-nav-weekly-report-621106d06ef55c79.xlsx,ParseError: no sheet in data/raw/vinacapital/20180521-veof-changes-of-nav-weekly-report-621106d06ef55c79.xlsx carries line 2.1; not Appendix XXIV
vinacapital,veof,VINACAPITAL-VEOF,https://vinacapital.com/wp-content/uploads/2022/07/20180521-veof-nav-weekly-report.xlsx,2018-05-21,20180521-veof-nav-weekly-report.xlsx,,2018-05-21,data/raw/vinacapital/20180521-veof-nav-weekly-report-597cfea2624351fc.xlsx,ParseError: no sheet in data/raw/vinacapital/20180521-veof-nav-weekly-report-597cfea2624351fc.xlsx carries line 2.1; not Appendix XXIV
vinacapital,veof,VINACAPITAL-VEOF,https://vinacapital.com/wp-content/uploads/2022/07/20180530-veof-nav-weekly-report.xlsx,2018-05-30,20180530-veof-nav-weekly-report.xlsx,,2018-05-30,data/raw/vinacapital/20180530-veof-nav-weekly-report-811ac3f3f9a5a62e.xlsx,ParseError: no sheet in data/raw/vinacapital/20180530-veof-nav-weekly-report-811ac3f3f9a5a62e.xlsx carries line 2.1; not Appendix XXIV
vinacapital,veof,VINACAPITAL-VEOF,https://vinacapital.com/wp-content/uploads/2022/07/20180604-veof-changes-of-nav-weekly-report.xlsx,2018-06-04,20180604-veof-changes-of-nav-weekly-report.xlsx,,2018-06-04,data/raw/vinacapital/20180604-veof-changes-of-nav-weekly-report-df1c7dd5141fd17f.xlsx,ParseError: no sheet in data/raw/vinacapital/20180604-veof-changes-of-nav-weekly-report-df1c7dd5141fd17f.xlsx carries line 2.1; not Appendix XXIV
vinacapital,veof,VINACAPITAL-VEOF,https://vinacapital.com/wp-content/uploads/2022/07/20180604-veof-nav-weekly-report.xlsx,2018-06-04,20180604-veof-nav-weekly-report.xlsx,,2018-06-04,data/raw/vinacapital/20180604-veof-nav-weekly-report-caf425340f30f05b.xlsx,ParseError: no sheet in data/raw/vinacapital/20180604-veof-nav-weekly-report-caf425340f30f05b.xlsx carries line 2.1; not Appendix XXIV
vinacapital,veof,VINACAPITAL-VEOF,https://vinacapital.com/wp-content/uploads/2022/07/20180606-veof-nav-weekly-report.xlsx,2018-06-06,20180606-veof-nav-weekly-report.xlsx,,2018-06-06,data/raw/vinacapital/20180606-veof-nav-weekly-report-d603ac7e7a31fd5f.xlsx,ParseError: no sheet in data/raw/vinacapital/20180606-veof-nav-weekly-report-d603ac7e7a31fd5f.xlsx carries line 2.1; not Appendix XXIV
vinacapital,veof,VINACAPITAL-VEOF,https://vinacapital.com/wp-content/uploads/2022/07/20180611-veof-changes-of-nav-weekly-report.xlsx,2018-06-11,20180611-veof-changes-of-nav-weekly-report.xlsx,,2018-06-11,data/raw/vinacapital/20180611-veof-changes-of-nav-weekly-report-81a11d17fbd1e749.xlsx,ParseError: no sheet in data/raw/vinacapital/20180611-veof-changes-of-nav-weekly-report-81a11d17fbd1e749.xlsx carries line 2.1; not Appendix XXIV
vinacapital,veof,VINACAPITAL-VEOF,https://vinacapital.com/wp-content/uploads/2022/07/20180611-veof-nav-weekly-report.xlsx,2018-06-11,20180611-veof-nav-weekly-report.xlsx,,2018-06-11,data/raw/vinacapital/20180611-veof-nav-weekly-report-e816d20bd2bd0b15.xlsx,ParseError: no sheet in data/raw/vinacapital/20180611-veof-nav-weekly-report-e816d20bd2bd0b15.xlsx carries line 2.1; not Appendix XXIV
vinacapital,veof,VINACAPITAL-VEOF,https://vinacapital.com/wp-content/uploads/2022/07/20180613-veof-nav-weekly-report.xlsx,2018-06-13,20180613-veof-nav-weekly-report.xlsx,,2018-06-13,data/raw/vinacapital/20180613-veof-nav-weekly-report-4c57382b8c9c512e.xlsx,ParseError: no sheet in data/raw/vinacapital/20180613-veof-nav-weekly-report-4c57382b8c9c512e.xlsx carries line 2.1; not Appendix XXIV
vinacapital,veof,VINACAPITAL-VEOF,https://vinacapital.com/wp-content/uploads/2022/07/20180618-veof-changes-of-nav-weekly-report.xlsx,2018-06-18,20180618-veof-changes-of-nav-weekly-report.xlsx,,2018-06-18,data/raw/vinacapital/20180618-veof-changes-of-nav-weekly-report-48d4041f0965c90f.xlsx,ParseError: no sheet in data/raw/vinacapital/20180618-veof-changes-of-nav-weekly-report-48d4041f0965c90f.xlsx carries line 2.1; not Appendix XXIV
vinacapital,veof,VINACAPITAL-VEOF,https://vinacapital.com/wp-content/uploads/2022/07/20180618-veof-nav-weekly-report.xlsx,2018-06-18,20180618-veof-nav-weekly-report.xlsx,,2018-06-18,data/raw/vinacapital/20180618-veof-nav-weekly-report-b595fb6e224ecc5e.xlsx,ParseError: no sheet in data/raw/vinacapital/20180618-veof-nav-weekly-report-b595fb6e224ecc5e.xlsx carries line 2.1; not Appendix XXIV
vinacapital,veof,VINACAPITAL-VEOF,https://vinacapital.com/wp-content/uploads/2022/07/20180620-veof-nav-weekly-report.xlsx,2018-06-20,20180620-veof-nav-weekly-report.xlsx,,2018-06-20,data/raw/vinacapital/20180620-veof-nav-weekly-report-6eab5a6e63ce264b.xlsx,ParseError: no sheet in data/raw/vinacapital/20180620-veof-nav-weekly-report-6eab5a6e63ce264b.xlsx carries line 2.1; not Appendix XXIV
vinacapital,veof,VINACAPITAL-VEOF,https://vinacapital.com/wp-content/uploads/2022/07/20180625-veof-changes-of-nav-weekly-report-1.xlsx,2018-06-25,20180625-veof-changes-of-nav-weekly-report-1.xlsx,,2018-06-25,data/raw/vinacapital/20180625-veof-changes-of-nav-weekly-report-1-3965d3c6dec89c20.xlsx,ParseError: no sheet in data/raw/vinacapital/20180625-veof-changes-of-nav-weekly-report-1-3965d3c6dec89c20.xlsx carries line 2.1; not Appendix XXIV
vinacapital,veof,VINACAPITAL-VEOF,https://vinacapital.com/wp-content/uploads/2022/07/20180625-veof-nav-weekly-report-1.xlsx,2018-06-25,20180625-veof-nav-weekly-report-1.xlsx,,2018-06-25,data/raw/vinacapital/20180625-veof-nav-weekly-report-1-c19459576d289bae.xlsx,ParseError: no sheet in data/raw/vinacapital/20180625-veof-nav-weekly-report-1-c19459576d289bae.xlsx carries line 2.1; not Appendix XXIV
vinacapital,veof,VINACAPITAL-VEOF,https://vinacapital.com/wp-content/uploads/2022/07/20180627-veof-nav-weekly-report.xlsx,2018-06-27,20180627-veof-nav-weekly-report.xlsx,,2018-06-27,data/raw/vinacapital/20180627-veof-nav-weekly-report-eb6cc8a193b81248.xlsx,ParseError: no sheet in data/raw/vinacapital/20180627-veof-nav-weekly-report-eb6cc8a193b81248.xlsx carries line 2.1; not Appendix XXIV
vinacapital,veof,VINACAPITAL-VEOF,https://vinacapital.com/wp-content/uploads/2022/07/20180702-veof-changes-of-nav-weekly-report.xlsx,2018-07-02,20180702-veof-changes-of-nav-weekly-report.xlsx,,2018-07-02,data/raw/vinacapital/20180702-veof-changes-of-nav-weekly-report-79f010d83b00da24.xlsx,ParseError: no sheet in data/raw/vinacapital/20180702-veof-changes-of-nav-weekly-report-79f010d83b00da24.xlsx carries line 2.1; not Appendix XXIV
vinacapital,veof,VINACAPITAL-VEOF,https://vinacapital.com/wp-content/uploads/2022/07/20180702-veof-nav-weekly-report.xlsx,2018-07-02,20180702-veof-nav-weekly-report.xlsx,,2018-07-02,data/raw/vinacapital/20180702-veof-nav-weekly-report-36fd9c0e325c1a95.xlsx,ParseError: no sheet in data/raw/vinacapital/20180702-veof-nav-weekly-report-36fd9c0e325c1a95.xlsx carries line 2.1; not Appendix XXIV
vinacapital,veof,VINACAPITAL-VEOF,https://vinacapital.com/wp-content/uploads/2022/07/20180704-veof-nav-weekly-report.xlsx,2018-07-04,20180704-veof-nav-weekly-report.xlsx,,2018-07-04,data/raw/vinacapital/20180704-veof-nav-weekly-report-0e27836aeca95982.xlsx,ParseError: no sheet in data/raw/vinacapital/20180704-veof-nav-weekly-report-0e27836aeca95982.xlsx carries line 2.1; not Appendix XXIV
vinacapital,veof,VINACAPITAL-VEOF,https://vinacapital.com/wp-content/uploads/2022/07/20180709-veof-changes-of-nav-weekly-report.xlsx,2018-07-09,20180709-veof-changes-of-nav-weekly-report.xlsx,,2018-07-09,data/raw/vinacapital/20180709-veof-changes-of-nav-weekly-report-9b13a0f82a5f976a.xlsx,ParseError: no sheet in data/raw/vinacapital/20180709-veof-changes-of-nav-weekly-report-9b13a0f82a5f976a.xlsx carries line 2.1; not Appendix XXIV
vinacapital,veof,VINACAPITAL-VEOF,https://vinacapital.com/wp-content/uploads/2022/07/20180709-veof-nav-weekly-report.xlsx,2018-07-09,20180709-veof-nav-weekly-report.xlsx,,2018-07-09,data/raw/vinacapital/20180709-veof-nav-weekly-report-20470dc410cc80b9.xlsx,ParseError: no sheet in data/raw/vinacapital/20180709-veof-nav-weekly-report-20470dc410cc80b9.xlsx carries line 2.1; not Appendix XXIV
vinacapital,veof,VINACAPITAL-VEOF,https://vinacapital.com/wp-content/uploads/2022/07/20180711-veof-nav-weekly-report.xlsx,2018-07-11,20180711-veof-nav-weekly-report.xlsx,,2018-07-11,data/raw/vinacapital/20180711-veof-nav-weekly-report-4a3708ff04a3b41a.xlsx,ParseError: no sheet in data/raw/vinacapital/20180711-veof-nav-weekly-report-4a3708ff04a3b41a.xlsx carries line 2.1; not Appendix XXIV
vinacapital,veof,VINACAPITAL-VEOF,https://vinacapital.com/wp-content/uploads/2022/07/20180719-veof-nav-weekly-report.xlsx,2018-07-19,20180719-veof-nav-weekly-report.xlsx,,2018-07-19,data/raw/vinacapital/20180719-veof-nav-weekly-report-bb6e09df83e5a5fb.xlsx,ParseError: no sheet in data/raw/vinacapital/20180719-veof-nav-weekly-report-bb6e09df83e5a5fb.xlsx carries line 2.1; not Appendix XXIV
vinacapital,veof,VINACAPITAL-VEOF,https://vinacapital.com/wp-content/uploads/2022/07/20180723-veof-changes-of-nav-weekly-report.xlsx,2018-07-23,20180723-veof-changes-of-nav-weekly-report.xlsx,,2018-07-23,data/raw/vinacapital/20180723-veof-changes-of-nav-weekly-report-62057ba8030bca4b.xlsx,ParseError: no sheet in data/raw/vinacapital/20180723-veof-changes-of-nav-weekly-report-62057ba8030bca4b.xlsx carries line 2.1; not Appendix XXIV
vinacapital,veof,VINACAPITAL-VEOF,https://vinacapital.com/wp-content/uploads/2022/07/20180723-veof-nav-weekly-report.xlsx,2018-07-23,20180723-veof-nav-weekly-report.xlsx,,2018-07-23,data/raw/vinacapital/20180723-veof-nav-weekly-report-a39fe580b2e527cf.xlsx,ParseError: no sheet in data/raw/vinacapital/20180723-veof-nav-weekly-report-a39fe580b2e527cf.xlsx carries line 2.1; not Appendix XXIV
vinacapital,veof,VINACAPITAL-VEOF,https://vinacapital.com/wp-content/uploads/2022/07/20180725-veof-nav-weekly-report.xlsx,2018-07-25,20180725-veof-nav-weekly-report.xlsx,,2018-07-25,data/raw/vinacapital/20180725-veof-nav-weekly-report-49f964ee18f660bd.xlsx,ParseError: no sheet in data/raw/vinacapital/20180725-veof-nav-weekly-report-49f964ee18f660bd.xlsx carries line 2.1; not Appendix XXIV
vinacapital,veof,VINACAPITAL-VEOF,https://vinacapital.com/wp-content/uploads/2022/07/20180730-veof-changes-of-nav-weekly-report.xlsx,2018-07-30,20180730-veof-changes-of-nav-weekly-report.xlsx,,2018-07-30,data/raw/vinacapital/20180730-veof-changes-of-nav-weekly-report-118806a878ea8f7d.xlsx,ParseError: no sheet in data/raw/vinacapital/20180730-veof-changes-of-nav-weekly-report-118806a878ea8f7d.xlsx carries line 2.1; not Appendix XXIV
vinacapital,veof,VINACAPITAL-VEOF,https://vinacapital.com/wp-content/uploads/2022/07/20180730-veof-nav-weekly-report-1.xlsx,2018-07-30,20180730-veof-nav-weekly-report-1.xlsx,,2018-07-30,data/raw/vinacapital/20180730-veof-nav-weekly-report-1-43a3c5b392997779.xlsx,ParseError: no sheet in data/raw/vinacapital/20180730-veof-nav-weekly-report-1-43a3c5b392997779.xlsx carries line 2.1; not Appendix XXIV
vinacapital,veof,VINACAPITAL-VEOF,https://vinacapital.com/wp-content/uploads/2022/07/20180806-veof-changes-of-nav-weekly-report.xlsx,2018-08-06,20180806-veof-changes-of-nav-weekly-report.xlsx,,2018-08-06,data/raw/vinacapital/20180806-veof-changes-of-nav-weekly-report-69ee0e85354d1b29.xlsx,ParseError: no sheet in data/raw/vinacapital/20180806-veof-changes-of-nav-weekly-report-69ee0e85354d1b29.xlsx carries line 2.1; not Appendix XXIV
vinacapital,veof,VINACAPITAL-VEOF,https://vinacapital.com/wp-content/uploads/2022/07/20180806-veof-nav-weekly-report.xlsx,2018-08-06,20180806-veof-nav-weekly-report.xlsx,,2018-08-06,data/raw/vinacapital/20180806-veof-nav-weekly-report-c7c13afdc08e5690.xlsx,ParseError: no sheet in data/raw/vinacapital/20180806-veof-nav-weekly-report-c7c13afdc08e5690.xlsx carries line 2.1; not Appendix XXIV
vinacapital,veof,VINACAPITAL-VEOF,https://vinacapital.com/wp-content/uploads/2022/07/20180808-veof-nav-weekly-report.xlsx,2018-08-08,20180808-veof-nav-weekly-report.xlsx,,2018-08-08,data/raw/vinacapital/20180808-veof-nav-weekly-report-e50e9bdccab25da7.xlsx,ParseError: no sheet in data/raw/vinacapital/20180808-veof-nav-weekly-report-e50e9bdccab25da7.xlsx carries line 2.1; not Appendix XXIV
vinacapital,veof,VINACAPITAL-VEOF,https://vinacapital.com/wp-content/uploads/2022/07/20180813-veof-changes-of-nav-weekly-report.xlsx,2018-08-13,20180813-veof-changes-of-nav-weekly-report.xlsx,,2018-08-13,data/raw/vinacapital/20180813-veof-changes-of-nav-weekly-report-4b5180118bd1731c.xlsx,ParseError: no sheet in data/raw/vinacapital/20180813-veof-changes-of-nav-weekly-report-4b5180118bd1731c.xlsx carries line 2.1; not Appendix XXIV
vinacapital,veof,VINACAPITAL-VEOF,https://vinacapital.com/wp-content/uploads/2022/07/20180813-veof-nav-weekly-report.xlsx,2018-08-13,20180813-veof-nav-weekly-report.xlsx,,2018-08-13,data/raw/vinacapital/20180813-veof-nav-weekly-report-5e7a7ecc4d85c341.xlsx,ParseError: no sheet in data/raw/vinacapital/20180813-veof-nav-weekly-report-5e7a7ecc4d85c341.xlsx carries line 2.1; not Appendix XXIV
vinacapital,veof,VINACAPITAL-VEOF,https://vinacapital.com/wp-content/uploads/2022/07/20180815-veof-nav-weekly-report.xlsx,2018-08-15,20180815-veof-nav-weekly-report.xlsx,,2018-08-15,data/raw/vinacapital/20180815-veof-nav-weekly-report-359db2c1e9a8eceb.xlsx,ParseError: no sheet in data/raw/vinacapital/20180815-veof-nav-weekly-report-359db2c1e9a8eceb.xlsx carries line 2.1; not Appendix XXIV
vinacapital,veof,VINACAPITAL-VEOF,https://vinacapital.com/wp-content/uploads/2022/07/20180820-veof-changes-of-nav-weekly-report.xlsx,2018-08-20,20180820-veof-changes-of-nav-weekly-report.xlsx,,2018-08-20,data/raw/vinacapital/20180820-veof-changes-of-nav-weekly-report-30a5f34bad3ad56d.xlsx,ParseError: no sheet in data/raw/vinacapital/20180820-veof-changes-of-nav-weekly-report-30a5f34bad3ad56d.xlsx carries line 2.1; not Appendix XXIV
vinacapital,veof,VINACAPITAL-VEOF,https://vinacapital.com/wp-content/uploads/2022/07/20180820-veof-nav-weekly-report.xlsx,2018-08-20,20180820-veof-nav-weekly-report.xlsx,,2018-08-20,data/raw/vinacapital/20180820-veof-nav-weekly-report-3d440cd66d2c2225.xlsx,ParseError: no sheet in data/raw/vinacapital/20180820-veof-nav-weekly-report-3d440cd66d2c2225.xlsx carries line 2.1; not Appendix XXIV
vinacapital,veof,VINACAPITAL-VEOF,https://vinacapital.com/wp-content/uploads/2022/07/20180823-veof-nav-weekly-report.xlsx,2018-08-23,20180823-veof-nav-weekly-report.xlsx,,2018-08-23,data/raw/vinacapital/20180823-veof-nav-weekly-report-37e70e5fb4d1821e.xlsx,ParseError: no sheet in data/raw/vinacapital/20180823-veof-nav-weekly-report-37e70e5fb4d1821e.xlsx carries line 2.1; not Appendix XXIV
vinacapital,veof,VINACAPITAL-VEOF,https://vinacapital.com/wp-content/uploads/2022/07/20181003-veof-nav-weekly-report.xlsx,2018-10-03,20181003-veof-nav-weekly-report.xlsx,,2018-10-03,data/raw/vinacapital/20181003-veof-nav-weekly-report-03d424b6b010c2fb.xlsx,ParseError: no sheet in data/raw/vinacapital/20181003-veof-nav-weekly-report-03d424b6b010c2fb.xlsx carries line 2.1; not Appendix XXIV
vinacapital,veof,VINACAPITAL-VEOF,https://vinacapital.com/wp-content/uploads/2022/07/20181008-veof-changes-of-nav-weekly-report.xlsx,2018-10-08,20181008-veof-changes-of-nav-weekly-report.xlsx,,2018-10-08,data/raw/vinacapital/20181008-veof-changes-of-nav-weekly-report-7714c24e6c5b7fc0.xlsx,ParseError: no sheet in data/raw/vinacapital/20181008-veof-changes-of-nav-weekly-report-7714c24e6c5b7fc0.xlsx carries line 2.1; not Appendix XXIV
vinacapital,veof,VINACAPITAL-VEOF,https://vinacapital.com/wp-content/uploads/2022/07/20181008-veof-nav-weekly-report.xlsx,2018-10-08,20181008-veof-nav-weekly-report.xlsx,,2018-10-08,data/raw/vinacapital/20181008-veof-nav-weekly-report-500fc636e03fb0ce.xlsx,ParseError: no sheet in data/raw/vinacapital/20181008-veof-nav-weekly-report-500fc636e03fb0ce.xlsx carries line 2.1; not Appendix XXIV
vinacapital,veof,VINACAPITAL-VEOF,https://vinacapital.com/wp-content/uploads/2022/07/20181015-veof-changes-of-nav-weekly-report.xlsx,2018-10-15,20181015-veof-changes-of-nav-weekly-report.xlsx,,2018-10-15,data/raw/vinacapital/20181015-veof-changes-of-nav-weekly-report-b2274d077c6372fa.xlsx,ParseError: no sheet in data/raw/vinacapital/20181015-veof-changes-of-nav-weekly-report-b2274d077c6372fa.xlsx carries line 2.1; not Appendix XXIV
vinacapital,veof,VINACAPITAL-VEOF,https://vinacapital.com/wp-content/uploads/2022/07/20181015-veof-nav-weekly-report.xlsx,2018-10-15,20181015-veof-nav-weekly-report.xlsx,,2018-10-15,data/raw/vinacapital/20181015-veof-nav-weekly-report-5cbce195caae185a.xlsx,ParseError: no sheet in data/raw/vinacapital/20181015-veof-nav-weekly-report-5cbce195caae185a.xlsx carries line 2.1; not Appendix XXIV
vinacapital,veof,VINACAPITAL-VEOF,https://vinacapital.com/wp-content/uploads/2022/07/20181017-veof-nav-weekly-report.xlsx,2018-10-17,20181017-veof-nav-weekly-report.xlsx,,2018-10-17,data/raw/vinacapital/20181017-veof-nav-weekly-report-c173a5ec88ff282c.xlsx,ParseError: no sheet in data/raw/vinacapital/20181017-veof-nav-weekly-report-c173a5ec88ff282c.xlsx carries line 2.1; not Appendix XXIV
vinacapital,veof,VINACAPITAL-VEOF,https://vinacapital.com/wp-content/uploads/2022/07/20181022-veof-changes-of-nav-weekly-report.xlsx,2018-10-22,20181022-veof-changes-of-nav-weekly-report.xlsx,,2018-10-22,data/raw/vinacapital/20181022-veof-changes-of-nav-weekly-report-f2cdae6c2674832c.xlsx,ParseError: no sheet in data/raw/vinacapital/20181022-veof-changes-of-nav-weekly-report-f2cdae6c2674832c.xlsx carries line 2.1; not Appendix XXIV
vinacapital,veof,VINACAPITAL-VEOF,https://vinacapital.com/wp-content/uploads/2022/07/20181022-veof-nav-weekly-report.xlsx,2018-10-22,20181022-veof-nav-weekly-report.xlsx,,2018-10-22,data/raw/vinacapital/20181022-veof-nav-weekly-report-99c209af220bf8bb.xlsx,ParseError: no sheet in data/raw/vinacapital/20181022-veof-nav-weekly-report-99c209af220bf8bb.xlsx carries line 2.1; not Appendix XXIV
vinacapital,veof,VINACAPITAL-VEOF,https://vinacapital.com/wp-content/uploads/2022/07/20181024-veof-nav-weekly-report.xlsx,2018-10-24,20181024-veof-nav-weekly-report.xlsx,,2018-10-24,data/raw/vinacapital/20181024-veof-nav-weekly-report-d6b5c8b0a7d6abc1.xlsx,ParseError: no sheet in data/raw/vinacapital/20181024-veof-nav-weekly-report-d6b5c8b0a7d6abc1.xlsx carries line 2.1; not Appendix XXIV
vinacapital,veof,VINACAPITAL-VEOF,https://vinacapital.com/wp-content/uploads/2022/07/20181029-veof-changes-of-nav-weekly-report.xlsx,2018-10-29,20181029-veof-changes-of-nav-weekly-report.xlsx,,2018-10-29,data/raw/vinacapital/20181029-veof-changes-of-nav-weekly-report-7e0b9bf0806687ee.xlsx,ParseError: no sheet in data/raw/vinacapital/20181029-veof-changes-of-nav-weekly-report-7e0b9bf0806687ee.xlsx carries line 2.1; not Appendix XXIV
vinacapital,veof,VINACAPITAL-VEOF,https://vinacapital.com/wp-content/uploads/2022/07/20181029-veof-nav-weekly-report.xlsx,2018-10-29,20181029-veof-nav-weekly-report.xlsx,,2018-10-29,data/raw/vinacapital/20181029-veof-nav-weekly-report-a4bc65790d624feb.xlsx,ParseError: no sheet in data/raw/vinacapital/20181029-veof-nav-weekly-report-a4bc65790d624feb.xlsx carries line 2.1; not Appendix XXIV
vinacapital,veof,VINACAPITAL-VEOF,https://vinacapital.com/wp-content/uploads/2022/07/20181031-veof-nav-weekly-report.xlsx,2018-10-31,20181031-veof-nav-weekly-report.xlsx,,2018-10-31,data/raw/vinacapital/20181031-veof-nav-weekly-report-40067e7b4a5de402.xlsx,ParseError: no sheet in data/raw/vinacapital/20181031-veof-nav-weekly-report-40067e7b4a5de402.xlsx carries line 2.1; not Appendix XXIV
vinacapital,veof,VINACAPITAL-VEOF,https://vinacapital.com/wp-content/uploads/2022/07/20181105-veof-changes-of-nav-weekly-report.xlsx,2018-11-05,20181105-veof-changes-of-nav-weekly-report.xlsx,,2018-11-05,data/raw/vinacapital/20181105-veof-changes-of-nav-weekly-report-344ce0460b53f3f1.xlsx,ParseError: no sheet in data/raw/vinacapital/20181105-veof-changes-of-nav-weekly-report-344ce0460b53f3f1.xlsx carries line 2.1; not Appendix XXIV
vinacapital,veof,VINACAPITAL-VEOF,https://vinacapital.com/wp-content/uploads/2022/07/20181105-veof-nav-weekly-report.xlsx,2018-11-05,20181105-veof-nav-weekly-report.xlsx,,2018-11-05,data/raw/vinacapital/20181105-veof-nav-weekly-report-1d3e0b211cd060a6.xlsx,ParseError: no sheet in data/raw/vinacapital/20181105-veof-nav-weekly-report-1d3e0b211cd060a6.xlsx carries line 2.1; not Appendix XXIV
vinacapital,veof,VINACAPITAL-VEOF,https://vinacapital.com/wp-content/uploads/2022/07/20181107-veof-nav-weekly-report.xlsx,2018-11-07,20181107-veof-nav-weekly-report.xlsx,,2018-11-07,data/raw/vinacapital/20181107-veof-nav-weekly-report-0be48d57608415a9.xlsx,ParseError: no sheet in data/raw/vinacapital/20181107-veof-nav-weekly-report-0be48d57608415a9.xlsx carries line 2.1; not Appendix XXIV
vinacapital,veof,VINACAPITAL-VEOF,https://vinacapital.com/wp-content/uploads/2022/07/20181112-veof-changes-of-nav-weekly-report.xlsx,2018-11-12,20181112-veof-changes-of-nav-weekly-report.xlsx,,2018-11-12,data/raw/vinacapital/20181112-veof-changes-of-nav-weekly-report-ea633c179e08fb5e.xlsx,ParseError: no sheet in data/raw/vinacapital/20181112-veof-changes-of-nav-weekly-report-ea633c179e08fb5e.xlsx carries line 2.1; not Appendix XXIV
vinacapital,veof,VINACAPITAL-VEOF,https://vinacapital.com/wp-content/uploads/2022/07/20181112-veof-nav-weekly-report.xlsx,2018-11-12,20181112-veof-nav-weekly-report.xlsx,,2018-11-12,data/raw/vinacapital/20181112-veof-nav-weekly-report-480f9e799270a9ff.xlsx,ParseError: no sheet in data/raw/vinacapital/20181112-veof-nav-weekly-report-480f9e799270a9ff.xlsx carries line 2.1; not Appendix XXIV
vinacapital,veof,VINACAPITAL-VEOF,https://vinacapital.com/wp-content/uploads/2022/07/20181114-veof-nav-weekly-report.xlsx,2018-11-14,20181114-veof-nav-weekly-report.xlsx,,2018-11-14,data/raw/vinacapital/20181114-veof-nav-weekly-report-1e3939d6fc942cc2.xlsx,ParseError: no sheet in data/raw/vinacapital/20181114-veof-nav-weekly-report-1e3939d6fc942cc2.xlsx carries line 2.1; not Appendix XXIV
vinacapital,veof,VINACAPITAL-VEOF,https://vinacapital.com/wp-content/uploads/2022/07/20181119-veof-changes-of-nav-weekly-report.xlsx,2018-11-19,20181119-veof-changes-of-nav-weekly-report.xlsx,,2018-11-19,data/raw/vinacapital/20181119-veof-changes-of-nav-weekly-report-6f28b82cb756c986.xlsx,ParseError: no sheet in data/raw/vinacapital/20181119-veof-changes-of-nav-weekly-report-6f28b82cb756c986.xlsx carries line 2.1; not Appendix XXIV
vinacapital,veof,VINACAPITAL-VEOF,https://vinacapital.com/wp-content/uploads/2022/07/20181119-veof-nav-weekly-report.xlsx,2018-11-19,20181119-veof-nav-weekly-report.xlsx,,2018-11-19,data/raw/vinacapital/20181119-veof-nav-weekly-report-66da7c84e4f87204.xlsx,ParseError: no sheet in data/raw/vinacapital/20181119-veof-nav-weekly-report-66da7c84e4f87204.xlsx carries line 2.1; not Appendix XXIV
vinacapital,veof,VINACAPITAL-VEOF,https://vinacapital.com/wp-content/uploads/2022/07/20181121-veof-nav-weekly-report.xlsx,2018-11-21,20181121-veof-nav-weekly-report.xlsx,,2018-11-21,data/raw/vinacapital/20181121-veof-nav-weekly-report-f46e562596a6dbbe.xlsx,ParseError: no sheet in data/raw/vinacapital/20181121-veof-nav-weekly-report-f46e562596a6dbbe.xlsx carries line 2.1; not Appendix XXIV
vinacapital,veof,VINACAPITAL-VEOF,https://vinacapital.com/wp-content/uploads/2022/07/20181126-veof-changes-of-nav-weekly-report.xlsx,2018-11-26,20181126-veof-changes-of-nav-weekly-report.xlsx,,2018-11-26,data/raw/vinacapital/20181126-veof-changes-of-nav-weekly-report-f8ed92dc94d461da.xlsx,ParseError: no sheet in data/raw/vinacapital/20181126-veof-changes-of-nav-weekly-report-f8ed92dc94d461da.xlsx carries line 2.1; not Appendix XXIV
vinacapital,veof,VINACAPITAL-VEOF,https://vinacapital.com/wp-content/uploads/2022/07/20181126-veof-nav-weekly-report.xlsx,2018-11-26,20181126-veof-nav-weekly-report.xlsx,,2018-11-26,data/raw/vinacapital/20181126-veof-nav-weekly-report-698c6e64d23fdd90.xlsx,ParseError: no sheet in data/raw/vinacapital/20181126-veof-nav-weekly-report-698c6e64d23fdd90.xlsx carries line 2.1; not Appendix XXIV
vinacapital,veof,VINACAPITAL-VEOF,https://vinacapital.com/wp-content/uploads/2022/07/20181128-veof-nav-weekly-report.xlsx,2018-11-28,20181128-veof-nav-weekly-report.xlsx,,2018-11-28,data/raw/vinacapital/20181128-veof-nav-weekly-report-fc50956ca9a67307.xlsx,ParseError: no sheet in data/raw/vinacapital/20181128-veof-nav-weekly-report-fc50956ca9a67307.xlsx carries line 2.1; not Appendix XXIV
vinacapital,veof,VINACAPITAL-VEOF,https://vinacapital.com/wp-content/uploads/2022/07/20181203-veof-changes-of-nav-weekly-report.xlsx,2018-12-03,20181203-veof-changes-of-nav-weekly-report.xlsx,,2018-12-03,data/raw/vinacapital/20181203-veof-changes-of-nav-weekly-report-61278e77413eb6b8.xlsx,ParseError: no sheet in data/raw/vinacapital/20181203-veof-changes-of-nav-weekly-report-61278e77413eb6b8.xlsx carries line 2.1; not Appendix XXIV
vinacapital,veof,VINACAPITAL-VEOF,https://vinacapital.com/wp-content/uploads/2022/07/20181203-veof-nav-weekly-report.xlsx,2018-12-03,20181203-veof-nav-weekly-report.xlsx,,2018-12-03,data/raw/vinacapital/20181203-veof-nav-weekly-report-98cf9c396aada5f2.xlsx,ParseError: no sheet in data/raw/vinacapital/20181203-veof-nav-weekly-report-98cf9c396aada5f2.xlsx carries line 2.1; not Appendix XXIV
vinacapital,veof,VINACAPITAL-VEOF,https://vinacapital.com/wp-content/uploads/2022/07/20181205-veof-nav-weekly-report.xlsx,2018-12-05,20181205-veof-nav-weekly-report.xlsx,,2018-12-05,data/raw/vinacapital/20181205-veof-nav-weekly-report-00590adcfb0eaa8e.xlsx,ParseError: no sheet in data/raw/vinacapital/20181205-veof-nav-weekly-report-00590adcfb0eaa8e.xlsx carries line 2.1; not Appendix XXIV
vinacapital,veof,VINACAPITAL-VEOF,https://vinacapital.com/wp-content/uploads/2022/07/20181210-veof-changes-of-nav-weekly-report.xlsx,2018-12-10,20181210-veof-changes-of-nav-weekly-report.xlsx,,2018-12-10,data/raw/vinacapital/20181210-veof-changes-of-nav-weekly-report-5f0f486d0be731db.xlsx,ParseError: no sheet in data/raw/vinacapital/20181210-veof-changes-of-nav-weekly-report-5f0f486d0be731db.xlsx carries line 2.1; not Appendix XXIV
vinacapital,veof,VINACAPITAL-VEOF,https://vinacapital.com/wp-content/uploads/2022/07/20181210-veof-nav-weekly-report.xlsx,2018-12-10,20181210-veof-nav-weekly-report.xlsx,,2018-12-10,data/raw/vinacapital/20181210-veof-nav-weekly-report-695271d330664c7a.xlsx,ParseError: no sheet in data/raw/vinacapital/20181210-veof-nav-weekly-report-695271d330664c7a.xlsx carries line 2.1; not Appendix XXIV
vinacapital,veof,VINACAPITAL-VEOF,https://vinacapital.com/wp-content/uploads/2022/07/20181212-veof-nav-weekly-report.xlsx,2018-12-12,20181212-veof-nav-weekly-report.xlsx,,2018-12-12,data/raw/vinacapital/20181212-veof-nav-weekly-report-b60698cc7175cbad.xlsx,ParseError: no sheet in data/raw/vinacapital/20181212-veof-nav-weekly-report-b60698cc7175cbad.xlsx carries line 2.1; not Appendix XXIV
vinacapital,veof,VINACAPITAL-VEOF,https://vinacapital.com/wp-content/uploads/2022/07/20181217-veof-changes-of-nav-weekly-report.xlsx,2018-12-17,20181217-veof-changes-of-nav-weekly-report.xlsx,,2018-12-17,data/raw/vinacapital/20181217-veof-changes-of-nav-weekly-report-a724df01c44998ce.xlsx,ParseError: no sheet in data/raw/vinacapital/20181217-veof-changes-of-nav-weekly-report-a724df01c44998ce.xlsx carries line 2.1; not Appendix XXIV
vinacapital,veof,VINACAPITAL-VEOF,https://vinacapital.com/wp-content/uploads/2022/07/20181217-veof-nav-weekly-report.xlsx,2018-12-17,20181217-veof-nav-weekly-report.xlsx,,2018-12-17,data/raw/vinacapital/20181217-veof-nav-weekly-report-766c55cf78404178.xlsx,ParseError: no sheet in data/raw/vinacapital/20181217-veof-nav-weekly-report-766c55cf78404178.xlsx carries line 2.1; not Appendix XXIV
vinacapital,veof,VINACAPITAL-VEOF,https://vinacapital.com/wp-content/uploads/2022/07/20181219-veof-nav-weekly-report.xlsx,2018-12-19,20181219-veof-nav-weekly-report.xlsx,,2018-12-19,data/raw/vinacapital/20181219-veof-nav-weekly-report-0548a0232dc867ff.xlsx,ParseError: no sheet in data/raw/vinacapital/20181219-veof-nav-weekly-report-0548a0232dc867ff.xlsx carries line 2.1; not Appendix XXIV
vinacapital,veof,VINACAPITAL-VEOF,https://vinacapital.com/wp-content/uploads/2022/07/20181224-veof-changes-of-nav-weekly-report.xlsx,2018-12-24,20181224-veof-changes-of-nav-weekly-report.xlsx,,2018-12-24,data/raw/vinacapital/20181224-veof-changes-of-nav-weekly-report-bfd5f3c797689142.xlsx,ParseError: no sheet in data/raw/vinacapital/20181224-veof-changes-of-nav-weekly-report-bfd5f3c797689142.xlsx carries line 2.1; not Appendix XXIV
vinacapital,veof,VINACAPITAL-VEOF,https://vinacapital.com/wp-content/uploads/2022/07/20181224-veof-nav-weekly-report.xlsx,2018-12-24,20181224-veof-nav-weekly-report.xlsx,,2018-12-24,data/raw/vinacapital/20181224-veof-nav-weekly-report-6df76dbca7caf5cb.xlsx,ParseError: no sheet in data/raw/vinacapital/20181224-veof-nav-weekly-report-6df76dbca7caf5cb.xlsx carries line 2.1; not Appendix XXIV
vinacapital,veof,VINACAPITAL-VEOF,https://vinacapital.com/wp-content/uploads/2022/07/20181226-veof-nav-weekly-report.xlsx,2018-12-26,20181226-veof-nav-weekly-report.xlsx,,2018-12-26,data/raw/vinacapital/20181226-veof-nav-weekly-report-d6947cdb9a564036.xlsx,ParseError: no sheet in data/raw/vinacapital/20181226-veof-nav-weekly-report-d6947cdb9a564036.xlsx carries line 2.1; not Appendix XXIV
vinacapital,veof,VINACAPITAL-VEOF,https://vinacapital.com/wp-content/uploads/2022/07/20181231-veof-changes-of-nav-weekly-report.xlsx,2018-12-31,20181231-veof-changes-of-nav-weekly-report.xlsx,,2018-12-31,data/raw/vinacapital/20181231-veof-changes-of-nav-weekly-report-e8402d6ed3090e87.xlsx,ParseError: no sheet in data/raw/vinacapital/20181231-veof-changes-of-nav-weekly-report-e8402d6ed3090e87.xlsx carries line 2.1; not Appendix XXIV
vinacapital,veof,VINACAPITAL-VEOF,https://vinacapital.com/wp-content/uploads/2022/07/20181231-veof-nav-weekly-report.xlsx,2018-12-31,20181231-veof-nav-weekly-report.xlsx,,2018-12-31,data/raw/vinacapital/20181231-veof-nav-weekly-report-0a9885ce0db7b294.xlsx,ParseError: no sheet in data/raw/vinacapital/20181231-veof-nav-weekly-report-0a9885ce0db7b294.xlsx carries line 2.1; not Appendix XXIV
vinacapital,veof,VINACAPITAL-VEOF,https://vinacapital.com/wp-content/uploads/2022/07/20190102-veof-nav-weekly-report.xlsx,2019-01-02,20190102-veof-nav-weekly-report.xlsx,,2019-01-02,data/raw/vinacapital/20190102-veof-nav-weekly-report-d1b9b1dd8b7901af.xlsx,ParseError: no sheet in data/raw/vinacapital/20190102-veof-nav-weekly-report-d1b9b1dd8b7901af.xlsx carries line 2.1; not Appendix XXIV
vinacapital,veof,VINACAPITAL-VEOF,https://vinacapital.com/wp-content/uploads/2022/07/20190107-veof-changes-of-nav-weekly-report.xlsx,2019-01-07,20190107-veof-changes-of-nav-weekly-report.xlsx,,2019-01-07,data/raw/vinacapital/20190107-veof-changes-of-nav-weekly-report-73bce339bed32d91.xlsx,ParseError: no sheet in data/raw/vinacapital/20190107-veof-changes-of-nav-weekly-report-73bce339bed32d91.xlsx carries line 2.1; not Appendix XXIV
vinacapital,veof,VINACAPITAL-VEOF,https://vinacapital.com/wp-content/uploads/2022/07/20190107-veof-nav-weekly-report.xlsx,2019-01-07,20190107-veof-nav-weekly-report.xlsx,,2019-01-07,data/raw/vinacapital/20190107-veof-nav-weekly-report-42833c812176ad5a.xlsx,ParseError: no sheet in data/raw/vinacapital/20190107-veof-nav-weekly-report-42833c812176ad5a.xlsx carries line 2.1; not Appendix XXIV
vinacapital,veof,VINACAPITAL-VEOF,https://vinacapital.com/wp-content/uploads/2022/07/20190109-veof-nav-weekly-report.xlsx,2019-01-09,20190109-veof-nav-weekly-report.xlsx,,2019-01-09,data/raw/vinacapital/20190109-veof-nav-weekly-report-9612821bb21801cf.xlsx,ParseError: no sheet in data/raw/vinacapital/20190109-veof-nav-weekly-report-9612821bb21801cf.xlsx carries line 2.1; not Appendix XXIV
vinacapital,veof,VINACAPITAL-VEOF,https://vinacapital.com/wp-content/uploads/2022/07/20190114-veof-changes-of-nav-weekly-report.xlsx,2019-01-14,20190114-veof-changes-of-nav-weekly-report.xlsx,,2019-01-14,data/raw/vinacapital/20190114-veof-changes-of-nav-weekly-report-67f7f94ae3998434.xlsx,ParseError: no sheet in data/raw/vinacapital/20190114-veof-changes-of-nav-weekly-report-67f7f94ae3998434.xlsx carries line 2.1; not Appendix XXIV
vinacapital,veof,VINACAPITAL-VEOF,https://vinacapital.com/wp-content/uploads/2022/07/20190114-veof-nav-weekly-report-1.xlsx,2019-01-14,20190114-veof-nav-weekly-report-1.xlsx,,2019-01-14,data/raw/vinacapital/20190114-veof-nav-weekly-report-1-8e297b80510db1ae.xlsx,ParseError: no sheet in data/raw/vinacapital/20190114-veof-nav-weekly-report-1-8e297b80510db1ae.xlsx carries line 2.1; not Appendix XXIV
vinacapital,veof,VINACAPITAL-VEOF,https://vinacapital.com/wp-content/uploads/2022/07/20190114-veof-nav-weekly-report.xlsx,2019-01-14,20190114-veof-nav-weekly-report.xlsx,,2019-01-14,data/raw/vinacapital/20190114-veof-nav-weekly-report-0087d231c8ee5ea5.xlsx,ParseError: no sheet in data/raw/vinacapital/20190114-veof-nav-weekly-report-0087d231c8ee5ea5.xlsx carries line 2.1; not Appendix XXIV
vinacapital,veof,VINACAPITAL-VEOF,https://vinacapital.com/wp-content/uploads/2022/07/20190121-veof-changes-of-nav-weekly-report.xlsx,2019-01-21,20190121-veof-changes-of-nav-weekly-report.xlsx,,2019-01-21,data/raw/vinacapital/20190121-veof-changes-of-nav-weekly-report-f27ddf55a7fa160e.xlsx,ParseError: no sheet in data/raw/vinacapital/20190121-veof-changes-of-nav-weekly-report-f27ddf55a7fa160e.xlsx carries line 2.1; not Appendix XXIV
vinacapital,veof,VINACAPITAL-VEOF,https://vinacapital.com/wp-content/uploads/2022/07/20190121-veof-nav-weekly-report.xlsx,2019-01-21,20190121-veof-nav-weekly-report.xlsx,,2019-01-21,data/raw/vinacapital/20190121-veof-nav-weekly-report-ebd33f9b08fd7a7a.xlsx,ParseError: no sheet in data/raw/vinacapital/20190121-veof-nav-weekly-report-ebd33f9b08fd7a7a.xlsx carries line 2.1; not Appendix XXIV
vinacapital,veof,VINACAPITAL-VEOF,https://vinacapital.com/wp-content/uploads/2022/07/20190123-veof-nav-weekly-report.xlsx,2019-01-23,20190123-veof-nav-weekly-report.xlsx,,2019-01-23,data/raw/vinacapital/20190123-veof-nav-weekly-report-cc23daeeafb2d68a.xlsx,ParseError: no sheet in data/raw/vinacapital/20190123-veof-nav-weekly-report-cc23daeeafb2d68a.xlsx carries line 2.1; not Appendix XXIV
vinacapital,veof,VINACAPITAL-VEOF,https://vinacapital.com/wp-content/uploads/2022/07/20190128-veof-changes-of-nav-weekly-report.xlsx,2019-01-28,20190128-veof-changes-of-nav-weekly-report.xlsx,,2019-01-28,data/raw/vinacapital/20190128-veof-changes-of-nav-weekly-report-1a9f039e948fe289.xlsx,ParseError: no sheet in data/raw/vinacapital/20190128-veof-changes-of-nav-weekly-report-1a9f039e948fe289.xlsx carries line 2.1; not Appendix XXIV
vinacapital,veof,VINACAPITAL-VEOF,https://vinacapital.com/wp-content/uploads/2022/07/20190128-veof-nav-weekly-report.xlsx,2019-01-28,20190128-veof-nav-weekly-report.xlsx,,2019-01-28,data/raw/vinacapital/20190128-veof-nav-weekly-report-28c8495251f6ee01.xlsx,ParseError: no sheet in data/raw/vinacapital/20190128-veof-nav-weekly-report-28c8495251f6ee01.xlsx carries line 2.1; not Appendix XXIV
vinacapital,veof,VINACAPITAL-VEOF,https://vinacapital.com/wp-content/uploads/2022/07/20190130-veof-nav-weekly-report.xlsx,2019-01-30,20190130-veof-nav-weekly-report.xlsx,,2019-01-30,data/raw/vinacapital/20190130-veof-nav-weekly-report-6e6af3d65bf31626.xlsx,ParseError: no sheet in data/raw/vinacapital/20190130-veof-nav-weekly-report-6e6af3d65bf31626.xlsx carries line 2.1; not Appendix XXIV
vinacapital,veof,VINACAPITAL-VEOF,https://vinacapital.com/wp-content/uploads/2022/07/20190204-veof-changes-of-nav-weekly-report.xlsx,2019-02-04,20190204-veof-changes-of-nav-weekly-report.xlsx,,2019-02-04,data/raw/vinacapital/20190204-veof-changes-of-nav-weekly-report-5687339bf7ed3a9e.xlsx,ParseError: no sheet in data/raw/vinacapital/20190204-veof-changes-of-nav-weekly-report-5687339bf7ed3a9e.xlsx carries line 2.1; not Appendix XXIV
vinacapital,veof,VINACAPITAL-VEOF,https://vinacapital.com/wp-content/uploads/2022/07/20190204-veof-nav-weekly-report.xlsx,2019-02-04,20190204-veof-nav-weekly-report.xlsx,,2019-02-04,data/raw/vinacapital/20190204-veof-nav-weekly-report-6c8a2ff2102a072e.xlsx,ParseError: no sheet in data/raw/vinacapital/20190204-veof-nav-weekly-report-6c8a2ff2102a072e.xlsx carries line 2.1; not Appendix XXIV
vinacapital,veof,VINACAPITAL-VEOF,https://vinacapital.com/wp-content/uploads/2022/07/20190206-veof-nav-weekly-report.xlsx,2019-02-06,20190206-veof-nav-weekly-report.xlsx,,2019-02-06,data/raw/vinacapital/20190206-veof-nav-weekly-report-5d7b7a9cd4d69bdf.xlsx,ParseError: no sheet in data/raw/vinacapital/20190206-veof-nav-weekly-report-5d7b7a9cd4d69bdf.xlsx carries line 2.1; not Appendix XXIV
vinacapital,veof,VINACAPITAL-VEOF,https://vinacapital.com/wp-content/uploads/2022/07/20190211-veof-changes-of-nav-weekly-report.xlsx,2019-02-11,20190211-veof-changes-of-nav-weekly-report.xlsx,,2019-02-11,data/raw/vinacapital/20190211-veof-changes-of-nav-weekly-report-73030abdf7cb49f1.xlsx,ParseError: no sheet in data/raw/vinacapital/20190211-veof-changes-of-nav-weekly-report-73030abdf7cb49f1.xlsx carries line 2.1; not Appendix XXIV
vinacapital,veof,VINACAPITAL-VEOF,https://vinacapital.com/wp-content/uploads/2022/07/20190211-veof-nav-weekly-report.xlsx,2019-02-11,20190211-veof-nav-weekly-report.xlsx,,2019-02-11,data/raw/vinacapital/20190211-veof-nav-weekly-report-474c903bd6c6385c.xlsx,ParseError: no sheet in data/raw/vinacapital/20190211-veof-nav-weekly-report-474c903bd6c6385c.xlsx carries line 2.1; not Appendix XXIV
vinacapital,veof,VINACAPITAL-VEOF,https://vinacapital.com/wp-content/uploads/2022/07/20190213-veof-nav-weekly-report.xlsx,2019-02-13,20190213-veof-nav-weekly-report.xlsx,,2019-02-13,data/raw/vinacapital/20190213-veof-nav-weekly-report-e9f6dad7f2e03682.xlsx,ParseError: no sheet in data/raw/vinacapital/20190213-veof-nav-weekly-report-e9f6dad7f2e03682.xlsx carries line 2.1; not Appendix XXIV
vinacapital,veof,VINACAPITAL-VEOF,https://vinacapital.com/wp-content/uploads/2022/07/20190218-veof-changes-of-nav-weekly-report.xlsx,2019-02-18,20190218-veof-changes-of-nav-weekly-report.xlsx,,2019-02-18,data/raw/vinacapital/20190218-veof-changes-of-nav-weekly-report-07f157acf262c1e5.xlsx,ParseError: no sheet in data/raw/vinacapital/20190218-veof-changes-of-nav-weekly-report-07f157acf262c1e5.xlsx carries line 2.1; not Appendix XXIV
vinacapital,veof,VINACAPITAL-VEOF,https://vinacapital.com/wp-content/uploads/2022/07/20190218-veof-nav-weekly-report.xlsx,2019-02-18,20190218-veof-nav-weekly-report.xlsx,,2019-02-18,data/raw/vinacapital/20190218-veof-nav-weekly-report-446c28cbff4e9641.xlsx,ParseError: no sheet in data/raw/vinacapital/20190218-veof-nav-weekly-report-446c28cbff4e9641.xlsx carries line 2.1; not Appendix XXIV
vinacapital,veof,VINACAPITAL-VEOF,https://vinacapital.com/wp-content/uploads/2022/07/20190220-veof-nav-weekly-report.xlsx,2019-02-20,20190220-veof-nav-weekly-report.xlsx,,2019-02-20,data/raw/vinacapital/20190220-veof-nav-weekly-report-651919109d16c49c.xlsx,ParseError: no sheet in data/raw/vinacapital/20190220-veof-nav-weekly-report-651919109d16c49c.xlsx carries line 2.1; not Appendix XXIV
vinacapital,veof,VINACAPITAL-VEOF,https://vinacapital.com/wp-content/uploads/2022/07/20190225-veof-changes-of-nav-weekly-report.xlsx,2019-02-25,20190225-veof-changes-of-nav-weekly-report.xlsx,,2019-02-25,data/raw/vinacapital/20190225-veof-changes-of-nav-weekly-report-92ffb13ba5aada1f.xlsx,ParseError: no sheet in data/raw/vinacapital/20190225-veof-changes-of-nav-weekly-report-92ffb13ba5aada1f.xlsx carries line 2.1; not Appendix XXIV
vinacapital,veof,VINACAPITAL-VEOF,https://vinacapital.com/wp-content/uploads/2022/07/20190225-veof-nav-weekly-report.xlsx,2019-02-25,20190225-veof-nav-weekly-report.xlsx,,2019-02-25,data/raw/vinacapital/20190225-veof-nav-weekly-report-665f940f776168b7.xlsx,ParseError: no sheet in data/raw/vinacapital/20190225-veof-nav-weekly-report-665f940f776168b7.xlsx carries line 2.1; not Appendix XXIV
vinacapital,veof,VINACAPITAL-VEOF,https://vinacapital.com/wp-content/uploads/2022/07/20190227-veof-nav-weekly-report.xlsx,2019-02-27,20190227-veof-nav-weekly-report.xlsx,,2019-02-27,data/raw/vinacapital/20190227-veof-nav-weekly-report-e82f3783cb8c598b.xlsx,ParseError: no sheet in data/raw/vinacapital/20190227-veof-nav-weekly-report-e82f3783cb8c598b.xlsx carries line 2.1; not Appendix XXIV
vinacapital,veof,VINACAPITAL-VEOF,https://vinacapital.com/wp-content/uploads/2022/07/20190304-veof-changes-of-nav-weekly-report.xlsx,2019-03-04,20190304-veof-changes-of-nav-weekly-report.xlsx,,2019-03-04,data/raw/vinacapital/20190304-veof-changes-of-nav-weekly-report-7e6a8a81a15999f6.xlsx,ParseError: no sheet in data/raw/vinacapital/20190304-veof-changes-of-nav-weekly-report-7e6a8a81a15999f6.xlsx carries line 2.1; not Appendix XXIV
vinacapital,veof,VINACAPITAL-VEOF,https://vinacapital.com/wp-content/uploads/2022/07/20190304-veof-nav-weekly-report.xlsx,2019-03-04,20190304-veof-nav-weekly-report.xlsx,,2019-03-04,data/raw/vinacapital/20190304-veof-nav-weekly-report-4a581fa63b9afeae.xlsx,ParseError: no sheet in data/raw/vinacapital/20190304-veof-nav-weekly-report-4a581fa63b9afeae.xlsx carries line 2.1; not Appendix XXIV
vinacapital,veof,VINACAPITAL-VEOF,https://vinacapital.com/wp-content/uploads/2022/07/20190306-veof-nav-weekly-report.xlsx,2019-03-06,20190306-veof-nav-weekly-report.xlsx,,2019-03-06,data/raw/vinacapital/20190306-veof-nav-weekly-report-383139fde830cf83.xlsx,ParseError: no sheet in data/raw/vinacapital/20190306-veof-nav-weekly-report-383139fde830cf83.xlsx carries line 2.1; not Appendix XXIV
vinacapital,veof,VINACAPITAL-VEOF,https://vinacapital.com/wp-content/uploads/2022/07/20190311-veof-changes-of-nav-weekly-report.xlsx,2019-03-11,20190311-veof-changes-of-nav-weekly-report.xlsx,,2019-03-11,data/raw/vinacapital/20190311-veof-changes-of-nav-weekly-report-7846b53048869152.xlsx,ParseError: no sheet in data/raw/vinacapital/20190311-veof-changes-of-nav-weekly-report-7846b53048869152.xlsx carries line 2.1; not Appendix XXIV
vinacapital,veof,VINACAPITAL-VEOF,https://vinacapital.com/wp-content/uploads/2022/07/20190311-veof-nav-weekly-report.xlsx,2019-03-11,20190311-veof-nav-weekly-report.xlsx,,2019-03-11,data/raw/vinacapital/20190311-veof-nav-weekly-report-28ddd879ccbd4bf4.xlsx,ParseError: no sheet in data/raw/vinacapital/20190311-veof-nav-weekly-report-28ddd879ccbd4bf4.xlsx carries line 2.1; not Appendix XXIV
vinacapital,veof,VINACAPITAL-VEOF,https://vinacapital.com/wp-content/uploads/2022/07/20190313-veof-nav-weekly-report.xlsx,2019-03-13,20190313-veof-nav-weekly-report.xlsx,,2019-03-13,data/raw/vinacapital/20190313-veof-nav-weekly-report-fd65d338654fedbc.xlsx,ParseError: no sheet in data/raw/vinacapital/20190313-veof-nav-weekly-report-fd65d338654fedbc.xlsx carries line 2.1; not Appendix XXIV
vinacapital,veof,VINACAPITAL-VEOF,https://vinacapital.com/wp-content/uploads/2022/07/20190318-veof-changes-of-nav-weekly-report.xlsx,2019-03-18,20190318-veof-changes-of-nav-weekly-report.xlsx,,2019-03-18,data/raw/vinacapital/20190318-veof-changes-of-nav-weekly-report-a54450e758817cfc.xlsx,ParseError: no sheet in data/raw/vinacapital/20190318-veof-changes-of-nav-weekly-report-a54450e758817cfc.xlsx carries line 2.1; not Appendix XXIV
vinacapital,veof,VINACAPITAL-VEOF,https://vinacapital.com/wp-content/uploads/2022/07/20190318-veof-nav-weekly-report.xlsx,2019-03-18,20190318-veof-nav-weekly-report.xlsx,,2019-03-18,data/raw/vinacapital/20190318-veof-nav-weekly-report-b606a459605f2f6f.xlsx,ParseError: no sheet in data/raw/vinacapital/20190318-veof-nav-weekly-report-b606a459605f2f6f.xlsx carries line 2.1; not Appendix XXIV
vinacapital,veof,VINACAPITAL-VEOF,https://vinacapital.com/wp-content/uploads/2022/07/20190320-veof-nav-weekly-report.xlsx,2019-03-20,20190320-veof-nav-weekly-report.xlsx,,2019-03-20,data/raw/vinacapital/20190320-veof-nav-weekly-report-3f3b99cff2bc862a.xlsx,ParseError: no sheet in data/raw/vinacapital/20190320-veof-nav-weekly-report-3f3b99cff2bc862a.xlsx carries line 2.1; not Appendix XXIV
vinacapital,veof,VINACAPITAL-VEOF,https://vinacapital.com/wp-content/uploads/2022/07/20190325-veof-changes-of-nav-weekly-report.xlsx,2019-03-25,20190325-veof-changes-of-nav-weekly-report.xlsx,,2019-03-25,data/raw/vinacapital/20190325-veof-changes-of-nav-weekly-report-04628cc4b279776e.xlsx,ParseError: no sheet in data/raw/vinacapital/20190325-veof-changes-of-nav-weekly-report-04628cc4b279776e.xlsx carries line 2.1; not Appendix XXIV
vinacapital,veof,VINACAPITAL-VEOF,https://vinacapital.com/wp-content/uploads/2022/07/20190325-veof-nav-weekly-report.xlsx,2019-03-25,20190325-veof-nav-weekly-report.xlsx,,2019-03-25,data/raw/vinacapital/20190325-veof-nav-weekly-report-ba0ad9c8aaf77e16.xlsx,ParseError: no sheet in data/raw/vinacapital/20190325-veof-nav-weekly-report-ba0ad9c8aaf77e16.xlsx carries line 2.1; not Appendix XXIV
vinacapital,veof,VINACAPITAL-VEOF,https://vinacapital.com/wp-content/uploads/2022/07/20190327-veof-nav-weekly-report.xlsx,2019-03-27,20190327-veof-nav-weekly-report.xlsx,,2019-03-27,data/raw/vinacapital/20190327-veof-nav-weekly-report-65940d8dcd3536e5.xlsx,ParseError: no sheet in data/raw/vinacapital/20190327-veof-nav-weekly-report-65940d8dcd3536e5.xlsx carries line 2.1; not Appendix XXIV
vinacapital,veof,VINACAPITAL-VEOF,https://vinacapital.com/wp-content/uploads/2022/07/20190401-veof-changes-of-nav-weekly-report.xlsx,2019-04-01,20190401-veof-changes-of-nav-weekly-report.xlsx,,2019-04-01,data/raw/vinacapital/20190401-veof-changes-of-nav-weekly-report-60ca5a249c544ad5.xlsx,ParseError: no sheet in data/raw/vinacapital/20190401-veof-changes-of-nav-weekly-report-60ca5a249c544ad5.xlsx carries line 2.1; not Appendix XXIV
vinacapital,veof,VINACAPITAL-VEOF,https://vinacapital.com/wp-content/uploads/2022/07/20190401-veof-nav-weekly-report.xlsx,2019-04-01,20190401-veof-nav-weekly-report.xlsx,,2019-04-01,data/raw/vinacapital/20190401-veof-nav-weekly-report-1eb6843f5e57128a.xlsx,ParseError: no sheet in data/raw/vinacapital/20190401-veof-nav-weekly-report-1eb6843f5e57128a.xlsx carries line 2.1; not Appendix XXIV
vinacapital,veof,VINACAPITAL-VEOF,https://vinacapital.com/wp-content/uploads/2022/07/20190403-veof-nav-weekly-report.xlsx,2019-04-03,20190403-veof-nav-weekly-report.xlsx,,2019-04-03,data/raw/vinacapital/20190403-veof-nav-weekly-report-7ceb25651eb91883.xlsx,ParseError: no sheet in data/raw/vinacapital/20190403-veof-nav-weekly-report-7ceb25651eb91883.xlsx carries line 2.1; not Appendix XXIV
vinacapital,veof,VINACAPITAL-VEOF,https://vinacapital.com/wp-content/uploads/2022/07/20190408-veof-changes-of-nav-weekly-report.xlsx,2019-04-08,20190408-veof-changes-of-nav-weekly-report.xlsx,,2019-04-08,data/raw/vinacapital/20190408-veof-changes-of-nav-weekly-report-b1428bace30174ed.xlsx,ParseError: no sheet in data/raw/vinacapital/20190408-veof-changes-of-nav-weekly-report-b1428bace30174ed.xlsx carries line 2.1; not Appendix XXIV
vinacapital,veof,VINACAPITAL-VEOF,https://vinacapital.com/wp-content/uploads/2022/07/20190408-veof-nav-weekly-report.xlsx,2019-04-08,20190408-veof-nav-weekly-report.xlsx,,2019-04-08,data/raw/vinacapital/20190408-veof-nav-weekly-report-a2a46f6b84bd4284.xlsx,ParseError: no sheet in data/raw/vinacapital/20190408-veof-nav-weekly-report-a2a46f6b84bd4284.xlsx carries line 2.1; not Appendix XXIV
vinacapital,veof,VINACAPITAL-VEOF,https://vinacapital.com/wp-content/uploads/2022/07/20190415-veof-changes-of-nav-weekly-report.xlsx,2019-04-15,20190415-veof-changes-of-nav-weekly-report.xlsx,,2019-04-15,data/raw/vinacapital/20190415-veof-changes-of-nav-weekly-report-b8f33ec018ad7a77.xlsx,ParseError: no sheet in data/raw/vinacapital/20190415-veof-changes-of-nav-weekly-report-b8f33ec018ad7a77.xlsx carries line 2.1; not Appendix XXIV
vinacapital,veof,VINACAPITAL-VEOF,https://vinacapital.com/wp-content/uploads/2022/07/20190415-veof-nav-weekly-report.xlsx,2019-04-15,20190415-veof-nav-weekly-report.xlsx,,2019-04-15,data/raw/vinacapital/20190415-veof-nav-weekly-report-6f79b95d2ed76186.xlsx,ParseError: no sheet in data/raw/vinacapital/20190415-veof-nav-weekly-report-6f79b95d2ed76186.xlsx carries line 2.1; not Appendix XXIV
vinacapital,veof,VINACAPITAL-VEOF,https://vinacapital.com/wp-content/uploads/2022/07/20190417-veof-nav-weekly-report.xlsx,2019-04-17,20190417-veof-nav-weekly-report.xlsx,,2019-04-17,data/raw/vinacapital/20190417-veof-nav-weekly-report-68eac463fc3d798c.xlsx,ParseError: no sheet in data/raw/vinacapital/20190417-veof-nav-weekly-report-68eac463fc3d798c.xlsx carries line 2.1; not Appendix XXIV
vinacapital,veof,VINACAPITAL-VEOF,https://vinacapital.com/wp-content/uploads/2022/07/20190422-veof-changes-of-nav-weekly-report.xlsx,2019-04-22,20190422-veof-changes-of-nav-weekly-report.xlsx,,2019-04-22,data/raw/vinacapital/20190422-veof-changes-of-nav-weekly-report-721c835726cf232d.xlsx,ParseError: no sheet in data/raw/vinacapital/20190422-veof-changes-of-nav-weekly-report-721c835726cf232d.xlsx carries line 2.1; not Appendix XXIV
vinacapital,veof,VINACAPITAL-VEOF,https://vinacapital.com/wp-content/uploads/2022/07/20190422-veof-nav-weekly-report.xlsx,2019-04-22,20190422-veof-nav-weekly-report.xlsx,,2019-04-22,data/raw/vinacapital/20190422-veof-nav-weekly-report-0e98a8d752e7121e.xlsx,ParseError: no sheet in data/raw/vinacapital/20190422-veof-nav-weekly-report-0e98a8d752e7121e.xlsx carries line 2.1; not Appendix XXIV
vinacapital,veof,VINACAPITAL-VEOF,https://vinacapital.com/wp-content/uploads/2022/07/20190424-veof-nav-weekly-report.xlsx,2019-04-24,20190424-veof-nav-weekly-report.xlsx,,2019-04-24,data/raw/vinacapital/20190424-veof-nav-weekly-report-360540639f698c30.xlsx,ParseError: no sheet in data/raw/vinacapital/20190424-veof-nav-weekly-report-360540639f698c30.xlsx carries line 2.1; not Appendix XXIV
vinacapital,veof,VINACAPITAL-VEOF,https://vinacapital.com/wp-content/uploads/2022/07/20190429-veof-changes-of-nav-weekly-report.xlsx,2019-04-29,20190429-veof-changes-of-nav-weekly-report.xlsx,,2019-04-29,data/raw/vinacapital/20190429-veof-changes-of-nav-weekly-report-c30be00d5b2aa91b.xlsx,ParseError: no sheet in data/raw/vinacapital/20190429-veof-changes-of-nav-weekly-report-c30be00d5b2aa91b.xlsx carries line 2.1; not Appendix XXIV
vinacapital,veof,VINACAPITAL-VEOF,https://vinacapital.com/wp-content/uploads/2022/07/20190429-veof-nav-weekly-report.xlsx,2019-04-29,20190429-veof-nav-weekly-report.xlsx,,2019-04-29,data/raw/vinacapital/20190429-veof-nav-weekly-report-a334527029adaca5.xlsx,ParseError: no sheet in data/raw/vinacapital/20190429-veof-nav-weekly-report-a334527029adaca5.xlsx carries line 2.1; not Appendix XXIV
vinacapital,veof,VINACAPITAL-VEOF,https://vinacapital.com/wp-content/uploads/2022/07/20190430-veof-nav-weekly-report.xlsx,2019-04-30,20190430-veof-nav-weekly-report.xlsx,,2019-04-30,data/raw/vinacapital/20190430-veof-nav-weekly-report-606c4a5aefcfaf34.xlsx,ParseError: no sheet in data/raw/vinacapital/20190430-veof-nav-weekly-report-606c4a5aefcfaf34.xlsx carries line 2.1; not Appendix XXIV
vinacapital,veof,VINACAPITAL-VEOF,https://vinacapital.com/wp-content/uploads/2022/07/20190506-veof-changes-of-nav-weekly-report.xlsx,2019-05-06,20190506-veof-changes-of-nav-weekly-report.xlsx,,2019-05-06,data/raw/vinacapital/20190506-veof-changes-of-nav-weekly-report-3e7c9d1ce59cfe39.xlsx,ParseError: no sheet in data/raw/vinacapital/20190506-veof-changes-of-nav-weekly-report-3e7c9d1ce59cfe39.xlsx carries line 2.1; not Appendix XXIV
vinacapital,veof,VINACAPITAL-VEOF,https://vinacapital.com/wp-content/uploads/2022/07/20190506-veof-nav-weekly-report.xlsx,2019-05-06,20190506-veof-nav-weekly-report.xlsx,,2019-05-06,data/raw/vinacapital/20190506-veof-nav-weekly-report-7b2dd859adaa200a.xlsx,ParseError: no sheet in data/raw/vinacapital/20190506-veof-nav-weekly-report-7b2dd859adaa200a.xlsx carries line 2.1; not Appendix XXIV
vinacapital,veof,VINACAPITAL-VEOF,https://vinacapital.com/wp-content/uploads/2022/07/20190508-veof-nav-weekly-report.xlsx,2019-05-08,20190508-veof-nav-weekly-report.xlsx,,2019-05-08,data/raw/vinacapital/20190508-veof-nav-weekly-report-c04bcbff9251fe2e.xlsx,ParseError: no sheet in data/raw/vinacapital/20190508-veof-nav-weekly-report-c04bcbff9251fe2e.xlsx carries line 2.1; not Appendix XXIV
vinacapital,veof,VINACAPITAL-VEOF,https://vinacapital.com/wp-content/uploads/2022/07/20190513-veof-changes-of-nav-weekly-report.xlsx,2019-05-13,20190513-veof-changes-of-nav-weekly-report.xlsx,,2019-05-13,data/raw/vinacapital/20190513-veof-changes-of-nav-weekly-report-5425c5951fdf9327.xlsx,ParseError: no sheet in data/raw/vinacapital/20190513-veof-changes-of-nav-weekly-report-5425c5951fdf9327.xlsx carries line 2.1; not Appendix XXIV
vinacapital,veof,VINACAPITAL-VEOF,https://vinacapital.com/wp-content/uploads/2022/07/20190513-veof-nav-weekly-report.xlsx,2019-05-13,20190513-veof-nav-weekly-report.xlsx,,2019-05-13,data/raw/vinacapital/20190513-veof-nav-weekly-report-dc2932b4ba1e3bd7.xlsx,ParseError: no sheet in data/raw/vinacapital/20190513-veof-nav-weekly-report-dc2932b4ba1e3bd7.xlsx carries line 2.1; not Appendix XXIV
vinacapital,veof,VINACAPITAL-VEOF,https://vinacapital.com/wp-content/uploads/2022/07/20190515-veof-nav-weekly-report.xlsx,2019-05-15,20190515-veof-nav-weekly-report.xlsx,,2019-05-15,data/raw/vinacapital/20190515-veof-nav-weekly-report-6fde5cd207fa327b.xlsx,ParseError: no sheet in data/raw/vinacapital/20190515-veof-nav-weekly-report-6fde5cd207fa327b.xlsx carries line 2.1; not Appendix XXIV
vinacapital,veof,VINACAPITAL-VEOF,https://vinacapital.com/wp-content/uploads/2022/07/20190520-veof-changes-of-nav-weekly-report.xlsx,2019-05-20,20190520-veof-changes-of-nav-weekly-report.xlsx,,2019-05-20,data/raw/vinacapital/20190520-veof-changes-of-nav-weekly-report-553fa24eaaa58829.xlsx,ParseError: no sheet in data/raw/vinacapital/20190520-veof-changes-of-nav-weekly-report-553fa24eaaa58829.xlsx carries line 2.1; not Appendix XXIV
vinacapital,veof,VINACAPITAL-VEOF,https://vinacapital.com/wp-content/uploads/2022/07/20190520-veof-nav-weekly-report.xlsx,2019-05-20,20190520-veof-nav-weekly-report.xlsx,,2019-05-20,data/raw/vinacapital/20190520-veof-nav-weekly-report-960facf600a7a47a.xlsx,ParseError: no sheet in data/raw/vinacapital/20190520-veof-nav-weekly-report-960facf600a7a47a.xlsx carries line 2.1; not Appendix XXIV
vinacapital,veof,VINACAPITAL-VEOF,https://vinacapital.com/wp-content/uploads/2022/07/20190522-veof-nav-weekly-report.xlsx,2019-05-22,20190522-veof-nav-weekly-report.xlsx,,2019-05-22,data/raw/vinacapital/20190522-veof-nav-weekly-report-b3f2389f796f2af7.xlsx,ParseError: no sheet in data/raw/vinacapital/20190522-veof-nav-weekly-report-b3f2389f796f2af7.xlsx carries line 2.1; not Appendix XXIV
vinacapital,veof,VINACAPITAL-VEOF,https://vinacapital.com/wp-content/uploads/2022/07/20190527-veof-changes-of-nav-weekly-report.xlsx,2019-05-27,20190527-veof-changes-of-nav-weekly-report.xlsx,,2019-05-27,data/raw/vinacapital/20190527-veof-changes-of-nav-weekly-report-dda173a12628e4e6.xlsx,ParseError: no sheet in data/raw/vinacapital/20190527-veof-changes-of-nav-weekly-report-dda173a12628e4e6.xlsx carries line 2.1; not Appendix XXIV
vinacapital,veof,VINACAPITAL-VEOF,https://vinacapital.com/wp-content/uploads/2022/07/20190527-veof-nav-weekly-report.xlsx,2019-05-27,20190527-veof-nav-weekly-report.xlsx,,2019-05-27,data/raw/vinacapital/20190527-veof-nav-weekly-report-b22b21dd74c098fb.xlsx,ParseError: no sheet in data/raw/vinacapital/20190527-veof-nav-weekly-report-b22b21dd74c098fb.xlsx carries line 2.1; not Appendix XXIV
vinacapital,veof,VINACAPITAL-VEOF,https://vinacapital.com/wp-content/uploads/2022/07/20190529-veof-nav-weekly-report.xlsx,2019-05-29,20190529-veof-nav-weekly-report.xlsx,,2019-05-29,data/raw/vinacapital/20190529-veof-nav-weekly-report-0e71acc28b973b01.xlsx,ParseError: no sheet in data/raw/vinacapital/20190529-veof-nav-weekly-report-0e71acc28b973b01.xlsx carries line 2.1; not Appendix XXIV
vinacapital,veof,VINACAPITAL-VEOF,https://vinacapital.com/wp-content/uploads/2022/07/20190603-veof-changes-of-nav-weekly-report.xlsx,2019-06-03,20190603-veof-changes-of-nav-weekly-report.xlsx,,2019-06-03,data/raw/vinacapital/20190603-veof-changes-of-nav-weekly-report-ec29fb86aa5d6e46.xlsx,ParseError: no sheet in data/raw/vinacapital/20190603-veof-changes-of-nav-weekly-report-ec29fb86aa5d6e46.xlsx carries line 2.1; not Appendix XXIV
vinacapital,veof,VINACAPITAL-VEOF,https://vinacapital.com/wp-content/uploads/2022/07/20190603-veof-nav-weekly-report.xlsx,2019-06-03,20190603-veof-nav-weekly-report.xlsx,,2019-06-03,data/raw/vinacapital/20190603-veof-nav-weekly-report-1dcfd04b18748e4d.xlsx,ParseError: no sheet in data/raw/vinacapital/20190603-veof-nav-weekly-report-1dcfd04b18748e4d.xlsx carries line 2.1; not Appendix XXIV
vinacapital,veof,VINACAPITAL-VEOF,https://vinacapital.com/wp-content/uploads/2022/07/20190605-veof-nav-weekly-report.xlsx,2019-06-05,20190605-veof-nav-weekly-report.xlsx,,2019-06-05,data/raw/vinacapital/20190605-veof-nav-weekly-report-61ecca9b5eb592cf.xlsx,ParseError: no sheet in data/raw/vinacapital/20190605-veof-nav-weekly-report-61ecca9b5eb592cf.xlsx carries line 2.1; not Appendix XXIV
vinacapital,veof,VINACAPITAL-VEOF,https://vinacapital.com/wp-content/uploads/2022/07/20190610-veof-changes-of-nav-weekly-report.xlsx,2019-06-10,20190610-veof-changes-of-nav-weekly-report.xlsx,,2019-06-10,data/raw/vinacapital/20190610-veof-changes-of-nav-weekly-report-b33722398d6109f0.xlsx,ParseError: no sheet in data/raw/vinacapital/20190610-veof-changes-of-nav-weekly-report-b33722398d6109f0.xlsx carries line 2.1; not Appendix XXIV
vinacapital,veof,VINACAPITAL-VEOF,https://vinacapital.com/wp-content/uploads/2022/07/20190610-veof-nav-weekly-report.xlsx,2019-06-10,20190610-veof-nav-weekly-report.xlsx,,2019-06-10,data/raw/vinacapital/20190610-veof-nav-weekly-report-f44e22ab74a898a2.xlsx,ParseError: no sheet in data/raw/vinacapital/20190610-veof-nav-weekly-report-f44e22ab74a898a2.xlsx carries line 2.1; not Appendix XXIV
vinacapital,veof,VINACAPITAL-VEOF,https://vinacapital.com/wp-content/uploads/2022/07/20190612-veof-nav-weekly-report.xlsx,2019-06-12,20190612-veof-nav-weekly-report.xlsx,,2019-06-12,data/raw/vinacapital/20190612-veof-nav-weekly-report-15c503ce03764a7c.xlsx,ParseError: no sheet in data/raw/vinacapital/20190612-veof-nav-weekly-report-15c503ce03764a7c.xlsx carries line 2.1; not Appendix XXIV
vinacapital,veof,VINACAPITAL-VEOF,https://vinacapital.com/wp-content/uploads/2022/07/20190617-veof-changes-of-nav-weekly-report.xlsx,2019-06-17,20190617-veof-changes-of-nav-weekly-report.xlsx,,2019-06-17,data/raw/vinacapital/20190617-veof-changes-of-nav-weekly-report-b97c55381b909270.xlsx,ParseError: no sheet in data/raw/vinacapital/20190617-veof-changes-of-nav-weekly-report-b97c55381b909270.xlsx carries line 2.1; not Appendix XXIV
vinacapital,veof,VINACAPITAL-VEOF,https://vinacapital.com/wp-content/uploads/2022/07/20190617-veof-nav-weekly-report.xlsx,2019-06-17,20190617-veof-nav-weekly-report.xlsx,,2019-06-17,data/raw/vinacapital/20190617-veof-nav-weekly-report-0dcfb66c9e4db845.xlsx,ParseError: no sheet in data/raw/vinacapital/20190617-veof-nav-weekly-report-0dcfb66c9e4db845.xlsx carries line 2.1; not Appendix XXIV
vinacapital,veof,VINACAPITAL-VEOF,https://vinacapital.com/wp-content/uploads/2022/07/20190619-veof-nav-weekly-report.xlsx,2019-06-19,20190619-veof-nav-weekly-report.xlsx,,2019-06-19,data/raw/vinacapital/20190619-veof-nav-weekly-report-48c2c998dabce51d.xlsx,ParseError: no sheet in data/raw/vinacapital/20190619-veof-nav-weekly-report-48c2c998dabce51d.xlsx carries line 2.1; not Appendix XXIV
vinacapital,veof,VINACAPITAL-VEOF,https://vinacapital.com/wp-content/uploads/2022/07/20190624-veof-changes-of-nav-weekly-report.xlsx,2019-06-24,20190624-veof-changes-of-nav-weekly-report.xlsx,,2019-06-24,data/raw/vinacapital/20190624-veof-changes-of-nav-weekly-report-f07eb8d7291c393b.xlsx,ParseError: no sheet in data/raw/vinacapital/20190624-veof-changes-of-nav-weekly-report-f07eb8d7291c393b.xlsx carries line 2.1; not Appendix XXIV
vinacapital,veof,VINACAPITAL-VEOF,https://vinacapital.com/wp-content/uploads/2022/07/20190624-veof-nav-weekly-report.xlsx,2019-06-24,20190624-veof-nav-weekly-report.xlsx,,2019-06-24,data/raw/vinacapital/20190624-veof-nav-weekly-report-1f4457da54e72625.xlsx,ParseError: no sheet in data/raw/vinacapital/20190624-veof-nav-weekly-report-1f4457da54e72625.xlsx carries line 2.1; not Appendix XXIV
vinacapital,veof,VINACAPITAL-VEOF,https://vinacapital.com/wp-content/uploads/2022/07/20190626-veof-nav-weekly-report.xlsx,2019-06-26,20190626-veof-nav-weekly-report.xlsx,,2019-06-26,data/raw/vinacapital/20190626-veof-nav-weekly-report-ea1901d3b89760f9.xlsx,ParseError: no sheet in data/raw/vinacapital/20190626-veof-nav-weekly-report-ea1901d3b89760f9.xlsx carries line 2.1; not Appendix XXIV
vinacapital,veof,VINACAPITAL-VEOF,https://vinacapital.com/wp-content/uploads/2022/07/20190702-veof-changes-of-nav-weekly-report.xlsx,2019-07-02,20190702-veof-changes-of-nav-weekly-report.xlsx,,2019-07-02,data/raw/vinacapital/20190702-veof-changes-of-nav-weekly-report-bb5469887f7b2b07.xlsx,ParseError: no sheet in data/raw/vinacapital/20190702-veof-changes-of-nav-weekly-report-bb5469887f7b2b07.xlsx carries line 2.1; not Appendix XXIV
vinacapital,veof,VINACAPITAL-VEOF,https://vinacapital.com/wp-content/uploads/2022/07/20190702-veof-nav-weekly-report.xlsx,2019-07-02,20190702-veof-nav-weekly-report.xlsx,,2019-07-02,data/raw/vinacapital/20190702-veof-nav-weekly-report-4c7882b1a7cbfbd1.xlsx,ParseError: no sheet in data/raw/vinacapital/20190702-veof-nav-weekly-report-4c7882b1a7cbfbd1.xlsx carries line 2.1; not Appendix XXIV
vinacapital,veof,VINACAPITAL-VEOF,https://vinacapital.com/wp-content/uploads/2022/07/20190704-veof-nav-weekly-report.xlsx,2019-07-04,20190704-veof-nav-weekly-report.xlsx,,2019-07-04,data/raw/vinacapital/20190704-veof-nav-weekly-report-6e3faeed72edaf25.xlsx,ParseError: no sheet in data/raw/vinacapital/20190704-veof-nav-weekly-report-6e3faeed72edaf25.xlsx carries line 2.1; not Appendix XXIV
vinacapital,veof,VINACAPITAL-VEOF,https://vinacapital.com/wp-content/uploads/2022/07/20190708-veof-changes-of-nav-weekly-report.xlsx,2019-07-08,20190708-veof-changes-of-nav-weekly-report.xlsx,,2019-07-08,data/raw/vinacapital/20190708-veof-changes-of-nav-weekly-report-eef4a4d54a9f0c59.xlsx,ParseError: no sheet in data/raw/vinacapital/20190708-veof-changes-of-nav-weekly-report-eef4a4d54a9f0c59.xlsx carries line 2.1; not Appendix XXIV
vinacapital,veof,VINACAPITAL-VEOF,https://vinacapital.com/wp-content/uploads/2022/07/20190708-veof-nav-weekly-report.xlsx,2019-07-08,20190708-veof-nav-weekly-report.xlsx,,2019-07-08,data/raw/vinacapital/20190708-veof-nav-weekly-report-4d39ca4d0ead931a.xlsx,ParseError: no sheet in data/raw/vinacapital/20190708-veof-nav-weekly-report-4d39ca4d0ead931a.xlsx carries line 2.1; not Appendix XXIV
vinacapital,veof,VINACAPITAL-VEOF,https://vinacapital.com/wp-content/uploads/2022/07/20190710-veof-nav-weekly-report.xlsx,2019-07-10,20190710-veof-nav-weekly-report.xlsx,,2019-07-10,data/raw/vinacapital/20190710-veof-nav-weekly-report-7741d243075283df.xlsx,ParseError: no sheet in data/raw/vinacapital/20190710-veof-nav-weekly-report-7741d243075283df.xlsx carries line 2.1; not Appendix XXIV
vinacapital,veof,VINACAPITAL-VEOF,https://vinacapital.com/wp-content/uploads/2022/07/20190715-veof-changes-of-nav-weekly-report.xlsx,2019-07-15,20190715-veof-changes-of-nav-weekly-report.xlsx,,2019-07-15,data/raw/vinacapital/20190715-veof-changes-of-nav-weekly-report-354280d172ecf486.xlsx,ParseError: no sheet in data/raw/vinacapital/20190715-veof-changes-of-nav-weekly-report-354280d172ecf486.xlsx carries line 2.1; not Appendix XXIV
vinacapital,veof,VINACAPITAL-VEOF,https://vinacapital.com/wp-content/uploads/2022/07/20190715-veof-nav-weekly-report.xlsx,2019-07-15,20190715-veof-nav-weekly-report.xlsx,,2019-07-15,data/raw/vinacapital/20190715-veof-nav-weekly-report-c64189eee033cb41.xlsx,ParseError: no sheet in data/raw/vinacapital/20190715-veof-nav-weekly-report-c64189eee033cb41.xlsx carries line 2.1; not Appendix XXIV
vinacapital,veof,VINACAPITAL-VEOF,https://vinacapital.com/wp-content/uploads/2022/07/20190717-veof-nav-weekly-report.xlsx,2019-07-17,20190717-veof-nav-weekly-report.xlsx,,2019-07-17,data/raw/vinacapital/20190717-veof-nav-weekly-report-836a68bb9dd0ad58.xlsx,ParseError: no sheet in data/raw/vinacapital/20190717-veof-nav-weekly-report-836a68bb9dd0ad58.xlsx carries line 2.1; not Appendix XXIV
vinacapital,veof,VINACAPITAL-VEOF,https://vinacapital.com/wp-content/uploads/2022/07/20190722-veof-changes-of-nav-weekly-report.xlsx,2019-07-22,20190722-veof-changes-of-nav-weekly-report.xlsx,,2019-07-22,data/raw/vinacapital/20190722-veof-changes-of-nav-weekly-report-689ee0b4156f9dd5.xlsx,ParseError: no sheet in data/raw/vinacapital/20190722-veof-changes-of-nav-weekly-report-689ee0b4156f9dd5.xlsx carries line 2.1; not Appendix XXIV
vinacapital,veof,VINACAPITAL-VEOF,https://vinacapital.com/wp-content/uploads/2022/07/20190722-veof-nav-weekly-report.xlsx,2019-07-22,20190722-veof-nav-weekly-report.xlsx,,2019-07-22,data/raw/vinacapital/20190722-veof-nav-weekly-report-4ac2379cb39515d0.xlsx,ParseError: no sheet in data/raw/vinacapital/20190722-veof-nav-weekly-report-4ac2379cb39515d0.xlsx carries line 2.1; not Appendix XXIV
vinacapital,veof,VINACAPITAL-VEOF,https://vinacapital.com/wp-content/uploads/2022/07/20190729-veof-changes-of-nav-weekly-report.xlsx,2019-07-29,20190729-veof-changes-of-nav-weekly-report.xlsx,,2019-07-29,data/raw/vinacapital/20190729-veof-changes-of-nav-weekly-report-d256169f3af039b6.xlsx,ParseError: no sheet in data/raw/vinacapital/20190729-veof-changes-of-nav-weekly-report-d256169f3af039b6.xlsx carries line 2.1; not Appendix XXIV
vinacapital,veof,VINACAPITAL-VEOF,https://vinacapital.com/wp-content/uploads/2022/07/20190729-veof-nav-weekly-report.xlsx,2019-07-29,20190729-veof-nav-weekly-report.xlsx,,2019-07-29,data/raw/vinacapital/20190729-veof-nav-weekly-report-8b7b87656e36e565.xlsx,ParseError: no sheet in data/raw/vinacapital/20190729-veof-nav-weekly-report-8b7b87656e36e565.xlsx carries line 2.1; not Appendix XXIV
vinacapital,veof,VINACAPITAL-VEOF,https://vinacapital.com/wp-content/uploads/2022/07/20190731-veof-nav-weekly-report.xlsx,2019-07-31,20190731-veof-nav-weekly-report.xlsx,,2019-07-31,data/raw/vinacapital/20190731-veof-nav-weekly-report-2f3e84fed4a6ff83.xlsx,ParseError: no sheet in data/raw/vinacapital/20190731-veof-nav-weekly-report-2f3e84fed4a6ff83.xlsx carries line 2.1; not Appendix XXIV
vinacapital,veof,VINACAPITAL-VEOF,https://vinacapital.com/wp-content/uploads/2022/07/20190805-veof-changes-of-nav-weekly-report.xlsx,2019-08-05,20190805-veof-changes-of-nav-weekly-report.xlsx,,2019-08-05,data/raw/vinacapital/20190805-veof-changes-of-nav-weekly-report-3183043901f1fe84.xlsx,ParseError: no sheet in data/raw/vinacapital/20190805-veof-changes-of-nav-weekly-report-3183043901f1fe84.xlsx carries line 2.1; not Appendix XXIV
vinacapital,veof,VINACAPITAL-VEOF,https://vinacapital.com/wp-content/uploads/2022/07/20190805-veof-nav-weekly-report.xlsx,2019-08-05,20190805-veof-nav-weekly-report.xlsx,,2019-08-05,data/raw/vinacapital/20190805-veof-nav-weekly-report-79e8437592bd4ec4.xlsx,ParseError: no sheet in data/raw/vinacapital/20190805-veof-nav-weekly-report-79e8437592bd4ec4.xlsx carries line 2.1; not Appendix XXIV
vinacapital,veof,VINACAPITAL-VEOF,https://vinacapital.com/wp-content/uploads/2022/07/20190807-veof-nav-weekly-report.xlsx,2019-08-07,20190807-veof-nav-weekly-report.xlsx,,2019-08-07,data/raw/vinacapital/20190807-veof-nav-weekly-report-28efa452a3e5fb0c.xlsx,ParseError: no sheet in data/raw/vinacapital/20190807-veof-nav-weekly-report-28efa452a3e5fb0c.xlsx carries line 2.1; not Appendix XXIV
vinacapital,veof,VINACAPITAL-VEOF,https://vinacapital.com/wp-content/uploads/2022/07/20190812-veof-changes-of-nav-weekly-report.xlsx,2019-08-12,20190812-veof-changes-of-nav-weekly-report.xlsx,,2019-08-12,data/raw/vinacapital/20190812-veof-changes-of-nav-weekly-report-ed9f96cca0255dd0.xlsx,ParseError: no sheet in data/raw/vinacapital/20190812-veof-changes-of-nav-weekly-report-ed9f96cca0255dd0.xlsx carries line 2.1; not Appendix XXIV
vinacapital,veof,VINACAPITAL-VEOF,https://vinacapital.com/wp-content/uploads/2022/07/20190812-veof-nav-weekly-report.xlsx,2019-08-12,20190812-veof-nav-weekly-report.xlsx,,2019-08-12,data/raw/vinacapital/20190812-veof-nav-weekly-report-d69e0b4d220ff134.xlsx,ParseError: no sheet in data/raw/vinacapital/20190812-veof-nav-weekly-report-d69e0b4d220ff134.xlsx carries line 2.1; not Appendix XXIV
vinacapital,veof,VINACAPITAL-VEOF,https://vinacapital.com/wp-content/uploads/2022/07/20190814-veof-nav-weekly-report.xlsx,2019-08-14,20190814-veof-nav-weekly-report.xlsx,,2019-08-14,data/raw/vinacapital/20190814-veof-nav-weekly-report-09bc1e0619c545df.xlsx,ParseError: no sheet in data/raw/vinacapital/20190814-veof-nav-weekly-report-09bc1e0619c545df.xlsx carries line 2.1; not Appendix XXIV
vinacapital,veof,VINACAPITAL-VEOF,https://vinacapital.com/wp-content/uploads/2022/07/20190819-veof-changes-of-nav-weekly-report.xlsx,2019-08-19,20190819-veof-changes-of-nav-weekly-report.xlsx,,2019-08-19,data/raw/vinacapital/20190819-veof-changes-of-nav-weekly-report-a16f58547d32170c.xlsx,ParseError: no sheet in data/raw/vinacapital/20190819-veof-changes-of-nav-weekly-report-a16f58547d32170c.xlsx carries line 2.1; not Appendix XXIV
vinacapital,veof,VINACAPITAL-VEOF,https://vinacapital.com/wp-content/uploads/2022/07/20190819-veof-nav-weekly-report.xlsx,2019-08-19,20190819-veof-nav-weekly-report.xlsx,,2019-08-19,data/raw/vinacapital/20190819-veof-nav-weekly-report-dc2f66b84a35246c.xlsx,ParseError: no sheet in data/raw/vinacapital/20190819-veof-nav-weekly-report-dc2f66b84a35246c.xlsx carries line 2.1; not Appendix XXIV
vinacapital,veof,VINACAPITAL-VEOF,https://vinacapital.com/wp-content/uploads/2022/07/20190821-veof-nav-weekly-report.xlsx,2019-08-21,20190821-veof-nav-weekly-report.xlsx,,2019-08-21,data/raw/vinacapital/20190821-veof-nav-weekly-report-46b5c8da0818a786.xlsx,ParseError: no sheet in data/raw/vinacapital/20190821-veof-nav-weekly-report-46b5c8da0818a786.xlsx carries line 2.1; not Appendix XXIV
vinacapital,veof,VINACAPITAL-VEOF,https://vinacapital.com/wp-content/uploads/2022/07/20190826-veof-changes-of-nav-weekly-report.xlsx,2019-08-26,20190826-veof-changes-of-nav-weekly-report.xlsx,,2019-08-26,data/raw/vinacapital/20190826-veof-changes-of-nav-weekly-report-b5fceb106b5f303e.xlsx,ParseError: no sheet in data/raw/vinacapital/20190826-veof-changes-of-nav-weekly-report-b5fceb106b5f303e.xlsx carries line 2.1; not Appendix XXIV
vinacapital,veof,VINACAPITAL-VEOF,https://vinacapital.com/wp-content/uploads/2022/07/20190826-veof-nav-weekly-report.xlsx,2019-08-26,20190826-veof-nav-weekly-report.xlsx,,2019-08-26,data/raw/vinacapital/20190826-veof-nav-weekly-report-f474e3202a7588ce.xlsx,ParseError: no sheet in data/raw/vinacapital/20190826-veof-nav-weekly-report-f474e3202a7588ce.xlsx carries line 2.1; not Appendix XXIV
vinacapital,veof,VINACAPITAL-VEOF,https://vinacapital.com/wp-content/uploads/2022/07/20190828-veof-nav-weekly-report.xlsx,2019-08-28,20190828-veof-nav-weekly-report.xlsx,,2019-08-28,data/raw/vinacapital/20190828-veof-nav-weekly-report-42a885e00864fbf3.xlsx,ParseError: no sheet in data/raw/vinacapital/20190828-veof-nav-weekly-report-42a885e00864fbf3.xlsx carries line 2.1; not Appendix XXIV
vinacapital,veof,VINACAPITAL-VEOF,https://vinacapital.com/wp-content/uploads/2022/07/20190830-veof-changes-of-nav-weekly-report.xlsx,2019-08-30,20190830-veof-changes-of-nav-weekly-report.xlsx,,2019-08-30,data/raw/vinacapital/20190830-veof-changes-of-nav-weekly-report-883b31192e9dbdc5.xlsx,ParseError: no sheet in data/raw/vinacapital/20190830-veof-changes-of-nav-weekly-report-883b31192e9dbdc5.xlsx carries line 2.1; not Appendix XXIV
vinacapital,veof,VINACAPITAL-VEOF,https://vinacapital.com/wp-content/uploads/2022/07/20190830-veof-nav-weekly-report.xlsx,2019-08-30,20190830-veof-nav-weekly-report.xlsx,,2019-08-30,data/raw/vinacapital/20190830-veof-nav-weekly-report-f89333d3c4df8b5f.xlsx,ParseError: no sheet in data/raw/vinacapital/20190830-veof-nav-weekly-report-f89333d3c4df8b5f.xlsx carries line 2.1; not Appendix XXIV
vinacapital,veof,VINACAPITAL-VEOF,https://vinacapital.com/wp-content/uploads/2022/07/20190904-veof-nav-weekly-report.xlsx,2019-09-04,20190904-veof-nav-weekly-report.xlsx,,2019-09-04,data/raw/vinacapital/20190904-veof-nav-weekly-report-43254eadf729337b.xlsx,ParseError: no sheet in data/raw/vinacapital/20190904-veof-nav-weekly-report-43254eadf729337b.xlsx carries line 2.1; not Appendix XXIV
vinacapital,veof,VINACAPITAL-VEOF,https://vinacapital.com/wp-content/uploads/2022/07/20190909-veof-changes-of-nav-weekly-report.xlsx,2019-09-09,20190909-veof-changes-of-nav-weekly-report.xlsx,,2019-09-09,data/raw/vinacapital/20190909-veof-changes-of-nav-weekly-report-a4283d737984d8e1.xlsx,ParseError: no sheet in data/raw/vinacapital/20190909-veof-changes-of-nav-weekly-report-a4283d737984d8e1.xlsx carries line 2.1; not Appendix XXIV
vinacapital,veof,VINACAPITAL-VEOF,https://vinacapital.com/wp-content/uploads/2022/07/20190909-veof-nav-weekly-report.xlsx,2019-09-09,20190909-veof-nav-weekly-report.xlsx,,2019-09-09,data/raw/vinacapital/20190909-veof-nav-weekly-report-b62080b7f9e4dfb3.xlsx,ParseError: no sheet in data/raw/vinacapital/20190909-veof-nav-weekly-report-b62080b7f9e4dfb3.xlsx carries line 2.1; not Appendix XXIV
vinacapital,veof,VINACAPITAL-VEOF,https://vinacapital.com/wp-content/uploads/2022/07/20190911-veof-nav-weekly-report.xlsx,2019-09-11,20190911-veof-nav-weekly-report.xlsx,,2019-09-11,data/raw/vinacapital/20190911-veof-nav-weekly-report-2acc991234d9ef7d.xlsx,ParseError: no sheet in data/raw/vinacapital/20190911-veof-nav-weekly-report-2acc991234d9ef7d.xlsx carries line 2.1; not Appendix XXIV
vinacapital,veof,VINACAPITAL-VEOF,https://vinacapital.com/wp-content/uploads/2022/07/20190916-veof-changes-of-nav-weekly-report.xlsx,2019-09-16,20190916-veof-changes-of-nav-weekly-report.xlsx,,2019-09-16,data/raw/vinacapital/20190916-veof-changes-of-nav-weekly-report-0bdf9d485acf1e8e.xlsx,ParseError: no sheet in data/raw/vinacapital/20190916-veof-changes-of-nav-weekly-report-0bdf9d485acf1e8e.xlsx carries line 2.1; not Appendix XXIV
vinacapital,veof,VINACAPITAL-VEOF,https://vinacapital.com/wp-content/uploads/2022/07/20190916-veof-nav-weekly-report.xlsx,2019-09-16,20190916-veof-nav-weekly-report.xlsx,,2019-09-16,data/raw/vinacapital/20190916-veof-nav-weekly-report-541dd6205d9b6ad1.xlsx,ParseError: no sheet in data/raw/vinacapital/20190916-veof-nav-weekly-report-541dd6205d9b6ad1.xlsx carries line 2.1; not Appendix XXIV
vinacapital,veof,VINACAPITAL-VEOF,https://vinacapital.com/wp-content/uploads/2022/07/20190918-veof-nav-weekly-report.xlsx,2019-09-18,20190918-veof-nav-weekly-report.xlsx,,2019-09-18,data/raw/vinacapital/20190918-veof-nav-weekly-report-edf8e7a79d4c25a3.xlsx,ParseError: no sheet in data/raw/vinacapital/20190918-veof-nav-weekly-report-edf8e7a79d4c25a3.xlsx carries line 2.1; not Appendix XXIV
vinacapital,veof,VINACAPITAL-VEOF,https://vinacapital.com/wp-content/uploads/2022/07/20190923-veof-changes-of-nav-weekly-report.xlsx,2019-09-23,20190923-veof-changes-of-nav-weekly-report.xlsx,,2019-09-23,data/raw/vinacapital/20190923-veof-changes-of-nav-weekly-report-76b4e685e14210fe.xlsx,ParseError: no sheet in data/raw/vinacapital/20190923-veof-changes-of-nav-weekly-report-76b4e685e14210fe.xlsx carries line 2.1; not Appendix XXIV
vinacapital,veof,VINACAPITAL-VEOF,https://vinacapital.com/wp-content/uploads/2022/07/20190923-veof-nav-weekly-report.xlsx,2019-09-23,20190923-veof-nav-weekly-report.xlsx,,2019-09-23,data/raw/vinacapital/20190923-veof-nav-weekly-report-3a488dc799d33889.xlsx,ParseError: no sheet in data/raw/vinacapital/20190923-veof-nav-weekly-report-3a488dc799d33889.xlsx carries line 2.1; not Appendix XXIV
vinacapital,veof,VINACAPITAL-VEOF,https://vinacapital.com/wp-content/uploads/2022/07/20190925-veof-nav-weekly-report.xlsx,2019-09-25,20190925-veof-nav-weekly-report.xlsx,,2019-09-25,data/raw/vinacapital/20190925-veof-nav-weekly-report-fc9501e7d6d9c02a.xlsx,ParseError: no sheet in data/raw/vinacapital/20190925-veof-nav-weekly-report-fc9501e7d6d9c02a.xlsx carries line 2.1; not Appendix XXIV
vinacapital,veof,VINACAPITAL-VEOF,https://vinacapital.com/wp-content/uploads/2022/07/20190930-veof-changes-of-nav-weekly-report.xlsx,2019-09-30,20190930-veof-changes-of-nav-weekly-report.xlsx,,2019-09-30,data/raw/vinacapital/20190930-veof-changes-of-nav-weekly-report-386ce81c3ffbfe7a.xlsx,ParseError: no sheet in data/raw/vinacapital/20190930-veof-changes-of-nav-weekly-report-386ce81c3ffbfe7a.xlsx carries line 2.1; not Appendix XXIV
vinacapital,veof,VINACAPITAL-VEOF,https://vinacapital.com/wp-content/uploads/2022/07/20190930-veof-nav-weekly-report.xlsx,2019-09-30,20190930-veof-nav-weekly-report.xlsx,,2019-09-30,data/raw/vinacapital/20190930-veof-nav-weekly-report-4974a416f7b61eca.xlsx,ParseError: no sheet in data/raw/vinacapital/20190930-veof-nav-weekly-report-4974a416f7b61eca.xlsx carries line 2.1; not Appendix XXIV
vinacapital,veof,VINACAPITAL-VEOF,https://vinacapital.com/wp-content/uploads/2022/07/20191002-veof-nav-weekly-report.xlsx,2019-10-02,20191002-veof-nav-weekly-report.xlsx,,2019-10-02,data/raw/vinacapital/20191002-veof-nav-weekly-report-0c2d8ba2b2a03253.xlsx,ParseError: no sheet in data/raw/vinacapital/20191002-veof-nav-weekly-report-0c2d8ba2b2a03253.xlsx carries line 2.1; not Appendix XXIV
vinacapital,veof,VINACAPITAL-VEOF,https://vinacapital.com/wp-content/uploads/2022/07/20191007-veof-changes-of-nav-weekly-report.xlsx,2019-10-07,20191007-veof-changes-of-nav-weekly-report.xlsx,,2019-10-07,data/raw/vinacapital/20191007-veof-changes-of-nav-weekly-report-2c25d489c652c9b5.xlsx,ParseError: no sheet in data/raw/vinacapital/20191007-veof-changes-of-nav-weekly-report-2c25d489c652c9b5.xlsx carries line 2.1; not Appendix XXIV
vinacapital,veof,VINACAPITAL-VEOF,https://vinacapital.com/wp-content/uploads/2022/07/20191007-veof-nav-weekly-report.xlsx,2019-10-07,20191007-veof-nav-weekly-report.xlsx,,2019-10-07,data/raw/vinacapital/20191007-veof-nav-weekly-report-dcb1e3ca7f6e0f67.xlsx,ParseError: no sheet in data/raw/vinacapital/20191007-veof-nav-weekly-report-dcb1e3ca7f6e0f67.xlsx carries line 2.1; not Appendix XXIV
vinacapital,veof,VINACAPITAL-VEOF,https://vinacapital.com/wp-content/uploads/2022/07/20191009-veof-nav-weekly-report.xlsx,2019-10-09,20191009-veof-nav-weekly-report.xlsx,,2019-10-09,data/raw/vinacapital/20191009-veof-nav-weekly-report-474494ff7f9e3e0a.xlsx,ParseError: no sheet in data/raw/vinacapital/20191009-veof-nav-weekly-report-474494ff7f9e3e0a.xlsx carries line 2.1; not Appendix XXIV
vinacapital,veof,VINACAPITAL-VEOF,https://vinacapital.com/wp-content/uploads/2022/07/20191021-veof-changes-of-nav-weekly-report.xlsx,2019-10-21,20191021-veof-changes-of-nav-weekly-report.xlsx,,2019-10-21,data/raw/vinacapital/20191021-veof-changes-of-nav-weekly-report-59691dc8e2fb8e1b.xlsx,ParseError: no sheet in data/raw/vinacapital/20191021-veof-changes-of-nav-weekly-report-59691dc8e2fb8e1b.xlsx carries line 2.1; not Appendix XXIV
vinacapital,veof,VINACAPITAL-VEOF,https://vinacapital.com/wp-content/uploads/2022/07/20191021-veof-nav-weekly-report.xlsx,2019-10-21,20191021-veof-nav-weekly-report.xlsx,,2019-10-21,data/raw/vinacapital/20191021-veof-nav-weekly-report-d7c98f9fc7188bba.xlsx,ParseError: no sheet in data/raw/vinacapital/20191021-veof-nav-weekly-report-d7c98f9fc7188bba.xlsx carries line 2.1; not Appendix XXIV
vinacapital,veof,VINACAPITAL-VEOF,https://vinacapital.com/wp-content/uploads/2022/07/20191023-veof-nav-weekly-report.xlsx,2019-10-23,20191023-veof-nav-weekly-report.xlsx,,2019-10-23,data/raw/vinacapital/20191023-veof-nav-weekly-report-f6c4ebc2a7271f14.xlsx,ParseError: no sheet in data/raw/vinacapital/20191023-veof-nav-weekly-report-f6c4ebc2a7271f14.xlsx carries line 2.1; not Appendix XXIV
vinacapital,veof,VINACAPITAL-VEOF,https://vinacapital.com/wp-content/uploads/2022/07/20191028-veof-changes-of-nav-weekly-report.xlsx,2019-10-28,20191028-veof-changes-of-nav-weekly-report.xlsx,,2019-10-28,data/raw/vinacapital/20191028-veof-changes-of-nav-weekly-report-4a5280ba77dd405c.xlsx,ParseError: no sheet in data/raw/vinacapital/20191028-veof-changes-of-nav-weekly-report-4a5280ba77dd405c.xlsx carries line 2.1; not Appendix XXIV
vinacapital,veof,VINACAPITAL-VEOF,https://vinacapital.com/wp-content/uploads/2022/07/20191028-veof-nav-weekly-report.xlsx,2019-10-28,20191028-veof-nav-weekly-report.xlsx,,2019-10-28,data/raw/vinacapital/20191028-veof-nav-weekly-report-9e6e569348767e38.xlsx,ParseError: no sheet in data/raw/vinacapital/20191028-veof-nav-weekly-report-9e6e569348767e38.xlsx carries line 2.1; not Appendix XXIV
vinacapital,veof,VINACAPITAL-VEOF,https://vinacapital.com/wp-content/uploads/2022/07/20191030-veof-nav-weekly-report.xlsx,2019-10-30,20191030-veof-nav-weekly-report.xlsx,,2019-10-30,data/raw/vinacapital/20191030-veof-nav-weekly-report-05d444376f9dc5f3.xlsx,ParseError: no sheet in data/raw/vinacapital/20191030-veof-nav-weekly-report-05d444376f9dc5f3.xlsx carries line 2.1; not Appendix XXIV
vinacapital,veof,VINACAPITAL-VEOF,https://vinacapital.com/wp-content/uploads/2022/07/20191104-veof-changes-of-nav-weekly-report.xlsx,2019-11-04,20191104-veof-changes-of-nav-weekly-report.xlsx,,2019-11-04,data/raw/vinacapital/20191104-veof-changes-of-nav-weekly-report-bb689e2d13eca0a7.xlsx,ParseError: no sheet in data/raw/vinacapital/20191104-veof-changes-of-nav-weekly-report-bb689e2d13eca0a7.xlsx carries line 2.1; not Appendix XXIV
vinacapital,veof,VINACAPITAL-VEOF,https://vinacapital.com/wp-content/uploads/2022/07/20191104-veof-nav-weekly-report.xlsx,2019-11-04,20191104-veof-nav-weekly-report.xlsx,,2019-11-04,data/raw/vinacapital/20191104-veof-nav-weekly-report-b416daa651cfe83b.xlsx,ParseError: no sheet in data/raw/vinacapital/20191104-veof-nav-weekly-report-b416daa651cfe83b.xlsx carries line 2.1; not Appendix XXIV
vinacapital,veof,VINACAPITAL-VEOF,https://vinacapital.com/wp-content/uploads/2022/07/20191106-veof-nav-weekly-report.xlsx,2019-11-06,20191106-veof-nav-weekly-report.xlsx,,2019-11-06,data/raw/vinacapital/20191106-veof-nav-weekly-report-3869a0d91364f01c.xlsx,ParseError: no sheet in data/raw/vinacapital/20191106-veof-nav-weekly-report-3869a0d91364f01c.xlsx carries line 2.1; not Appendix XXIV
vinacapital,veof,VINACAPITAL-VEOF,https://vinacapital.com/wp-content/uploads/2022/07/20191111-veof-changes-of-nav-weekly-report.xlsx,2019-11-11,20191111-veof-changes-of-nav-weekly-report.xlsx,,2019-11-11,data/raw/vinacapital/20191111-veof-changes-of-nav-weekly-report-a196d9c9b142230d.xlsx,ParseError: no sheet in data/raw/vinacapital/20191111-veof-changes-of-nav-weekly-report-a196d9c9b142230d.xlsx carries line 2.1; not Appendix XXIV
vinacapital,veof,VINACAPITAL-VEOF,https://vinacapital.com/wp-content/uploads/2022/07/20191111-veof-nav-weekly-report.xlsx,2019-11-11,20191111-veof-nav-weekly-report.xlsx,,2019-11-11,data/raw/vinacapital/20191111-veof-nav-weekly-report-02d9481b5e8c6bea.xlsx,ParseError: no sheet in data/raw/vinacapital/20191111-veof-nav-weekly-report-02d9481b5e8c6bea.xlsx carries line 2.1; not Appendix XXIV
vinacapital,veof,VINACAPITAL-VEOF,https://vinacapital.com/wp-content/uploads/2022/07/20191113-veof-nav-weekly-report.xlsx,2019-11-13,20191113-veof-nav-weekly-report.xlsx,,2019-11-13,data/raw/vinacapital/20191113-veof-nav-weekly-report-270092965a844493.xlsx,ParseError: no sheet in data/raw/vinacapital/20191113-veof-nav-weekly-report-270092965a844493.xlsx carries line 2.1; not Appendix XXIV
vinacapital,veof,VINACAPITAL-VEOF,https://vinacapital.com/wp-content/uploads/2022/07/20191118-veof-changes-of-nav-weekly-report.xlsx,2019-11-18,20191118-veof-changes-of-nav-weekly-report.xlsx,,2019-11-18,data/raw/vinacapital/20191118-veof-changes-of-nav-weekly-report-76901ef026aa09af.xlsx,ParseError: no sheet in data/raw/vinacapital/20191118-veof-changes-of-nav-weekly-report-76901ef026aa09af.xlsx carries line 2.1; not Appendix XXIV
vinacapital,veof,VINACAPITAL-VEOF,https://vinacapital.com/wp-content/uploads/2022/07/20191118-veof-nav-weekly-report.xlsx,2019-11-18,20191118-veof-nav-weekly-report.xlsx,,2019-11-18,data/raw/vinacapital/20191118-veof-nav-weekly-report-8cf1309c155a2f00.xlsx,ParseError: no sheet in data/raw/vinacapital/20191118-veof-nav-weekly-report-8cf1309c155a2f00.xlsx carries line 2.1; not Appendix XXIV
vinacapital,veof,VINACAPITAL-VEOF,https://vinacapital.com/wp-content/uploads/2022/07/20191120-veof-nav-weekly-report.xlsx,2019-11-20,20191120-veof-nav-weekly-report.xlsx,,2019-11-20,data/raw/vinacapital/20191120-veof-nav-weekly-report-7b6d21ef887f8095.xlsx,ParseError: no sheet in data/raw/vinacapital/20191120-veof-nav-weekly-report-7b6d21ef887f8095.xlsx carries line 2.1; not Appendix XXIV
vinacapital,veof,VINACAPITAL-VEOF,https://vinacapital.com/wp-content/uploads/2022/07/20191125-veof-changes-of-nav-weekly-report.xlsx,2019-11-25,20191125-veof-changes-of-nav-weekly-report.xlsx,,2019-11-25,data/raw/vinacapital/20191125-veof-changes-of-nav-weekly-report-a5513eaf6ddc874c.xlsx,ParseError: no sheet in data/raw/vinacapital/20191125-veof-changes-of-nav-weekly-report-a5513eaf6ddc874c.xlsx carries line 2.1; not Appendix XXIV
vinacapital,veof,VINACAPITAL-VEOF,https://vinacapital.com/wp-content/uploads/2022/07/20191125-veof-nav-weekly-report.xlsx,2019-11-25,20191125-veof-nav-weekly-report.xlsx,,2019-11-25,data/raw/vinacapital/20191125-veof-nav-weekly-report-e4853a2df2373d38.xlsx,ParseError: no sheet in data/raw/vinacapital/20191125-veof-nav-weekly-report-e4853a2df2373d38.xlsx carries line 2.1; not Appendix XXIV
vinacapital,veof,VINACAPITAL-VEOF,https://vinacapital.com/wp-content/uploads/2022/07/20191127-veof-nav-weekly-report.xlsx,2019-11-27,20191127-veof-nav-weekly-report.xlsx,,2019-11-27,data/raw/vinacapital/20191127-veof-nav-weekly-report-3786b10fcce40fc2.xlsx,ParseError: no sheet in data/raw/vinacapital/20191127-veof-nav-weekly-report-3786b10fcce40fc2.xlsx carries line 2.1; not Appendix XXIV
vinacapital,veof,VINACAPITAL-VEOF,https://vinacapital.com/wp-content/uploads/2022/07/20191202-veof-changes-of-nav-weekly-report.xlsx,2019-12-02,20191202-veof-changes-of-nav-weekly-report.xlsx,,2019-12-02,data/raw/vinacapital/20191202-veof-changes-of-nav-weekly-report-f65c26faef347d78.xlsx,ParseError: no sheet in data/raw/vinacapital/20191202-veof-changes-of-nav-weekly-report-f65c26faef347d78.xlsx carries line 2.1; not Appendix XXIV
vinacapital,veof,VINACAPITAL-VEOF,https://vinacapital.com/wp-content/uploads/2022/07/20191202-veof-nav-weekly-report.xlsx,2019-12-02,20191202-veof-nav-weekly-report.xlsx,,2019-12-02,data/raw/vinacapital/20191202-veof-nav-weekly-report-430cfeff84e72f58.xlsx,ParseError: no sheet in data/raw/vinacapital/20191202-veof-nav-weekly-report-430cfeff84e72f58.xlsx carries line 2.1; not Appendix XXIV
vinacapital,veof,VINACAPITAL-VEOF,https://vinacapital.com/wp-content/uploads/2022/07/20191204-veof-nav-weekly-report.xlsx,2019-12-04,20191204-veof-nav-weekly-report.xlsx,,2019-12-04,data/raw/vinacapital/20191204-veof-nav-weekly-report-9f807d344f5fb858.xlsx,ParseError: no sheet in data/raw/vinacapital/20191204-veof-nav-weekly-report-9f807d344f5fb858.xlsx carries line 2.1; not Appendix XXIV
vinacapital,veof,VINACAPITAL-VEOF,https://vinacapital.com/wp-content/uploads/2022/07/20191209-veof-changes-of-nav-weekly-report.xlsx,2019-12-09,20191209-veof-changes-of-nav-weekly-report.xlsx,,2019-12-09,data/raw/vinacapital/20191209-veof-changes-of-nav-weekly-report-22e01419bca506f7.xlsx,ParseError: no sheet in data/raw/vinacapital/20191209-veof-changes-of-nav-weekly-report-22e01419bca506f7.xlsx carries line 2.1; not Appendix XXIV
vinacapital,veof,VINACAPITAL-VEOF,https://vinacapital.com/wp-content/uploads/2022/07/20191209-veof-nav-weekly-report.xlsx,2019-12-09,20191209-veof-nav-weekly-report.xlsx,,2019-12-09,data/raw/vinacapital/20191209-veof-nav-weekly-report-0116cf6d476784c2.xlsx,ParseError: no sheet in data/raw/vinacapital/20191209-veof-nav-weekly-report-0116cf6d476784c2.xlsx carries line 2.1; not Appendix XXIV
vinacapital,veof,VINACAPITAL-VEOF,https://vinacapital.com/wp-content/uploads/2022/07/20191211-veof-nav-weekly-report.xlsx,2019-12-11,20191211-veof-nav-weekly-report.xlsx,,2019-12-11,data/raw/vinacapital/20191211-veof-nav-weekly-report-45f587cf19c7e177.xlsx,ParseError: no sheet in data/raw/vinacapital/20191211-veof-nav-weekly-report-45f587cf19c7e177.xlsx carries line 2.1; not Appendix XXIV
vinacapital,veof,VINACAPITAL-VEOF,https://vinacapital.com/wp-content/uploads/2022/07/20191216-veof-changes-of-nav-weekly-report.xlsx,2019-12-16,20191216-veof-changes-of-nav-weekly-report.xlsx,,2019-12-16,data/raw/vinacapital/20191216-veof-changes-of-nav-weekly-report-2066fb6a6be5518c.xlsx,ParseError: no sheet in data/raw/vinacapital/20191216-veof-changes-of-nav-weekly-report-2066fb6a6be5518c.xlsx carries line 2.1; not Appendix XXIV
vinacapital,veof,VINACAPITAL-VEOF,https://vinacapital.com/wp-content/uploads/2022/07/20191216-veof-nav-weekly-report.xlsx,2019-12-16,20191216-veof-nav-weekly-report.xlsx,,2019-12-16,data/raw/vinacapital/20191216-veof-nav-weekly-report-07fef93ee2ca5431.xlsx,ParseError: no sheet in data/raw/vinacapital/20191216-veof-nav-weekly-report-07fef93ee2ca5431.xlsx carries line 2.1; not Appendix XXIV
vinacapital,veof,VINACAPITAL-VEOF,https://vinacapital.com/wp-content/uploads/2022/07/20191218-veof-nav-weekly-report.xlsx,2019-12-18,20191218-veof-nav-weekly-report.xlsx,,2019-12-18,data/raw/vinacapital/20191218-veof-nav-weekly-report-7f3ff306aad126a4.xlsx,ParseError: no sheet in data/raw/vinacapital/20191218-veof-nav-weekly-report-7f3ff306aad126a4.xlsx carries line 2.1; not Appendix XXIV
vinacapital,veof,VINACAPITAL-VEOF,https://vinacapital.com/wp-content/uploads/2022/07/20191223-veof-changes-of-nav-weekly-report.xlsx,2019-12-23,20191223-veof-changes-of-nav-weekly-report.xlsx,,2019-12-23,data/raw/vinacapital/20191223-veof-changes-of-nav-weekly-report-5d57b4105f859efd.xlsx,ParseError: no sheet in data/raw/vinacapital/20191223-veof-changes-of-nav-weekly-report-5d57b4105f859efd.xlsx carries line 2.1; not Appendix XXIV
vinacapital,veof,VINACAPITAL-VEOF,https://vinacapital.com/wp-content/uploads/2022/07/20191223-veof-nav-weekly-report.xlsx,2019-12-23,20191223-veof-nav-weekly-report.xlsx,,2019-12-23,data/raw/vinacapital/20191223-veof-nav-weekly-report-e0a845e604354248.xlsx,ParseError: no sheet in data/raw/vinacapital/20191223-veof-nav-weekly-report-e0a845e604354248.xlsx carries line 2.1; not Appendix XXIV
vinacapital,veof,VINACAPITAL-VEOF,https://vinacapital.com/wp-content/uploads/2022/07/20191225-veof-nav-weekly-report.xlsx,2019-12-25,20191225-veof-nav-weekly-report.xlsx,,2019-12-25,data/raw/vinacapital/20191225-veof-nav-weekly-report-7ca2ba63c3cbbec2.xlsx,ParseError: no sheet in data/raw/vinacapital/20191225-veof-nav-weekly-report-7ca2ba63c3cbbec2.xlsx carries line 2.1; not Appendix XXIV
vinacapital,veof,VINACAPITAL-VEOF,https://vinacapital.com/wp-content/uploads/2022/07/20191230-veof-changes-of-nav-weekly-report.xlsx,2019-12-30,20191230-veof-changes-of-nav-weekly-report.xlsx,,2019-12-30,data/raw/vinacapital/20191230-veof-changes-of-nav-weekly-report-745bda13dae95f64.xlsx,ParseError: no sheet in data/raw/vinacapital/20191230-veof-changes-of-nav-weekly-report-745bda13dae95f64.xlsx carries line 2.1; not Appendix XXIV
vinacapital,veof,VINACAPITAL-VEOF,https://vinacapital.com/wp-content/uploads/2022/07/20191230-veof-nav-weekly-report.xlsx,2019-12-30,20191230-veof-nav-weekly-report.xlsx,,2019-12-30,data/raw/vinacapital/20191230-veof-nav-weekly-report-f708477510eff94e.xlsx,ParseError: no sheet in data/raw/vinacapital/20191230-veof-nav-weekly-report-f708477510eff94e.xlsx carries line 2.1; not Appendix XXIV
vinacapital,veof,VINACAPITAL-VEOF,https://vinacapital.com/wp-content/uploads/2022/07/20191231-veof-nav-weekly-report.xlsx,2019-12-31,20191231-veof-nav-weekly-report.xlsx,,2019-12-31,data/raw/vinacapital/20191231-veof-nav-weekly-report-a5a664fe49f1623c.xlsx,ParseError: no sheet in data/raw/vinacapital/20191231-veof-nav-weekly-report-a5a664fe49f1623c.xlsx carries line 2.1; not Appendix XXIV
vinacapital,veof,VINACAPITAL-VEOF,https://vinacapital.com/wp-content/uploads/2022/07/20200106-veof-changes-of-nav-weekly-report.xlsx,2020-01-06,20200106-veof-changes-of-nav-weekly-report.xlsx,,2020-01-06,data/raw/vinacapital/20200106-veof-changes-of-nav-weekly-report-34acb72ab6f3910e.xlsx,ParseError: no sheet in data/raw/vinacapital/20200106-veof-changes-of-nav-weekly-report-34acb72ab6f3910e.xlsx carries line 2.1; not Appendix XXIV
vinacapital,veof,VINACAPITAL-VEOF,https://vinacapital.com/wp-content/uploads/2022/07/20200106-veof-nav-weekly-report.xlsx,2020-01-06,20200106-veof-nav-weekly-report.xlsx,,2020-01-06,data/raw/vinacapital/20200106-veof-nav-weekly-report-b3d8ad19acd34e13.xlsx,ParseError: no sheet in data/raw/vinacapital/20200106-veof-nav-weekly-report-b3d8ad19acd34e13.xlsx carries line 2.1; not Appendix XXIV
vinacapital,veof,VINACAPITAL-VEOF,https://vinacapital.com/wp-content/uploads/2022/07/20200108-veof-nav-weekly-report.xlsx,2020-01-08,20200108-veof-nav-weekly-report.xlsx,,2020-01-08,data/raw/vinacapital/20200108-veof-nav-weekly-report-478c4b4ab2e6de9d.xlsx,ParseError: no sheet in data/raw/vinacapital/20200108-veof-nav-weekly-report-478c4b4ab2e6de9d.xlsx carries line 2.1; not Appendix XXIV
vinacapital,veof,VINACAPITAL-VEOF,https://vinacapital.com/wp-content/uploads/2022/07/20200113-veof-changes-of-nav-weekly-report.xlsx,2020-01-13,20200113-veof-changes-of-nav-weekly-report.xlsx,,2020-01-13,data/raw/vinacapital/20200113-veof-changes-of-nav-weekly-report-832c18543c22cab7.xlsx,ParseError: no sheet in data/raw/vinacapital/20200113-veof-changes-of-nav-weekly-report-832c18543c22cab7.xlsx carries line 2.1; not Appendix XXIV
vinacapital,veof,VINACAPITAL-VEOF,https://vinacapital.com/wp-content/uploads/2022/07/20200113-veof-nav-weekly-report.xlsx,2020-01-13,20200113-veof-nav-weekly-report.xlsx,,2020-01-13,data/raw/vinacapital/20200113-veof-nav-weekly-report-b29097e5a20965e7.xlsx,ParseError: no sheet in data/raw/vinacapital/20200113-veof-nav-weekly-report-b29097e5a20965e7.xlsx carries line 2.1; not Appendix XXIV
vinacapital,veof,VINACAPITAL-VEOF,https://vinacapital.com/wp-content/uploads/2022/07/20200120-veof-changes-of-nav-weekly-report.xlsx,2020-01-20,20200120-veof-changes-of-nav-weekly-report.xlsx,,2020-01-20,data/raw/vinacapital/20200120-veof-changes-of-nav-weekly-report-2cf780adf802cf85.xlsx,ParseError: no sheet in data/raw/vinacapital/20200120-veof-changes-of-nav-weekly-report-2cf780adf802cf85.xlsx carries line 2.1; not Appendix XXIV
vinacapital,veof,VINACAPITAL-VEOF,https://vinacapital.com/wp-content/uploads/2022/07/20200120-veof-nav-weekly-report.xlsx,2020-01-20,20200120-veof-nav-weekly-report.xlsx,,2020-01-20,data/raw/vinacapital/20200120-veof-nav-weekly-report-a84b77d3daa18af5.xlsx,ParseError: no sheet in data/raw/vinacapital/20200120-veof-nav-weekly-report-a84b77d3daa18af5.xlsx carries line 2.1; not Appendix XXIV
vinacapital,veof,VINACAPITAL-VEOF,https://vinacapital.com/wp-content/uploads/2022/07/20200122-veof-nav-weekly-report.xlsx,2020-01-22,20200122-veof-nav-weekly-report.xlsx,,2020-01-22,data/raw/vinacapital/20200122-veof-nav-weekly-report-181d96053821231a.xlsx,ParseError: no sheet in data/raw/vinacapital/20200122-veof-nav-weekly-report-181d96053821231a.xlsx carries line 2.1; not Appendix XXIV
vinacapital,veof,VINACAPITAL-VEOF,https://vinacapital.com/wp-content/uploads/2022/07/20200127-veof-changes-of-nav-weekly-report.xlsx,2020-01-27,20200127-veof-changes-of-nav-weekly-report.xlsx,,2020-01-27,data/raw/vinacapital/20200127-veof-changes-of-nav-weekly-report-7e9b609c12e13b6e.xlsx,ParseError: no sheet in data/raw/vinacapital/20200127-veof-changes-of-nav-weekly-report-7e9b609c12e13b6e.xlsx carries line 2.1; not Appendix XXIV
vinacapital,veof,VINACAPITAL-VEOF,https://vinacapital.com/wp-content/uploads/2022/07/20200127-veof-nav-weekly-report.xlsx,2020-01-27,20200127-veof-nav-weekly-report.xlsx,,2020-01-27,data/raw/vinacapital/20200127-veof-nav-weekly-report-1bd1dbf8cccf9f23.xlsx,ParseError: no sheet in data/raw/vinacapital/20200127-veof-nav-weekly-report-1bd1dbf8cccf9f23.xlsx carries line 2.1; not Appendix XXIV
vinacapital,veof,VINACAPITAL-VEOF,https://vinacapital.com/wp-content/uploads/2022/07/20200203-veof-changes-of-nav-weekly-report.xlsx,2020-02-03,20200203-veof-changes-of-nav-weekly-report.xlsx,,2020-02-03,data/raw/vinacapital/20200203-veof-changes-of-nav-weekly-report-c4c0854d896436d4.xlsx,ParseError: no sheet in data/raw/vinacapital/20200203-veof-changes-of-nav-weekly-report-c4c0854d896436d4.xlsx carries line 2.1; not Appendix XXIV
vinacapital,veof,VINACAPITAL-VEOF,https://vinacapital.com/wp-content/uploads/2022/07/20200203-veof-nav-weekly-report.xlsx,2020-02-03,20200203-veof-nav-weekly-report.xlsx,,2020-02-03,data/raw/vinacapital/20200203-veof-nav-weekly-report-def1e697376c0e9d.xlsx,ParseError: no sheet in data/raw/vinacapital/20200203-veof-nav-weekly-report-def1e697376c0e9d.xlsx carries line 2.1; not Appendix XXIV
vinacapital,veof,VINACAPITAL-VEOF,https://vinacapital.com/wp-content/uploads/2022/07/20200205-veof-nav-weekly-report.xlsx,2020-02-05,20200205-veof-nav-weekly-report.xlsx,,2020-02-05,data/raw/vinacapital/20200205-veof-nav-weekly-report-77c96656e29dc769.xlsx,ParseError: no sheet in data/raw/vinacapital/20200205-veof-nav-weekly-report-77c96656e29dc769.xlsx carries line 2.1; not Appendix XXIV
vinacapital,veof,VINACAPITAL-VEOF,https://vinacapital.com/wp-content/uploads/2022/07/20200210-veof-changes-of-nav-weekly-report.xlsx,2020-02-10,20200210-veof-changes-of-nav-weekly-report.xlsx,,2020-02-10,data/raw/vinacapital/20200210-veof-changes-of-nav-weekly-report-9c2ca6f4d01c6a04.xlsx,ParseError: no sheet in data/raw/vinacapital/20200210-veof-changes-of-nav-weekly-report-9c2ca6f4d01c6a04.xlsx carries line 2.1; not Appendix XXIV
vinacapital,veof,VINACAPITAL-VEOF,https://vinacapital.com/wp-content/uploads/2022/07/20200210-veof-nav-weekly-report.xlsx,2020-02-10,20200210-veof-nav-weekly-report.xlsx,,2020-02-10,data/raw/vinacapital/20200210-veof-nav-weekly-report-d1b3a375715f6815.xlsx,ParseError: no sheet in data/raw/vinacapital/20200210-veof-nav-weekly-report-d1b3a375715f6815.xlsx carries line 2.1; not Appendix XXIV
vinacapital,veof,VINACAPITAL-VEOF,https://vinacapital.com/wp-content/uploads/2022/07/20200212-veof-nav-weekly-report.xlsx,2020-02-12,20200212-veof-nav-weekly-report.xlsx,,2020-02-12,data/raw/vinacapital/20200212-veof-nav-weekly-report-81cfcac3556afaeb.xlsx,ParseError: no sheet in data/raw/vinacapital/20200212-veof-nav-weekly-report-81cfcac3556afaeb.xlsx carries line 2.1; not Appendix XXIV
vinacapital,veof,VINACAPITAL-VEOF,https://vinacapital.com/wp-content/uploads/2022/07/20200217-veof-changes-of-nav-weekly-report.xlsx,2020-02-17,20200217-veof-changes-of-nav-weekly-report.xlsx,,2020-02-17,data/raw/vinacapital/20200217-veof-changes-of-nav-weekly-report-c329daf42e94ccaa.xlsx,ParseError: no sheet in data/raw/vinacapital/20200217-veof-changes-of-nav-weekly-report-c329daf42e94ccaa.xlsx carries line 2.1; not Appendix XXIV
vinacapital,veof,VINACAPITAL-VEOF,https://vinacapital.com/wp-content/uploads/2022/07/20200217-veof-nav-weekly-report.xlsx,2020-02-17,20200217-veof-nav-weekly-report.xlsx,,2020-02-17,data/raw/vinacapital/20200217-veof-nav-weekly-report-711d045c19d8d84a.xlsx,ParseError: no sheet in data/raw/vinacapital/20200217-veof-nav-weekly-report-711d045c19d8d84a.xlsx carries line 2.1; not Appendix XXIV
vinacapital,veof,VINACAPITAL-VEOF,https://vinacapital.com/wp-content/uploads/2022/07/20200219-veof-nav-weekly-report.xlsx,2020-02-19,20200219-veof-nav-weekly-report.xlsx,,2020-02-19,data/raw/vinacapital/20200219-veof-nav-weekly-report-81ca51340b69015d.xlsx,ParseError: no sheet in data/raw/vinacapital/20200219-veof-nav-weekly-report-81ca51340b69015d.xlsx carries line 2.1; not Appendix XXIV
vinacapital,veof,VINACAPITAL-VEOF,https://vinacapital.com/wp-content/uploads/2022/07/20200224-veof-changes-of-nav-weekly-report.xlsx,2020-02-24,20200224-veof-changes-of-nav-weekly-report.xlsx,,2020-02-24,data/raw/vinacapital/20200224-veof-changes-of-nav-weekly-report-3da624d05857e9e6.xlsx,ParseError: no sheet in data/raw/vinacapital/20200224-veof-changes-of-nav-weekly-report-3da624d05857e9e6.xlsx carries line 2.1; not Appendix XXIV
vinacapital,veof,VINACAPITAL-VEOF,https://vinacapital.com/wp-content/uploads/2022/07/20200224-veof-nav-weekly-report.xlsx,2020-02-24,20200224-veof-nav-weekly-report.xlsx,,2020-02-24,data/raw/vinacapital/20200224-veof-nav-weekly-report-b5de650aa5071b2e.xlsx,ParseError: no sheet in data/raw/vinacapital/20200224-veof-nav-weekly-report-b5de650aa5071b2e.xlsx carries line 2.1; not Appendix XXIV
vinacapital,veof,VINACAPITAL-VEOF,https://vinacapital.com/wp-content/uploads/2022/07/20200226-veof-nav-weekly-report.xlsx,2020-02-26,20200226-veof-nav-weekly-report.xlsx,,2020-02-26,data/raw/vinacapital/20200226-veof-nav-weekly-report-229272993b193d9e.xlsx,ParseError: no sheet in data/raw/vinacapital/20200226-veof-nav-weekly-report-229272993b193d9e.xlsx carries line 2.1; not Appendix XXIV
vinacapital,veof,VINACAPITAL-VEOF,https://vinacapital.com/wp-content/uploads/2022/07/20200302-veof-changes-of-nav-weekly-report.xlsx,2020-03-02,20200302-veof-changes-of-nav-weekly-report.xlsx,,2020-03-02,data/raw/vinacapital/20200302-veof-changes-of-nav-weekly-report-800bd3c0ce279390.xlsx,ParseError: no sheet in data/raw/vinacapital/20200302-veof-changes-of-nav-weekly-report-800bd3c0ce279390.xlsx carries line 2.1; not Appendix XXIV
vinacapital,veof,VINACAPITAL-VEOF,https://vinacapital.com/wp-content/uploads/2022/07/20200302-veof-nav-weekly-report.xlsx,2020-03-02,20200302-veof-nav-weekly-report.xlsx,,2020-03-02,data/raw/vinacapital/20200302-veof-nav-weekly-report-4f3353853f56d7b4.xlsx,ParseError: no sheet in data/raw/vinacapital/20200302-veof-nav-weekly-report-4f3353853f56d7b4.xlsx carries line 2.1; not Appendix XXIV
vinacapital,veof,VINACAPITAL-VEOF,https://vinacapital.com/wp-content/uploads/2022/07/20200304-veof-nav-weekly-report.xlsx,2020-03-04,20200304-veof-nav-weekly-report.xlsx,,2020-03-04,data/raw/vinacapital/20200304-veof-nav-weekly-report-d1bb25befe360bdf.xlsx,ParseError: no sheet in data/raw/vinacapital/20200304-veof-nav-weekly-report-d1bb25befe360bdf.xlsx carries line 2.1; not Appendix XXIV
vinacapital,veof,VINACAPITAL-VEOF,https://vinacapital.com/wp-content/uploads/2022/07/20200309-veof-changes-of-nav-weekly-report.xlsx,2020-03-09,20200309-veof-changes-of-nav-weekly-report.xlsx,,2020-03-09,data/raw/vinacapital/20200309-veof-changes-of-nav-weekly-report-098a6a584a5bc1a1.xlsx,ParseError: no sheet in data/raw/vinacapital/20200309-veof-changes-of-nav-weekly-report-098a6a584a5bc1a1.xlsx carries line 2.1; not Appendix XXIV
vinacapital,veof,VINACAPITAL-VEOF,https://vinacapital.com/wp-content/uploads/2022/07/20200309-veof-nav-weekly-report.xlsx,2020-03-09,20200309-veof-nav-weekly-report.xlsx,,2020-03-09,data/raw/vinacapital/20200309-veof-nav-weekly-report-742073765a54b6cc.xlsx,ParseError: no sheet in data/raw/vinacapital/20200309-veof-nav-weekly-report-742073765a54b6cc.xlsx carries line 2.1; not Appendix XXIV
vinacapital,veof,VINACAPITAL-VEOF,https://vinacapital.com/wp-content/uploads/2022/07/20200311-veof-nav-weekly-report.xlsx,2020-03-11,20200311-veof-nav-weekly-report.xlsx,,2020-03-11,data/raw/vinacapital/20200311-veof-nav-weekly-report-0c5ba4d5087b8949.xlsx,ParseError: no sheet in data/raw/vinacapital/20200311-veof-nav-weekly-report-0c5ba4d5087b8949.xlsx carries line 2.1; not Appendix XXIV
vinacapital,veof,VINACAPITAL-VEOF,https://vinacapital.com/wp-content/uploads/2022/07/20200316-veof-changes-of-nav-weekly-report.xlsx,2020-03-16,20200316-veof-changes-of-nav-weekly-report.xlsx,,2020-03-16,data/raw/vinacapital/20200316-veof-changes-of-nav-weekly-report-5ac21a5a81920d59.xlsx,ParseError: no sheet in data/raw/vinacapital/20200316-veof-changes-of-nav-weekly-report-5ac21a5a81920d59.xlsx carries line 2.1; not Appendix XXIV
vinacapital,veof,VINACAPITAL-VEOF,https://vinacapital.com/wp-content/uploads/2022/07/20200316-veof-nav-weekly-report.xlsx,2020-03-16,20200316-veof-nav-weekly-report.xlsx,,2020-03-16,data/raw/vinacapital/20200316-veof-nav-weekly-report-6ce2ba803cd6017c.xlsx,ParseError: no sheet in data/raw/vinacapital/20200316-veof-nav-weekly-report-6ce2ba803cd6017c.xlsx carries line 2.1; not Appendix XXIV
vinacapital,veof,VINACAPITAL-VEOF,https://vinacapital.com/wp-content/uploads/2022/07/20200318-veof-nav-weekly-report.xlsx,2020-03-18,20200318-veof-nav-weekly-report.xlsx,,2020-03-18,data/raw/vinacapital/20200318-veof-nav-weekly-report-4215ce94742f4543.xlsx,ParseError: no sheet in data/raw/vinacapital/20200318-veof-nav-weekly-report-4215ce94742f4543.xlsx carries line 2.1; not Appendix XXIV
vinacapital,veof,VINACAPITAL-VEOF,https://vinacapital.com/wp-content/uploads/2022/07/20200323-veof-changes-of-nav-weekly-report.xlsx,2020-03-23,20200323-veof-changes-of-nav-weekly-report.xlsx,,2020-03-23,data/raw/vinacapital/20200323-veof-changes-of-nav-weekly-report-8c00efe0c1dd53ad.xlsx,ParseError: no sheet in data/raw/vinacapital/20200323-veof-changes-of-nav-weekly-report-8c00efe0c1dd53ad.xlsx carries line 2.1; not Appendix XXIV
vinacapital,veof,VINACAPITAL-VEOF,https://vinacapital.com/wp-content/uploads/2022/07/20200323-veof-nav-weekly-report.xlsx,2020-03-23,20200323-veof-nav-weekly-report.xlsx,,2020-03-23,data/raw/vinacapital/20200323-veof-nav-weekly-report-afb7109e6eb299bd.xlsx,ParseError: no sheet in data/raw/vinacapital/20200323-veof-nav-weekly-report-afb7109e6eb299bd.xlsx carries line 2.1; not Appendix XXIV
vinacapital,veof,VINACAPITAL-VEOF,https://vinacapital.com/wp-content/uploads/2022/07/20200325-veof-nav-weekly-report.xlsx,2020-03-25,20200325-veof-nav-weekly-report.xlsx,,2020-03-25,data/raw/vinacapital/20200325-veof-nav-weekly-report-a67f0735550015ca.xlsx,ParseError: no sheet in data/raw/vinacapital/20200325-veof-nav-weekly-report-a67f0735550015ca.xlsx carries line 2.1; not Appendix XXIV
vinacapital,veof,VINACAPITAL-VEOF,https://vinacapital.com/wp-content/uploads/2022/07/20200330-veof-changes-of-nav-weekly-report.xlsx,2020-03-30,20200330-veof-changes-of-nav-weekly-report.xlsx,,2020-03-30,data/raw/vinacapital/20200330-veof-changes-of-nav-weekly-report-347f5c28ab3e3815.xlsx,ParseError: no sheet in data/raw/vinacapital/20200330-veof-changes-of-nav-weekly-report-347f5c28ab3e3815.xlsx carries line 2.1; not Appendix XXIV
vinacapital,veof,VINACAPITAL-VEOF,https://vinacapital.com/wp-content/uploads/2022/07/20200330-veof-nav-weekly-report.xlsx,2020-03-30,20200330-veof-nav-weekly-report.xlsx,,2020-03-30,data/raw/vinacapital/20200330-veof-nav-weekly-report-9193a7e2342894a3.xlsx,ParseError: no sheet in data/raw/vinacapital/20200330-veof-nav-weekly-report-9193a7e2342894a3.xlsx carries line 2.1; not Appendix XXIV
vinacapital,veof,VINACAPITAL-VEOF,https://vinacapital.com/wp-content/uploads/2022/07/20200406-veof-changes-of-nav-weekly-report.xlsx,2020-04-06,20200406-veof-changes-of-nav-weekly-report.xlsx,,2020-04-06,data/raw/vinacapital/20200406-veof-changes-of-nav-weekly-report-44d551d9617b4e0b.xlsx,ParseError: no sheet in data/raw/vinacapital/20200406-veof-changes-of-nav-weekly-report-44d551d9617b4e0b.xlsx carries line 2.1; not Appendix XXIV
vinacapital,veof,VINACAPITAL-VEOF,https://vinacapital.com/wp-content/uploads/2022/07/20200406-veof-nav-weekly-report.xlsx,2020-04-06,20200406-veof-nav-weekly-report.xlsx,,2020-04-06,data/raw/vinacapital/20200406-veof-nav-weekly-report-28a1f4940bf66f0e.xlsx,ParseError: no sheet in data/raw/vinacapital/20200406-veof-nav-weekly-report-28a1f4940bf66f0e.xlsx carries line 2.1; not Appendix XXIV
vinacapital,veof,VINACAPITAL-VEOF,https://vinacapital.com/wp-content/uploads/2022/07/20200408-veof-nav-weekly-report.xlsx,2020-04-08,20200408-veof-nav-weekly-report.xlsx,,2020-04-08,data/raw/vinacapital/20200408-veof-nav-weekly-report-5ca9a4247f83cd7a.xlsx,ParseError: no sheet in data/raw/vinacapital/20200408-veof-nav-weekly-report-5ca9a4247f83cd7a.xlsx carries line 2.1; not Appendix XXIV
vinacapital,veof,VINACAPITAL-VEOF,https://vinacapital.com/wp-content/uploads/2022/07/20200413-veof-changes-of-nav-weekly-report.xlsx,2020-04-13,20200413-veof-changes-of-nav-weekly-report.xlsx,,2020-04-13,data/raw/vinacapital/20200413-veof-changes-of-nav-weekly-report-8b7e683f6def56d6.xlsx,ParseError: no sheet in data/raw/vinacapital/20200413-veof-changes-of-nav-weekly-report-8b7e683f6def56d6.xlsx carries line 2.1; not Appendix XXIV
vinacapital,veof,VINACAPITAL-VEOF,https://vinacapital.com/wp-content/uploads/2022/07/20200413-veof-nav-weekly-report.xlsx,2020-04-13,20200413-veof-nav-weekly-report.xlsx,,2020-04-13,data/raw/vinacapital/20200413-veof-nav-weekly-report-4de163f40336a988.xlsx,ParseError: no sheet in data/raw/vinacapital/20200413-veof-nav-weekly-report-4de163f40336a988.xlsx carries line 2.1; not Appendix XXIV
vinacapital,veof,VINACAPITAL-VEOF,https://vinacapital.com/wp-content/uploads/2022/07/20200415-veof-nav-weekly-report.xlsx,2020-04-15,20200415-veof-nav-weekly-report.xlsx,,2020-04-15,data/raw/vinacapital/20200415-veof-nav-weekly-report-ec6c501c71511b97.xlsx,ParseError: no sheet in data/raw/vinacapital/20200415-veof-nav-weekly-report-ec6c501c71511b97.xlsx carries line 2.1; not Appendix XXIV
vinacapital,veof,VINACAPITAL-VEOF,https://vinacapital.com/wp-content/uploads/2022/07/20200420-veof-changes-of-nav-weekly-report.xlsx,2020-04-20,20200420-veof-changes-of-nav-weekly-report.xlsx,,2020-04-20,data/raw/vinacapital/20200420-veof-changes-of-nav-weekly-report-fb1c4a3f5fb240ab.xlsx,ParseError: no sheet in data/raw/vinacapital/20200420-veof-changes-of-nav-weekly-report-fb1c4a3f5fb240ab.xlsx carries line 2.1; not Appendix XXIV
vinacapital,veof,VINACAPITAL-VEOF,https://vinacapital.com/wp-content/uploads/2022/07/20200420-veof-nav-weekly-report.xlsx,2020-04-20,20200420-veof-nav-weekly-report.xlsx,,2020-04-20,data/raw/vinacapital/20200420-veof-nav-weekly-report-100fa4fcb70dd4b1.xlsx,ParseError: no sheet in data/raw/vinacapital/20200420-veof-nav-weekly-report-100fa4fcb70dd4b1.xlsx carries line 2.1; not Appendix XXIV
vinacapital,veof,VINACAPITAL-VEOF,https://vinacapital.com/wp-content/uploads/2022/07/20200422-veof-nav-weekly-report.xlsx,2020-04-22,20200422-veof-nav-weekly-report.xlsx,,2020-04-22,data/raw/vinacapital/20200422-veof-nav-weekly-report-56867d111142e540.xlsx,ParseError: no sheet in data/raw/vinacapital/20200422-veof-nav-weekly-report-56867d111142e540.xlsx carries line 2.1; not Appendix XXIV
vinacapital,veof,VINACAPITAL-VEOF,https://vinacapital.com/wp-content/uploads/2022/07/20200427-veof-changes-of-nav-weekly-report.xlsx,2020-04-27,20200427-veof-changes-of-nav-weekly-report.xlsx,,2020-04-27,data/raw/vinacapital/20200427-veof-changes-of-nav-weekly-report-4f6fa744df4f543a.xlsx,ParseError: no sheet in data/raw/vinacapital/20200427-veof-changes-of-nav-weekly-report-4f6fa744df4f543a.xlsx carries line 2.1; not Appendix XXIV
vinacapital,veof,VINACAPITAL-VEOF,https://vinacapital.com/wp-content/uploads/2022/07/20200427-veof-nav-weekly-report.xlsx,2020-04-27,20200427-veof-nav-weekly-report.xlsx,,2020-04-27,data/raw/vinacapital/20200427-veof-nav-weekly-report-027e4c5c8dec4bb1.xlsx,ParseError: no sheet in data/raw/vinacapital/20200427-veof-nav-weekly-report-027e4c5c8dec4bb1.xlsx carries line 2.1; not Appendix XXIV
vinacapital,veof,VINACAPITAL-VEOF,https://vinacapital.com/wp-content/uploads/2022/07/20200504-veof-changes-of-nav-weekly-report.xlsx,2020-05-04,20200504-veof-changes-of-nav-weekly-report.xlsx,,2020-05-04,data/raw/vinacapital/20200504-veof-changes-of-nav-weekly-report-17fe66999690cd25.xlsx,ParseError: no sheet in data/raw/vinacapital/20200504-veof-changes-of-nav-weekly-report-17fe66999690cd25.xlsx carries line 2.1; not Appendix XXIV
vinacapital,veof,VINACAPITAL-VEOF,https://vinacapital.com/wp-content/uploads/2022/07/20200504-veof-nav-weekly-report.xlsx,2020-05-04,20200504-veof-nav-weekly-report.xlsx,,2020-05-04,data/raw/vinacapital/20200504-veof-nav-weekly-report-72c58aca042e3695.xlsx,ParseError: no sheet in data/raw/vinacapital/20200504-veof-nav-weekly-report-72c58aca042e3695.xlsx carries line 2.1; not Appendix XXIV
vinacapital,veof,VINACAPITAL-VEOF,https://vinacapital.com/wp-content/uploads/2022/07/20200506-veof-nav-weekly-report.xlsx,2020-05-06,20200506-veof-nav-weekly-report.xlsx,,2020-05-06,data/raw/vinacapital/20200506-veof-nav-weekly-report-18c1141bf483d1f8.xlsx,ParseError: no sheet in data/raw/vinacapital/20200506-veof-nav-weekly-report-18c1141bf483d1f8.xlsx carries line 2.1; not Appendix XXIV
vinacapital,veof,VINACAPITAL-VEOF,https://vinacapital.com/wp-content/uploads/2022/07/20200511-veof-changes-of-nav-weekly-report.xlsx,2020-05-11,20200511-veof-changes-of-nav-weekly-report.xlsx,,2020-05-11,data/raw/vinacapital/20200511-veof-changes-of-nav-weekly-report-573930d9cc96254d.xlsx,ParseError: no sheet in data/raw/vinacapital/20200511-veof-changes-of-nav-weekly-report-573930d9cc96254d.xlsx carries line 2.1; not Appendix XXIV
vinacapital,veof,VINACAPITAL-VEOF,https://vinacapital.com/wp-content/uploads/2022/07/20200511-veof-nav-weekly-report.xlsx,2020-05-11,20200511-veof-nav-weekly-report.xlsx,,2020-05-11,data/raw/vinacapital/20200511-veof-nav-weekly-report-5d1cc7b23ac23122.xlsx,ParseError: no sheet in data/raw/vinacapital/20200511-veof-nav-weekly-report-5d1cc7b23ac23122.xlsx carries line 2.1; not Appendix XXIV
vinacapital,veof,VINACAPITAL-VEOF,https://vinacapital.com/wp-content/uploads/2022/07/20200513-veof-nav-weekly-report.xlsx,2020-05-13,20200513-veof-nav-weekly-report.xlsx,,2020-05-13,data/raw/vinacapital/20200513-veof-nav-weekly-report-e049ec8b2a644fe4.xlsx,ParseError: no sheet in data/raw/vinacapital/20200513-veof-nav-weekly-report-e049ec8b2a644fe4.xlsx carries line 2.1; not Appendix XXIV
vinacapital,veof,VINACAPITAL-VEOF,https://vinacapital.com/wp-content/uploads/2022/07/20200518-veof-changes-of-nav-weekly-report.xlsx,2020-05-18,20200518-veof-changes-of-nav-weekly-report.xlsx,,2020-05-18,data/raw/vinacapital/20200518-veof-changes-of-nav-weekly-report-950ca5f6ec82f391.xlsx,ParseError: no sheet in data/raw/vinacapital/20200518-veof-changes-of-nav-weekly-report-950ca5f6ec82f391.xlsx carries line 2.1; not Appendix XXIV
vinacapital,veof,VINACAPITAL-VEOF,https://vinacapital.com/wp-content/uploads/2022/07/20200518-veof-nav-weekly-report.xlsx,2020-05-18,20200518-veof-nav-weekly-report.xlsx,,2020-05-18,data/raw/vinacapital/20200518-veof-nav-weekly-report-7a6bce0214c88715.xlsx,ParseError: no sheet in data/raw/vinacapital/20200518-veof-nav-weekly-report-7a6bce0214c88715.xlsx carries line 2.1; not Appendix XXIV
vinacapital,veof,VINACAPITAL-VEOF,https://vinacapital.com/wp-content/uploads/2022/07/20200520-veof-nav-weekly-report-2.xlsx,2020-05-20,20200520-veof-nav-weekly-report-2.xlsx,,2020-05-20,data/raw/vinacapital/20200520-veof-nav-weekly-report-2-f47fe49070f530b4.xlsx,ParseError: no sheet in data/raw/vinacapital/20200520-veof-nav-weekly-report-2-f47fe49070f530b4.xlsx carries line 2.1; not Appendix XXIV
vinacapital,veof,VINACAPITAL-VEOF,https://vinacapital.com/wp-content/uploads/2022/07/20200525-veof-changes-of-nav-weekly-report.xlsx,2020-05-25,20200525-veof-changes-of-nav-weekly-report.xlsx,,2020-05-25,data/raw/vinacapital/20200525-veof-changes-of-nav-weekly-report-06d60cb1a3a497c9.xlsx,ParseError: no sheet in data/raw/vinacapital/20200525-veof-changes-of-nav-weekly-report-06d60cb1a3a497c9.xlsx carries line 2.1; not Appendix XXIV
vinacapital,veof,VINACAPITAL-VEOF,https://vinacapital.com/wp-content/uploads/2022/07/20200525-veof-nav-weekly-report.xlsx,2020-05-25,20200525-veof-nav-weekly-report.xlsx,,2020-05-25,data/raw/vinacapital/20200525-veof-nav-weekly-report-5428117c4a0b6b9b.xlsx,ParseError: no sheet in data/raw/vinacapital/20200525-veof-nav-weekly-report-5428117c4a0b6b9b.xlsx carries line 2.1; not Appendix XXIV
vinacapital,veof,VINACAPITAL-VEOF,https://vinacapital.com/wp-content/uploads/2022/07/20200527-veof-nav-weekly-report.xlsx,2020-05-27,20200527-veof-nav-weekly-report.xlsx,,2020-05-27,data/raw/vinacapital/20200527-veof-nav-weekly-report-11b43a6a548ffd32.xlsx,ParseError: no sheet in data/raw/vinacapital/20200527-veof-nav-weekly-report-11b43a6a548ffd32.xlsx carries line 2.1; not Appendix XXIV
vinacapital,veof,VINACAPITAL-VEOF,https://vinacapital.com/wp-content/uploads/2022/07/20200601-veof-changes-of-nav-weekly-report.xlsx,2020-06-01,20200601-veof-changes-of-nav-weekly-report.xlsx,,2020-06-01,data/raw/vinacapital/20200601-veof-changes-of-nav-weekly-report-e883a1932d376ced.xlsx,ParseError: no sheet in data/raw/vinacapital/20200601-veof-changes-of-nav-weekly-report-e883a1932d376ced.xlsx carries line 2.1; not Appendix XXIV
vinacapital,veof,VINACAPITAL-VEOF,https://vinacapital.com/wp-content/uploads/2022/07/20200601-veof-nav-weekly-report.xlsx,2020-06-01,20200601-veof-nav-weekly-report.xlsx,,2020-06-01,data/raw/vinacapital/20200601-veof-nav-weekly-report-1488831aab76082e.xlsx,ParseError: no sheet in data/raw/vinacapital/20200601-veof-nav-weekly-report-1488831aab76082e.xlsx carries line 2.1; not Appendix XXIV
vinacapital,veof,VINACAPITAL-VEOF,https://vinacapital.com/wp-content/uploads/2022/07/20200603-veof-nav-weekly-report.xlsx,2020-06-03,20200603-veof-nav-weekly-report.xlsx,,2020-06-03,data/raw/vinacapital/20200603-veof-nav-weekly-report-149cf89ad293473e.xlsx,ParseError: no sheet in data/raw/vinacapital/20200603-veof-nav-weekly-report-149cf89ad293473e.xlsx carries line 2.1; not Appendix XXIV
vinacapital,veof,VINACAPITAL-VEOF,https://vinacapital.com/wp-content/uploads/2022/07/20200608-veof-changes-of-nav-weekly-report.xlsx,2020-06-08,20200608-veof-changes-of-nav-weekly-report.xlsx,,2020-06-08,data/raw/vinacapital/20200608-veof-changes-of-nav-weekly-report-fb3195c8a8c8f99f.xlsx,ParseError: no sheet in data/raw/vinacapital/20200608-veof-changes-of-nav-weekly-report-fb3195c8a8c8f99f.xlsx carries line 2.1; not Appendix XXIV
vinacapital,veof,VINACAPITAL-VEOF,https://vinacapital.com/wp-content/uploads/2022/07/20200608-veof-nav-weekly-report.xlsx,2020-06-08,20200608-veof-nav-weekly-report.xlsx,,2020-06-08,data/raw/vinacapital/20200608-veof-nav-weekly-report-6cb350339c721898.xlsx,ParseError: no sheet in data/raw/vinacapital/20200608-veof-nav-weekly-report-6cb350339c721898.xlsx carries line 2.1; not Appendix XXIV
vinacapital,veof,VINACAPITAL-VEOF,https://vinacapital.com/wp-content/uploads/2022/07/20200610-veof-nav-weekly-report.xlsx,2020-06-10,20200610-veof-nav-weekly-report.xlsx,,2020-06-10,data/raw/vinacapital/20200610-veof-nav-weekly-report-d671dc0d65de88c3.xlsx,ParseError: no sheet in data/raw/vinacapital/20200610-veof-nav-weekly-report-d671dc0d65de88c3.xlsx carries line 2.1; not Appendix XXIV
vinacapital,veof,VINACAPITAL-VEOF,https://vinacapital.com/wp-content/uploads/2022/07/20200615-veof-changes-of-nav-weekly-report.xlsx,2020-06-15,20200615-veof-changes-of-nav-weekly-report.xlsx,,2020-06-15,data/raw/vinacapital/20200615-veof-changes-of-nav-weekly-report-d788c6a394e90316.xlsx,ParseError: no sheet in data/raw/vinacapital/20200615-veof-changes-of-nav-weekly-report-d788c6a394e90316.xlsx carries line 2.1; not Appendix XXIV
vinacapital,veof,VINACAPITAL-VEOF,https://vinacapital.com/wp-content/uploads/2022/07/20200615-veof-nav-weekly-report.xlsx,2020-06-15,20200615-veof-nav-weekly-report.xlsx,,2020-06-15,data/raw/vinacapital/20200615-veof-nav-weekly-report-796083412e91be01.xlsx,ParseError: no sheet in data/raw/vinacapital/20200615-veof-nav-weekly-report-796083412e91be01.xlsx carries line 2.1; not Appendix XXIV
vinacapital,veof,VINACAPITAL-VEOF,https://vinacapital.com/wp-content/uploads/2022/07/20200617-veof-nav-weekly-report.xlsx,2020-06-17,20200617-veof-nav-weekly-report.xlsx,,2020-06-17,data/raw/vinacapital/20200617-veof-nav-weekly-report-4bb5ef3aa9bb29b7.xlsx,ParseError: no sheet in data/raw/vinacapital/20200617-veof-nav-weekly-report-4bb5ef3aa9bb29b7.xlsx carries line 2.1; not Appendix XXIV
vinacapital,veof,VINACAPITAL-VEOF,https://vinacapital.com/wp-content/uploads/2022/07/20200622-veof-changes-of-nav-weekly-report.xlsx,2020-06-22,20200622-veof-changes-of-nav-weekly-report.xlsx,,2020-06-22,data/raw/vinacapital/20200622-veof-changes-of-nav-weekly-report-1d89235926d92e55.xlsx,ParseError: no sheet in data/raw/vinacapital/20200622-veof-changes-of-nav-weekly-report-1d89235926d92e55.xlsx carries line 2.1; not Appendix XXIV
vinacapital,veof,VINACAPITAL-VEOF,https://vinacapital.com/wp-content/uploads/2022/07/20200622-veof-nav-weekly-report.xlsx,2020-06-22,20200622-veof-nav-weekly-report.xlsx,,2020-06-22,data/raw/vinacapital/20200622-veof-nav-weekly-report-f91240c4cf20189c.xlsx,ParseError: no sheet in data/raw/vinacapital/20200622-veof-nav-weekly-report-f91240c4cf20189c.xlsx carries line 2.1; not Appendix XXIV
vinacapital,veof,VINACAPITAL-VEOF,https://vinacapital.com/wp-content/uploads/2022/07/20200624-veof-nav-weekly-report.xlsx,2020-06-24,20200624-veof-nav-weekly-report.xlsx,,2020-06-24,data/raw/vinacapital/20200624-veof-nav-weekly-report-965e2cbf507bfc02.xlsx,ParseError: no sheet in data/raw/vinacapital/20200624-veof-nav-weekly-report-965e2cbf507bfc02.xlsx carries line 2.1; not Appendix XXIV
vinacapital,veof,VINACAPITAL-VEOF,https://vinacapital.com/wp-content/uploads/2022/07/20200629-veof-changes-of-nav-weekly-report.xlsx,2020-06-29,20200629-veof-changes-of-nav-weekly-report.xlsx,,2020-06-29,data/raw/vinacapital/20200629-veof-changes-of-nav-weekly-report-5e8cae3c65961f2e.xlsx,ParseError: no sheet in data/raw/vinacapital/20200629-veof-changes-of-nav-weekly-report-5e8cae3c65961f2e.xlsx carries line 2.1; not Appendix XXIV
vinacapital,veof,VINACAPITAL-VEOF,https://vinacapital.com/wp-content/uploads/2022/07/20200629-veof-nav-weekly-report.xlsx,2020-06-29,20200629-veof-nav-weekly-report.xlsx,,2020-06-29,data/raw/vinacapital/20200629-veof-nav-weekly-report-26d328fe67f62331.xlsx,ParseError: no sheet in data/raw/vinacapital/20200629-veof-nav-weekly-report-26d328fe67f62331.xlsx carries line 2.1; not Appendix XXIV
vinacapital,veof,VINACAPITAL-VEOF,https://vinacapital.com/wp-content/uploads/2022/07/20200701-veof-nav-weekly-report.xlsx,2020-07-01,20200701-veof-nav-weekly-report.xlsx,,2020-07-01,data/raw/vinacapital/20200701-veof-nav-weekly-report-1f1e568e6c1c9b51.xlsx,ParseError: no sheet in data/raw/vinacapital/20200701-veof-nav-weekly-report-1f1e568e6c1c9b51.xlsx carries line 2.1; not Appendix XXIV
vinacapital,veof,VINACAPITAL-VEOF,https://vinacapital.com/wp-content/uploads/2022/07/20200706-veof-changes-of-nav-weekly-report.xlsx,2020-07-06,20200706-veof-changes-of-nav-weekly-report.xlsx,,2020-07-06,data/raw/vinacapital/20200706-veof-changes-of-nav-weekly-report-66cf6e8159f96d4b.xlsx,ParseError: no sheet in data/raw/vinacapital/20200706-veof-changes-of-nav-weekly-report-66cf6e8159f96d4b.xlsx carries line 2.1; not Appendix XXIV
vinacapital,veof,VINACAPITAL-VEOF,https://vinacapital.com/wp-content/uploads/2022/07/20200706-veof-nav-weekly-report.xlsx,2020-07-06,20200706-veof-nav-weekly-report.xlsx,,2020-07-06,data/raw/vinacapital/20200706-veof-nav-weekly-report-250bcf908cb970c8.xlsx,ParseError: no sheet in data/raw/vinacapital/20200706-veof-nav-weekly-report-250bcf908cb970c8.xlsx carries line 2.1; not Appendix XXIV
vinacapital,veof,VINACAPITAL-VEOF,https://vinacapital.com/wp-content/uploads/2022/07/20200708-veof-nav-weekly-report.xlsx,2020-07-08,20200708-veof-nav-weekly-report.xlsx,,2020-07-08,data/raw/vinacapital/20200708-veof-nav-weekly-report-fc30b8e2ccf2c4c8.xlsx,ParseError: no sheet in data/raw/vinacapital/20200708-veof-nav-weekly-report-fc30b8e2ccf2c4c8.xlsx carries line 2.1; not Appendix XXIV
vinacapital,veof,VINACAPITAL-VEOF,https://vinacapital.com/wp-content/uploads/2022/07/20200713-veof-changes-of-nav-weekly-report.xlsx,2020-07-13,20200713-veof-changes-of-nav-weekly-report.xlsx,,2020-07-13,data/raw/vinacapital/20200713-veof-changes-of-nav-weekly-report-88525a2238fc4ae1.xlsx,ParseError: no sheet in data/raw/vinacapital/20200713-veof-changes-of-nav-weekly-report-88525a2238fc4ae1.xlsx carries line 2.1; not Appendix XXIV
vinacapital,veof,VINACAPITAL-VEOF,https://vinacapital.com/wp-content/uploads/2022/07/20200713-veof-nav-weekly-report.xlsx,2020-07-13,20200713-veof-nav-weekly-report.xlsx,,2020-07-13,data/raw/vinacapital/20200713-veof-nav-weekly-report-1988abea648748a6.xlsx,ParseError: no sheet in data/raw/vinacapital/20200713-veof-nav-weekly-report-1988abea648748a6.xlsx carries line 2.1; not Appendix XXIV
vinacapital,veof,VINACAPITAL-VEOF,https://vinacapital.com/wp-content/uploads/2022/07/20200715-veof-nav-weekly-report.xlsx,2020-07-15,20200715-veof-nav-weekly-report.xlsx,,2020-07-15,data/raw/vinacapital/20200715-veof-nav-weekly-report-b2786f89597ae2d0.xlsx,ParseError: no sheet in data/raw/vinacapital/20200715-veof-nav-weekly-report-b2786f89597ae2d0.xlsx carries line 2.1; not Appendix XXIV
vinacapital,veof,VINACAPITAL-VEOF,https://vinacapital.com/wp-content/uploads/2022/07/20200722-veof-nav-weekly-report.xlsx,2020-07-22,20200722-veof-nav-weekly-report.xlsx,,2020-07-22,data/raw/vinacapital/20200722-veof-nav-weekly-report-2953aef5933c891d.xlsx,ParseError: no sheet in data/raw/vinacapital/20200722-veof-nav-weekly-report-2953aef5933c891d.xlsx carries line 2.1; not Appendix XXIV
vinacapital,veof,VINACAPITAL-VEOF,https://vinacapital.com/wp-content/uploads/2022/07/20200727-veof-changes-of-nav-weekly-report.xlsx,2020-07-27,20200727-veof-changes-of-nav-weekly-report.xlsx,,2020-07-27,data/raw/vinacapital/20200727-veof-changes-of-nav-weekly-report-57374f425f443ca7.xlsx,ParseError: no sheet in data/raw/vinacapital/20200727-veof-changes-of-nav-weekly-report-57374f425f443ca7.xlsx carries line 2.1; not Appendix XXIV
vinacapital,veof,VINACAPITAL-VEOF,https://vinacapital.com/wp-content/uploads/2022/07/20200727-veof-nav-weekly-report.xlsx,2020-07-27,20200727-veof-nav-weekly-report.xlsx,,2020-07-27,data/raw/vinacapital/20200727-veof-nav-weekly-report-5d3514038f661cf7.xlsx,ParseError: no sheet in data/raw/vinacapital/20200727-veof-nav-weekly-report-5d3514038f661cf7.xlsx carries line 2.1; not Appendix XXIV
vinacapital,veof,VINACAPITAL-VEOF,https://vinacapital.com/wp-content/uploads/2022/07/20200729-veof-nav-weekly-report.xlsx,2020-07-29,20200729-veof-nav-weekly-report.xlsx,,2020-07-29,data/raw/vinacapital/20200729-veof-nav-weekly-report-d0c701e2efd879b3.xlsx,ParseError: no sheet in data/raw/vinacapital/20200729-veof-nav-weekly-report-d0c701e2efd879b3.xlsx carries line 2.1; not Appendix XXIV
vinacapital,veof,VINACAPITAL-VEOF,https://vinacapital.com/wp-content/uploads/2022/07/20200803-veof-changes-of-nav-weekly-report.xlsx,2020-08-03,20200803-veof-changes-of-nav-weekly-report.xlsx,,2020-08-03,data/raw/vinacapital/20200803-veof-changes-of-nav-weekly-report-1b129b1cc3bdcefc.xlsx,ParseError: no sheet in data/raw/vinacapital/20200803-veof-changes-of-nav-weekly-report-1b129b1cc3bdcefc.xlsx carries line 2.1; not Appendix XXIV
vinacapital,veof,VINACAPITAL-VEOF,https://vinacapital.com/wp-content/uploads/2022/07/20200803-veof-nav-weekly-report.xlsx,2020-08-03,20200803-veof-nav-weekly-report.xlsx,,2020-08-03,data/raw/vinacapital/20200803-veof-nav-weekly-report-8fdc7842592e404e.xlsx,ParseError: no sheet in data/raw/vinacapital/20200803-veof-nav-weekly-report-8fdc7842592e404e.xlsx carries line 2.1; not Appendix XXIV
vinacapital,veof,VINACAPITAL-VEOF,https://vinacapital.com/wp-content/uploads/2022/07/20200805-veof-nav-weekly-report.xlsx,2020-08-05,20200805-veof-nav-weekly-report.xlsx,,2020-08-05,data/raw/vinacapital/20200805-veof-nav-weekly-report-ab9e6995d1f19619.xlsx,ParseError: no sheet in data/raw/vinacapital/20200805-veof-nav-weekly-report-ab9e6995d1f19619.xlsx carries line 2.1; not Appendix XXIV
vinacapital,veof,VINACAPITAL-VEOF,https://vinacapital.com/wp-content/uploads/2022/07/20200810-veof-changes-of-nav-weekly-report.xlsx,2020-08-10,20200810-veof-changes-of-nav-weekly-report.xlsx,,2020-08-10,data/raw/vinacapital/20200810-veof-changes-of-nav-weekly-report-883359bc2a611bff.xlsx,ParseError: no sheet in data/raw/vinacapital/20200810-veof-changes-of-nav-weekly-report-883359bc2a611bff.xlsx carries line 2.1; not Appendix XXIV
vinacapital,veof,VINACAPITAL-VEOF,https://vinacapital.com/wp-content/uploads/2022/07/20200810-veof-nav-weekly-report.xlsx,2020-08-10,20200810-veof-nav-weekly-report.xlsx,,2020-08-10,data/raw/vinacapital/20200810-veof-nav-weekly-report-91fce1e5216bdc17.xlsx,ParseError: no sheet in data/raw/vinacapital/20200810-veof-nav-weekly-report-91fce1e5216bdc17.xlsx carries line 2.1; not Appendix XXIV
vinacapital,veof,VINACAPITAL-VEOF,https://vinacapital.com/wp-content/uploads/2022/07/20200812-veof-nav-weekly-report.xlsx,2020-08-12,20200812-veof-nav-weekly-report.xlsx,,2020-08-12,data/raw/vinacapital/20200812-veof-nav-weekly-report-4e834fa3a8026f57.xlsx,ParseError: no sheet in data/raw/vinacapital/20200812-veof-nav-weekly-report-4e834fa3a8026f57.xlsx carries line 2.1; not Appendix XXIV
vinacapital,veof,VINACAPITAL-VEOF,https://vinacapital.com/wp-content/uploads/2022/07/20200817-veof-changes-of-nav-weekly-report.xlsx,2020-08-17,20200817-veof-changes-of-nav-weekly-report.xlsx,,2020-08-17,data/raw/vinacapital/20200817-veof-changes-of-nav-weekly-report-b8f61a9edf8f8ee0.xlsx,ParseError: no sheet in data/raw/vinacapital/20200817-veof-changes-of-nav-weekly-report-b8f61a9edf8f8ee0.xlsx carries line 2.1; not Appendix XXIV
vinacapital,veof,VINACAPITAL-VEOF,https://vinacapital.com/wp-content/uploads/2022/07/20200817-veof-nav-weekly-report.xlsx,2020-08-17,20200817-veof-nav-weekly-report.xlsx,,2020-08-17,data/raw/vinacapital/20200817-veof-nav-weekly-report-baf6cb54f838623f.xlsx,ParseError: no sheet in data/raw/vinacapital/20200817-veof-nav-weekly-report-baf6cb54f838623f.xlsx carries line 2.1; not Appendix XXIV
vinacapital,veof,VINACAPITAL-VEOF,https://vinacapital.com/wp-content/uploads/2022/07/20200819-veof-nav-weekly-report.xlsx,2020-08-19,20200819-veof-nav-weekly-report.xlsx,,2020-08-19,data/raw/vinacapital/20200819-veof-nav-weekly-report-618cee98bb1911e2.xlsx,ParseError: no sheet in data/raw/vinacapital/20200819-veof-nav-weekly-report-618cee98bb1911e2.xlsx carries line 2.1; not Appendix XXIV
vinacapital,veof,VINACAPITAL-VEOF,https://vinacapital.com/wp-content/uploads/2022/07/20200824-veof-changes-of-nav-weekly-report.xlsx,2020-08-24,20200824-veof-changes-of-nav-weekly-report.xlsx,,2020-08-24,data/raw/vinacapital/20200824-veof-changes-of-nav-weekly-report-6d01b4ff0063fb79.xlsx,ParseError: no sheet in data/raw/vinacapital/20200824-veof-changes-of-nav-weekly-report-6d01b4ff0063fb79.xlsx carries line 2.1; not Appendix XXIV
vinacapital,veof,VINACAPITAL-VEOF,https://vinacapital.com/wp-content/uploads/2022/07/20200824-veof-nav-weekly-report.xlsx,2020-08-24,20200824-veof-nav-weekly-report.xlsx,,2020-08-24,data/raw/vinacapital/20200824-veof-nav-weekly-report-717dd736edfc8f17.xlsx,ParseError: no sheet in data/raw/vinacapital/20200824-veof-nav-weekly-report-717dd736edfc8f17.xlsx carries line 2.1; not Appendix XXIV
vinacapital,veof,VINACAPITAL-VEOF,https://vinacapital.com/wp-content/uploads/2022/07/20200826-veof-nav-weekly-report.xlsx,2020-08-26,20200826-veof-nav-weekly-report.xlsx,,2020-08-26,data/raw/vinacapital/20200826-veof-nav-weekly-report-99dffea108f29663.xlsx,ParseError: no sheet in data/raw/vinacapital/20200826-veof-nav-weekly-report-99dffea108f29663.xlsx carries line 2.1; not Appendix XXIV
vinacapital,veof,VINACAPITAL-VEOF,https://vinacapital.com/wp-content/uploads/2022/07/20200831-veof-changes-of-nav-weekly-report.xlsx,2020-08-31,20200831-veof-changes-of-nav-weekly-report.xlsx,,2020-08-31,data/raw/vinacapital/20200831-veof-changes-of-nav-weekly-report-f9c4dffa8fae07e3.xlsx,ParseError: no sheet in data/raw/vinacapital/20200831-veof-changes-of-nav-weekly-report-f9c4dffa8fae07e3.xlsx carries line 2.1; not Appendix XXIV
vinacapital,veof,VINACAPITAL-VEOF,https://vinacapital.com/wp-content/uploads/2022/07/20200831-veof-nav-weekly-report.xlsx,2020-08-31,20200831-veof-nav-weekly-report.xlsx,,2020-08-31,data/raw/vinacapital/20200831-veof-nav-weekly-report-296fa31a3e707b70.xlsx,ParseError: no sheet in data/raw/vinacapital/20200831-veof-nav-weekly-report-296fa31a3e707b70.xlsx carries line 2.1; not Appendix XXIV
vinacapital,veof,VINACAPITAL-VEOF,https://vinacapital.com/wp-content/uploads/2022/07/20200901-veof-nav-weekly-report.xlsx,2020-09-01,20200901-veof-nav-weekly-report.xlsx,,2020-09-01,data/raw/vinacapital/20200901-veof-nav-weekly-report-2d022660ca1e2456.xlsx,ParseError: no sheet in data/raw/vinacapital/20200901-veof-nav-weekly-report-2d022660ca1e2456.xlsx carries line 2.1; not Appendix XXIV
vinacapital,veof,VINACAPITAL-VEOF,https://vinacapital.com/wp-content/uploads/2022/07/20200907-veof-changes-of-nav-weekly-report.xlsx,2020-09-07,20200907-veof-changes-of-nav-weekly-report.xlsx,,2020-09-07,data/raw/vinacapital/20200907-veof-changes-of-nav-weekly-report-34942600c1731345.xlsx,ParseError: no sheet in data/raw/vinacapital/20200907-veof-changes-of-nav-weekly-report-34942600c1731345.xlsx carries line 2.1; not Appendix XXIV
vinacapital,veof,VINACAPITAL-VEOF,https://vinacapital.com/wp-content/uploads/2022/07/20200907-veof-nav-weekly-report.xlsx,2020-09-07,20200907-veof-nav-weekly-report.xlsx,,2020-09-07,data/raw/vinacapital/20200907-veof-nav-weekly-report-24846bb8223663a1.xlsx,ParseError: no sheet in data/raw/vinacapital/20200907-veof-nav-weekly-report-24846bb8223663a1.xlsx carries line 2.1; not Appendix XXIV
vinacapital,veof,VINACAPITAL-VEOF,https://vinacapital.com/wp-content/uploads/2022/07/20200909-veof-nav-weekly-report.xlsx,2020-09-09,20200909-veof-nav-weekly-report.xlsx,,2020-09-09,data/raw/vinacapital/20200909-veof-nav-weekly-report-3a2d0ad479537b39.xlsx,ParseError: no sheet in data/raw/vinacapital/20200909-veof-nav-weekly-report-3a2d0ad479537b39.xlsx carries line 2.1; not Appendix XXIV
vinacapital,veof,VINACAPITAL-VEOF,https://vinacapital.com/wp-content/uploads/2022/07/20200914-veof-changes-of-nav-weekly-report.xlsx,2020-09-14,20200914-veof-changes-of-nav-weekly-report.xlsx,,2020-09-14,data/raw/vinacapital/20200914-veof-changes-of-nav-weekly-report-eaf22252e94fba56.xlsx,ParseError: no sheet in data/raw/vinacapital/20200914-veof-changes-of-nav-weekly-report-eaf22252e94fba56.xlsx carries line 2.1; not Appendix XXIV
vinacapital,veof,VINACAPITAL-VEOF,https://vinacapital.com/wp-content/uploads/2022/07/20200914-veof-nav-weekly-report.xlsx,2020-09-14,20200914-veof-nav-weekly-report.xlsx,,2020-09-14,data/raw/vinacapital/20200914-veof-nav-weekly-report-db0b10712f112058.xlsx,ParseError: no sheet in data/raw/vinacapital/20200914-veof-nav-weekly-report-db0b10712f112058.xlsx carries line 2.1; not Appendix XXIV
vinacapital,veof,VINACAPITAL-VEOF,https://vinacapital.com/wp-content/uploads/2022/07/20200916-veof-nav-weekly-report.xlsx,2020-09-16,20200916-veof-nav-weekly-report.xlsx,,2020-09-16,data/raw/vinacapital/20200916-veof-nav-weekly-report-5c546e62ae8e7d3b.xlsx,ParseError: no sheet in data/raw/vinacapital/20200916-veof-nav-weekly-report-5c546e62ae8e7d3b.xlsx carries line 2.1; not Appendix XXIV
vinacapital,veof,VINACAPITAL-VEOF,https://vinacapital.com/wp-content/uploads/2022/07/20200921-veof-changes-of-nav-weekly-report.xlsx,2020-09-21,20200921-veof-changes-of-nav-weekly-report.xlsx,,2020-09-21,data/raw/vinacapital/20200921-veof-changes-of-nav-weekly-report-f7cab63150ae3d0b.xlsx,ParseError: no sheet in data/raw/vinacapital/20200921-veof-changes-of-nav-weekly-report-f7cab63150ae3d0b.xlsx carries line 2.1; not Appendix XXIV
vinacapital,veof,VINACAPITAL-VEOF,https://vinacapital.com/wp-content/uploads/2022/07/20200923-veof-nav-weekly-report.xlsx,2020-09-23,20200923-veof-nav-weekly-report.xlsx,,2020-09-23,data/raw/vinacapital/20200923-veof-nav-weekly-report-271e13e7d48ad776.xlsx,ParseError: no sheet in data/raw/vinacapital/20200923-veof-nav-weekly-report-271e13e7d48ad776.xlsx carries line 2.1; not Appendix XXIV
vinacapital,veof,VINACAPITAL-VEOF,https://vinacapital.com/wp-content/uploads/2022/07/20200928-veof-changes-of-nav-weekly-report.xlsx,2020-09-28,20200928-veof-changes-of-nav-weekly-report.xlsx,,2020-09-28,data/raw/vinacapital/20200928-veof-changes-of-nav-weekly-report-ba98b7287011a26b.xlsx,ParseError: no sheet in data/raw/vinacapital/20200928-veof-changes-of-nav-weekly-report-ba98b7287011a26b.xlsx carries line 2.1; not Appendix XXIV
vinacapital,veof,VINACAPITAL-VEOF,https://vinacapital.com/wp-content/uploads/2022/07/20200928-veof-nav-weekly-report.xlsx,2020-09-28,20200928-veof-nav-weekly-report.xlsx,,2020-09-28,data/raw/vinacapital/20200928-veof-nav-weekly-report-05b905f784dd7824.xlsx,ParseError: no sheet in data/raw/vinacapital/20200928-veof-nav-weekly-report-05b905f784dd7824.xlsx carries line 2.1; not Appendix XXIV
vinacapital,veof,VINACAPITAL-VEOF,https://vinacapital.com/wp-content/uploads/2022/07/20200930-veof-nav-weekly-report.xlsx,2020-09-30,20200930-veof-nav-weekly-report.xlsx,,2020-09-30,data/raw/vinacapital/20200930-veof-nav-weekly-report-b1adaa0236ff6997.xlsx,ParseError: no sheet in data/raw/vinacapital/20200930-veof-nav-weekly-report-b1adaa0236ff6997.xlsx carries line 2.1; not Appendix XXIV
vinacapital,veof,VINACAPITAL-VEOF,https://vinacapital.com/wp-content/uploads/2022/07/20201005-veof-changes-of-nav-weekly-report.xlsx,2020-10-05,20201005-veof-changes-of-nav-weekly-report.xlsx,,2020-10-05,data/raw/vinacapital/20201005-veof-changes-of-nav-weekly-report-cfb42680045545e0.xlsx,ParseError: no sheet in data/raw/vinacapital/20201005-veof-changes-of-nav-weekly-report-cfb42680045545e0.xlsx carries line 2.1; not Appendix XXIV
vinacapital,veof,VINACAPITAL-VEOF,https://vinacapital.com/wp-content/uploads/2022/07/20201005-veof-nav-weekly-report.xlsx,2020-10-05,20201005-veof-nav-weekly-report.xlsx,,2020-10-05,data/raw/vinacapital/20201005-veof-nav-weekly-report-23bf1f6d4c298392.xlsx,ParseError: no sheet in data/raw/vinacapital/20201005-veof-nav-weekly-report-23bf1f6d4c298392.xlsx carries line 2.1; not Appendix XXIV
vinacapital,veof,VINACAPITAL-VEOF,https://vinacapital.com/wp-content/uploads/2022/07/20201007-veof-nav-weekly-report.xlsx,2020-10-07,20201007-veof-nav-weekly-report.xlsx,,2020-10-07,data/raw/vinacapital/20201007-veof-nav-weekly-report-84161588a430c49d.xlsx,ParseError: no sheet in data/raw/vinacapital/20201007-veof-nav-weekly-report-84161588a430c49d.xlsx carries line 2.1; not Appendix XXIV
vinacapital,veof,VINACAPITAL-VEOF,https://vinacapital.com/wp-content/uploads/2022/07/20201012-veof-changes-of-nav-weekly-report.xlsx,2020-10-12,20201012-veof-changes-of-nav-weekly-report.xlsx,,2020-10-12,data/raw/vinacapital/20201012-veof-changes-of-nav-weekly-report-6442cebb9e8c6433.xlsx,ParseError: no sheet in data/raw/vinacapital/20201012-veof-changes-of-nav-weekly-report-6442cebb9e8c6433.xlsx carries line 2.1; not Appendix XXIV
vinacapital,veof,VINACAPITAL-VEOF,https://vinacapital.com/wp-content/uploads/2022/07/20201012-veof-nav-weekly-report.xlsx,2020-10-12,20201012-veof-nav-weekly-report.xlsx,,2020-10-12,data/raw/vinacapital/20201012-veof-nav-weekly-report-bcf90545fbe337be.xlsx,ParseError: no sheet in data/raw/vinacapital/20201012-veof-nav-weekly-report-bcf90545fbe337be.xlsx carries line 2.1; not Appendix XXIV
vinacapital,veof,VINACAPITAL-VEOF,https://vinacapital.com/wp-content/uploads/2022/07/20201014-veof-nav-weekly-report.xlsx,2020-10-14,20201014-veof-nav-weekly-report.xlsx,,2020-10-14,data/raw/vinacapital/20201014-veof-nav-weekly-report-c269e1e15f138b97.xlsx,ParseError: no sheet in data/raw/vinacapital/20201014-veof-nav-weekly-report-c269e1e15f138b97.xlsx carries line 2.1; not Appendix XXIV
vinacapital,veof,VINACAPITAL-VEOF,https://vinacapital.com/wp-content/uploads/2022/07/20201019-veof-changes-of-nav-weekly-report.xlsx,2020-10-19,20201019-veof-changes-of-nav-weekly-report.xlsx,,2020-10-19,data/raw/vinacapital/20201019-veof-changes-of-nav-weekly-report-340ad4b8dc32f51f.xlsx,ParseError: no sheet in data/raw/vinacapital/20201019-veof-changes-of-nav-weekly-report-340ad4b8dc32f51f.xlsx carries line 2.1; not Appendix XXIV
vinacapital,veof,VINACAPITAL-VEOF,https://vinacapital.com/wp-content/uploads/2022/07/20201019-veof-nav-weekly-report.xlsx,2020-10-19,20201019-veof-nav-weekly-report.xlsx,,2020-10-19,data/raw/vinacapital/20201019-veof-nav-weekly-report-70968787954501ae.xlsx,ParseError: no sheet in data/raw/vinacapital/20201019-veof-nav-weekly-report-70968787954501ae.xlsx carries line 2.1; not Appendix XXIV
vinacapital,veof,VINACAPITAL-VEOF,https://vinacapital.com/wp-content/uploads/2022/07/20201021-veof-nav-weekly-report.xlsx,2020-10-21,20201021-veof-nav-weekly-report.xlsx,,2020-10-21,data/raw/vinacapital/20201021-veof-nav-weekly-report-6a6a729bc714aa94.xlsx,ParseError: no sheet in data/raw/vinacapital/20201021-veof-nav-weekly-report-6a6a729bc714aa94.xlsx carries line 2.1; not Appendix XXIV
vinacapital,veof,VINACAPITAL-VEOF,https://vinacapital.com/wp-content/uploads/2022/07/20201026-veof-changes-of-nav-weekly-report.xlsx,2020-10-26,20201026-veof-changes-of-nav-weekly-report.xlsx,,2020-10-26,data/raw/vinacapital/20201026-veof-changes-of-nav-weekly-report-23c8c757459b336b.xlsx,ParseError: no sheet in data/raw/vinacapital/20201026-veof-changes-of-nav-weekly-report-23c8c757459b336b.xlsx carries line 2.1; not Appendix XXIV
vinacapital,veof,VINACAPITAL-VEOF,https://vinacapital.com/wp-content/uploads/2022/07/20201026-veof-nav-weekly-report.xlsx,2020-10-26,20201026-veof-nav-weekly-report.xlsx,,2020-10-26,data/raw/vinacapital/20201026-veof-nav-weekly-report-b8e0c9116e414a81.xlsx,ParseError: no sheet in data/raw/vinacapital/20201026-veof-nav-weekly-report-b8e0c9116e414a81.xlsx carries line 2.1; not Appendix XXIV
vinacapital,veof,VINACAPITAL-VEOF,https://vinacapital.com/wp-content/uploads/2022/07/20201028-veof-nav-weekly-report.xlsx,2020-10-28,20201028-veof-nav-weekly-report.xlsx,,2020-10-28,data/raw/vinacapital/20201028-veof-nav-weekly-report-f1d3ef18875c58ee.xlsx,ParseError: no sheet in data/raw/vinacapital/20201028-veof-nav-weekly-report-f1d3ef18875c58ee.xlsx carries line 2.1; not Appendix XXIV
vinacapital,veof,VINACAPITAL-VEOF,https://vinacapital.com/wp-content/uploads/2022/07/20201102-veof-changes-of-nav-weekly-report.xlsx,2020-11-02,20201102-veof-changes-of-nav-weekly-report.xlsx,,2020-11-02,data/raw/vinacapital/20201102-veof-changes-of-nav-weekly-report-aa25b70d72645f2a.xlsx,ParseError: no sheet in data/raw/vinacapital/20201102-veof-changes-of-nav-weekly-report-aa25b70d72645f2a.xlsx carries line 2.1; not Appendix XXIV
vinacapital,veof,VINACAPITAL-VEOF,https://vinacapital.com/wp-content/uploads/2022/07/20201102-veof-nav-weekly-report.xlsx,2020-11-02,20201102-veof-nav-weekly-report.xlsx,,2020-11-02,data/raw/vinacapital/20201102-veof-nav-weekly-report-b98a9a1aa5ade5e7.xlsx,ParseError: no sheet in data/raw/vinacapital/20201102-veof-nav-weekly-report-b98a9a1aa5ade5e7.xlsx carries line 2.1; not Appendix XXIV
vinacapital,veof,VINACAPITAL-VEOF,https://vinacapital.com/wp-content/uploads/2022/07/20201104-veof-nav-weekly-report.xlsx,2020-11-04,20201104-veof-nav-weekly-report.xlsx,,2020-11-04,data/raw/vinacapital/20201104-veof-nav-weekly-report-7db0578f573d4dd7.xlsx,ParseError: no sheet in data/raw/vinacapital/20201104-veof-nav-weekly-report-7db0578f573d4dd7.xlsx carries line 2.1; not Appendix XXIV
vinacapital,veof,VINACAPITAL-VEOF,https://vinacapital.com/wp-content/uploads/2022/07/20201109-veof-changes-of-nav-weekly-report.xlsx,2020-11-09,20201109-veof-changes-of-nav-weekly-report.xlsx,,2020-11-09,data/raw/vinacapital/20201109-veof-changes-of-nav-weekly-report-308da31b65c09ed7.xlsx,ParseError: no sheet in data/raw/vinacapital/20201109-veof-changes-of-nav-weekly-report-308da31b65c09ed7.xlsx carries line 2.1; not Appendix XXIV
vinacapital,veof,VINACAPITAL-VEOF,https://vinacapital.com/wp-content/uploads/2022/07/20201109-veof-nav-weekly-report.xlsx,2020-11-09,20201109-veof-nav-weekly-report.xlsx,,2020-11-09,data/raw/vinacapital/20201109-veof-nav-weekly-report-57f82982c8aa3372.xlsx,ParseError: no sheet in data/raw/vinacapital/20201109-veof-nav-weekly-report-57f82982c8aa3372.xlsx carries line 2.1; not Appendix XXIV
vinacapital,veof,VINACAPITAL-VEOF,https://vinacapital.com/wp-content/uploads/2022/07/20201111-veof-nav-weekly-report.xlsx,2020-11-11,20201111-veof-nav-weekly-report.xlsx,,2020-11-11,data/raw/vinacapital/20201111-veof-nav-weekly-report-e004d5d7b23342e3.xlsx,ParseError: no sheet in data/raw/vinacapital/20201111-veof-nav-weekly-report-e004d5d7b23342e3.xlsx carries line 2.1; not Appendix XXIV
vinacapital,veof,VINACAPITAL-VEOF,https://vinacapital.com/wp-content/uploads/2022/07/20201116-veof-changes-of-nav-weekly-report.xlsx,2020-11-16,20201116-veof-changes-of-nav-weekly-report.xlsx,,2020-11-16,data/raw/vinacapital/20201116-veof-changes-of-nav-weekly-report-a18dea56beed9ffe.xlsx,ParseError: no sheet in data/raw/vinacapital/20201116-veof-changes-of-nav-weekly-report-a18dea56beed9ffe.xlsx carries line 2.1; not Appendix XXIV
vinacapital,veof,VINACAPITAL-VEOF,https://vinacapital.com/wp-content/uploads/2022/07/20201116-veof-nav-weekly-report.xlsx,2020-11-16,20201116-veof-nav-weekly-report.xlsx,,2020-11-16,data/raw/vinacapital/20201116-veof-nav-weekly-report-6b436bc614c4c5fb.xlsx,ParseError: no sheet in data/raw/vinacapital/20201116-veof-nav-weekly-report-6b436bc614c4c5fb.xlsx carries line 2.1; not Appendix XXIV
vinacapital,veof,VINACAPITAL-VEOF,https://vinacapital.com/wp-content/uploads/2022/07/20201118-veof-nav-weekly-report.xlsx,2020-11-18,20201118-veof-nav-weekly-report.xlsx,,2020-11-18,data/raw/vinacapital/20201118-veof-nav-weekly-report-06f10fec2626dd27.xlsx,ParseError: no sheet in data/raw/vinacapital/20201118-veof-nav-weekly-report-06f10fec2626dd27.xlsx carries line 2.1; not Appendix XXIV
vinacapital,veof,VINACAPITAL-VEOF,https://vinacapital.com/wp-content/uploads/2022/07/20201123-veof-changes-of-nav-weekly-report.xlsx,2020-11-23,20201123-veof-changes-of-nav-weekly-report.xlsx,,2020-11-23,data/raw/vinacapital/20201123-veof-changes-of-nav-weekly-report-a3b9391bc7a7dbc9.xlsx,ParseError: no sheet in data/raw/vinacapital/20201123-veof-changes-of-nav-weekly-report-a3b9391bc7a7dbc9.xlsx carries line 2.1; not Appendix XXIV
vinacapital,veof,VINACAPITAL-VEOF,https://vinacapital.com/wp-content/uploads/2022/07/20201123-veof-nav-weekly-report.xlsx,2020-11-23,20201123-veof-nav-weekly-report.xlsx,,2020-11-23,data/raw/vinacapital/20201123-veof-nav-weekly-report-c89f50b5705260b0.xlsx,ParseError: no sheet in data/raw/vinacapital/20201123-veof-nav-weekly-report-c89f50b5705260b0.xlsx carries line 2.1; not Appendix XXIV
vinacapital,veof,VINACAPITAL-VEOF,https://vinacapital.com/wp-content/uploads/2022/07/20201125-veof-nav-weekly-report-1.xlsx,2020-11-25,20201125-veof-nav-weekly-report-1.xlsx,,2020-11-25,data/raw/vinacapital/20201125-veof-nav-weekly-report-1-77e40ceb32d77d85.xlsx,ParseError: no sheet in data/raw/vinacapital/20201125-veof-nav-weekly-report-1-77e40ceb32d77d85.xlsx carries line 2.1; not Appendix XXIV
vinacapital,veof,VINACAPITAL-VEOF,https://vinacapital.com/wp-content/uploads/2022/07/20201130-veof-changes-of-nav-weekly-report.xlsx,2020-11-30,20201130-veof-changes-of-nav-weekly-report.xlsx,,2020-11-30,data/raw/vinacapital/20201130-veof-changes-of-nav-weekly-report-a4160beeced5ca37.xlsx,ParseError: no sheet in data/raw/vinacapital/20201130-veof-changes-of-nav-weekly-report-a4160beeced5ca37.xlsx carries line 2.1; not Appendix XXIV
vinacapital,veof,VINACAPITAL-VEOF,https://vinacapital.com/wp-content/uploads/2022/07/20201130-veof-nav-weekly-report.xlsx,2020-11-30,20201130-veof-nav-weekly-report.xlsx,,2020-11-30,data/raw/vinacapital/20201130-veof-nav-weekly-report-87d3cfe859805398.xlsx,ParseError: no sheet in data/raw/vinacapital/20201130-veof-nav-weekly-report-87d3cfe859805398.xlsx carries line 2.1; not Appendix XXIV
vinacapital,veof,VINACAPITAL-VEOF,https://vinacapital.com/wp-content/uploads/2022/07/20201202-veof-nav-weekly-report.xlsx,2020-12-02,20201202-veof-nav-weekly-report.xlsx,,2020-12-02,data/raw/vinacapital/20201202-veof-nav-weekly-report-77203b7877bab575.xlsx,ParseError: no sheet in data/raw/vinacapital/20201202-veof-nav-weekly-report-77203b7877bab575.xlsx carries line 2.1; not Appendix XXIV
vinacapital,veof,VINACAPITAL-VEOF,https://vinacapital.com/wp-content/uploads/2022/07/20201207-veof-changes-of-nav-weekly-report.xlsx,2020-12-07,20201207-veof-changes-of-nav-weekly-report.xlsx,,2020-12-07,data/raw/vinacapital/20201207-veof-changes-of-nav-weekly-report-54d8fd8be2a471bc.xlsx,ParseError: no sheet in data/raw/vinacapital/20201207-veof-changes-of-nav-weekly-report-54d8fd8be2a471bc.xlsx carries line 2.1; not Appendix XXIV
vinacapital,veof,VINACAPITAL-VEOF,https://vinacapital.com/wp-content/uploads/2022/07/20201207-veof-nav-weekly-report.xlsx,2020-12-07,20201207-veof-nav-weekly-report.xlsx,,2020-12-07,data/raw/vinacapital/20201207-veof-nav-weekly-report-73dcd141c27fda16.xlsx,ParseError: no sheet in data/raw/vinacapital/20201207-veof-nav-weekly-report-73dcd141c27fda16.xlsx carries line 2.1; not Appendix XXIV
vinacapital,veof,VINACAPITAL-VEOF,https://vinacapital.com/wp-content/uploads/2022/07/20201209-veof-nav-weekly-report-1.xlsx,2020-12-09,20201209-veof-nav-weekly-report-1.xlsx,,2020-12-09,data/raw/vinacapital/20201209-veof-nav-weekly-report-1-df3f5a9ec2b96ea6.xlsx,ParseError: no sheet in data/raw/vinacapital/20201209-veof-nav-weekly-report-1-df3f5a9ec2b96ea6.xlsx carries line 2.1; not Appendix XXIV
vinacapital,veof,VINACAPITAL-VEOF,https://vinacapital.com/wp-content/uploads/2022/07/20201214-veof-changes-of-nav-weekly-report.xlsx,2020-12-14,20201214-veof-changes-of-nav-weekly-report.xlsx,,2020-12-14,data/raw/vinacapital/20201214-veof-changes-of-nav-weekly-report-bee8a766a7c3f520.xlsx,ParseError: no sheet in data/raw/vinacapital/20201214-veof-changes-of-nav-weekly-report-bee8a766a7c3f520.xlsx carries line 2.1; not Appendix XXIV
vinacapital,veof,VINACAPITAL-VEOF,https://vinacapital.com/wp-content/uploads/2022/07/20201214-veof-nav-weekly-report.xlsx,2020-12-14,20201214-veof-nav-weekly-report.xlsx,,2020-12-14,data/raw/vinacapital/20201214-veof-nav-weekly-report-bdf80c154d767e41.xlsx,ParseError: no sheet in data/raw/vinacapital/20201214-veof-nav-weekly-report-bdf80c154d767e41.xlsx carries line 2.1; not Appendix XXIV
vinacapital,veof,VINACAPITAL-VEOF,https://vinacapital.com/wp-content/uploads/2022/07/20201216-veof-nav-weekly-report.xlsx,2020-12-16,20201216-veof-nav-weekly-report.xlsx,,2020-12-16,data/raw/vinacapital/20201216-veof-nav-weekly-report-71fe9ca7566f26c1.xlsx,ParseError: no sheet in data/raw/vinacapital/20201216-veof-nav-weekly-report-71fe9ca7566f26c1.xlsx carries line 2.1; not Appendix XXIV
vinacapital,veof,VINACAPITAL-VEOF,https://vinacapital.com/wp-content/uploads/2022/07/20201221-veof-changes-of-nav-weekly-report.xlsx,2020-12-21,20201221-veof-changes-of-nav-weekly-report.xlsx,,2020-12-21,data/raw/vinacapital/20201221-veof-changes-of-nav-weekly-report-0ed070b5051eb1e9.xlsx,ParseError: no sheet in data/raw/vinacapital/20201221-veof-changes-of-nav-weekly-report-0ed070b5051eb1e9.xlsx carries line 2.1; not Appendix XXIV
vinacapital,veof,VINACAPITAL-VEOF,https://vinacapital.com/wp-content/uploads/2022/07/20201221-veof-nav-weekly-report.xlsx,2020-12-21,20201221-veof-nav-weekly-report.xlsx,,2020-12-21,data/raw/vinacapital/20201221-veof-nav-weekly-report-ab3e4e533047b248.xlsx,ParseError: no sheet in data/raw/vinacapital/20201221-veof-nav-weekly-report-ab3e4e533047b248.xlsx carries line 2.1; not Appendix XXIV
vinacapital,veof,VINACAPITAL-VEOF,https://vinacapital.com/wp-content/uploads/2022/07/20201223-veof-nav-weekly-report.xlsx,2020-12-23,20201223-veof-nav-weekly-report.xlsx,,2020-12-23,data/raw/vinacapital/20201223-veof-nav-weekly-report-64dccf53de8f9be8.xlsx,ParseError: no sheet in data/raw/vinacapital/20201223-veof-nav-weekly-report-64dccf53de8f9be8.xlsx carries line 2.1; not Appendix XXIV
vinacapital,veof,VINACAPITAL-VEOF,https://vinacapital.com/wp-content/uploads/2022/07/20201228-veof-changes-of-nav-weekly-report.xlsx,2020-12-28,20201228-veof-changes-of-nav-weekly-report.xlsx,,2020-12-28,data/raw/vinacapital/20201228-veof-changes-of-nav-weekly-report-78263ef85acf3543.xlsx,ParseError: no sheet in data/raw/vinacapital/20201228-veof-changes-of-nav-weekly-report-78263ef85acf3543.xlsx carries line 2.1; not Appendix XXIV
vinacapital,veof,VINACAPITAL-VEOF,https://vinacapital.com/wp-content/uploads/2022/07/20201228-veof-nav-weekly-report.xlsx,2020-12-28,20201228-veof-nav-weekly-report.xlsx,,2020-12-28,data/raw/vinacapital/20201228-veof-nav-weekly-report-6df146e59da6b1f4.xlsx,ParseError: no sheet in data/raw/vinacapital/20201228-veof-nav-weekly-report-6df146e59da6b1f4.xlsx carries line 2.1; not Appendix XXIV
vinacapital,veof,VINACAPITAL-VEOF,https://vinacapital.com/wp-content/uploads/2022/07/20210930-veof-changes-of-nav-weekly-report.xlsx,2021-09-30,20210930-veof-changes-of-nav-weekly-report.xlsx,,2021-09-30,data/raw/vinacapital/20210930-veof-changes-of-nav-weekly-report-54daac29ad26c974.xlsx,"ParseError: no section-3 (change in NAV) line present; this is a point-in-time NAV report, not the Appendix XXIV change report [data/raw/vinacapital/20210930-veof-changes-of-nav-weekly-report-54daac29ad26c974.xlsx]"
vinacapital,veof,VINACAPITAL-VEOF,https://vinacapital.com/wp-content/uploads/2022/07/20211208-veof-changes-of-nav-weekly-report.xlsx,2021-12-08,20211208-veof-changes-of-nav-weekly-report.xlsx,,2021-12-08,data/raw/vinacapital/20211208-veof-changes-of-nav-weekly-report-6e4ae31609b64c0d.xlsx,"ParseError: no section-3 (change in NAV) line present; this is a point-in-time NAV report, not the Appendix XXIV change report [data/raw/vinacapital/20211208-veof-changes-of-nav-weekly-report-6e4ae31609b64c0d.xlsx]"
vinacapital,veof,VINACAPITAL-VEOF,https://vinacapital.com/wp-content/uploads/2022/07/20211209-veof-changes-of-nav-weekly-report.xlsx,2021-12-09,20211209-veof-changes-of-nav-weekly-report.xlsx,,2021-12-09,data/raw/vinacapital/20211209-veof-changes-of-nav-weekly-report-5ef85800349cf844.xlsx,"ParseError: no section-3 (change in NAV) line present; this is a point-in-time NAV report, not the Appendix XXIV change report [data/raw/vinacapital/20211209-veof-changes-of-nav-weekly-report-5ef85800349cf844.xlsx]"
vinacapital,veof,VINACAPITAL-VEOF,https://vinacapital.com/wp-content/uploads/2022/07/20211230-veof-changes-of-nav-weekly-report.xlsx,2021-12-30,20211230-veof-changes-of-nav-weekly-report.xlsx,,2021-12-30,data/raw/vinacapital/20211230-veof-changes-of-nav-weekly-report-7b41bd264919fb2d.xlsx,"ParseError: no section-3 (change in NAV) line present; this is a point-in-time NAV report, not the Appendix XXIV change report [data/raw/vinacapital/20211230-veof-changes-of-nav-weekly-report-7b41bd264919fb2d.xlsx]"
vinacapital,veof,VINACAPITAL-VEOF,https://vinacapital.com/wp-content/uploads/2022/07/20220329-veof-changes-of-nav-weekly-report.xlsx,2022-03-29,20220329-veof-changes-of-nav-weekly-report.xlsx,,2022-03-29,data/raw/vinacapital/20220329-veof-changes-of-nav-weekly-report-da2fc136a40a41ec.xlsx,"ParseError: no section-3 (change in NAV) line present; this is a point-in-time NAV report, not the Appendix XXIV change report [data/raw/vinacapital/20220329-veof-changes-of-nav-weekly-report-da2fc136a40a41ec.xlsx]"
vinacapital,veof,VINACAPITAL-VEOF,https://vinacapital.com/wp-content/uploads/2022/07/20220411-veof-changes-of-nav-weekly-report.xlsx,2022-04-11,20220411-veof-changes-of-nav-weekly-report.xlsx,,2022-04-11,data/raw/vinacapital/20220411-veof-changes-of-nav-weekly-report-44b0c4793f3b1275.xlsx,"ParseError: no section-3 (change in NAV) line present; this is a point-in-time NAV report, not the Appendix XXIV change report [data/raw/vinacapital/20220411-veof-changes-of-nav-weekly-report-44b0c4793f3b1275.xlsx]"
vinacapital,veof,VINACAPITAL-VEOF,https://vinacapital.com/wp-content/uploads/2022/08/20220728-veof-changes-of-nav-weekly-report.xlsx,2022-07-28,20220728-veof-changes-of-nav-weekly-report.xlsx,,2022-07-28,data/raw/vinacapital/20220728-veof-changes-of-nav-weekly-report-8163b344a93c5d8d.xlsx,"ParseError: no section-3 (change in NAV) line present; this is a point-in-time NAV report, not the Appendix XXIV change report [data/raw/vinacapital/20220728-veof-changes-of-nav-weekly-report-8163b344a93c5d8d.xlsx]"
vinacapital,vesaf,VINACAPITAL-VESAF,https://vinacapital.com/wp-content/uploads/2022/07/20170828-vsaf-changes-of-nav-weekly-report.xlsx,2017-08-28,20170828-vsaf-changes-of-nav-weekly-report.xlsx,,2017-08-28,data/raw/vinacapital/20170828-vsaf-changes-of-nav-weekly-report-5a2ec1663c6be0a7.xlsx,ParseError: no sheet in data/raw/vinacapital/20170828-vsaf-changes-of-nav-weekly-report-5a2ec1663c6be0a7.xlsx carries line 2.1; not Appendix XXIV
vinacapital,vesaf,VINACAPITAL-VESAF,https://vinacapital.com/wp-content/uploads/2022/07/20170828-vsaf-nav-weekly-report.xlsx,2017-08-28,20170828-vsaf-nav-weekly-report.xlsx,,2017-08-28,data/raw/vinacapital/20170828-vsaf-nav-weekly-report-3b961283d1193a9f.xlsx,ParseError: no sheet in data/raw/vinacapital/20170828-vsaf-nav-weekly-report-3b961283d1193a9f.xlsx carries line 2.1; not Appendix XXIV
vinacapital,vesaf,VINACAPITAL-VESAF,https://vinacapital.com/wp-content/uploads/2022/07/20170901-vesaf-changes-of-nav-weekly-report.xlsx,2017-09-01,20170901-vesaf-changes-of-nav-weekly-report.xlsx,,2017-09-01,data/raw/vinacapital/20170901-vesaf-changes-of-nav-weekly-report-64f3aaa826979f1f.xlsx,ParseError: no sheet in data/raw/vinacapital/20170901-vesaf-changes-of-nav-weekly-report-64f3aaa826979f1f.xlsx carries line 2.1; not Appendix XXIV
vinacapital,vesaf,VINACAPITAL-VESAF,https://vinacapital.com/wp-content/uploads/2022/07/20170901-vesaf-nav-weekly-report.xlsx,2017-09-01,20170901-vesaf-nav-weekly-report.xlsx,,2017-09-01,data/raw/vinacapital/20170901-vesaf-nav-weekly-report-001495d12bc89f00.xlsx,ParseError: no sheet in data/raw/vinacapital/20170901-vesaf-nav-weekly-report-001495d12bc89f00.xlsx carries line 2.1; not Appendix XXIV
vinacapital,vesaf,VINACAPITAL-VESAF,https://vinacapital.com/wp-content/uploads/2022/07/20170911-vesaf-changes-of-nav-weekly-report.xlsx,2017-09-11,20170911-vesaf-changes-of-nav-weekly-report.xlsx,,2017-09-11,data/raw/vinacapital/20170911-vesaf-changes-of-nav-weekly-report-9286ca95ff20c966.xlsx,ParseError: no sheet in data/raw/vinacapital/20170911-vesaf-changes-of-nav-weekly-report-9286ca95ff20c966.xlsx carries line 2.1; not Appendix XXIV
vinacapital,vesaf,VINACAPITAL-VESAF,https://vinacapital.com/wp-content/uploads/2022/07/20170911-vesaf-nav-weekly-report.xlsx,2017-09-11,20170911-vesaf-nav-weekly-report.xlsx,,2017-09-11,data/raw/vinacapital/20170911-vesaf-nav-weekly-report-6036b7e934a28ad1.xlsx,ParseError: no sheet in data/raw/vinacapital/20170911-vesaf-nav-weekly-report-6036b7e934a28ad1.xlsx carries line 2.1; not Appendix XXIV
vinacapital,vesaf,VINACAPITAL-VESAF,https://vinacapital.com/wp-content/uploads/2022/07/20170918-vesaf-changes-of-nav-weekly-report.xlsx,2017-09-18,20170918-vesaf-changes-of-nav-weekly-report.xlsx,,2017-09-18,data/raw/vinacapital/20170918-vesaf-changes-of-nav-weekly-report-31ac73f9bc2e3670.xlsx,ParseError: no sheet in data/raw/vinacapital/20170918-vesaf-changes-of-nav-weekly-report-31ac73f9bc2e3670.xlsx carries line 2.1; not Appendix XXIV
vinacapital,vesaf,VINACAPITAL-VESAF,https://vinacapital.com/wp-content/uploads/2022/07/20170918-vesaf-nav-weekly-report.xlsx,2017-09-18,20170918-vesaf-nav-weekly-report.xlsx,,2017-09-18,data/raw/vinacapital/20170918-vesaf-nav-weekly-report-6dd3d710eeb34924.xlsx,ParseError: no sheet in data/raw/vinacapital/20170918-vesaf-nav-weekly-report-6dd3d710eeb34924.xlsx carries line 2.1; not Appendix XXIV
vinacapital,vesaf,VINACAPITAL-VESAF,https://vinacapital.com/wp-content/uploads/2022/07/20170925-vesaf-changes-of-nav-weekly-report.xlsx,2017-09-25,20170925-vesaf-changes-of-nav-weekly-report.xlsx,,2017-09-25,data/raw/vinacapital/20170925-vesaf-changes-of-nav-weekly-report-f6a1e538addad64a.xlsx,ParseError: no sheet in data/raw/vinacapital/20170925-vesaf-changes-of-nav-weekly-report-f6a1e538addad64a.xlsx carries line 2.1; not Appendix XXIV
vinacapital,vesaf,VINACAPITAL-VESAF,https://vinacapital.com/wp-content/uploads/2022/07/20170925-vesaf-nav-weekly-report.xlsx,2017-09-25,20170925-vesaf-nav-weekly-report.xlsx,,2017-09-25,data/raw/vinacapital/20170925-vesaf-nav-weekly-report-a0bf9364b867bd98.xlsx,ParseError: no sheet in data/raw/vinacapital/20170925-vesaf-nav-weekly-report-a0bf9364b867bd98.xlsx carries line 2.1; not Appendix XXIV
vinacapital,vesaf,VINACAPITAL-VESAF,https://vinacapital.com/wp-content/uploads/2022/07/20171002-vesaf-changes-of-nav-weekly-report.xlsx,2017-10-02,20171002-vesaf-changes-of-nav-weekly-report.xlsx,,2017-10-02,data/raw/vinacapital/20171002-vesaf-changes-of-nav-weekly-report-d1ad38e592be9eab.xlsx,ParseError: no sheet in data/raw/vinacapital/20171002-vesaf-changes-of-nav-weekly-report-d1ad38e592be9eab.xlsx carries line 2.1; not Appendix XXIV
vinacapital,vesaf,VINACAPITAL-VESAF,https://vinacapital.com/wp-content/uploads/2022/07/20171002-vesaf-nav-weekly-report.xlsx,2017-10-02,20171002-vesaf-nav-weekly-report.xlsx,,2017-10-02,data/raw/vinacapital/20171002-vesaf-nav-weekly-report-92f9f29883ffbf0b.xlsx,ParseError: no sheet in data/raw/vinacapital/20171002-vesaf-nav-weekly-report-92f9f29883ffbf0b.xlsx carries line 2.1; not Appendix XXIV
vinacapital,vesaf,VINACAPITAL-VESAF,https://vinacapital.com/wp-content/uploads/2022/07/20171009-vesaf-changes-of-nav-weekly-report.xlsx,2017-10-09,20171009-vesaf-changes-of-nav-weekly-report.xlsx,,2017-10-09,data/raw/vinacapital/20171009-vesaf-changes-of-nav-weekly-report-734ad2e0de8bbf21.xlsx,ParseError: no sheet in data/raw/vinacapital/20171009-vesaf-changes-of-nav-weekly-report-734ad2e0de8bbf21.xlsx carries line 2.1; not Appendix XXIV
vinacapital,vesaf,VINACAPITAL-VESAF,https://vinacapital.com/wp-content/uploads/2022/07/20171009-vesaf-nav-weekly-report.xlsx,2017-10-09,20171009-vesaf-nav-weekly-report.xlsx,,2017-10-09,data/raw/vinacapital/20171009-vesaf-nav-weekly-report-930b578b723de421.xlsx,ParseError: no sheet in data/raw/vinacapital/20171009-vesaf-nav-weekly-report-930b578b723de421.xlsx carries line 2.1; not Appendix XXIV
vinacapital,vesaf,VINACAPITAL-VESAF,https://vinacapital.com/wp-content/uploads/2022/07/20171016-vesa-nav-weekly-report.xlsx,2017-10-16,20171016-vesa-nav-weekly-report.xlsx,,2017-10-16,data/raw/vinacapital/20171016-vesa-nav-weekly-report-c9392a206503effb.xlsx,ParseError: no sheet in data/raw/vinacapital/20171016-vesa-nav-weekly-report-c9392a206503effb.xlsx carries line 2.1; not Appendix XXIV
vinacapital,vesaf,VINACAPITAL-VESAF,https://vinacapital.com/wp-content/uploads/2022/07/20171016-vesaf-changes-of-nav-weekly-report.xlsx,2017-10-16,20171016-vesaf-changes-of-nav-weekly-report.xlsx,,2017-10-16,data/raw/vinacapital/20171016-vesaf-changes-of-nav-weekly-report-2ebac123214fe3a4.xlsx,ParseError: no sheet in data/raw/vinacapital/20171016-vesaf-changes-of-nav-weekly-report-2ebac123214fe3a4.xlsx carries line 2.1; not Appendix XXIV
vinacapital,vesaf,VINACAPITAL-VESAF,https://vinacapital.com/wp-content/uploads/2022/07/20171023-vesaf-changes-of-nav-weekly-report.xlsx,2017-10-23,20171023-vesaf-changes-of-nav-weekly-report.xlsx,,2017-10-23,data/raw/vinacapital/20171023-vesaf-changes-of-nav-weekly-report-a9859d4f0f0f3f24.xlsx,ParseError: no sheet in data/raw/vinacapital/20171023-vesaf-changes-of-nav-weekly-report-a9859d4f0f0f3f24.xlsx carries line 2.1; not Appendix XXIV
vinacapital,vesaf,VINACAPITAL-VESAF,https://vinacapital.com/wp-content/uploads/2022/07/20171023-vesaf-nav-weekly-report.xlsx,2017-10-23,20171023-vesaf-nav-weekly-report.xlsx,,2017-10-23,data/raw/vinacapital/20171023-vesaf-nav-weekly-report-033dff1a14ac1c8f.xlsx,ParseError: no sheet in data/raw/vinacapital/20171023-vesaf-nav-weekly-report-033dff1a14ac1c8f.xlsx carries line 2.1; not Appendix XXIV
vinacapital,vesaf,VINACAPITAL-VESAF,https://vinacapital.com/wp-content/uploads/2022/07/20171030-vesaf-changes-of-nav-weekly-report.xlsx,2017-10-30,20171030-vesaf-changes-of-nav-weekly-report.xlsx,,2017-10-30,data/raw/vinacapital/20171030-vesaf-changes-of-nav-weekly-report-1bb064b312e1c9e1.xlsx,ParseError: no sheet in data/raw/vinacapital/20171030-vesaf-changes-of-nav-weekly-report-1bb064b312e1c9e1.xlsx carries line 2.1; not Appendix XXIV
vinacapital,vesaf,VINACAPITAL-VESAF,https://vinacapital.com/wp-content/uploads/2022/07/20171030-vesaf-nav-weekly-report.xlsx,2017-10-30,20171030-vesaf-nav-weekly-report.xlsx,,2017-10-30,data/raw/vinacapital/20171030-vesaf-nav-weekly-report-37368cc2b8f2700b.xlsx,ParseError: no sheet in data/raw/vinacapital/20171030-vesaf-nav-weekly-report-37368cc2b8f2700b.xlsx carries line 2.1; not Appendix XXIV
vinacapital,vesaf,VINACAPITAL-VESAF,https://vinacapital.com/wp-content/uploads/2022/07/20171106-vesaf-changes-of-nav-weekly-report.xlsx,2017-11-06,20171106-vesaf-changes-of-nav-weekly-report.xlsx,,2017-11-06,data/raw/vinacapital/20171106-vesaf-changes-of-nav-weekly-report-5c68657e46c42e2c.xlsx,ParseError: no sheet in data/raw/vinacapital/20171106-vesaf-changes-of-nav-weekly-report-5c68657e46c42e2c.xlsx carries line 2.1; not Appendix XXIV
vinacapital,vesaf,VINACAPITAL-VESAF,https://vinacapital.com/wp-content/uploads/2022/07/20171106-vesaf-nav-weekly-report.xlsx,2017-11-06,20171106-vesaf-nav-weekly-report.xlsx,,2017-11-06,data/raw/vinacapital/20171106-vesaf-nav-weekly-report-b2d42bd7686c05d5.xlsx,ParseError: no sheet in data/raw/vinacapital/20171106-vesaf-nav-weekly-report-b2d42bd7686c05d5.xlsx carries line 2.1; not Appendix XXIV
vinacapital,vesaf,VINACAPITAL-VESAF,https://vinacapital.com/wp-content/uploads/2022/07/20171113-vesaf-changes-of-nav-weekly-report.xlsx,2017-11-13,20171113-vesaf-changes-of-nav-weekly-report.xlsx,,2017-11-13,data/raw/vinacapital/20171113-vesaf-changes-of-nav-weekly-report-82a00a8ce4d94c6a.xlsx,ParseError: no sheet in data/raw/vinacapital/20171113-vesaf-changes-of-nav-weekly-report-82a00a8ce4d94c6a.xlsx carries line 2.1; not Appendix XXIV
vinacapital,vesaf,VINACAPITAL-VESAF,https://vinacapital.com/wp-content/uploads/2022/07/20171113-vesaf-nav-weekly-report.xlsx,2017-11-13,20171113-vesaf-nav-weekly-report.xlsx,,2017-11-13,data/raw/vinacapital/20171113-vesaf-nav-weekly-report-63c160ce0c5d51ce.xlsx,ParseError: no sheet in data/raw/vinacapital/20171113-vesaf-nav-weekly-report-63c160ce0c5d51ce.xlsx carries line 2.1; not Appendix XXIV
vinacapital,vesaf,VINACAPITAL-VESAF,https://vinacapital.com/wp-content/uploads/2022/07/20171120-vesaf-changes-of-nav-weekly-report.xlsx,2017-11-20,20171120-vesaf-changes-of-nav-weekly-report.xlsx,,2017-11-20,data/raw/vinacapital/20171120-vesaf-changes-of-nav-weekly-report-6064c9b5b5db546c.xlsx,ParseError: no sheet in data/raw/vinacapital/20171120-vesaf-changes-of-nav-weekly-report-6064c9b5b5db546c.xlsx carries line 2.1; not Appendix XXIV
vinacapital,vesaf,VINACAPITAL-VESAF,https://vinacapital.com/wp-content/uploads/2022/07/20171120-vesaf-nav-weekly-report.xlsx,2017-11-20,20171120-vesaf-nav-weekly-report.xlsx,,2017-11-20,data/raw/vinacapital/20171120-vesaf-nav-weekly-report-f15debf5df044797.xlsx,ParseError: no sheet in data/raw/vinacapital/20171120-vesaf-nav-weekly-report-f15debf5df044797.xlsx carries line 2.1; not Appendix XXIV
vinacapital,vesaf,VINACAPITAL-VESAF,https://vinacapital.com/wp-content/uploads/2022/07/20171127-vesaf-changes-of-nav-weekly-report.xlsx,2017-11-27,20171127-vesaf-changes-of-nav-weekly-report.xlsx,,2017-11-27,data/raw/vinacapital/20171127-vesaf-changes-of-nav-weekly-report-cf66442c087ab5a3.xlsx,ParseError: no sheet in data/raw/vinacapital/20171127-vesaf-changes-of-nav-weekly-report-cf66442c087ab5a3.xlsx carries line 2.1; not Appendix XXIV
vinacapital,vesaf,VINACAPITAL-VESAF,https://vinacapital.com/wp-content/uploads/2022/07/20171127-vesaf-nav-weekly-report.xlsx,2017-11-27,20171127-vesaf-nav-weekly-report.xlsx,,2017-11-27,data/raw/vinacapital/20171127-vesaf-nav-weekly-report-700ee16431961e2b.xlsx,ParseError: no sheet in data/raw/vinacapital/20171127-vesaf-nav-weekly-report-700ee16431961e2b.xlsx carries line 2.1; not Appendix XXIV
vinacapital,vesaf,VINACAPITAL-VESAF,https://vinacapital.com/wp-content/uploads/2022/07/20171204-vesaf-changes-of-nav-weekly-report.xlsx,2017-12-04,20171204-vesaf-changes-of-nav-weekly-report.xlsx,,2017-12-04,data/raw/vinacapital/20171204-vesaf-changes-of-nav-weekly-report-52bf3f187866d133.xlsx,ParseError: no sheet in data/raw/vinacapital/20171204-vesaf-changes-of-nav-weekly-report-52bf3f187866d133.xlsx carries line 2.1; not Appendix XXIV
vinacapital,vesaf,VINACAPITAL-VESAF,https://vinacapital.com/wp-content/uploads/2022/07/20171204-vesaf-nav-weekly-report.xlsx,2017-12-04,20171204-vesaf-nav-weekly-report.xlsx,,2017-12-04,data/raw/vinacapital/20171204-vesaf-nav-weekly-report-4d524ce94ec92e8e.xlsx,ParseError: no sheet in data/raw/vinacapital/20171204-vesaf-nav-weekly-report-4d524ce94ec92e8e.xlsx carries line 2.1; not Appendix XXIV
vinacapital,vesaf,VINACAPITAL-VESAF,https://vinacapital.com/wp-content/uploads/2022/07/20171211-vesaf-changes-of-nav-weekly-report.xlsx,2017-12-11,20171211-vesaf-changes-of-nav-weekly-report.xlsx,,2017-12-11,data/raw/vinacapital/20171211-vesaf-changes-of-nav-weekly-report-8f5f1cd4f39ce07a.xlsx,ParseError: no sheet in data/raw/vinacapital/20171211-vesaf-changes-of-nav-weekly-report-8f5f1cd4f39ce07a.xlsx carries line 2.1; not Appendix XXIV
vinacapital,vesaf,VINACAPITAL-VESAF,https://vinacapital.com/wp-content/uploads/2022/07/20171211-vesaf-nav-weekly-report.xlsx,2017-12-11,20171211-vesaf-nav-weekly-report.xlsx,,2017-12-11,data/raw/vinacapital/20171211-vesaf-nav-weekly-report-764c00fa787d591c.xlsx,ParseError: no sheet in data/raw/vinacapital/20171211-vesaf-nav-weekly-report-764c00fa787d591c.xlsx carries line 2.1; not Appendix XXIV
vinacapital,vesaf,VINACAPITAL-VESAF,https://vinacapital.com/wp-content/uploads/2022/07/20171218-vesaf-changes-of-nav-weekly-report.xlsx,2017-12-18,20171218-vesaf-changes-of-nav-weekly-report.xlsx,,2017-12-18,data/raw/vinacapital/20171218-vesaf-changes-of-nav-weekly-report-8d416d2bcfb221fe.xlsx,ParseError: no sheet in data/raw/vinacapital/20171218-vesaf-changes-of-nav-weekly-report-8d416d2bcfb221fe.xlsx carries line 2.1; not Appendix XXIV
vinacapital,vesaf,VINACAPITAL-VESAF,https://vinacapital.com/wp-content/uploads/2022/07/20171218-vesaf-nav-weekly-report.xlsx,2017-12-18,20171218-vesaf-nav-weekly-report.xlsx,,2017-12-18,data/raw/vinacapital/20171218-vesaf-nav-weekly-report-5af27f059839f654.xlsx,ParseError: no sheet in data/raw/vinacapital/20171218-vesaf-nav-weekly-report-5af27f059839f654.xlsx carries line 2.1; not Appendix XXIV
vinacapital,vesaf,VINACAPITAL-VESAF,https://vinacapital.com/wp-content/uploads/2022/07/20171225-vesaf-changes-of-nav-weekly-report.xlsx,2017-12-25,20171225-vesaf-changes-of-nav-weekly-report.xlsx,,2017-12-25,data/raw/vinacapital/20171225-vesaf-changes-of-nav-weekly-report-8f72ff0ba55b325d.xlsx,ParseError: no sheet in data/raw/vinacapital/20171225-vesaf-changes-of-nav-weekly-report-8f72ff0ba55b325d.xlsx carries line 2.1; not Appendix XXIV
vinacapital,vesaf,VINACAPITAL-VESAF,https://vinacapital.com/wp-content/uploads/2022/07/20171225-vesaf-nav-weekly-report.xlsx,2017-12-25,20171225-vesaf-nav-weekly-report.xlsx,,2017-12-25,data/raw/vinacapital/20171225-vesaf-nav-weekly-report-ac513e37db8a0084.xlsx,ParseError: no sheet in data/raw/vinacapital/20171225-vesaf-nav-weekly-report-ac513e37db8a0084.xlsx carries line 2.1; not Appendix XXIV
vinacapital,vesaf,VINACAPITAL-VESAF,https://vinacapital.com/wp-content/uploads/2022/07/20180102-vesaf-changes-of-nav-weekly-report.xlsx,2018-01-02,20180102-vesaf-changes-of-nav-weekly-report.xlsx,,2018-01-02,data/raw/vinacapital/20180102-vesaf-changes-of-nav-weekly-report-608f7abc341ed728.xlsx,ParseError: no sheet in data/raw/vinacapital/20180102-vesaf-changes-of-nav-weekly-report-608f7abc341ed728.xlsx carries line 2.1; not Appendix XXIV
vinacapital,vesaf,VINACAPITAL-VESAF,https://vinacapital.com/wp-content/uploads/2022/07/20180102-vesaf-nav-weekly-report.xlsx,2018-01-02,20180102-vesaf-nav-weekly-report.xlsx,,2018-01-02,data/raw/vinacapital/20180102-vesaf-nav-weekly-report-33671e7b3e00b492.xlsx,ParseError: no sheet in data/raw/vinacapital/20180102-vesaf-nav-weekly-report-33671e7b3e00b492.xlsx carries line 2.1; not Appendix XXIV
vinacapital,vesaf,VINACAPITAL-VESAF,https://vinacapital.com/wp-content/uploads/2022/07/20180109-vesaf-changes-of-nav-weekly-report.xlsx,2018-01-09,20180109-vesaf-changes-of-nav-weekly-report.xlsx,,2018-01-09,data/raw/vinacapital/20180109-vesaf-changes-of-nav-weekly-report-ceef687935ca801a.xlsx,ParseError: no sheet in data/raw/vinacapital/20180109-vesaf-changes-of-nav-weekly-report-ceef687935ca801a.xlsx carries line 2.1; not Appendix XXIV
vinacapital,vesaf,VINACAPITAL-VESAF,https://vinacapital.com/wp-content/uploads/2022/07/20180109-vesaf-nav-weekly-report.xlsx,2018-01-09,20180109-vesaf-nav-weekly-report.xlsx,,2018-01-09,data/raw/vinacapital/20180109-vesaf-nav-weekly-report-de8035674690ebb7.xlsx,ParseError: no sheet in data/raw/vinacapital/20180109-vesaf-nav-weekly-report-de8035674690ebb7.xlsx carries line 2.1; not Appendix XXIV
vinacapital,vesaf,VINACAPITAL-VESAF,https://vinacapital.com/wp-content/uploads/2022/07/20180115-vesaf-nav-weekly-report.xlsx,2018-01-15,20180115-vesaf-nav-weekly-report.xlsx,,2018-01-15,data/raw/vinacapital/20180115-vesaf-nav-weekly-report-f24467b323dd7902.xlsx,ParseError: no sheet in data/raw/vinacapital/20180115-vesaf-nav-weekly-report-f24467b323dd7902.xlsx carries line 2.1; not Appendix XXIV
vinacapital,vesaf,VINACAPITAL-VESAF,https://vinacapital.com/wp-content/uploads/2022/07/20180122-vesaf-changes-of-nav-weekly-report.xlsx,2018-01-22,20180122-vesaf-changes-of-nav-weekly-report.xlsx,,2018-01-22,data/raw/vinacapital/20180122-vesaf-changes-of-nav-weekly-report-c1899265241d1a2b.xlsx,ParseError: no sheet in data/raw/vinacapital/20180122-vesaf-changes-of-nav-weekly-report-c1899265241d1a2b.xlsx carries line 2.1; not Appendix XXIV
vinacapital,vesaf,VINACAPITAL-VESAF,https://vinacapital.com/wp-content/uploads/2022/07/20180122-vesaf-nav-weekly-report.xlsx,2018-01-22,20180122-vesaf-nav-weekly-report.xlsx,,2018-01-22,data/raw/vinacapital/20180122-vesaf-nav-weekly-report-e8d1518b46bdb479.xlsx,ParseError: no sheet in data/raw/vinacapital/20180122-vesaf-nav-weekly-report-e8d1518b46bdb479.xlsx carries line 2.1; not Appendix XXIV
vinacapital,vesaf,VINACAPITAL-VESAF,https://vinacapital.com/wp-content/uploads/2022/07/20180129-vesaf-changes-of-nav-weekly-report.xlsx,2018-01-29,20180129-vesaf-changes-of-nav-weekly-report.xlsx,,2018-01-29,data/raw/vinacapital/20180129-vesaf-changes-of-nav-weekly-report-ccb91bed82beb94d.xlsx,ParseError: no sheet in data/raw/vinacapital/20180129-vesaf-changes-of-nav-weekly-report-ccb91bed82beb94d.xlsx carries line 2.1; not Appendix XXIV
vinacapital,vesaf,VINACAPITAL-VESAF,https://vinacapital.com/wp-content/uploads/2022/07/20180129-vesaf-nav-weekly-report.xlsx,2018-01-29,20180129-vesaf-nav-weekly-report.xlsx,,2018-01-29,data/raw/vinacapital/20180129-vesaf-nav-weekly-report-85389ba531c15994.xlsx,ParseError: no sheet in data/raw/vinacapital/20180129-vesaf-nav-weekly-report-85389ba531c15994.xlsx carries line 2.1; not Appendix XXIV
vinacapital,vesaf,VINACAPITAL-VESAF,https://vinacapital.com/wp-content/uploads/2022/07/20180205-vesaf-changes-of-nav-weekly-report.xlsx,2018-02-05,20180205-vesaf-changes-of-nav-weekly-report.xlsx,,2018-02-05,data/raw/vinacapital/20180205-vesaf-changes-of-nav-weekly-report-b415e62c1bbeb9c2.xlsx,ParseError: no sheet in data/raw/vinacapital/20180205-vesaf-changes-of-nav-weekly-report-b415e62c1bbeb9c2.xlsx carries line 2.1; not Appendix XXIV
vinacapital,vesaf,VINACAPITAL-VESAF,https://vinacapital.com/wp-content/uploads/2022/07/20180205-vesaf-nav-weekly-report.xlsx,2018-02-05,20180205-vesaf-nav-weekly-report.xlsx,,2018-02-05,data/raw/vinacapital/20180205-vesaf-nav-weekly-report-54d18a1ca9c2c23b.xlsx,ParseError: no sheet in data/raw/vinacapital/20180205-vesaf-nav-weekly-report-54d18a1ca9c2c23b.xlsx carries line 2.1; not Appendix XXIV
vinacapital,vesaf,VINACAPITAL-VESAF,https://vinacapital.com/wp-content/uploads/2022/07/20180212-vesaf-changes-of-nav-weekly-report.xlsx,2018-02-12,20180212-vesaf-changes-of-nav-weekly-report.xlsx,,2018-02-12,data/raw/vinacapital/20180212-vesaf-changes-of-nav-weekly-report-9e0b8f07cb73a691.xlsx,ParseError: no sheet in data/raw/vinacapital/20180212-vesaf-changes-of-nav-weekly-report-9e0b8f07cb73a691.xlsx carries line 2.1; not Appendix XXIV
vinacapital,vesaf,VINACAPITAL-VESAF,https://vinacapital.com/wp-content/uploads/2022/07/20180212-vesaf-nav-weekly-report.xlsx,2018-02-12,20180212-vesaf-nav-weekly-report.xlsx,,2018-02-12,data/raw/vinacapital/20180212-vesaf-nav-weekly-report-0ef9546b948a66a4.xlsx,ParseError: no sheet in data/raw/vinacapital/20180212-vesaf-nav-weekly-report-0ef9546b948a66a4.xlsx carries line 2.1; not Appendix XXIV
vinacapital,vesaf,VINACAPITAL-VESAF,https://vinacapital.com/wp-content/uploads/2022/07/20180226-vesaf-changes-of-nav-weekly-report.xlsx,2018-02-26,20180226-vesaf-changes-of-nav-weekly-report.xlsx,,2018-02-26,data/raw/vinacapital/20180226-vesaf-changes-of-nav-weekly-report-fd5af3d4c0a522d6.xlsx,ParseError: no sheet in data/raw/vinacapital/20180226-vesaf-changes-of-nav-weekly-report-fd5af3d4c0a522d6.xlsx carries line 2.1; not Appendix XXIV
vinacapital,vesaf,VINACAPITAL-VESAF,https://vinacapital.com/wp-content/uploads/2022/07/20180226-vesaf-nav-weekly-report.xlsx,2018-02-26,20180226-vesaf-nav-weekly-report.xlsx,,2018-02-26,data/raw/vinacapital/20180226-vesaf-nav-weekly-report-105c395e67202a45.xlsx,ParseError: no sheet in data/raw/vinacapital/20180226-vesaf-nav-weekly-report-105c395e67202a45.xlsx carries line 2.1; not Appendix XXIV
vinacapital,vesaf,VINACAPITAL-VESAF,https://vinacapital.com/wp-content/uploads/2022/07/20180305-vesaf-changes-of-nav-weekly-report.xlsx,2018-03-05,20180305-vesaf-changes-of-nav-weekly-report.xlsx,,2018-03-05,data/raw/vinacapital/20180305-vesaf-changes-of-nav-weekly-report-ed16e1ee0a507763.xlsx,ParseError: no sheet in data/raw/vinacapital/20180305-vesaf-changes-of-nav-weekly-report-ed16e1ee0a507763.xlsx carries line 2.1; not Appendix XXIV
vinacapital,vesaf,VINACAPITAL-VESAF,https://vinacapital.com/wp-content/uploads/2022/07/20180305-vesaf-nav-weekly-report.xlsx,2018-03-05,20180305-vesaf-nav-weekly-report.xlsx,,2018-03-05,data/raw/vinacapital/20180305-vesaf-nav-weekly-report-7437fe80e6fbb59e.xlsx,ParseError: no sheet in data/raw/vinacapital/20180305-vesaf-nav-weekly-report-7437fe80e6fbb59e.xlsx carries line 2.1; not Appendix XXIV
vinacapital,vesaf,VINACAPITAL-VESAF,https://vinacapital.com/wp-content/uploads/2022/07/20180312-vesaf-changes-of-nav-weekly-report.xlsx,2018-03-12,20180312-vesaf-changes-of-nav-weekly-report.xlsx,,2018-03-12,data/raw/vinacapital/20180312-vesaf-changes-of-nav-weekly-report-0603cc034b9b982a.xlsx,ParseError: no sheet in data/raw/vinacapital/20180312-vesaf-changes-of-nav-weekly-report-0603cc034b9b982a.xlsx carries line 2.1; not Appendix XXIV
vinacapital,vesaf,VINACAPITAL-VESAF,https://vinacapital.com/wp-content/uploads/2022/07/20180312-vesaf-nav-weekly-report.xlsx,2018-03-12,20180312-vesaf-nav-weekly-report.xlsx,,2018-03-12,data/raw/vinacapital/20180312-vesaf-nav-weekly-report-d13afa59d3d7cc2d.xlsx,ParseError: no sheet in data/raw/vinacapital/20180312-vesaf-nav-weekly-report-d13afa59d3d7cc2d.xlsx carries line 2.1; not Appendix XXIV
vinacapital,vesaf,VINACAPITAL-VESAF,https://vinacapital.com/wp-content/uploads/2022/07/20180319-vesaf-changes-of-nav-weekly-report.xlsx,2018-03-19,20180319-vesaf-changes-of-nav-weekly-report.xlsx,,2018-03-19,data/raw/vinacapital/20180319-vesaf-changes-of-nav-weekly-report-65bcf79249fb69bd.xlsx,ParseError: no sheet in data/raw/vinacapital/20180319-vesaf-changes-of-nav-weekly-report-65bcf79249fb69bd.xlsx carries line 2.1; not Appendix XXIV
vinacapital,vesaf,VINACAPITAL-VESAF,https://vinacapital.com/wp-content/uploads/2022/07/20180319-vesaf-nav-weekly-report.xlsx,2018-03-19,20180319-vesaf-nav-weekly-report.xlsx,,2018-03-19,data/raw/vinacapital/20180319-vesaf-nav-weekly-report-6a2d73550491642f.xlsx,ParseError: no sheet in data/raw/vinacapital/20180319-vesaf-nav-weekly-report-6a2d73550491642f.xlsx carries line 2.1; not Appendix XXIV
vinacapital,vesaf,VINACAPITAL-VESAF,https://vinacapital.com/wp-content/uploads/2022/07/20180326-vesaf-changes-of-nav-weekly-report.xlsx,2018-03-26,20180326-vesaf-changes-of-nav-weekly-report.xlsx,,2018-03-26,data/raw/vinacapital/20180326-vesaf-changes-of-nav-weekly-report-17c97ae9c9980bb4.xlsx,ParseError: no sheet in data/raw/vinacapital/20180326-vesaf-changes-of-nav-weekly-report-17c97ae9c9980bb4.xlsx carries line 2.1; not Appendix XXIV
vinacapital,vesaf,VINACAPITAL-VESAF,https://vinacapital.com/wp-content/uploads/2022/07/20180326-vesaf-nav-weekly-report.xlsx,2018-03-26,20180326-vesaf-nav-weekly-report.xlsx,,2018-03-26,data/raw/vinacapital/20180326-vesaf-nav-weekly-report-442d4713d1f53e9f.xlsx,ParseError: no sheet in data/raw/vinacapital/20180326-vesaf-nav-weekly-report-442d4713d1f53e9f.xlsx carries line 2.1; not Appendix XXIV
vinacapital,vesaf,VINACAPITAL-VESAF,https://vinacapital.com/wp-content/uploads/2022/07/20180402-vesaf-changes-of-nav-weekly-report.xlsx,2018-04-02,20180402-vesaf-changes-of-nav-weekly-report.xlsx,,2018-04-02,data/raw/vinacapital/20180402-vesaf-changes-of-nav-weekly-report-68806f81191cf2c2.xlsx,ParseError: no sheet in data/raw/vinacapital/20180402-vesaf-changes-of-nav-weekly-report-68806f81191cf2c2.xlsx carries line 2.1; not Appendix XXIV
vinacapital,vesaf,VINACAPITAL-VESAF,https://vinacapital.com/wp-content/uploads/2022/07/20180402-vesaf-nav-weekly-report.xlsx,2018-04-02,20180402-vesaf-nav-weekly-report.xlsx,,2018-04-02,data/raw/vinacapital/20180402-vesaf-nav-weekly-report-4ff02cbec4f6b816.xlsx,ParseError: no sheet in data/raw/vinacapital/20180402-vesaf-nav-weekly-report-4ff02cbec4f6b816.xlsx carries line 2.1; not Appendix XXIV
vinacapital,vesaf,VINACAPITAL-VESAF,https://vinacapital.com/wp-content/uploads/2022/07/20180409-vesaf-changes-of-nav-weekly-report.xlsx,2018-04-09,20180409-vesaf-changes-of-nav-weekly-report.xlsx,,2018-04-09,data/raw/vinacapital/20180409-vesaf-changes-of-nav-weekly-report-6be2e7693f181aa6.xlsx,ParseError: no sheet in data/raw/vinacapital/20180409-vesaf-changes-of-nav-weekly-report-6be2e7693f181aa6.xlsx carries line 2.1; not Appendix XXIV
vinacapital,vesaf,VINACAPITAL-VESAF,https://vinacapital.com/wp-content/uploads/2022/07/20180409-vesaf-nav-weekly-report.xlsx,2018-04-09,20180409-vesaf-nav-weekly-report.xlsx,,2018-04-09,data/raw/vinacapital/20180409-vesaf-nav-weekly-report-365e19e25f7792c7.xlsx,ParseError: no sheet in data/raw/vinacapital/20180409-vesaf-nav-weekly-report-365e19e25f7792c7.xlsx carries line 2.1; not Appendix XXIV
vinacapital,vesaf,VINACAPITAL-VESAF,https://vinacapital.com/wp-content/uploads/2022/07/20180416-vesaf-changes-of-nav-weekly-report.xlsx,2018-04-16,20180416-vesaf-changes-of-nav-weekly-report.xlsx,,2018-04-16,data/raw/vinacapital/20180416-vesaf-changes-of-nav-weekly-report-df0de895c675e4f5.xlsx,ParseError: no sheet in data/raw/vinacapital/20180416-vesaf-changes-of-nav-weekly-report-df0de895c675e4f5.xlsx carries line 2.1; not Appendix XXIV
vinacapital,vesaf,VINACAPITAL-VESAF,https://vinacapital.com/wp-content/uploads/2022/07/20180416-vesaf-nav-weekly-report.xlsx,2018-04-16,20180416-vesaf-nav-weekly-report.xlsx,,2018-04-16,data/raw/vinacapital/20180416-vesaf-nav-weekly-report-4d4a0a04b4a3aca3.xlsx,ParseError: no sheet in data/raw/vinacapital/20180416-vesaf-nav-weekly-report-4d4a0a04b4a3aca3.xlsx carries line 2.1; not Appendix XXIV
vinacapital,vesaf,VINACAPITAL-VESAF,https://vinacapital.com/wp-content/uploads/2022/07/20180423-vesaf-changes-of-nav-weekly-report.xlsx,2018-04-23,20180423-vesaf-changes-of-nav-weekly-report.xlsx,,2018-04-23,data/raw/vinacapital/20180423-vesaf-changes-of-nav-weekly-report-f370b66e339bf6e2.xlsx,ParseError: no sheet in data/raw/vinacapital/20180423-vesaf-changes-of-nav-weekly-report-f370b66e339bf6e2.xlsx carries line 2.1; not Appendix XXIV
vinacapital,vesaf,VINACAPITAL-VESAF,https://vinacapital.com/wp-content/uploads/2022/07/20180423-vesaf-nav-weekly-report.xlsx,2018-04-23,20180423-vesaf-nav-weekly-report.xlsx,,2018-04-23,data/raw/vinacapital/20180423-vesaf-nav-weekly-report-f50b73addbc3c822.xlsx,ParseError: no sheet in data/raw/vinacapital/20180423-vesaf-nav-weekly-report-f50b73addbc3c822.xlsx carries line 2.1; not Appendix XXIV
vinacapital,vesaf,VINACAPITAL-VESAF,https://vinacapital.com/wp-content/uploads/2022/07/20180430-vesaf-changes-of-nav-weekly-report.xlsx,2018-04-30,20180430-vesaf-changes-of-nav-weekly-report.xlsx,,2018-04-30,data/raw/vinacapital/20180430-vesaf-changes-of-nav-weekly-report-ae46cd7269a4cd0b.xlsx,ParseError: no sheet in data/raw/vinacapital/20180430-vesaf-changes-of-nav-weekly-report-ae46cd7269a4cd0b.xlsx carries line 2.1; not Appendix XXIV
vinacapital,vesaf,VINACAPITAL-VESAF,https://vinacapital.com/wp-content/uploads/2022/07/20180430-vesaf-nav-weekly-report.xlsx,2018-04-30,20180430-vesaf-nav-weekly-report.xlsx,,2018-04-30,data/raw/vinacapital/20180430-vesaf-nav-weekly-report-b0d81cd318b600bb.xlsx,ParseError: no sheet in data/raw/vinacapital/20180430-vesaf-nav-weekly-report-b0d81cd318b600bb.xlsx carries line 2.1; not Appendix XXIV
vinacapital,vesaf,VINACAPITAL-VESAF,https://vinacapital.com/wp-content/uploads/2022/07/20180508-vesaf-changes-of-nav-weekly-report.xlsx,2018-05-08,20180508-vesaf-changes-of-nav-weekly-report.xlsx,,2018-05-08,data/raw/vinacapital/20180508-vesaf-changes-of-nav-weekly-report-45a181df93453175.xlsx,ParseError: no sheet in data/raw/vinacapital/20180508-vesaf-changes-of-nav-weekly-report-45a181df93453175.xlsx carries line 2.1; not Appendix XXIV
vinacapital,vesaf,VINACAPITAL-VESAF,https://vinacapital.com/wp-content/uploads/2022/07/20180508-vesaf-nav-weekly-report.xlsx,2018-05-08,20180508-vesaf-nav-weekly-report.xlsx,,2018-05-08,data/raw/vinacapital/20180508-vesaf-nav-weekly-report-b5faad7c6b5549f3.xlsx,ParseError: no sheet in data/raw/vinacapital/20180508-vesaf-nav-weekly-report-b5faad7c6b5549f3.xlsx carries line 2.1; not Appendix XXIV
vinacapital,vesaf,VINACAPITAL-VESAF,https://vinacapital.com/wp-content/uploads/2022/07/20180514-vesaf-changes-of-nav-weekly-report.xlsx,2018-05-14,20180514-vesaf-changes-of-nav-weekly-report.xlsx,,2018-05-14,data/raw/vinacapital/20180514-vesaf-changes-of-nav-weekly-report-65e5e1dbf6b1a6ae.xlsx,ParseError: no sheet in data/raw/vinacapital/20180514-vesaf-changes-of-nav-weekly-report-65e5e1dbf6b1a6ae.xlsx carries line 2.1; not Appendix XXIV
vinacapital,vesaf,VINACAPITAL-VESAF,https://vinacapital.com/wp-content/uploads/2022/07/20180514-vesaf-nav-weekly-report.xlsx,2018-05-14,20180514-vesaf-nav-weekly-report.xlsx,,2018-05-14,data/raw/vinacapital/20180514-vesaf-nav-weekly-report-795d28c79a11f85b.xlsx,ParseError: no sheet in data/raw/vinacapital/20180514-vesaf-nav-weekly-report-795d28c79a11f85b.xlsx carries line 2.1; not Appendix XXIV
vinacapital,vesaf,VINACAPITAL-VESAF,https://vinacapital.com/wp-content/uploads/2022/07/20180521-vesaf-changes-of-nav-weekly-report.xlsx,2018-05-21,20180521-vesaf-changes-of-nav-weekly-report.xlsx,,2018-05-21,data/raw/vinacapital/20180521-vesaf-changes-of-nav-weekly-report-721dd1689b2c2d8c.xlsx,ParseError: no sheet in data/raw/vinacapital/20180521-vesaf-changes-of-nav-weekly-report-721dd1689b2c2d8c.xlsx carries line 2.1; not Appendix XXIV
vinacapital,vesaf,VINACAPITAL-VESAF,https://vinacapital.com/wp-content/uploads/2022/07/20180521-vesaf-nav-weekly-report.xlsx,2018-05-21,20180521-vesaf-nav-weekly-report.xlsx,,2018-05-21,data/raw/vinacapital/20180521-vesaf-nav-weekly-report-d4a23f8469ff3514.xlsx,ParseError: no sheet in data/raw/vinacapital/20180521-vesaf-nav-weekly-report-d4a23f8469ff3514.xlsx carries line 2.1; not Appendix XXIV
vinacapital,vesaf,VINACAPITAL-VESAF,https://vinacapital.com/wp-content/uploads/2022/07/20180604-vesaf-changes-of-nav-weekly-report.xlsx,2018-06-04,20180604-vesaf-changes-of-nav-weekly-report.xlsx,,2018-06-04,data/raw/vinacapital/20180604-vesaf-changes-of-nav-weekly-report-09c29251d7498a3b.xlsx,ParseError: no sheet in data/raw/vinacapital/20180604-vesaf-changes-of-nav-weekly-report-09c29251d7498a3b.xlsx carries line 2.1; not Appendix XXIV
vinacapital,vesaf,VINACAPITAL-VESAF,https://vinacapital.com/wp-content/uploads/2022/07/20180604-vesaf-nav-weekly-report.xlsx,2018-06-04,20180604-vesaf-nav-weekly-report.xlsx,,2018-06-04,data/raw/vinacapital/20180604-vesaf-nav-weekly-report-d5dc004e0832c665.xlsx,ParseError: no sheet in data/raw/vinacapital/20180604-vesaf-nav-weekly-report-d5dc004e0832c665.xlsx carries line 2.1; not Appendix XXIV
vinacapital,vesaf,VINACAPITAL-VESAF,https://vinacapital.com/wp-content/uploads/2022/07/20180611-vesaf-changes-of-nav-weekly-report.xlsx,2018-06-11,20180611-vesaf-changes-of-nav-weekly-report.xlsx,,2018-06-11,data/raw/vinacapital/20180611-vesaf-changes-of-nav-weekly-report-860dfd4d4951ea22.xlsx,ParseError: no sheet in data/raw/vinacapital/20180611-vesaf-changes-of-nav-weekly-report-860dfd4d4951ea22.xlsx carries line 2.1; not Appendix XXIV
vinacapital,vesaf,VINACAPITAL-VESAF,https://vinacapital.com/wp-content/uploads/2022/07/20180611-vesaf-nav-weekly-reporty.xlsx,2018-06-11,20180611-vesaf-nav-weekly-reporty.xlsx,,2018-06-11,data/raw/vinacapital/20180611-vesaf-nav-weekly-reporty-7efb6fa00fd3e71a.xlsx,ParseError: no sheet in data/raw/vinacapital/20180611-vesaf-nav-weekly-reporty-7efb6fa00fd3e71a.xlsx carries line 2.1; not Appendix XXIV
vinacapital,vesaf,VINACAPITAL-VESAF,https://vinacapital.com/wp-content/uploads/2022/07/20180618-vesaf-changes-of-nav-weekly-report.xlsx,2018-06-18,20180618-vesaf-changes-of-nav-weekly-report.xlsx,,2018-06-18,data/raw/vinacapital/20180618-vesaf-changes-of-nav-weekly-report-bd1d70cb604db3f4.xlsx,ParseError: no sheet in data/raw/vinacapital/20180618-vesaf-changes-of-nav-weekly-report-bd1d70cb604db3f4.xlsx carries line 2.1; not Appendix XXIV
vinacapital,vesaf,VINACAPITAL-VESAF,https://vinacapital.com/wp-content/uploads/2022/07/20180618-vesaf-nav-weekly-report.xlsx,2018-06-18,20180618-vesaf-nav-weekly-report.xlsx,,2018-06-18,data/raw/vinacapital/20180618-vesaf-nav-weekly-report-c7883c1f1608e498.xlsx,ParseError: no sheet in data/raw/vinacapital/20180618-vesaf-nav-weekly-report-c7883c1f1608e498.xlsx carries line 2.1; not Appendix XXIV
vinacapital,vesaf,VINACAPITAL-VESAF,https://vinacapital.com/wp-content/uploads/2022/07/20180625-vesaf-changes-of-nav-weekly-report.xlsx,2018-06-25,20180625-vesaf-changes-of-nav-weekly-report.xlsx,,2018-06-25,data/raw/vinacapital/20180625-vesaf-changes-of-nav-weekly-report-193133ebce2762f0.xlsx,ParseError: no sheet in data/raw/vinacapital/20180625-vesaf-changes-of-nav-weekly-report-193133ebce2762f0.xlsx carries line 2.1; not Appendix XXIV
vinacapital,vesaf,VINACAPITAL-VESAF,https://vinacapital.com/wp-content/uploads/2022/07/20180625-vesaf-nav-weekly-report.xlsx,2018-06-25,20180625-vesaf-nav-weekly-report.xlsx,,2018-06-25,data/raw/vinacapital/20180625-vesaf-nav-weekly-report-7093eb7e72344934.xlsx,ParseError: no sheet in data/raw/vinacapital/20180625-vesaf-nav-weekly-report-7093eb7e72344934.xlsx carries line 2.1; not Appendix XXIV
vinacapital,vesaf,VINACAPITAL-VESAF,https://vinacapital.com/wp-content/uploads/2022/07/20180702-vesaf-changes-of-nav-weekly-report.xlsx,2018-07-02,20180702-vesaf-changes-of-nav-weekly-report.xlsx,,2018-07-02,data/raw/vinacapital/20180702-vesaf-changes-of-nav-weekly-report-a0f3b6907cf06a83.xlsx,ParseError: no sheet in data/raw/vinacapital/20180702-vesaf-changes-of-nav-weekly-report-a0f3b6907cf06a83.xlsx carries line 2.1; not Appendix XXIV
vinacapital,vesaf,VINACAPITAL-VESAF,https://vinacapital.com/wp-content/uploads/2022/07/20180702-vesaf-nav-weekly-report.xlsx,2018-07-02,20180702-vesaf-nav-weekly-report.xlsx,,2018-07-02,data/raw/vinacapital/20180702-vesaf-nav-weekly-report-f45489831d5315d5.xlsx,ParseError: no sheet in data/raw/vinacapital/20180702-vesaf-nav-weekly-report-f45489831d5315d5.xlsx carries line 2.1; not Appendix XXIV
vinacapital,vesaf,VINACAPITAL-VESAF,https://vinacapital.com/wp-content/uploads/2022/07/20180709-vesaf-changes-of-nav-weekly-report.xlsx,2018-07-09,20180709-vesaf-changes-of-nav-weekly-report.xlsx,,2018-07-09,data/raw/vinacapital/20180709-vesaf-changes-of-nav-weekly-report-a721863fcd825d95.xlsx,ParseError: no sheet in data/raw/vinacapital/20180709-vesaf-changes-of-nav-weekly-report-a721863fcd825d95.xlsx carries line 2.1; not Appendix XXIV
vinacapital,vesaf,VINACAPITAL-VESAF,https://vinacapital.com/wp-content/uploads/2022/07/20180709-vesaf-nav-weekly-report.xlsx,2018-07-09,20180709-vesaf-nav-weekly-report.xlsx,,2018-07-09,data/raw/vinacapital/20180709-vesaf-nav-weekly-report-da74555e63e8ae68.xlsx,ParseError: no sheet in data/raw/vinacapital/20180709-vesaf-nav-weekly-report-da74555e63e8ae68.xlsx carries line 2.1; not Appendix XXIV
vinacapital,vesaf,VINACAPITAL-VESAF,https://vinacapital.com/wp-content/uploads/2022/07/20180723-vesaf-nav-weekly-report.xlsx,2018-07-23,20180723-vesaf-nav-weekly-report.xlsx,,2018-07-23,data/raw/vinacapital/20180723-vesaf-nav-weekly-report-9e4c67c5aa7a2666.xlsx,ParseError: no sheet in data/raw/vinacapital/20180723-vesaf-nav-weekly-report-9e4c67c5aa7a2666.xlsx carries line 2.1; not Appendix XXIV
vinacapital,vesaf,VINACAPITAL-VESAF,https://vinacapital.com/wp-content/uploads/2022/07/20180730-vesaf-changes-of-nav-weekly-report.xlsx,2018-07-30,20180730-vesaf-changes-of-nav-weekly-report.xlsx,,2018-07-30,data/raw/vinacapital/20180730-vesaf-changes-of-nav-weekly-report-e5c6005c28b71325.xlsx,ParseError: no sheet in data/raw/vinacapital/20180730-vesaf-changes-of-nav-weekly-report-e5c6005c28b71325.xlsx carries line 2.1; not Appendix XXIV
vinacapital,vesaf,VINACAPITAL-VESAF,https://vinacapital.com/wp-content/uploads/2022/07/20180730-vesaf-nav-weekly-report.xlsx,2018-07-30,20180730-vesaf-nav-weekly-report.xlsx,,2018-07-30,data/raw/vinacapital/20180730-vesaf-nav-weekly-report-60dbbdacd56ec503.xlsx,ParseError: no sheet in data/raw/vinacapital/20180730-vesaf-nav-weekly-report-60dbbdacd56ec503.xlsx carries line 2.1; not Appendix XXIV
vinacapital,vesaf,VINACAPITAL-VESAF,https://vinacapital.com/wp-content/uploads/2022/07/20180806-vesaf-changes-of-nav-weekly-report.xlsx,2018-08-06,20180806-vesaf-changes-of-nav-weekly-report.xlsx,,2018-08-06,data/raw/vinacapital/20180806-vesaf-changes-of-nav-weekly-report-294dd683761d07e1.xlsx,ParseError: no sheet in data/raw/vinacapital/20180806-vesaf-changes-of-nav-weekly-report-294dd683761d07e1.xlsx carries line 2.1; not Appendix XXIV
vinacapital,vesaf,VINACAPITAL-VESAF,https://vinacapital.com/wp-content/uploads/2022/07/20180806-vesaf-nav-weekly-report.xlsx,2018-08-06,20180806-vesaf-nav-weekly-report.xlsx,,2018-08-06,data/raw/vinacapital/20180806-vesaf-nav-weekly-report-3abd4e85538db48a.xlsx,ParseError: no sheet in data/raw/vinacapital/20180806-vesaf-nav-weekly-report-3abd4e85538db48a.xlsx carries line 2.1; not Appendix XXIV
vinacapital,vesaf,VINACAPITAL-VESAF,https://vinacapital.com/wp-content/uploads/2022/07/20180813-vesaf-changes-of-nav-weekly-report.xlsx,2018-08-13,20180813-vesaf-changes-of-nav-weekly-report.xlsx,,2018-08-13,data/raw/vinacapital/20180813-vesaf-changes-of-nav-weekly-report-d99c0b8142daba8a.xlsx,ParseError: no sheet in data/raw/vinacapital/20180813-vesaf-changes-of-nav-weekly-report-d99c0b8142daba8a.xlsx carries line 2.1; not Appendix XXIV
vinacapital,vesaf,VINACAPITAL-VESAF,https://vinacapital.com/wp-content/uploads/2022/07/20180813-vesaf-nav-weekly-report.xlsx,2018-08-13,20180813-vesaf-nav-weekly-report.xlsx,,2018-08-13,data/raw/vinacapital/20180813-vesaf-nav-weekly-report-30fd040f0a36045e.xlsx,ParseError: no sheet in data/raw/vinacapital/20180813-vesaf-nav-weekly-report-30fd040f0a36045e.xlsx carries line 2.1; not Appendix XXIV
vinacapital,vesaf,VINACAPITAL-VESAF,https://vinacapital.com/wp-content/uploads/2022/07/20180820-vesaf-nav-weekly-report.xlsx,2018-08-20,20180820-vesaf-nav-weekly-report.xlsx,,2018-08-20,data/raw/vinacapital/20180820-vesaf-nav-weekly-report-e5386158e57d319d.xlsx,ParseError: no sheet in data/raw/vinacapital/20180820-vesaf-nav-weekly-report-e5386158e57d319d.xlsx carries line 2.1; not Appendix XXIV
vinacapital,vesaf,VINACAPITAL-VESAF,https://vinacapital.com/wp-content/uploads/2022/07/20181001-vesaf-changes-of-nav-weekly-report.xlsx,2018-10-01,20181001-vesaf-changes-of-nav-weekly-report.xlsx,,2018-10-01,data/raw/vinacapital/20181001-vesaf-changes-of-nav-weekly-report-f05553d380b0a2a9.xlsx,ParseError: no sheet in data/raw/vinacapital/20181001-vesaf-changes-of-nav-weekly-report-f05553d380b0a2a9.xlsx carries line 2.1; not Appendix XXIV
vinacapital,vesaf,VINACAPITAL-VESAF,https://vinacapital.com/wp-content/uploads/2022/07/20181001-vesaf-nav-weekly-report.xlsx,2018-10-01,20181001-vesaf-nav-weekly-report.xlsx,,2018-10-01,data/raw/vinacapital/20181001-vesaf-nav-weekly-report-2a05ac41c6b3a3a2.xlsx,ParseError: no sheet in data/raw/vinacapital/20181001-vesaf-nav-weekly-report-2a05ac41c6b3a3a2.xlsx carries line 2.1; not Appendix XXIV
vinacapital,vesaf,VINACAPITAL-VESAF,https://vinacapital.com/wp-content/uploads/2022/07/20181008-vesaf-changes-of-nav-weekly-report.xlsx,2018-10-08,20181008-vesaf-changes-of-nav-weekly-report.xlsx,,2018-10-08,data/raw/vinacapital/20181008-vesaf-changes-of-nav-weekly-report-ea68d73c50d13170.xlsx,ParseError: no sheet in data/raw/vinacapital/20181008-vesaf-changes-of-nav-weekly-report-ea68d73c50d13170.xlsx carries line 2.1; not Appendix XXIV
vinacapital,vesaf,VINACAPITAL-VESAF,https://vinacapital.com/wp-content/uploads/2022/07/20181008-vesaf-nav-weekly-report.xlsx,2018-10-08,20181008-vesaf-nav-weekly-report.xlsx,,2018-10-08,data/raw/vinacapital/20181008-vesaf-nav-weekly-report-cc9ede893e959573.xlsx,ParseError: no sheet in data/raw/vinacapital/20181008-vesaf-nav-weekly-report-cc9ede893e959573.xlsx carries line 2.1; not Appendix XXIV
vinacapital,vesaf,VINACAPITAL-VESAF,https://vinacapital.com/wp-content/uploads/2022/07/20181015-vesaf-changes-of-nav-weekly-report.xlsx,2018-10-15,20181015-vesaf-changes-of-nav-weekly-report.xlsx,,2018-10-15,data/raw/vinacapital/20181015-vesaf-changes-of-nav-weekly-report-1c516a4779b63055.xlsx,ParseError: no sheet in data/raw/vinacapital/20181015-vesaf-changes-of-nav-weekly-report-1c516a4779b63055.xlsx carries line 2.1; not Appendix XXIV
vinacapital,vesaf,VINACAPITAL-VESAF,https://vinacapital.com/wp-content/uploads/2022/07/20181015-vesaf-nav-weekly-report.xlsx,2018-10-15,20181015-vesaf-nav-weekly-report.xlsx,,2018-10-15,data/raw/vinacapital/20181015-vesaf-nav-weekly-report-1d3118dc14ad50eb.xlsx,ParseError: no sheet in data/raw/vinacapital/20181015-vesaf-nav-weekly-report-1d3118dc14ad50eb.xlsx carries line 2.1; not Appendix XXIV
vinacapital,vesaf,VINACAPITAL-VESAF,https://vinacapital.com/wp-content/uploads/2022/07/20181022-vesaf-changes-of-nav-weekly-report.xlsx,2018-10-22,20181022-vesaf-changes-of-nav-weekly-report.xlsx,,2018-10-22,data/raw/vinacapital/20181022-vesaf-changes-of-nav-weekly-report-37f2a54f8398a1f7.xlsx,ParseError: no sheet in data/raw/vinacapital/20181022-vesaf-changes-of-nav-weekly-report-37f2a54f8398a1f7.xlsx carries line 2.1; not Appendix XXIV
vinacapital,vesaf,VINACAPITAL-VESAF,https://vinacapital.com/wp-content/uploads/2022/07/20181022-vesaf-nav-weekly-report.xlsx,2018-10-22,20181022-vesaf-nav-weekly-report.xlsx,,2018-10-22,data/raw/vinacapital/20181022-vesaf-nav-weekly-report-94744319050edf4a.xlsx,ParseError: no sheet in data/raw/vinacapital/20181022-vesaf-nav-weekly-report-94744319050edf4a.xlsx carries line 2.1; not Appendix XXIV
vinacapital,vesaf,VINACAPITAL-VESAF,https://vinacapital.com/wp-content/uploads/2022/07/20181029-vesaf-changes-of-nav-weekly-report.xlsx,2018-10-29,20181029-vesaf-changes-of-nav-weekly-report.xlsx,,2018-10-29,data/raw/vinacapital/20181029-vesaf-changes-of-nav-weekly-report-646fc327a7d7ed3b.xlsx,ParseError: no sheet in data/raw/vinacapital/20181029-vesaf-changes-of-nav-weekly-report-646fc327a7d7ed3b.xlsx carries line 2.1; not Appendix XXIV
vinacapital,vesaf,VINACAPITAL-VESAF,https://vinacapital.com/wp-content/uploads/2022/07/20181029-vesaf-nav-weekly-report.xlsx,2018-10-29,20181029-vesaf-nav-weekly-report.xlsx,,2018-10-29,data/raw/vinacapital/20181029-vesaf-nav-weekly-report-278c3a53d2edf2f0.xlsx,ParseError: no sheet in data/raw/vinacapital/20181029-vesaf-nav-weekly-report-278c3a53d2edf2f0.xlsx carries line 2.1; not Appendix XXIV
vinacapital,vesaf,VINACAPITAL-VESAF,https://vinacapital.com/wp-content/uploads/2022/07/20181105-vesaf-changes-of-nav-weekly-report.xlsx,2018-11-05,20181105-vesaf-changes-of-nav-weekly-report.xlsx,,2018-11-05,data/raw/vinacapital/20181105-vesaf-changes-of-nav-weekly-report-506b794dfbe5a831.xlsx,ParseError: no sheet in data/raw/vinacapital/20181105-vesaf-changes-of-nav-weekly-report-506b794dfbe5a831.xlsx carries line 2.1; not Appendix XXIV
vinacapital,vesaf,VINACAPITAL-VESAF,https://vinacapital.com/wp-content/uploads/2022/07/20181105-vesaf-nav-weekly-report.xlsx,2018-11-05,20181105-vesaf-nav-weekly-report.xlsx,,2018-11-05,data/raw/vinacapital/20181105-vesaf-nav-weekly-report-8684c6ff1466cd69.xlsx,ParseError: no sheet in data/raw/vinacapital/20181105-vesaf-nav-weekly-report-8684c6ff1466cd69.xlsx carries line 2.1; not Appendix XXIV
vinacapital,vesaf,VINACAPITAL-VESAF,https://vinacapital.com/wp-content/uploads/2022/07/20181112-vesaf-changes-of-nav-weekly-report.xlsx,2018-11-12,20181112-vesaf-changes-of-nav-weekly-report.xlsx,,2018-11-12,data/raw/vinacapital/20181112-vesaf-changes-of-nav-weekly-report-5d07a21ac9f477bc.xlsx,ParseError: no sheet in data/raw/vinacapital/20181112-vesaf-changes-of-nav-weekly-report-5d07a21ac9f477bc.xlsx carries line 2.1; not Appendix XXIV
vinacapital,vesaf,VINACAPITAL-VESAF,https://vinacapital.com/wp-content/uploads/2022/07/20181112-vesaf-nav-weekly-report.xlsx,2018-11-12,20181112-vesaf-nav-weekly-report.xlsx,,2018-11-12,data/raw/vinacapital/20181112-vesaf-nav-weekly-report-949e442a04d63619.xlsx,ParseError: no sheet in data/raw/vinacapital/20181112-vesaf-nav-weekly-report-949e442a04d63619.xlsx carries line 2.1; not Appendix XXIV
vinacapital,vesaf,VINACAPITAL-VESAF,https://vinacapital.com/wp-content/uploads/2022/07/20181119-vesaf-changes-of-nav-weekly-report.xlsx,2018-11-19,20181119-vesaf-changes-of-nav-weekly-report.xlsx,,2018-11-19,data/raw/vinacapital/20181119-vesaf-changes-of-nav-weekly-report-11f158564a8ecfd0.xlsx,ParseError: no sheet in data/raw/vinacapital/20181119-vesaf-changes-of-nav-weekly-report-11f158564a8ecfd0.xlsx carries line 2.1; not Appendix XXIV
vinacapital,vesaf,VINACAPITAL-VESAF,https://vinacapital.com/wp-content/uploads/2022/07/20181119-vesaf-nav-weekly-report.xlsx,2018-11-19,20181119-vesaf-nav-weekly-report.xlsx,,2018-11-19,data/raw/vinacapital/20181119-vesaf-nav-weekly-report-0b1309825d43b589.xlsx,ParseError: no sheet in data/raw/vinacapital/20181119-vesaf-nav-weekly-report-0b1309825d43b589.xlsx carries line 2.1; not Appendix XXIV
vinacapital,vesaf,VINACAPITAL-VESAF,https://vinacapital.com/wp-content/uploads/2022/07/20181126-vesaf-changes-of-nav-weekly-report.xlsx,2018-11-26,20181126-vesaf-changes-of-nav-weekly-report.xlsx,,2018-11-26,data/raw/vinacapital/20181126-vesaf-changes-of-nav-weekly-report-f5034cf2fa7dc038.xlsx,ParseError: no sheet in data/raw/vinacapital/20181126-vesaf-changes-of-nav-weekly-report-f5034cf2fa7dc038.xlsx carries line 2.1; not Appendix XXIV
vinacapital,vesaf,VINACAPITAL-VESAF,https://vinacapital.com/wp-content/uploads/2022/07/20181126-vesaf-nav-weekly-report.xlsx,2018-11-26,20181126-vesaf-nav-weekly-report.xlsx,,2018-11-26,data/raw/vinacapital/20181126-vesaf-nav-weekly-report-5fe741b6ece4a211.xlsx,ParseError: no sheet in data/raw/vinacapital/20181126-vesaf-nav-weekly-report-5fe741b6ece4a211.xlsx carries line 2.1; not Appendix XXIV
vinacapital,vesaf,VINACAPITAL-VESAF,https://vinacapital.com/wp-content/uploads/2022/07/20181203-vesaf-changes-of-nav-weekly-report.xlsx,2018-12-03,20181203-vesaf-changes-of-nav-weekly-report.xlsx,,2018-12-03,data/raw/vinacapital/20181203-vesaf-changes-of-nav-weekly-report-006d316489c37f69.xlsx,ParseError: no sheet in data/raw/vinacapital/20181203-vesaf-changes-of-nav-weekly-report-006d316489c37f69.xlsx carries line 2.1; not Appendix XXIV
vinacapital,vesaf,VINACAPITAL-VESAF,https://vinacapital.com/wp-content/uploads/2022/07/20181203-vesaf-nav-weekly-report.xlsx,2018-12-03,20181203-vesaf-nav-weekly-report.xlsx,,2018-12-03,data/raw/vinacapital/20181203-vesaf-nav-weekly-report-04e2fa1174871b60.xlsx,ParseError: no sheet in data/raw/vinacapital/20181203-vesaf-nav-weekly-report-04e2fa1174871b60.xlsx carries line 2.1; not Appendix XXIV
vinacapital,vesaf,VINACAPITAL-VESAF,https://vinacapital.com/wp-content/uploads/2022/07/20181210-vesaf-changes-of-nav-weekly-report.xlsx,2018-12-10,20181210-vesaf-changes-of-nav-weekly-report.xlsx,,2018-12-10,data/raw/vinacapital/20181210-vesaf-changes-of-nav-weekly-report-a8bf0f6008e0dc52.xlsx,ParseError: no sheet in data/raw/vinacapital/20181210-vesaf-changes-of-nav-weekly-report-a8bf0f6008e0dc52.xlsx carries line 2.1; not Appendix XXIV
vinacapital,vesaf,VINACAPITAL-VESAF,https://vinacapital.com/wp-content/uploads/2022/07/20181210-vesaf-nav-weekly-report.xlsx,2018-12-10,20181210-vesaf-nav-weekly-report.xlsx,,2018-12-10,data/raw/vinacapital/20181210-vesaf-nav-weekly-report-daad0507e8876398.xlsx,ParseError: no sheet in data/raw/vinacapital/20181210-vesaf-nav-weekly-report-daad0507e8876398.xlsx carries line 2.1; not Appendix XXIV
vinacapital,vesaf,VINACAPITAL-VESAF,https://vinacapital.com/wp-content/uploads/2022/07/20181217-vesaf-changes-of-nav-weekly-report.xlsx,2018-12-17,20181217-vesaf-changes-of-nav-weekly-report.xlsx,,2018-12-17,data/raw/vinacapital/20181217-vesaf-changes-of-nav-weekly-report-3ade049441d2579e.xlsx,ParseError: no sheet in data/raw/vinacapital/20181217-vesaf-changes-of-nav-weekly-report-3ade049441d2579e.xlsx carries line 2.1; not Appendix XXIV
vinacapital,vesaf,VINACAPITAL-VESAF,https://vinacapital.com/wp-content/uploads/2022/07/20181217-vesaf-nav-weekly-report.xlsx,2018-12-17,20181217-vesaf-nav-weekly-report.xlsx,,2018-12-17,data/raw/vinacapital/20181217-vesaf-nav-weekly-report-92743de7c9f5b6d7.xlsx,ParseError: no sheet in data/raw/vinacapital/20181217-vesaf-nav-weekly-report-92743de7c9f5b6d7.xlsx carries line 2.1; not Appendix XXIV
vinacapital,vesaf,VINACAPITAL-VESAF,https://vinacapital.com/wp-content/uploads/2022/07/20181224-vesaf-changes-of-nav-weekly-report.xlsx,2018-12-24,20181224-vesaf-changes-of-nav-weekly-report.xlsx,,2018-12-24,data/raw/vinacapital/20181224-vesaf-changes-of-nav-weekly-report-48bb9b8682b38d9d.xlsx,ParseError: no sheet in data/raw/vinacapital/20181224-vesaf-changes-of-nav-weekly-report-48bb9b8682b38d9d.xlsx carries line 2.1; not Appendix XXIV
vinacapital,vesaf,VINACAPITAL-VESAF,https://vinacapital.com/wp-content/uploads/2022/07/20181224-vesaf-nav-weekly-report.xlsx,2018-12-24,20181224-vesaf-nav-weekly-report.xlsx,,2018-12-24,data/raw/vinacapital/20181224-vesaf-nav-weekly-report-1e6105b61a7d5bd3.xlsx,ParseError: no sheet in data/raw/vinacapital/20181224-vesaf-nav-weekly-report-1e6105b61a7d5bd3.xlsx carries line 2.1; not Appendix XXIV
vinacapital,vesaf,VINACAPITAL-VESAF,https://vinacapital.com/wp-content/uploads/2022/07/20181231-vesaf-changes-of-nav-weekly-report.xlsx,2018-12-31,20181231-vesaf-changes-of-nav-weekly-report.xlsx,,2018-12-31,data/raw/vinacapital/20181231-vesaf-changes-of-nav-weekly-report-4f4c72dd21f5a76e.xlsx,ParseError: no sheet in data/raw/vinacapital/20181231-vesaf-changes-of-nav-weekly-report-4f4c72dd21f5a76e.xlsx carries line 2.1; not Appendix XXIV
vinacapital,vesaf,VINACAPITAL-VESAF,https://vinacapital.com/wp-content/uploads/2022/07/20181231-vesaf-nav-weekly-report.xlsx,2018-12-31,20181231-vesaf-nav-weekly-report.xlsx,,2018-12-31,data/raw/vinacapital/20181231-vesaf-nav-weekly-report-1f9ec8400c35465d.xlsx,ParseError: no sheet in data/raw/vinacapital/20181231-vesaf-nav-weekly-report-1f9ec8400c35465d.xlsx carries line 2.1; not Appendix XXIV
vinacapital,vesaf,VINACAPITAL-VESAF,https://vinacapital.com/wp-content/uploads/2022/07/20190107-vesaf-changes-of-nav-weekly-report.xlsx,2019-01-07,20190107-vesaf-changes-of-nav-weekly-report.xlsx,,2019-01-07,data/raw/vinacapital/20190107-vesaf-changes-of-nav-weekly-report-2b702ea07e59fd9f.xlsx,ParseError: no sheet in data/raw/vinacapital/20190107-vesaf-changes-of-nav-weekly-report-2b702ea07e59fd9f.xlsx carries line 2.1; not Appendix XXIV
vinacapital,vesaf,VINACAPITAL-VESAF,https://vinacapital.com/wp-content/uploads/2022/07/20190107-vesaf-nav-weekly-report.xlsx,2019-01-07,20190107-vesaf-nav-weekly-report.xlsx,,2019-01-07,data/raw/vinacapital/20190107-vesaf-nav-weekly-report-69ab84cc9cb9828d.xlsx,ParseError: no sheet in data/raw/vinacapital/20190107-vesaf-nav-weekly-report-69ab84cc9cb9828d.xlsx carries line 2.1; not Appendix XXIV
vinacapital,vesaf,VINACAPITAL-VESAF,https://vinacapital.com/wp-content/uploads/2022/07/20190114-vesaf-changes-of-nav-weekly-report.xlsx,2019-01-14,20190114-vesaf-changes-of-nav-weekly-report.xlsx,,2019-01-14,data/raw/vinacapital/20190114-vesaf-changes-of-nav-weekly-report-8169973d6ed39a9a.xlsx,ParseError: no sheet in data/raw/vinacapital/20190114-vesaf-changes-of-nav-weekly-report-8169973d6ed39a9a.xlsx carries line 2.1; not Appendix XXIV
vinacapital,vesaf,VINACAPITAL-VESAF,https://vinacapital.com/wp-content/uploads/2022/07/20190114-vesaf-nav-weekly-report.xlsx,2019-01-14,20190114-vesaf-nav-weekly-report.xlsx,,2019-01-14,data/raw/vinacapital/20190114-vesaf-nav-weekly-report-a31b59a67e439442.xlsx,ParseError: no sheet in data/raw/vinacapital/20190114-vesaf-nav-weekly-report-a31b59a67e439442.xlsx carries line 2.1; not Appendix XXIV
vinacapital,vesaf,VINACAPITAL-VESAF,https://vinacapital.com/wp-content/uploads/2022/07/20190121-vesaf-changes-of-nav-weekly-report.xlsx,2019-01-21,20190121-vesaf-changes-of-nav-weekly-report.xlsx,,2019-01-21,data/raw/vinacapital/20190121-vesaf-changes-of-nav-weekly-report-32b54fbb78615b06.xlsx,ParseError: no sheet in data/raw/vinacapital/20190121-vesaf-changes-of-nav-weekly-report-32b54fbb78615b06.xlsx carries line 2.1; not Appendix XXIV
vinacapital,vesaf,VINACAPITAL-VESAF,https://vinacapital.com/wp-content/uploads/2022/07/20190121-vesaf-nav-weekly-report.xlsx,2019-01-21,20190121-vesaf-nav-weekly-report.xlsx,,2019-01-21,data/raw/vinacapital/20190121-vesaf-nav-weekly-report-8f580684c8e92343.xlsx,ParseError: no sheet in data/raw/vinacapital/20190121-vesaf-nav-weekly-report-8f580684c8e92343.xlsx carries line 2.1; not Appendix XXIV
vinacapital,vesaf,VINACAPITAL-VESAF,https://vinacapital.com/wp-content/uploads/2022/07/20190128-vesaf-changes-of-nav-weekly-report.xlsx,2019-01-28,20190128-vesaf-changes-of-nav-weekly-report.xlsx,,2019-01-28,data/raw/vinacapital/20190128-vesaf-changes-of-nav-weekly-report-f53000e07631c896.xlsx,ParseError: no sheet in data/raw/vinacapital/20190128-vesaf-changes-of-nav-weekly-report-f53000e07631c896.xlsx carries line 2.1; not Appendix XXIV
vinacapital,vesaf,VINACAPITAL-VESAF,https://vinacapital.com/wp-content/uploads/2022/07/20190128-vesaf-nav-weekly-report.xlsx,2019-01-28,20190128-vesaf-nav-weekly-report.xlsx,,2019-01-28,data/raw/vinacapital/20190128-vesaf-nav-weekly-report-1aa93bd4562407fc.xlsx,ParseError: no sheet in data/raw/vinacapital/20190128-vesaf-nav-weekly-report-1aa93bd4562407fc.xlsx carries line 2.1; not Appendix XXIV
vinacapital,vesaf,VINACAPITAL-VESAF,https://vinacapital.com/wp-content/uploads/2022/07/20190204-vesaf-changes-of-nav-weekly-report.xlsx,2019-02-04,20190204-vesaf-changes-of-nav-weekly-report.xlsx,,2019-02-04,data/raw/vinacapital/20190204-vesaf-changes-of-nav-weekly-report-b823cabfd1857139.xlsx,ParseError: no sheet in data/raw/vinacapital/20190204-vesaf-changes-of-nav-weekly-report-b823cabfd1857139.xlsx carries line 2.1; not Appendix XXIV
vinacapital,vesaf,VINACAPITAL-VESAF,https://vinacapital.com/wp-content/uploads/2022/07/20190204-vesaf-nav-weekly-report.xlsx,2019-02-04,20190204-vesaf-nav-weekly-report.xlsx,,2019-02-04,data/raw/vinacapital/20190204-vesaf-nav-weekly-report-a4211da9cc31f297.xlsx,ParseError: no sheet in data/raw/vinacapital/20190204-vesaf-nav-weekly-report-a4211da9cc31f297.xlsx carries line 2.1; not Appendix XXIV
vinacapital,vesaf,VINACAPITAL-VESAF,https://vinacapital.com/wp-content/uploads/2022/07/20190211-vesaf-changes-of-nav-weekly-report.xlsx,2019-02-11,20190211-vesaf-changes-of-nav-weekly-report.xlsx,,2019-02-11,data/raw/vinacapital/20190211-vesaf-changes-of-nav-weekly-report-47c5b05d97a3222d.xlsx,ParseError: no sheet in data/raw/vinacapital/20190211-vesaf-changes-of-nav-weekly-report-47c5b05d97a3222d.xlsx carries line 2.1; not Appendix XXIV
vinacapital,vesaf,VINACAPITAL-VESAF,https://vinacapital.com/wp-content/uploads/2022/07/20190211-vesaf-nav-weekly-report.xlsx,2019-02-11,20190211-vesaf-nav-weekly-report.xlsx,,2019-02-11,data/raw/vinacapital/20190211-vesaf-nav-weekly-report-ec0d7bfed3c6eab7.xlsx,ParseError: no sheet in data/raw/vinacapital/20190211-vesaf-nav-weekly-report-ec0d7bfed3c6eab7.xlsx carries line 2.1; not Appendix XXIV
vinacapital,vesaf,VINACAPITAL-VESAF,https://vinacapital.com/wp-content/uploads/2022/07/20190218-vesaf-changes-of-nav-weekly-report.xlsx,2019-02-18,20190218-vesaf-changes-of-nav-weekly-report.xlsx,,2019-02-18,data/raw/vinacapital/20190218-vesaf-changes-of-nav-weekly-report-d2165b2b5e0c0887.xlsx,ParseError: no sheet in data/raw/vinacapital/20190218-vesaf-changes-of-nav-weekly-report-d2165b2b5e0c0887.xlsx carries line 2.1; not Appendix XXIV
vinacapital,vesaf,VINACAPITAL-VESAF,https://vinacapital.com/wp-content/uploads/2022/07/20190218-vesaf-nav-weekly-report.xlsx,2019-02-18,20190218-vesaf-nav-weekly-report.xlsx,,2019-02-18,data/raw/vinacapital/20190218-vesaf-nav-weekly-report-e90d7bb4e55c1737.xlsx,ParseError: no sheet in data/raw/vinacapital/20190218-vesaf-nav-weekly-report-e90d7bb4e55c1737.xlsx carries line 2.1; not Appendix XXIV
vinacapital,vesaf,VINACAPITAL-VESAF,https://vinacapital.com/wp-content/uploads/2022/07/20190225-vesaf-changes-of-nav-weekly-report.xlsx,2019-02-25,20190225-vesaf-changes-of-nav-weekly-report.xlsx,,2019-02-25,data/raw/vinacapital/20190225-vesaf-changes-of-nav-weekly-report-d5868f9859f44e39.xlsx,ParseError: no sheet in data/raw/vinacapital/20190225-vesaf-changes-of-nav-weekly-report-d5868f9859f44e39.xlsx carries line 2.1; not Appendix XXIV
vinacapital,vesaf,VINACAPITAL-VESAF,https://vinacapital.com/wp-content/uploads/2022/07/20190225-vesaf-nav-weekly-report.xlsx,2019-02-25,20190225-vesaf-nav-weekly-report.xlsx,,2019-02-25,data/raw/vinacapital/20190225-vesaf-nav-weekly-report-a88d7e7b24b697d5.xlsx,ParseError: no sheet in data/raw/vinacapital/20190225-vesaf-nav-weekly-report-a88d7e7b24b697d5.xlsx carries line 2.1; not Appendix XXIV
vinacapital,vesaf,VINACAPITAL-VESAF,https://vinacapital.com/wp-content/uploads/2022/07/20190304-vesaf-changes-of-nav-weekly-report.xlsx,2019-03-04,20190304-vesaf-changes-of-nav-weekly-report.xlsx,,2019-03-04,data/raw/vinacapital/20190304-vesaf-changes-of-nav-weekly-report-8b06afbd80434822.xlsx,ParseError: no sheet in data/raw/vinacapital/20190304-vesaf-changes-of-nav-weekly-report-8b06afbd80434822.xlsx carries line 2.1; not Appendix XXIV
vinacapital,vesaf,VINACAPITAL-VESAF,https://vinacapital.com/wp-content/uploads/2022/07/20190304-vesaf-nav-weekly-report.xlsx,2019-03-04,20190304-vesaf-nav-weekly-report.xlsx,,2019-03-04,data/raw/vinacapital/20190304-vesaf-nav-weekly-report-7c17fe57e0f758f3.xlsx,ParseError: no sheet in data/raw/vinacapital/20190304-vesaf-nav-weekly-report-7c17fe57e0f758f3.xlsx carries line 2.1; not Appendix XXIV
vinacapital,vesaf,VINACAPITAL-VESAF,https://vinacapital.com/wp-content/uploads/2022/07/20190311-vesaf-changes-of-nav-weekly-report.xlsx,2019-03-11,20190311-vesaf-changes-of-nav-weekly-report.xlsx,,2019-03-11,data/raw/vinacapital/20190311-vesaf-changes-of-nav-weekly-report-c0c74df4fe796a9f.xlsx,ParseError: no sheet in data/raw/vinacapital/20190311-vesaf-changes-of-nav-weekly-report-c0c74df4fe796a9f.xlsx carries line 2.1; not Appendix XXIV
vinacapital,vesaf,VINACAPITAL-VESAF,https://vinacapital.com/wp-content/uploads/2022/07/20190311-vesaf-nav-weekly-report.xlsx,2019-03-11,20190311-vesaf-nav-weekly-report.xlsx,,2019-03-11,data/raw/vinacapital/20190311-vesaf-nav-weekly-report-4a146c0fa32fdd91.xlsx,ParseError: no sheet in data/raw/vinacapital/20190311-vesaf-nav-weekly-report-4a146c0fa32fdd91.xlsx carries line 2.1; not Appendix XXIV
vinacapital,vesaf,VINACAPITAL-VESAF,https://vinacapital.com/wp-content/uploads/2022/07/20190318-vesaf-changes-of-nav-weekly-report.xlsx,2019-03-18,20190318-vesaf-changes-of-nav-weekly-report.xlsx,,2019-03-18,data/raw/vinacapital/20190318-vesaf-changes-of-nav-weekly-report-21c67d3343e13719.xlsx,ParseError: no sheet in data/raw/vinacapital/20190318-vesaf-changes-of-nav-weekly-report-21c67d3343e13719.xlsx carries line 2.1; not Appendix XXIV
vinacapital,vesaf,VINACAPITAL-VESAF,https://vinacapital.com/wp-content/uploads/2022/07/20190318-vesaf-nav-weekly-report.xlsx,2019-03-18,20190318-vesaf-nav-weekly-report.xlsx,,2019-03-18,data/raw/vinacapital/20190318-vesaf-nav-weekly-report-8e70192b29642628.xlsx,ParseError: no sheet in data/raw/vinacapital/20190318-vesaf-nav-weekly-report-8e70192b29642628.xlsx carries line 2.1; not Appendix XXIV
vinacapital,vesaf,VINACAPITAL-VESAF,https://vinacapital.com/wp-content/uploads/2022/07/20190325-vesaf-changes-of-nav-weekly-report.xlsx,2019-03-25,20190325-vesaf-changes-of-nav-weekly-report.xlsx,,2019-03-25,data/raw/vinacapital/20190325-vesaf-changes-of-nav-weekly-report-e7a251631263a3b6.xlsx,ParseError: no sheet in data/raw/vinacapital/20190325-vesaf-changes-of-nav-weekly-report-e7a251631263a3b6.xlsx carries line 2.1; not Appendix XXIV
vinacapital,vesaf,VINACAPITAL-VESAF,https://vinacapital.com/wp-content/uploads/2022/07/20190325-vesaf-nav-weekly-report.xlsx,2019-03-25,20190325-vesaf-nav-weekly-report.xlsx,,2019-03-25,data/raw/vinacapital/20190325-vesaf-nav-weekly-report-a0079e9775e2b98c.xlsx,ParseError: no sheet in data/raw/vinacapital/20190325-vesaf-nav-weekly-report-a0079e9775e2b98c.xlsx carries line 2.1; not Appendix XXIV
vinacapital,vesaf,VINACAPITAL-VESAF,https://vinacapital.com/wp-content/uploads/2022/07/20190401-vesaf-changes-of-nav-weekly-report.xlsx,2019-04-01,20190401-vesaf-changes-of-nav-weekly-report.xlsx,,2019-04-01,data/raw/vinacapital/20190401-vesaf-changes-of-nav-weekly-report-ac60a59f1c6cf91e.xlsx,ParseError: no sheet in data/raw/vinacapital/20190401-vesaf-changes-of-nav-weekly-report-ac60a59f1c6cf91e.xlsx carries line 2.1; not Appendix XXIV
vinacapital,vesaf,VINACAPITAL-VESAF,https://vinacapital.com/wp-content/uploads/2022/07/20190401-vesaf-nav-weekly-report.xlsx,2019-04-01,20190401-vesaf-nav-weekly-report.xlsx,,2019-04-01,data/raw/vinacapital/20190401-vesaf-nav-weekly-report-3a6d4d7fc1c33880.xlsx,ParseError: no sheet in data/raw/vinacapital/20190401-vesaf-nav-weekly-report-3a6d4d7fc1c33880.xlsx carries line 2.1; not Appendix XXIV
vinacapital,vesaf,VINACAPITAL-VESAF,https://vinacapital.com/wp-content/uploads/2022/07/20190408-vesaf-changes-of-nav-weekly-report.xlsx,2019-04-08,20190408-vesaf-changes-of-nav-weekly-report.xlsx,,2019-04-08,data/raw/vinacapital/20190408-vesaf-changes-of-nav-weekly-report-7bd4effd87a48c5b.xlsx,ParseError: no sheet in data/raw/vinacapital/20190408-vesaf-changes-of-nav-weekly-report-7bd4effd87a48c5b.xlsx carries line 2.1; not Appendix XXIV
vinacapital,vesaf,VINACAPITAL-VESAF,https://vinacapital.com/wp-content/uploads/2022/07/20190408-vesaf-nav-weekly-report.xlsx,2019-04-08,20190408-vesaf-nav-weekly-report.xlsx,,2019-04-08,data/raw/vinacapital/20190408-vesaf-nav-weekly-report-c8769150e5ad6c81.xlsx,ParseError: no sheet in data/raw/vinacapital/20190408-vesaf-nav-weekly-report-c8769150e5ad6c81.xlsx carries line 2.1; not Appendix XXIV
vinacapital,vesaf,VINACAPITAL-VESAF,https://vinacapital.com/wp-content/uploads/2022/07/20190415-vesaf-changes-of-nav-weekly-report.xlsx,2019-04-15,20190415-vesaf-changes-of-nav-weekly-report.xlsx,,2019-04-15,data/raw/vinacapital/20190415-vesaf-changes-of-nav-weekly-report-efb4633dd0361cf6.xlsx,ParseError: no sheet in data/raw/vinacapital/20190415-vesaf-changes-of-nav-weekly-report-efb4633dd0361cf6.xlsx carries line 2.1; not Appendix XXIV
vinacapital,vesaf,VINACAPITAL-VESAF,https://vinacapital.com/wp-content/uploads/2022/07/20190415-vesaf-nav-weekly-report.xlsx,2019-04-15,20190415-vesaf-nav-weekly-report.xlsx,,2019-04-15,data/raw/vinacapital/20190415-vesaf-nav-weekly-report-706331dfe8ded29b.xlsx,ParseError: no sheet in data/raw/vinacapital/20190415-vesaf-nav-weekly-report-706331dfe8ded29b.xlsx carries line 2.1; not Appendix XXIV
vinacapital,vesaf,VINACAPITAL-VESAF,https://vinacapital.com/wp-content/uploads/2022/07/20190422-vesaf-changes-of-nav-weekly-report.xlsx,2019-04-22,20190422-vesaf-changes-of-nav-weekly-report.xlsx,,2019-04-22,data/raw/vinacapital/20190422-vesaf-changes-of-nav-weekly-report-48e46be38ded4191.xlsx,ParseError: no sheet in data/raw/vinacapital/20190422-vesaf-changes-of-nav-weekly-report-48e46be38ded4191.xlsx carries line 2.1; not Appendix XXIV
vinacapital,vesaf,VINACAPITAL-VESAF,https://vinacapital.com/wp-content/uploads/2022/07/20190422-vesaf-nav-weekly-report.xlsx,2019-04-22,20190422-vesaf-nav-weekly-report.xlsx,,2019-04-22,data/raw/vinacapital/20190422-vesaf-nav-weekly-report-ba5afd9d8c9d4acb.xlsx,ParseError: no sheet in data/raw/vinacapital/20190422-vesaf-nav-weekly-report-ba5afd9d8c9d4acb.xlsx carries line 2.1; not Appendix XXIV
vinacapital,vesaf,VINACAPITAL-VESAF,https://vinacapital.com/wp-content/uploads/2022/07/20190429-vesaf-changes-of-nav-weekly-report.xlsx,2019-04-29,20190429-vesaf-changes-of-nav-weekly-report.xlsx,,2019-04-29,data/raw/vinacapital/20190429-vesaf-changes-of-nav-weekly-report-f73a47a6ecd493e2.xlsx,ParseError: no sheet in data/raw/vinacapital/20190429-vesaf-changes-of-nav-weekly-report-f73a47a6ecd493e2.xlsx carries line 2.1; not Appendix XXIV
vinacapital,vesaf,VINACAPITAL-VESAF,https://vinacapital.com/wp-content/uploads/2022/07/20190429-vesaf-nav-weekly-report.xlsx,2019-04-29,20190429-vesaf-nav-weekly-report.xlsx,,2019-04-29,data/raw/vinacapital/20190429-vesaf-nav-weekly-report-44910c13ba294843.xlsx,ParseError: no sheet in data/raw/vinacapital/20190429-vesaf-nav-weekly-report-44910c13ba294843.xlsx carries line 2.1; not Appendix XXIV
vinacapital,vesaf,VINACAPITAL-VESAF,https://vinacapital.com/wp-content/uploads/2022/07/20190506-vesaf-changes-of-nav-weekly-report.xlsx,2019-05-06,20190506-vesaf-changes-of-nav-weekly-report.xlsx,,2019-05-06,data/raw/vinacapital/20190506-vesaf-changes-of-nav-weekly-report-dd05e9c163ca70d0.xlsx,ParseError: no sheet in data/raw/vinacapital/20190506-vesaf-changes-of-nav-weekly-report-dd05e9c163ca70d0.xlsx carries line 2.1; not Appendix XXIV
vinacapital,vesaf,VINACAPITAL-VESAF,https://vinacapital.com/wp-content/uploads/2022/07/20190506-vesaf-nav-weekly-report.xlsx,2019-05-06,20190506-vesaf-nav-weekly-report.xlsx,,2019-05-06,data/raw/vinacapital/20190506-vesaf-nav-weekly-report-062e38096d615ace.xlsx,ParseError: no sheet in data/raw/vinacapital/20190506-vesaf-nav-weekly-report-062e38096d615ace.xlsx carries line 2.1; not Appendix XXIV
vinacapital,vesaf,VINACAPITAL-VESAF,https://vinacapital.com/wp-content/uploads/2022/07/20190513-vesaf-changes-of-nav-weekly-report.xlsx,2019-05-13,20190513-vesaf-changes-of-nav-weekly-report.xlsx,,2019-05-13,data/raw/vinacapital/20190513-vesaf-changes-of-nav-weekly-report-66121d8ecdd595c1.xlsx,ParseError: no sheet in data/raw/vinacapital/20190513-vesaf-changes-of-nav-weekly-report-66121d8ecdd595c1.xlsx carries line 2.1; not Appendix XXIV
vinacapital,vesaf,VINACAPITAL-VESAF,https://vinacapital.com/wp-content/uploads/2022/07/20190513-vesaf-nav-weekly-report.xlsx,2019-05-13,20190513-vesaf-nav-weekly-report.xlsx,,2019-05-13,data/raw/vinacapital/20190513-vesaf-nav-weekly-report-8582bb4118b58ae4.xlsx,ParseError: no sheet in data/raw/vinacapital/20190513-vesaf-nav-weekly-report-8582bb4118b58ae4.xlsx carries line 2.1; not Appendix XXIV
vinacapital,vesaf,VINACAPITAL-VESAF,https://vinacapital.com/wp-content/uploads/2022/07/20190520-vesaf-changes-of-nav-weekly-report.xlsx,2019-05-20,20190520-vesaf-changes-of-nav-weekly-report.xlsx,,2019-05-20,data/raw/vinacapital/20190520-vesaf-changes-of-nav-weekly-report-2e3dc936e4928274.xlsx,ParseError: no sheet in data/raw/vinacapital/20190520-vesaf-changes-of-nav-weekly-report-2e3dc936e4928274.xlsx carries line 2.1; not Appendix XXIV
vinacapital,vesaf,VINACAPITAL-VESAF,https://vinacapital.com/wp-content/uploads/2022/07/20190520-vesaf-nav-weekly-report.xlsx,2019-05-20,20190520-vesaf-nav-weekly-report.xlsx,,2019-05-20,data/raw/vinacapital/20190520-vesaf-nav-weekly-report-313059409521a30b.xlsx,ParseError: no sheet in data/raw/vinacapital/20190520-vesaf-nav-weekly-report-313059409521a30b.xlsx carries line 2.1; not Appendix XXIV
vinacapital,vesaf,VINACAPITAL-VESAF,https://vinacapital.com/wp-content/uploads/2022/07/20190527-vesaf-changes-of-nav-weekly-report.xlsx,2019-05-27,20190527-vesaf-changes-of-nav-weekly-report.xlsx,,2019-05-27,data/raw/vinacapital/20190527-vesaf-changes-of-nav-weekly-report-f8c0c9bf4350e0c6.xlsx,ParseError: no sheet in data/raw/vinacapital/20190527-vesaf-changes-of-nav-weekly-report-f8c0c9bf4350e0c6.xlsx carries line 2.1; not Appendix XXIV
vinacapital,vesaf,VINACAPITAL-VESAF,https://vinacapital.com/wp-content/uploads/2022/07/20190527-vesaf-nav-weekly-report.xlsx,2019-05-27,20190527-vesaf-nav-weekly-report.xlsx,,2019-05-27,data/raw/vinacapital/20190527-vesaf-nav-weekly-report-29ba4b3081d7cc28.xlsx,ParseError: no sheet in data/raw/vinacapital/20190527-vesaf-nav-weekly-report-29ba4b3081d7cc28.xlsx carries line 2.1; not Appendix XXIV
vinacapital,vesaf,VINACAPITAL-VESAF,https://vinacapital.com/wp-content/uploads/2022/07/20190603-vesaf-changes-of-nav-weekly-report.xlsx,2019-06-03,20190603-vesaf-changes-of-nav-weekly-report.xlsx,,2019-06-03,data/raw/vinacapital/20190603-vesaf-changes-of-nav-weekly-report-abba6acd55631732.xlsx,ParseError: no sheet in data/raw/vinacapital/20190603-vesaf-changes-of-nav-weekly-report-abba6acd55631732.xlsx carries line 2.1; not Appendix XXIV
vinacapital,vesaf,VINACAPITAL-VESAF,https://vinacapital.com/wp-content/uploads/2022/07/20190603-vesaf-nav-weekly-report.xlsx,2019-06-03,20190603-vesaf-nav-weekly-report.xlsx,,2019-06-03,data/raw/vinacapital/20190603-vesaf-nav-weekly-report-41508d2870fece4d.xlsx,ParseError: no sheet in data/raw/vinacapital/20190603-vesaf-nav-weekly-report-41508d2870fece4d.xlsx carries line 2.1; not Appendix XXIV
vinacapital,vesaf,VINACAPITAL-VESAF,https://vinacapital.com/wp-content/uploads/2022/07/20190610-vesaf-changes-of-nav-weekly-report.xlsx,2019-06-10,20190610-vesaf-changes-of-nav-weekly-report.xlsx,,2019-06-10,data/raw/vinacapital/20190610-vesaf-changes-of-nav-weekly-report-d6c62a5f7bc98b45.xlsx,ParseError: no sheet in data/raw/vinacapital/20190610-vesaf-changes-of-nav-weekly-report-d6c62a5f7bc98b45.xlsx carries line 2.1; not Appendix XXIV
vinacapital,vesaf,VINACAPITAL-VESAF,https://vinacapital.com/wp-content/uploads/2022/07/20190610-vesaf-nav-weekly-report.xlsx,2019-06-10,20190610-vesaf-nav-weekly-report.xlsx,,2019-06-10,data/raw/vinacapital/20190610-vesaf-nav-weekly-report-e56f73b0f86768bf.xlsx,ParseError: no sheet in data/raw/vinacapital/20190610-vesaf-nav-weekly-report-e56f73b0f86768bf.xlsx carries line 2.1; not Appendix XXIV
vinacapital,vesaf,VINACAPITAL-VESAF,https://vinacapital.com/wp-content/uploads/2022/07/20190617-vesaf-changes-of-nav-weekly-report.xlsx,2019-06-17,20190617-vesaf-changes-of-nav-weekly-report.xlsx,,2019-06-17,data/raw/vinacapital/20190617-vesaf-changes-of-nav-weekly-report-8d453754e13ecc50.xlsx,ParseError: no sheet in data/raw/vinacapital/20190617-vesaf-changes-of-nav-weekly-report-8d453754e13ecc50.xlsx carries line 2.1; not Appendix XXIV
vinacapital,vesaf,VINACAPITAL-VESAF,https://vinacapital.com/wp-content/uploads/2022/07/20190617-vesaf-nav-weekly-report.xlsx,2019-06-17,20190617-vesaf-nav-weekly-report.xlsx,,2019-06-17,data/raw/vinacapital/20190617-vesaf-nav-weekly-report-ab92a7cd98a0b6d3.xlsx,ParseError: no sheet in data/raw/vinacapital/20190617-vesaf-nav-weekly-report-ab92a7cd98a0b6d3.xlsx carries line 2.1; not Appendix XXIV
vinacapital,vesaf,VINACAPITAL-VESAF,https://vinacapital.com/wp-content/uploads/2022/07/20190624-vesaf-changes-of-nav-weekly-report.xlsx,2019-06-24,20190624-vesaf-changes-of-nav-weekly-report.xlsx,,2019-06-24,data/raw/vinacapital/20190624-vesaf-changes-of-nav-weekly-report-58252a1c36e09db8.xlsx,ParseError: no sheet in data/raw/vinacapital/20190624-vesaf-changes-of-nav-weekly-report-58252a1c36e09db8.xlsx carries line 2.1; not Appendix XXIV
vinacapital,vesaf,VINACAPITAL-VESAF,https://vinacapital.com/wp-content/uploads/2022/07/20190624-vesaf-nav-weekly-report.xlsx,2019-06-24,20190624-vesaf-nav-weekly-report.xlsx,,2019-06-24,data/raw/vinacapital/20190624-vesaf-nav-weekly-report-708dae8b31018cf7.xlsx,ParseError: no sheet in data/raw/vinacapital/20190624-vesaf-nav-weekly-report-708dae8b31018cf7.xlsx carries line 2.1; not Appendix XXIV
vinacapital,vesaf,VINACAPITAL-VESAF,https://vinacapital.com/wp-content/uploads/2022/07/20190702-vesaf-changes-of-nav-weekly-report.xlsx,2019-07-02,20190702-vesaf-changes-of-nav-weekly-report.xlsx,,2019-07-02,data/raw/vinacapital/20190702-vesaf-changes-of-nav-weekly-report-210511ef569de6fe.xlsx,ParseError: no sheet in data/raw/vinacapital/20190702-vesaf-changes-of-nav-weekly-report-210511ef569de6fe.xlsx carries line 2.1; not Appendix XXIV
vinacapital,vesaf,VINACAPITAL-VESAF,https://vinacapital.com/wp-content/uploads/2022/07/20190702-vesaf-nav-weekly-report.xlsx,2019-07-02,20190702-vesaf-nav-weekly-report.xlsx,,2019-07-02,data/raw/vinacapital/20190702-vesaf-nav-weekly-report-e0f84959946186e4.xlsx,ParseError: no sheet in data/raw/vinacapital/20190702-vesaf-nav-weekly-report-e0f84959946186e4.xlsx carries line 2.1; not Appendix XXIV
vinacapital,vesaf,VINACAPITAL-VESAF,https://vinacapital.com/wp-content/uploads/2022/07/20190708-vesaf-changes-of-nav-weekly-report.xlsx,2019-07-08,20190708-vesaf-changes-of-nav-weekly-report.xlsx,,2019-07-08,data/raw/vinacapital/20190708-vesaf-changes-of-nav-weekly-report-5751eb19c1bc6094.xlsx,ParseError: no sheet in data/raw/vinacapital/20190708-vesaf-changes-of-nav-weekly-report-5751eb19c1bc6094.xlsx carries line 2.1; not Appendix XXIV
vinacapital,vesaf,VINACAPITAL-VESAF,https://vinacapital.com/wp-content/uploads/2022/07/20190708-vesaf-nav-weekly-report.xlsx,2019-07-08,20190708-vesaf-nav-weekly-report.xlsx,,2019-07-08,data/raw/vinacapital/20190708-vesaf-nav-weekly-report-b4bac9a74fc961ec.xlsx,ParseError: no sheet in data/raw/vinacapital/20190708-vesaf-nav-weekly-report-b4bac9a74fc961ec.xlsx carries line 2.1; not Appendix XXIV
vinacapital,vesaf,VINACAPITAL-VESAF,https://vinacapital.com/wp-content/uploads/2022/07/20190715-vesaf-changes-of-nav-weekly-report.xlsx,2019-07-15,20190715-vesaf-changes-of-nav-weekly-report.xlsx,,2019-07-15,data/raw/vinacapital/20190715-vesaf-changes-of-nav-weekly-report-ed3313042a935075.xlsx,ParseError: no sheet in data/raw/vinacapital/20190715-vesaf-changes-of-nav-weekly-report-ed3313042a935075.xlsx carries line 2.1; not Appendix XXIV
vinacapital,vesaf,VINACAPITAL-VESAF,https://vinacapital.com/wp-content/uploads/2022/07/20190715-vesaf-nav-weekly-report.xlsx,2019-07-15,20190715-vesaf-nav-weekly-report.xlsx,,2019-07-15,data/raw/vinacapital/20190715-vesaf-nav-weekly-report-1b0ab5fef84bb165.xlsx,ParseError: no sheet in data/raw/vinacapital/20190715-vesaf-nav-weekly-report-1b0ab5fef84bb165.xlsx carries line 2.1; not Appendix XXIV
vinacapital,vesaf,VINACAPITAL-VESAF,https://vinacapital.com/wp-content/uploads/2022/07/20190722-vesaf-changes-of-nav-weekly-report.xlsx,2019-07-22,20190722-vesaf-changes-of-nav-weekly-report.xlsx,,2019-07-22,data/raw/vinacapital/20190722-vesaf-changes-of-nav-weekly-report-a2ef54a8c04a53a4.xlsx,ParseError: no sheet in data/raw/vinacapital/20190722-vesaf-changes-of-nav-weekly-report-a2ef54a8c04a53a4.xlsx carries line 2.1; not Appendix XXIV
vinacapital,vesaf,VINACAPITAL-VESAF,https://vinacapital.com/wp-content/uploads/2022/07/20190722-vesaf-nav-weekly-report.xlsx,2019-07-22,20190722-vesaf-nav-weekly-report.xlsx,,2019-07-22,data/raw/vinacapital/20190722-vesaf-nav-weekly-report-8d0a2bb793f683f9.xlsx,ParseError: no sheet in data/raw/vinacapital/20190722-vesaf-nav-weekly-report-8d0a2bb793f683f9.xlsx carries line 2.1; not Appendix XXIV
vinacapital,vesaf,VINACAPITAL-VESAF,https://vinacapital.com/wp-content/uploads/2022/07/20190729-vesaf-changes-of-nav-weekly-report.xlsx,2019-07-29,20190729-vesaf-changes-of-nav-weekly-report.xlsx,,2019-07-29,data/raw/vinacapital/20190729-vesaf-changes-of-nav-weekly-report-2c9b741551c1709b.xlsx,ParseError: no sheet in data/raw/vinacapital/20190729-vesaf-changes-of-nav-weekly-report-2c9b741551c1709b.xlsx carries line 2.1; not Appendix XXIV
vinacapital,vesaf,VINACAPITAL-VESAF,https://vinacapital.com/wp-content/uploads/2022/07/20190729-vesaf-nav-weekly-report.xlsx,2019-07-29,20190729-vesaf-nav-weekly-report.xlsx,,2019-07-29,data/raw/vinacapital/20190729-vesaf-nav-weekly-report-09e66964956a8578.xlsx,ParseError: no sheet in data/raw/vinacapital/20190729-vesaf-nav-weekly-report-09e66964956a8578.xlsx carries line 2.1; not Appendix XXIV
vinacapital,vesaf,VINACAPITAL-VESAF,https://vinacapital.com/wp-content/uploads/2022/07/20190806-vesaf-changes-of-nav-weekly-report.xlsx,2019-08-06,20190806-vesaf-changes-of-nav-weekly-report.xlsx,,2019-08-06,data/raw/vinacapital/20190806-vesaf-changes-of-nav-weekly-report-7b1b8a06230a55a0.xlsx,ParseError: no sheet in data/raw/vinacapital/20190806-vesaf-changes-of-nav-weekly-report-7b1b8a06230a55a0.xlsx carries line 2.1; not Appendix XXIV
vinacapital,vesaf,VINACAPITAL-VESAF,https://vinacapital.com/wp-content/uploads/2022/07/20190806-vesaf-nav-weekly-report.xlsx,2019-08-06,20190806-vesaf-nav-weekly-report.xlsx,,2019-08-06,data/raw/vinacapital/20190806-vesaf-nav-weekly-report-7690df95f2db5220.xlsx,ParseError: no sheet in data/raw/vinacapital/20190806-vesaf-nav-weekly-report-7690df95f2db5220.xlsx carries line 2.1; not Appendix XXIV
vinacapital,vesaf,VINACAPITAL-VESAF,https://vinacapital.com/wp-content/uploads/2022/07/20190812-vesaf-changes-of-nav-weekly-report.xlsx,2019-08-12,20190812-vesaf-changes-of-nav-weekly-report.xlsx,,2019-08-12,data/raw/vinacapital/20190812-vesaf-changes-of-nav-weekly-report-9db7014182e93efc.xlsx,ParseError: no sheet in data/raw/vinacapital/20190812-vesaf-changes-of-nav-weekly-report-9db7014182e93efc.xlsx carries line 2.1; not Appendix XXIV
vinacapital,vesaf,VINACAPITAL-VESAF,https://vinacapital.com/wp-content/uploads/2022/07/20190812-vesaf-nav-weekly-report.xlsx,2019-08-12,20190812-vesaf-nav-weekly-report.xlsx,,2019-08-12,data/raw/vinacapital/20190812-vesaf-nav-weekly-report-f6bce9762468dd8b.xlsx,ParseError: no sheet in data/raw/vinacapital/20190812-vesaf-nav-weekly-report-f6bce9762468dd8b.xlsx carries line 2.1; not Appendix XXIV
vinacapital,vesaf,VINACAPITAL-VESAF,https://vinacapital.com/wp-content/uploads/2022/07/20190819-vesaf-changes-of-nav-weekly-report.xlsx,2019-08-19,20190819-vesaf-changes-of-nav-weekly-report.xlsx,,2019-08-19,data/raw/vinacapital/20190819-vesaf-changes-of-nav-weekly-report-96b712833737c472.xlsx,ParseError: no sheet in data/raw/vinacapital/20190819-vesaf-changes-of-nav-weekly-report-96b712833737c472.xlsx carries line 2.1; not Appendix XXIV
vinacapital,vesaf,VINACAPITAL-VESAF,https://vinacapital.com/wp-content/uploads/2022/07/20190819-vesaf-nav-weekly-report.xlsx,2019-08-19,20190819-vesaf-nav-weekly-report.xlsx,,2019-08-19,data/raw/vinacapital/20190819-vesaf-nav-weekly-report-1c2e96fcf67d2429.xlsx,ParseError: no sheet in data/raw/vinacapital/20190819-vesaf-nav-weekly-report-1c2e96fcf67d2429.xlsx carries line 2.1; not Appendix XXIV
vinacapital,vesaf,VINACAPITAL-VESAF,https://vinacapital.com/wp-content/uploads/2022/07/20190826-vesaf-changes-of-nav-weekly-report.xlsx,2019-08-26,20190826-vesaf-changes-of-nav-weekly-report.xlsx,,2019-08-26,data/raw/vinacapital/20190826-vesaf-changes-of-nav-weekly-report-36ca3f39284e85b7.xlsx,ParseError: no sheet in data/raw/vinacapital/20190826-vesaf-changes-of-nav-weekly-report-36ca3f39284e85b7.xlsx carries line 2.1; not Appendix XXIV
vinacapital,vesaf,VINACAPITAL-VESAF,https://vinacapital.com/wp-content/uploads/2022/07/20190826-vesaf-nav-weekly-report.xlsx,2019-08-26,20190826-vesaf-nav-weekly-report.xlsx,,2019-08-26,data/raw/vinacapital/20190826-vesaf-nav-weekly-report-819f11b343a8c3d8.xlsx,ParseError: no sheet in data/raw/vinacapital/20190826-vesaf-nav-weekly-report-819f11b343a8c3d8.xlsx carries line 2.1; not Appendix XXIV
vinacapital,vesaf,VINACAPITAL-VESAF,https://vinacapital.com/wp-content/uploads/2022/07/20190903-vesaf-changes-of-nav-weekly-report.xlsx,2019-09-03,20190903-vesaf-changes-of-nav-weekly-report.xlsx,,2019-09-03,data/raw/vinacapital/20190903-vesaf-changes-of-nav-weekly-report-0482aa18986de311.xlsx,ParseError: no sheet in data/raw/vinacapital/20190903-vesaf-changes-of-nav-weekly-report-0482aa18986de311.xlsx carries line 2.1; not Appendix XXIV
vinacapital,vesaf,VINACAPITAL-VESAF,https://vinacapital.com/wp-content/uploads/2022/07/20190903-vesaf-nav-weekly-report.xlsx,2019-09-03,20190903-vesaf-nav-weekly-report.xlsx,,2019-09-03,data/raw/vinacapital/20190903-vesaf-nav-weekly-report-fcae7f76faadd37e.xlsx,ParseError: no sheet in data/raw/vinacapital/20190903-vesaf-nav-weekly-report-fcae7f76faadd37e.xlsx carries line 2.1; not Appendix XXIV
vinacapital,vesaf,VINACAPITAL-VESAF,https://vinacapital.com/wp-content/uploads/2022/07/20190909-vesaf-changes-of-nav-weekly-report.xlsx,2019-09-09,20190909-vesaf-changes-of-nav-weekly-report.xlsx,,2019-09-09,data/raw/vinacapital/20190909-vesaf-changes-of-nav-weekly-report-d4318b8351bd7df5.xlsx,ParseError: no sheet in data/raw/vinacapital/20190909-vesaf-changes-of-nav-weekly-report-d4318b8351bd7df5.xlsx carries line 2.1; not Appendix XXIV
vinacapital,vesaf,VINACAPITAL-VESAF,https://vinacapital.com/wp-content/uploads/2022/07/20190909-vesaf-nav-weekly-report.xlsx,2019-09-09,20190909-vesaf-nav-weekly-report.xlsx,,2019-09-09,data/raw/vinacapital/20190909-vesaf-nav-weekly-report-4a774e3dc3b8edff.xlsx,ParseError: no sheet in data/raw/vinacapital/20190909-vesaf-nav-weekly-report-4a774e3dc3b8edff.xlsx carries line 2.1; not Appendix XXIV
vinacapital,vesaf,VINACAPITAL-VESAF,https://vinacapital.com/wp-content/uploads/2022/07/20190916-vesaf-changes-of-nav-weekly-report.xlsx,2019-09-16,20190916-vesaf-changes-of-nav-weekly-report.xlsx,,2019-09-16,data/raw/vinacapital/20190916-vesaf-changes-of-nav-weekly-report-ddbe50958172e9aa.xlsx,ParseError: no sheet in data/raw/vinacapital/20190916-vesaf-changes-of-nav-weekly-report-ddbe50958172e9aa.xlsx carries line 2.1; not Appendix XXIV
vinacapital,vesaf,VINACAPITAL-VESAF,https://vinacapital.com/wp-content/uploads/2022/07/20190916-vesaf-nav-weekly-report.xlsx,2019-09-16,20190916-vesaf-nav-weekly-report.xlsx,,2019-09-16,data/raw/vinacapital/20190916-vesaf-nav-weekly-report-5c275d68cdffa2b7.xlsx,ParseError: no sheet in data/raw/vinacapital/20190916-vesaf-nav-weekly-report-5c275d68cdffa2b7.xlsx carries line 2.1; not Appendix XXIV
vinacapital,vesaf,VINACAPITAL-VESAF,https://vinacapital.com/wp-content/uploads/2022/07/20190923-vesaf-changes-of-nav-weekly-report.xlsx,2019-09-23,20190923-vesaf-changes-of-nav-weekly-report.xlsx,,2019-09-23,data/raw/vinacapital/20190923-vesaf-changes-of-nav-weekly-report-4cbbd95d2ddc23b3.xlsx,ParseError: no sheet in data/raw/vinacapital/20190923-vesaf-changes-of-nav-weekly-report-4cbbd95d2ddc23b3.xlsx carries line 2.1; not Appendix XXIV
vinacapital,vesaf,VINACAPITAL-VESAF,https://vinacapital.com/wp-content/uploads/2022/07/20190923-vesaf-nav-weekly-report.xlsx,2019-09-23,20190923-vesaf-nav-weekly-report.xlsx,,2019-09-23,data/raw/vinacapital/20190923-vesaf-nav-weekly-report-4c1b1fe8946776ff.xlsx,ParseError: no sheet in data/raw/vinacapital/20190923-vesaf-nav-weekly-report-4c1b1fe8946776ff.xlsx carries line 2.1; not Appendix XXIV
vinacapital,vesaf,VINACAPITAL-VESAF,https://vinacapital.com/wp-content/uploads/2022/07/20190930-vesaf-changes-of-nav-weekly-report.xlsx,2019-09-30,20190930-vesaf-changes-of-nav-weekly-report.xlsx,,2019-09-30,data/raw/vinacapital/20190930-vesaf-changes-of-nav-weekly-report-17dde3f476dea5ef.xlsx,ParseError: no sheet in data/raw/vinacapital/20190930-vesaf-changes-of-nav-weekly-report-17dde3f476dea5ef.xlsx carries line 2.1; not Appendix XXIV
vinacapital,vesaf,VINACAPITAL-VESAF,https://vinacapital.com/wp-content/uploads/2022/07/20190930-vesaf-nav-weekly-report.xlsx,2019-09-30,20190930-vesaf-nav-weekly-report.xlsx,,2019-09-30,data/raw/vinacapital/20190930-vesaf-nav-weekly-report-644ee5149c13fa3e.xlsx,ParseError: no sheet in data/raw/vinacapital/20190930-vesaf-nav-weekly-report-644ee5149c13fa3e.xlsx carries line 2.1; not Appendix XXIV
vinacapital,vesaf,VINACAPITAL-VESAF,https://vinacapital.com/wp-content/uploads/2022/07/20191007-vesaf-changes-of-nav-weekly-report.xlsx,2019-10-07,20191007-vesaf-changes-of-nav-weekly-report.xlsx,,2019-10-07,data/raw/vinacapital/20191007-vesaf-changes-of-nav-weekly-report-2013c90c8d67317c.xlsx,ParseError: no sheet in data/raw/vinacapital/20191007-vesaf-changes-of-nav-weekly-report-2013c90c8d67317c.xlsx carries line 2.1; not Appendix XXIV
vinacapital,vesaf,VINACAPITAL-VESAF,https://vinacapital.com/wp-content/uploads/2022/07/20191007-vesaf-nav-weekly-report.xlsx,2019-10-07,20191007-vesaf-nav-weekly-report.xlsx,,2019-10-07,data/raw/vinacapital/20191007-vesaf-nav-weekly-report-4fe93594e337a6ac.xlsx,ParseError: no sheet in data/raw/vinacapital/20191007-vesaf-nav-weekly-report-4fe93594e337a6ac.xlsx carries line 2.1; not Appendix XXIV
vinacapital,vesaf,VINACAPITAL-VESAF,https://vinacapital.com/wp-content/uploads/2022/07/20191021-vesaf-changes-of-nav-weekly-report.xlsx,2019-10-21,20191021-vesaf-changes-of-nav-weekly-report.xlsx,,2019-10-21,data/raw/vinacapital/20191021-vesaf-changes-of-nav-weekly-report-940630fba870a9ee.xlsx,ParseError: no sheet in data/raw/vinacapital/20191021-vesaf-changes-of-nav-weekly-report-940630fba870a9ee.xlsx carries line 2.1; not Appendix XXIV
vinacapital,vesaf,VINACAPITAL-VESAF,https://vinacapital.com/wp-content/uploads/2022/07/20191021-vesaf-nav-weekly-report.xlsx,2019-10-21,20191021-vesaf-nav-weekly-report.xlsx,,2019-10-21,data/raw/vinacapital/20191021-vesaf-nav-weekly-report-958fa049814242e6.xlsx,ParseError: no sheet in data/raw/vinacapital/20191021-vesaf-nav-weekly-report-958fa049814242e6.xlsx carries line 2.1; not Appendix XXIV
vinacapital,vesaf,VINACAPITAL-VESAF,https://vinacapital.com/wp-content/uploads/2022/07/20191028-vesaf-changes-of-nav-weekly-report.xlsx,2019-10-28,20191028-vesaf-changes-of-nav-weekly-report.xlsx,,2019-10-28,data/raw/vinacapital/20191028-vesaf-changes-of-nav-weekly-report-27aeb03b6902566c.xlsx,ParseError: no sheet in data/raw/vinacapital/20191028-vesaf-changes-of-nav-weekly-report-27aeb03b6902566c.xlsx carries line 2.1; not Appendix XXIV
vinacapital,vesaf,VINACAPITAL-VESAF,https://vinacapital.com/wp-content/uploads/2022/07/20191028-vesaf-nav-weekly-report.xlsx,2019-10-28,20191028-vesaf-nav-weekly-report.xlsx,,2019-10-28,data/raw/vinacapital/20191028-vesaf-nav-weekly-report-3d505da87582aeec.xlsx,ParseError: no sheet in data/raw/vinacapital/20191028-vesaf-nav-weekly-report-3d505da87582aeec.xlsx carries line 2.1; not Appendix XXIV
vinacapital,vesaf,VINACAPITAL-VESAF,https://vinacapital.com/wp-content/uploads/2022/07/20191104-vesaf-changes-of-nav-weekly-report.xlsx,2019-11-04,20191104-vesaf-changes-of-nav-weekly-report.xlsx,,2019-11-04,data/raw/vinacapital/20191104-vesaf-changes-of-nav-weekly-report-c45660575a7dc658.xlsx,ParseError: no sheet in data/raw/vinacapital/20191104-vesaf-changes-of-nav-weekly-report-c45660575a7dc658.xlsx carries line 2.1; not Appendix XXIV
vinacapital,vesaf,VINACAPITAL-VESAF,https://vinacapital.com/wp-content/uploads/2022/07/20191104-vesaf-nav-weekly-report.xlsx,2019-11-04,20191104-vesaf-nav-weekly-report.xlsx,,2019-11-04,data/raw/vinacapital/20191104-vesaf-nav-weekly-report-7ad5daadaeb02c71.xlsx,ParseError: no sheet in data/raw/vinacapital/20191104-vesaf-nav-weekly-report-7ad5daadaeb02c71.xlsx carries line 2.1; not Appendix XXIV
vinacapital,vesaf,VINACAPITAL-VESAF,https://vinacapital.com/wp-content/uploads/2022/07/20191111-vesaf-changes-of-nav-weekly-report.xlsx,2019-11-11,20191111-vesaf-changes-of-nav-weekly-report.xlsx,,2019-11-11,data/raw/vinacapital/20191111-vesaf-changes-of-nav-weekly-report-296ca2b426bde972.xlsx,ParseError: no sheet in data/raw/vinacapital/20191111-vesaf-changes-of-nav-weekly-report-296ca2b426bde972.xlsx carries line 2.1; not Appendix XXIV
vinacapital,vesaf,VINACAPITAL-VESAF,https://vinacapital.com/wp-content/uploads/2022/07/20191111-vesaf-nav-weekly-report.xlsx,2019-11-11,20191111-vesaf-nav-weekly-report.xlsx,,2019-11-11,data/raw/vinacapital/20191111-vesaf-nav-weekly-report-c30f1f6945e0aeea.xlsx,ParseError: no sheet in data/raw/vinacapital/20191111-vesaf-nav-weekly-report-c30f1f6945e0aeea.xlsx carries line 2.1; not Appendix XXIV
vinacapital,vesaf,VINACAPITAL-VESAF,https://vinacapital.com/wp-content/uploads/2022/07/20191118-vesaf-changes-of-nav-weekly-report.xlsx,2019-11-18,20191118-vesaf-changes-of-nav-weekly-report.xlsx,,2019-11-18,data/raw/vinacapital/20191118-vesaf-changes-of-nav-weekly-report-d3c6f71249e5d979.xlsx,ParseError: no sheet in data/raw/vinacapital/20191118-vesaf-changes-of-nav-weekly-report-d3c6f71249e5d979.xlsx carries line 2.1; not Appendix XXIV
vinacapital,vesaf,VINACAPITAL-VESAF,https://vinacapital.com/wp-content/uploads/2022/07/20191118-vesaf-nav-weekly-report.xlsx,2019-11-18,20191118-vesaf-nav-weekly-report.xlsx,,2019-11-18,data/raw/vinacapital/20191118-vesaf-nav-weekly-report-a540a6da15712c81.xlsx,ParseError: no sheet in data/raw/vinacapital/20191118-vesaf-nav-weekly-report-a540a6da15712c81.xlsx carries line 2.1; not Appendix XXIV
vinacapital,vesaf,VINACAPITAL-VESAF,https://vinacapital.com/wp-content/uploads/2022/07/20191125-vesaf-changes-of-nav-weekly-report.xlsx,2019-11-25,20191125-vesaf-changes-of-nav-weekly-report.xlsx,,2019-11-25,data/raw/vinacapital/20191125-vesaf-changes-of-nav-weekly-report-9ef5b5c17557ce39.xlsx,ParseError: no sheet in data/raw/vinacapital/20191125-vesaf-changes-of-nav-weekly-report-9ef5b5c17557ce39.xlsx carries line 2.1; not Appendix XXIV
vinacapital,vesaf,VINACAPITAL-VESAF,https://vinacapital.com/wp-content/uploads/2022/07/20191125-vesaf-nav-weekly-report.xlsx,2019-11-25,20191125-vesaf-nav-weekly-report.xlsx,,2019-11-25,data/raw/vinacapital/20191125-vesaf-nav-weekly-report-657ff859d1f1580a.xlsx,ParseError: no sheet in data/raw/vinacapital/20191125-vesaf-nav-weekly-report-657ff859d1f1580a.xlsx carries line 2.1; not Appendix XXIV
vinacapital,vesaf,VINACAPITAL-VESAF,https://vinacapital.com/wp-content/uploads/2022/07/20191202-vesaf-changes-of-nav-weekly-report.xlsx,2019-12-02,20191202-vesaf-changes-of-nav-weekly-report.xlsx,,2019-12-02,data/raw/vinacapital/20191202-vesaf-changes-of-nav-weekly-report-f6db58e5123a0cd7.xlsx,ParseError: no sheet in data/raw/vinacapital/20191202-vesaf-changes-of-nav-weekly-report-f6db58e5123a0cd7.xlsx carries line 2.1; not Appendix XXIV
vinacapital,vesaf,VINACAPITAL-VESAF,https://vinacapital.com/wp-content/uploads/2022/07/20191202-vesaf-nav-weekly-report.xlsx,2019-12-02,20191202-vesaf-nav-weekly-report.xlsx,,2019-12-02,data/raw/vinacapital/20191202-vesaf-nav-weekly-report-b2c46f3ece675fca.xlsx,ParseError: no sheet in data/raw/vinacapital/20191202-vesaf-nav-weekly-report-b2c46f3ece675fca.xlsx carries line 2.1; not Appendix XXIV
vinacapital,vesaf,VINACAPITAL-VESAF,https://vinacapital.com/wp-content/uploads/2022/07/20191209-vesaf-changes-of-nav-weekly-report.xlsx,2019-12-09,20191209-vesaf-changes-of-nav-weekly-report.xlsx,,2019-12-09,data/raw/vinacapital/20191209-vesaf-changes-of-nav-weekly-report-cfeb1ecbe13e07c4.xlsx,ParseError: no sheet in data/raw/vinacapital/20191209-vesaf-changes-of-nav-weekly-report-cfeb1ecbe13e07c4.xlsx carries line 2.1; not Appendix XXIV
vinacapital,vesaf,VINACAPITAL-VESAF,https://vinacapital.com/wp-content/uploads/2022/07/20191209-vesaf-nav-weekly-report.xlsx,2019-12-09,20191209-vesaf-nav-weekly-report.xlsx,,2019-12-09,data/raw/vinacapital/20191209-vesaf-nav-weekly-report-ed4ff620b2795ecf.xlsx,ParseError: no sheet in data/raw/vinacapital/20191209-vesaf-nav-weekly-report-ed4ff620b2795ecf.xlsx carries line 2.1; not Appendix XXIV
vinacapital,vesaf,VINACAPITAL-VESAF,https://vinacapital.com/wp-content/uploads/2022/07/20191216-vesaf-changes-of-nav-weekly-report.xlsx,2019-12-16,20191216-vesaf-changes-of-nav-weekly-report.xlsx,,2019-12-16,data/raw/vinacapital/20191216-vesaf-changes-of-nav-weekly-report-6c5d018d0c660321.xlsx,ParseError: no sheet in data/raw/vinacapital/20191216-vesaf-changes-of-nav-weekly-report-6c5d018d0c660321.xlsx carries line 2.1; not Appendix XXIV
vinacapital,vesaf,VINACAPITAL-VESAF,https://vinacapital.com/wp-content/uploads/2022/07/20191216-vesaf-nav-weekly-report.xlsx,2019-12-16,20191216-vesaf-nav-weekly-report.xlsx,,2019-12-16,data/raw/vinacapital/20191216-vesaf-nav-weekly-report-647e5eb89d31cb3d.xlsx,ParseError: no sheet in data/raw/vinacapital/20191216-vesaf-nav-weekly-report-647e5eb89d31cb3d.xlsx carries line 2.1; not Appendix XXIV
vinacapital,vesaf,VINACAPITAL-VESAF,https://vinacapital.com/wp-content/uploads/2022/07/20191223-vesaf-changes-of-nav-weekly-report.xlsx,2019-12-23,20191223-vesaf-changes-of-nav-weekly-report.xlsx,,2019-12-23,data/raw/vinacapital/20191223-vesaf-changes-of-nav-weekly-report-58f238a33344617b.xlsx,ParseError: no sheet in data/raw/vinacapital/20191223-vesaf-changes-of-nav-weekly-report-58f238a33344617b.xlsx carries line 2.1; not Appendix XXIV
vinacapital,vesaf,VINACAPITAL-VESAF,https://vinacapital.com/wp-content/uploads/2022/07/20191223-vesaf-nav-weekly-report.xlsx,2019-12-23,20191223-vesaf-nav-weekly-report.xlsx,,2019-12-23,data/raw/vinacapital/20191223-vesaf-nav-weekly-report-d8f38b34ceba721c.xlsx,ParseError: no sheet in data/raw/vinacapital/20191223-vesaf-nav-weekly-report-d8f38b34ceba721c.xlsx carries line 2.1; not Appendix XXIV
vinacapital,vesaf,VINACAPITAL-VESAF,https://vinacapital.com/wp-content/uploads/2022/07/20191230-vesaf-changes-of-nav-weekly-report.xlsx,2019-12-30,20191230-vesaf-changes-of-nav-weekly-report.xlsx,,2019-12-30,data/raw/vinacapital/20191230-vesaf-changes-of-nav-weekly-report-110e817c73486af1.xlsx,ParseError: no sheet in data/raw/vinacapital/20191230-vesaf-changes-of-nav-weekly-report-110e817c73486af1.xlsx carries line 2.1; not Appendix XXIV
vinacapital,vesaf,VINACAPITAL-VESAF,https://vinacapital.com/wp-content/uploads/2022/07/20191230-vesaf-nav-weekly-report.xlsx,2019-12-30,20191230-vesaf-nav-weekly-report.xlsx,,2019-12-30,data/raw/vinacapital/20191230-vesaf-nav-weekly-report-a90400f7b0f70c7f.xlsx,ParseError: no sheet in data/raw/vinacapital/20191230-vesaf-nav-weekly-report-a90400f7b0f70c7f.xlsx carries line 2.1; not Appendix XXIV
vinacapital,vesaf,VINACAPITAL-VESAF,https://vinacapital.com/wp-content/uploads/2022/07/20200106-vesaf-changes-of-nav-weekly-report.xlsx,2020-01-06,20200106-vesaf-changes-of-nav-weekly-report.xlsx,,2020-01-06,data/raw/vinacapital/20200106-vesaf-changes-of-nav-weekly-report-39179db8dac1a68e.xlsx,ParseError: no sheet in data/raw/vinacapital/20200106-vesaf-changes-of-nav-weekly-report-39179db8dac1a68e.xlsx carries line 2.1; not Appendix XXIV
vinacapital,vesaf,VINACAPITAL-VESAF,https://vinacapital.com/wp-content/uploads/2022/07/20200106-vesaf-nav-weekly-report.xlsx,2020-01-06,20200106-vesaf-nav-weekly-report.xlsx,,2020-01-06,data/raw/vinacapital/20200106-vesaf-nav-weekly-report-f7afc8a68ce82e5c.xlsx,ParseError: no sheet in data/raw/vinacapital/20200106-vesaf-nav-weekly-report-f7afc8a68ce82e5c.xlsx carries line 2.1; not Appendix XXIV
vinacapital,vesaf,VINACAPITAL-VESAF,https://vinacapital.com/wp-content/uploads/2022/07/20200113-vesaf-changes-of-nav-weekly-report.xlsx,2020-01-13,20200113-vesaf-changes-of-nav-weekly-report.xlsx,,2020-01-13,data/raw/vinacapital/20200113-vesaf-changes-of-nav-weekly-report-162fcd10e144785d.xlsx,ParseError: no sheet in data/raw/vinacapital/20200113-vesaf-changes-of-nav-weekly-report-162fcd10e144785d.xlsx carries line 2.1; not Appendix XXIV
vinacapital,vesaf,VINACAPITAL-VESAF,https://vinacapital.com/wp-content/uploads/2022/07/20200113-vesaf-nav-weekly-report.xlsx,2020-01-13,20200113-vesaf-nav-weekly-report.xlsx,,2020-01-13,data/raw/vinacapital/20200113-vesaf-nav-weekly-report-9c85995390dc781c.xlsx,ParseError: no sheet in data/raw/vinacapital/20200113-vesaf-nav-weekly-report-9c85995390dc781c.xlsx carries line 2.1; not Appendix XXIV
vinacapital,vesaf,VINACAPITAL-VESAF,https://vinacapital.com/wp-content/uploads/2022/07/20200120-vesaf-changes-of-nav-weekly-report.xlsx,2020-01-20,20200120-vesaf-changes-of-nav-weekly-report.xlsx,,2020-01-20,data/raw/vinacapital/20200120-vesaf-changes-of-nav-weekly-report-6fe2ebda81e7c7c0.xlsx,ParseError: no sheet in data/raw/vinacapital/20200120-vesaf-changes-of-nav-weekly-report-6fe2ebda81e7c7c0.xlsx carries line 2.1; not Appendix XXIV
vinacapital,vesaf,VINACAPITAL-VESAF,https://vinacapital.com/wp-content/uploads/2022/07/20200120-vesaf-nav-weekly-report.xlsx,2020-01-20,20200120-vesaf-nav-weekly-report.xlsx,,2020-01-20,data/raw/vinacapital/20200120-vesaf-nav-weekly-report-cfb4248a7b4b3e33.xlsx,ParseError: no sheet in data/raw/vinacapital/20200120-vesaf-nav-weekly-report-cfb4248a7b4b3e33.xlsx carries line 2.1; not Appendix XXIV
vinacapital,vesaf,VINACAPITAL-VESAF,https://vinacapital.com/wp-content/uploads/2022/07/20200127-vesaf-changes-of-nav-weekly-report.xlsx,2020-01-27,20200127-vesaf-changes-of-nav-weekly-report.xlsx,,2020-01-27,data/raw/vinacapital/20200127-vesaf-changes-of-nav-weekly-report-5a488a586cb9f2c1.xlsx,ParseError: no sheet in data/raw/vinacapital/20200127-vesaf-changes-of-nav-weekly-report-5a488a586cb9f2c1.xlsx carries line 2.1; not Appendix XXIV
vinacapital,vesaf,VINACAPITAL-VESAF,https://vinacapital.com/wp-content/uploads/2022/07/20200127-vesaf-nav-weekly-report.xlsx,2020-01-27,20200127-vesaf-nav-weekly-report.xlsx,,2020-01-27,data/raw/vinacapital/20200127-vesaf-nav-weekly-report-9a1d9115516340a7.xlsx,ParseError: no sheet in data/raw/vinacapital/20200127-vesaf-nav-weekly-report-9a1d9115516340a7.xlsx carries line 2.1; not Appendix XXIV
vinacapital,vesaf,VINACAPITAL-VESAF,https://vinacapital.com/wp-content/uploads/2022/07/20200203-vesaf-changes-of-nav-weekly-report.xlsx,2020-02-03,20200203-vesaf-changes-of-nav-weekly-report.xlsx,,2020-02-03,data/raw/vinacapital/20200203-vesaf-changes-of-nav-weekly-report-753641731b63676a.xlsx,ParseError: no sheet in data/raw/vinacapital/20200203-vesaf-changes-of-nav-weekly-report-753641731b63676a.xlsx carries line 2.1; not Appendix XXIV
vinacapital,vesaf,VINACAPITAL-VESAF,https://vinacapital.com/wp-content/uploads/2022/07/20200203-vesaf-nav-weekly-report.xlsx,2020-02-03,20200203-vesaf-nav-weekly-report.xlsx,,2020-02-03,data/raw/vinacapital/20200203-vesaf-nav-weekly-report-28670603310423f2.xlsx,ParseError: no sheet in data/raw/vinacapital/20200203-vesaf-nav-weekly-report-28670603310423f2.xlsx carries line 2.1; not Appendix XXIV
vinacapital,vesaf,VINACAPITAL-VESAF,https://vinacapital.com/wp-content/uploads/2022/07/20200210-vesaf-changes-of-nav-weekly-report.xlsx,2020-02-10,20200210-vesaf-changes-of-nav-weekly-report.xlsx,,2020-02-10,data/raw/vinacapital/20200210-vesaf-changes-of-nav-weekly-report-aa171dc321547ab7.xlsx,ParseError: no sheet in data/raw/vinacapital/20200210-vesaf-changes-of-nav-weekly-report-aa171dc321547ab7.xlsx carries line 2.1; not Appendix XXIV
vinacapital,vesaf,VINACAPITAL-VESAF,https://vinacapital.com/wp-content/uploads/2022/07/20200210-vesaf-nav-weekly-report.xlsx,2020-02-10,20200210-vesaf-nav-weekly-report.xlsx,,2020-02-10,data/raw/vinacapital/20200210-vesaf-nav-weekly-report-97c191fa1d912f12.xlsx,ParseError: no sheet in data/raw/vinacapital/20200210-vesaf-nav-weekly-report-97c191fa1d912f12.xlsx carries line 2.1; not Appendix XXIV
vinacapital,vesaf,VINACAPITAL-VESAF,https://vinacapital.com/wp-content/uploads/2022/07/20200217-vesaf-changes-of-nav-weekly-report.xlsx,2020-02-17,20200217-vesaf-changes-of-nav-weekly-report.xlsx,,2020-02-17,data/raw/vinacapital/20200217-vesaf-changes-of-nav-weekly-report-c782e920fd5f2f61.xlsx,ParseError: no sheet in data/raw/vinacapital/20200217-vesaf-changes-of-nav-weekly-report-c782e920fd5f2f61.xlsx carries line 2.1; not Appendix XXIV
vinacapital,vesaf,VINACAPITAL-VESAF,https://vinacapital.com/wp-content/uploads/2022/07/20200217-vesaf-nav-weekly-report.xlsx,2020-02-17,20200217-vesaf-nav-weekly-report.xlsx,,2020-02-17,data/raw/vinacapital/20200217-vesaf-nav-weekly-report-964a3e0257cf6ec1.xlsx,ParseError: no sheet in data/raw/vinacapital/20200217-vesaf-nav-weekly-report-964a3e0257cf6ec1.xlsx carries line 2.1; not Appendix XXIV
vinacapital,vesaf,VINACAPITAL-VESAF,https://vinacapital.com/wp-content/uploads/2022/07/20200224-vesaf-changes-of-nav-weekly-report.xlsx,2020-02-24,20200224-vesaf-changes-of-nav-weekly-report.xlsx,,2020-02-24,data/raw/vinacapital/20200224-vesaf-changes-of-nav-weekly-report-8ee38a0f68790536.xlsx,ParseError: no sheet in data/raw/vinacapital/20200224-vesaf-changes-of-nav-weekly-report-8ee38a0f68790536.xlsx carries line 2.1; not Appendix XXIV
vinacapital,vesaf,VINACAPITAL-VESAF,https://vinacapital.com/wp-content/uploads/2022/07/20200224-vesaf-nav-weekly-report.xlsx,2020-02-24,20200224-vesaf-nav-weekly-report.xlsx,,2020-02-24,data/raw/vinacapital/20200224-vesaf-nav-weekly-report-fa652fdf18dbe311.xlsx,ParseError: no sheet in data/raw/vinacapital/20200224-vesaf-nav-weekly-report-fa652fdf18dbe311.xlsx carries line 2.1; not Appendix XXIV
vinacapital,vesaf,VINACAPITAL-VESAF,https://vinacapital.com/wp-content/uploads/2022/07/20200302-vesaf-changes-of-nav-weekly-report.xlsx,2020-03-02,20200302-vesaf-changes-of-nav-weekly-report.xlsx,,2020-03-02,data/raw/vinacapital/20200302-vesaf-changes-of-nav-weekly-report-49312d57c27b3a8a.xlsx,ParseError: no sheet in data/raw/vinacapital/20200302-vesaf-changes-of-nav-weekly-report-49312d57c27b3a8a.xlsx carries line 2.1; not Appendix XXIV
vinacapital,vesaf,VINACAPITAL-VESAF,https://vinacapital.com/wp-content/uploads/2022/07/20200302-vesaf-nav-weekly-report.xlsx,2020-03-02,20200302-vesaf-nav-weekly-report.xlsx,,2020-03-02,data/raw/vinacapital/20200302-vesaf-nav-weekly-report-36b3b5715c68510a.xlsx,ParseError: no sheet in data/raw/vinacapital/20200302-vesaf-nav-weekly-report-36b3b5715c68510a.xlsx carries line 2.1; not Appendix XXIV
vinacapital,vesaf,VINACAPITAL-VESAF,https://vinacapital.com/wp-content/uploads/2022/07/20200309-vesaf-changes-of-nav-weekly-report.xlsx,2020-03-09,20200309-vesaf-changes-of-nav-weekly-report.xlsx,,2020-03-09,data/raw/vinacapital/20200309-vesaf-changes-of-nav-weekly-report-fd8e79b8bc2c7dc8.xlsx,ParseError: no sheet in data/raw/vinacapital/20200309-vesaf-changes-of-nav-weekly-report-fd8e79b8bc2c7dc8.xlsx carries line 2.1; not Appendix XXIV
vinacapital,vesaf,VINACAPITAL-VESAF,https://vinacapital.com/wp-content/uploads/2022/07/20200309-vesaf-nav-weekly-report.xlsx,2020-03-09,20200309-vesaf-nav-weekly-report.xlsx,,2020-03-09,data/raw/vinacapital/20200309-vesaf-nav-weekly-report-21ec7c02612ea875.xlsx,ParseError: no sheet in data/raw/vinacapital/20200309-vesaf-nav-weekly-report-21ec7c02612ea875.xlsx carries line 2.1; not Appendix XXIV
vinacapital,vesaf,VINACAPITAL-VESAF,https://vinacapital.com/wp-content/uploads/2022/07/20200316-vesaf-changes-of-nav-weekly-report.xlsx,2020-03-16,20200316-vesaf-changes-of-nav-weekly-report.xlsx,,2020-03-16,data/raw/vinacapital/20200316-vesaf-changes-of-nav-weekly-report-273005b83b6d07dc.xlsx,ParseError: no sheet in data/raw/vinacapital/20200316-vesaf-changes-of-nav-weekly-report-273005b83b6d07dc.xlsx carries line 2.1; not Appendix XXIV
vinacapital,vesaf,VINACAPITAL-VESAF,https://vinacapital.com/wp-content/uploads/2022/07/20200316-vesaf-nav-weekly-report.xlsx,2020-03-16,20200316-vesaf-nav-weekly-report.xlsx,,2020-03-16,data/raw/vinacapital/20200316-vesaf-nav-weekly-report-c524d2a3e101564c.xlsx,ParseError: no sheet in data/raw/vinacapital/20200316-vesaf-nav-weekly-report-c524d2a3e101564c.xlsx carries line 2.1; not Appendix XXIV
vinacapital,vesaf,VINACAPITAL-VESAF,https://vinacapital.com/wp-content/uploads/2022/07/20200323-vesaf-changes-of-nav-weekly-report.xlsx,2020-03-23,20200323-vesaf-changes-of-nav-weekly-report.xlsx,,2020-03-23,data/raw/vinacapital/20200323-vesaf-changes-of-nav-weekly-report-5186d009bf8f3c48.xlsx,ParseError: no sheet in data/raw/vinacapital/20200323-vesaf-changes-of-nav-weekly-report-5186d009bf8f3c48.xlsx carries line 2.1; not Appendix XXIV
vinacapital,vesaf,VINACAPITAL-VESAF,https://vinacapital.com/wp-content/uploads/2022/07/20200323-vesaf-nav-weekly-report.xlsx,2020-03-23,20200323-vesaf-nav-weekly-report.xlsx,,2020-03-23,data/raw/vinacapital/20200323-vesaf-nav-weekly-report-e21ea3f5c484a4a8.xlsx,ParseError: no sheet in data/raw/vinacapital/20200323-vesaf-nav-weekly-report-e21ea3f5c484a4a8.xlsx carries line 2.1; not Appendix XXIV
vinacapital,vesaf,VINACAPITAL-VESAF,https://vinacapital.com/wp-content/uploads/2022/07/20200330-vesaf-changes-of-nav-weekly-report.xlsx,2020-03-30,20200330-vesaf-changes-of-nav-weekly-report.xlsx,,2020-03-30,data/raw/vinacapital/20200330-vesaf-changes-of-nav-weekly-report-4a5ced7a8cf37b0a.xlsx,ParseError: no sheet in data/raw/vinacapital/20200330-vesaf-changes-of-nav-weekly-report-4a5ced7a8cf37b0a.xlsx carries line 2.1; not Appendix XXIV
vinacapital,vesaf,VINACAPITAL-VESAF,https://vinacapital.com/wp-content/uploads/2022/07/20200330-vesaf-nav-weekly-report.xlsx,2020-03-30,20200330-vesaf-nav-weekly-report.xlsx,,2020-03-30,data/raw/vinacapital/20200330-vesaf-nav-weekly-report-1b9bda5e8517b35a.xlsx,ParseError: no sheet in data/raw/vinacapital/20200330-vesaf-nav-weekly-report-1b9bda5e8517b35a.xlsx carries line 2.1; not Appendix XXIV
vinacapital,vesaf,VINACAPITAL-VESAF,https://vinacapital.com/wp-content/uploads/2022/07/20200406-vesaf-changes-of-nav-weekly-report.xlsx,2020-04-06,20200406-vesaf-changes-of-nav-weekly-report.xlsx,,2020-04-06,data/raw/vinacapital/20200406-vesaf-changes-of-nav-weekly-report-45081e5d25658dad.xlsx,ParseError: no sheet in data/raw/vinacapital/20200406-vesaf-changes-of-nav-weekly-report-45081e5d25658dad.xlsx carries line 2.1; not Appendix XXIV
vinacapital,vesaf,VINACAPITAL-VESAF,https://vinacapital.com/wp-content/uploads/2022/07/20200406-vesaf-nav-weekly-report.xlsx,2020-04-06,20200406-vesaf-nav-weekly-report.xlsx,,2020-04-06,data/raw/vinacapital/20200406-vesaf-nav-weekly-report-d23f21ba25cfe97e.xlsx,ParseError: no sheet in data/raw/vinacapital/20200406-vesaf-nav-weekly-report-d23f21ba25cfe97e.xlsx carries line 2.1; not Appendix XXIV
vinacapital,vesaf,VINACAPITAL-VESAF,https://vinacapital.com/wp-content/uploads/2022/07/20200413-vesaf-changes-of-nav-weekly-report.xlsx,2020-04-13,20200413-vesaf-changes-of-nav-weekly-report.xlsx,,2020-04-13,data/raw/vinacapital/20200413-vesaf-changes-of-nav-weekly-report-b786f994bf5c2d64.xlsx,ParseError: no sheet in data/raw/vinacapital/20200413-vesaf-changes-of-nav-weekly-report-b786f994bf5c2d64.xlsx carries line 2.1; not Appendix XXIV
vinacapital,vesaf,VINACAPITAL-VESAF,https://vinacapital.com/wp-content/uploads/2022/07/20200413-vesaf-nav-weekly-report.xlsx,2020-04-13,20200413-vesaf-nav-weekly-report.xlsx,,2020-04-13,data/raw/vinacapital/20200413-vesaf-nav-weekly-report-f502206f60d66db6.xlsx,ParseError: no sheet in data/raw/vinacapital/20200413-vesaf-nav-weekly-report-f502206f60d66db6.xlsx carries line 2.1; not Appendix XXIV
vinacapital,vesaf,VINACAPITAL-VESAF,https://vinacapital.com/wp-content/uploads/2022/07/20200420-vesaf-changes-of-nav-weekly-report.xlsx,2020-04-20,20200420-vesaf-changes-of-nav-weekly-report.xlsx,,2020-04-20,data/raw/vinacapital/20200420-vesaf-changes-of-nav-weekly-report-d856eac4b42ba5f5.xlsx,ParseError: no sheet in data/raw/vinacapital/20200420-vesaf-changes-of-nav-weekly-report-d856eac4b42ba5f5.xlsx carries line 2.1; not Appendix XXIV
vinacapital,vesaf,VINACAPITAL-VESAF,https://vinacapital.com/wp-content/uploads/2022/07/20200420-vesaf-nav-weekly-report.xlsx,2020-04-20,20200420-vesaf-nav-weekly-report.xlsx,,2020-04-20,data/raw/vinacapital/20200420-vesaf-nav-weekly-report-40b92b3e5e6781fd.xlsx,ParseError: no sheet in data/raw/vinacapital/20200420-vesaf-nav-weekly-report-40b92b3e5e6781fd.xlsx carries line 2.1; not Appendix XXIV
vinacapital,vesaf,VINACAPITAL-VESAF,https://vinacapital.com/wp-content/uploads/2022/07/20200427-vesaf-changes-of-nav-weekly-report.xlsx,2020-04-27,20200427-vesaf-changes-of-nav-weekly-report.xlsx,,2020-04-27,data/raw/vinacapital/20200427-vesaf-changes-of-nav-weekly-report-e511abc3707e344c.xlsx,ParseError: no sheet in data/raw/vinacapital/20200427-vesaf-changes-of-nav-weekly-report-e511abc3707e344c.xlsx carries line 2.1; not Appendix XXIV
vinacapital,vesaf,VINACAPITAL-VESAF,https://vinacapital.com/wp-content/uploads/2022/07/20200427-vesaf-nav-weekly-report.xlsx,2020-04-27,20200427-vesaf-nav-weekly-report.xlsx,,2020-04-27,data/raw/vinacapital/20200427-vesaf-nav-weekly-report-741ecd9b469be6f6.xlsx,ParseError: no sheet in data/raw/vinacapital/20200427-vesaf-nav-weekly-report-741ecd9b469be6f6.xlsx carries line 2.1; not Appendix XXIV
vinacapital,vesaf,VINACAPITAL-VESAF,https://vinacapital.com/wp-content/uploads/2022/07/20200504-vesaf-changes-of-nav-weekly-report-1.xlsx,2020-05-04,20200504-vesaf-changes-of-nav-weekly-report-1.xlsx,,2020-05-04,data/raw/vinacapital/20200504-vesaf-changes-of-nav-weekly-report-1-8696b1a3fd27bce2.xlsx,ParseError: no sheet in data/raw/vinacapital/20200504-vesaf-changes-of-nav-weekly-report-1-8696b1a3fd27bce2.xlsx carries line 2.1; not Appendix XXIV
vinacapital,vesaf,VINACAPITAL-VESAF,https://vinacapital.com/wp-content/uploads/2022/07/20200504-vesaf-nav-weekly-report-1.xlsx,2020-05-04,20200504-vesaf-nav-weekly-report-1.xlsx,,2020-05-04,data/raw/vinacapital/20200504-vesaf-nav-weekly-report-1-bb4e14465e65f488.xlsx,ParseError: no sheet in data/raw/vinacapital/20200504-vesaf-nav-weekly-report-1-bb4e14465e65f488.xlsx carries line 2.1; not Appendix XXIV
vinacapital,vesaf,VINACAPITAL-VESAF,https://vinacapital.com/wp-content/uploads/2022/07/20200511-vesaf-changes-of-nav-weekly-report.xlsx,2020-05-11,20200511-vesaf-changes-of-nav-weekly-report.xlsx,,2020-05-11,data/raw/vinacapital/20200511-vesaf-changes-of-nav-weekly-report-44527cdb80fa19a0.xlsx,ParseError: no sheet in data/raw/vinacapital/20200511-vesaf-changes-of-nav-weekly-report-44527cdb80fa19a0.xlsx carries line 2.1; not Appendix XXIV
vinacapital,vesaf,VINACAPITAL-VESAF,https://vinacapital.com/wp-content/uploads/2022/07/20200511-vesaf-nav-weekly-report.xlsx,2020-05-11,20200511-vesaf-nav-weekly-report.xlsx,,2020-05-11,data/raw/vinacapital/20200511-vesaf-nav-weekly-report-62c127f1dba28513.xlsx,ParseError: no sheet in data/raw/vinacapital/20200511-vesaf-nav-weekly-report-62c127f1dba28513.xlsx carries line 2.1; not Appendix XXIV
vinacapital,vesaf,VINACAPITAL-VESAF,https://vinacapital.com/wp-content/uploads/2022/07/20200518-vesaf-changes-of-nav-weekly-report.xlsx,2020-05-18,20200518-vesaf-changes-of-nav-weekly-report.xlsx,,2020-05-18,data/raw/vinacapital/20200518-vesaf-changes-of-nav-weekly-report-64352b3bc6a31734.xlsx,ParseError: no sheet in data/raw/vinacapital/20200518-vesaf-changes-of-nav-weekly-report-64352b3bc6a31734.xlsx carries line 2.1; not Appendix XXIV
vinacapital,vesaf,VINACAPITAL-VESAF,https://vinacapital.com/wp-content/uploads/2022/07/20200518-vesaf-nav-weekly-report.xlsx,2020-05-18,20200518-vesaf-nav-weekly-report.xlsx,,2020-05-18,data/raw/vinacapital/20200518-vesaf-nav-weekly-report-b81c7000e73c5795.xlsx,ParseError: no sheet in data/raw/vinacapital/20200518-vesaf-nav-weekly-report-b81c7000e73c5795.xlsx carries line 2.1; not Appendix XXIV
vinacapital,vesaf,VINACAPITAL-VESAF,https://vinacapital.com/wp-content/uploads/2022/07/20200525-vesaf-changes-of-nav-weekly-report.xlsx,2020-05-25,20200525-vesaf-changes-of-nav-weekly-report.xlsx,,2020-05-25,data/raw/vinacapital/20200525-vesaf-changes-of-nav-weekly-report-93d21401e18f417c.xlsx,ParseError: no sheet in data/raw/vinacapital/20200525-vesaf-changes-of-nav-weekly-report-93d21401e18f417c.xlsx carries line 2.1; not Appendix XXIV
vinacapital,vesaf,VINACAPITAL-VESAF,https://vinacapital.com/wp-content/uploads/2022/07/20200525-vesaf-nav-weekly-report.xlsx,2020-05-25,20200525-vesaf-nav-weekly-report.xlsx,,2020-05-25,data/raw/vinacapital/20200525-vesaf-nav-weekly-report-b976f3f1015c618c.xlsx,ParseError: no sheet in data/raw/vinacapital/20200525-vesaf-nav-weekly-report-b976f3f1015c618c.xlsx carries line 2.1; not Appendix XXIV
vinacapital,vesaf,VINACAPITAL-VESAF,https://vinacapital.com/wp-content/uploads/2022/07/20200601-vesaf-changes-of-nav-weekly-report.xlsx,2020-06-01,20200601-vesaf-changes-of-nav-weekly-report.xlsx,,2020-06-01,data/raw/vinacapital/20200601-vesaf-changes-of-nav-weekly-report-fb71df44d6162830.xlsx,ParseError: no sheet in data/raw/vinacapital/20200601-vesaf-changes-of-nav-weekly-report-fb71df44d6162830.xlsx carries line 2.1; not Appendix XXIV
vinacapital,vesaf,VINACAPITAL-VESAF,https://vinacapital.com/wp-content/uploads/2022/07/20200601-vesaf-nav-weekly-report.xlsx,2020-06-01,20200601-vesaf-nav-weekly-report.xlsx,,2020-06-01,data/raw/vinacapital/20200601-vesaf-nav-weekly-report-dce0a0cb1854e928.xlsx,ParseError: no sheet in data/raw/vinacapital/20200601-vesaf-nav-weekly-report-dce0a0cb1854e928.xlsx carries line 2.1; not Appendix XXIV
vinacapital,vesaf,VINACAPITAL-VESAF,https://vinacapital.com/wp-content/uploads/2022/07/20200608-vesaf-changes-of-nav-weekly-report.xlsx,2020-06-08,20200608-vesaf-changes-of-nav-weekly-report.xlsx,,2020-06-08,data/raw/vinacapital/20200608-vesaf-changes-of-nav-weekly-report-3ab03b3d60dd29a4.xlsx,ParseError: no sheet in data/raw/vinacapital/20200608-vesaf-changes-of-nav-weekly-report-3ab03b3d60dd29a4.xlsx carries line 2.1; not Appendix XXIV
vinacapital,vesaf,VINACAPITAL-VESAF,https://vinacapital.com/wp-content/uploads/2022/07/20200608-vesaf-nav-weekly-report.xlsx,2020-06-08,20200608-vesaf-nav-weekly-report.xlsx,,2020-06-08,data/raw/vinacapital/20200608-vesaf-nav-weekly-report-1c9d5e5f8e29434e.xlsx,ParseError: no sheet in data/raw/vinacapital/20200608-vesaf-nav-weekly-report-1c9d5e5f8e29434e.xlsx carries line 2.1; not Appendix XXIV
vinacapital,vesaf,VINACAPITAL-VESAF,https://vinacapital.com/wp-content/uploads/2022/07/20200615-vesaf-changes-of-nav-weekly-report.xlsx,2020-06-15,20200615-vesaf-changes-of-nav-weekly-report.xlsx,,2020-06-15,data/raw/vinacapital/20200615-vesaf-changes-of-nav-weekly-report-cf7b09385f22cfc3.xlsx,ParseError: no sheet in data/raw/vinacapital/20200615-vesaf-changes-of-nav-weekly-report-cf7b09385f22cfc3.xlsx carries line 2.1; not Appendix XXIV
vinacapital,vesaf,VINACAPITAL-VESAF,https://vinacapital.com/wp-content/uploads/2022/07/20200615-vesaf-nav-weekly-report.xlsx,2020-06-15,20200615-vesaf-nav-weekly-report.xlsx,,2020-06-15,data/raw/vinacapital/20200615-vesaf-nav-weekly-report-b029ef8e4904b146.xlsx,ParseError: no sheet in data/raw/vinacapital/20200615-vesaf-nav-weekly-report-b029ef8e4904b146.xlsx carries line 2.1; not Appendix XXIV
vinacapital,vesaf,VINACAPITAL-VESAF,https://vinacapital.com/wp-content/uploads/2022/07/20200622-vesaf-changes-of-nav-weekly-report.xlsx,2020-06-22,20200622-vesaf-changes-of-nav-weekly-report.xlsx,,2020-06-22,data/raw/vinacapital/20200622-vesaf-changes-of-nav-weekly-report-6f0d2b8a4f29be27.xlsx,ParseError: no sheet in data/raw/vinacapital/20200622-vesaf-changes-of-nav-weekly-report-6f0d2b8a4f29be27.xlsx carries line 2.1; not Appendix XXIV
vinacapital,vesaf,VINACAPITAL-VESAF,https://vinacapital.com/wp-content/uploads/2022/07/20200622-vesaf-nav-weekly-report.xlsx,2020-06-22,20200622-vesaf-nav-weekly-report.xlsx,,2020-06-22,data/raw/vinacapital/20200622-vesaf-nav-weekly-report-024786d7a672ab34.xlsx,ParseError: no sheet in data/raw/vinacapital/20200622-vesaf-nav-weekly-report-024786d7a672ab34.xlsx carries line 2.1; not Appendix XXIV
vinacapital,vesaf,VINACAPITAL-VESAF,https://vinacapital.com/wp-content/uploads/2022/07/20200629-vesaf-changes-of-nav-weekly-report.xlsx,2020-06-29,20200629-vesaf-changes-of-nav-weekly-report.xlsx,,2020-06-29,data/raw/vinacapital/20200629-vesaf-changes-of-nav-weekly-report-5912084777d43d47.xlsx,ParseError: no sheet in data/raw/vinacapital/20200629-vesaf-changes-of-nav-weekly-report-5912084777d43d47.xlsx carries line 2.1; not Appendix XXIV
vinacapital,vesaf,VINACAPITAL-VESAF,https://vinacapital.com/wp-content/uploads/2022/07/20200629-vesaf-nav-weekly-report.xlsx,2020-06-29,20200629-vesaf-nav-weekly-report.xlsx,,2020-06-29,data/raw/vinacapital/20200629-vesaf-nav-weekly-report-455917cfa2e244f0.xlsx,ParseError: no sheet in data/raw/vinacapital/20200629-vesaf-nav-weekly-report-455917cfa2e244f0.xlsx carries line 2.1; not Appendix XXIV
vinacapital,vesaf,VINACAPITAL-VESAF,https://vinacapital.com/wp-content/uploads/2022/07/20200706-vesaf-changes-of-nav-weekly-report.xlsx,2020-07-06,20200706-vesaf-changes-of-nav-weekly-report.xlsx,,2020-07-06,data/raw/vinacapital/20200706-vesaf-changes-of-nav-weekly-report-6af263632af2a70e.xlsx,ParseError: no sheet in data/raw/vinacapital/20200706-vesaf-changes-of-nav-weekly-report-6af263632af2a70e.xlsx carries line 2.1; not Appendix XXIV
vinacapital,vesaf,VINACAPITAL-VESAF,https://vinacapital.com/wp-content/uploads/2022/07/20200706-vesaf-nav-weekly-report.xlsx,2020-07-06,20200706-vesaf-nav-weekly-report.xlsx,,2020-07-06,data/raw/vinacapital/20200706-vesaf-nav-weekly-report-4b4f43c898fa86cc.xlsx,ParseError: no sheet in data/raw/vinacapital/20200706-vesaf-nav-weekly-report-4b4f43c898fa86cc.xlsx carries line 2.1; not Appendix XXIV
vinacapital,vesaf,VINACAPITAL-VESAF,https://vinacapital.com/wp-content/uploads/2022/07/20200713-vesaf-changes-of-nav-weekly-report.xlsx,2020-07-13,20200713-vesaf-changes-of-nav-weekly-report.xlsx,,2020-07-13,data/raw/vinacapital/20200713-vesaf-changes-of-nav-weekly-report-c97ec9ea674c07f1.xlsx,ParseError: no sheet in data/raw/vinacapital/20200713-vesaf-changes-of-nav-weekly-report-c97ec9ea674c07f1.xlsx carries line 2.1; not Appendix XXIV
vinacapital,vesaf,VINACAPITAL-VESAF,https://vinacapital.com/wp-content/uploads/2022/07/20200713-vesaf-nav-weekly-report.xlsx,2020-07-13,20200713-vesaf-nav-weekly-report.xlsx,,2020-07-13,data/raw/vinacapital/20200713-vesaf-nav-weekly-report-5a216421b5ea6f8d.xlsx,ParseError: no sheet in data/raw/vinacapital/20200713-vesaf-nav-weekly-report-5a216421b5ea6f8d.xlsx carries line 2.1; not Appendix XXIV
vinacapital,vesaf,VINACAPITAL-VESAF,https://vinacapital.com/wp-content/uploads/2022/07/20200727-vesaf-changes-of-nav-weekly-report.xlsx,2020-07-27,20200727-vesaf-changes-of-nav-weekly-report.xlsx,,2020-07-27,data/raw/vinacapital/20200727-vesaf-changes-of-nav-weekly-report-e877ff3d220b5513.xlsx,ParseError: no sheet in data/raw/vinacapital/20200727-vesaf-changes-of-nav-weekly-report-e877ff3d220b5513.xlsx carries line 2.1; not Appendix XXIV
vinacapital,vesaf,VINACAPITAL-VESAF,https://vinacapital.com/wp-content/uploads/2022/07/20200727-vesaf-nav-weekly-report.xlsx,2020-07-27,20200727-vesaf-nav-weekly-report.xlsx,,2020-07-27,data/raw/vinacapital/20200727-vesaf-nav-weekly-report-26aa52093ecaab9d.xlsx,ParseError: no sheet in data/raw/vinacapital/20200727-vesaf-nav-weekly-report-26aa52093ecaab9d.xlsx carries line 2.1; not Appendix XXIV
vinacapital,vesaf,VINACAPITAL-VESAF,https://vinacapital.com/wp-content/uploads/2022/07/20200803-vesaf-changes-of-nav-weekly-report.xlsx,2020-08-03,20200803-vesaf-changes-of-nav-weekly-report.xlsx,,2020-08-03,data/raw/vinacapital/20200803-vesaf-changes-of-nav-weekly-report-b008034d82ea3ec9.xlsx,ParseError: no sheet in data/raw/vinacapital/20200803-vesaf-changes-of-nav-weekly-report-b008034d82ea3ec9.xlsx carries line 2.1; not Appendix XXIV
vinacapital,vesaf,VINACAPITAL-VESAF,https://vinacapital.com/wp-content/uploads/2022/07/20200803-vesaf-nav-weekly-report.xlsx,2020-08-03,20200803-vesaf-nav-weekly-report.xlsx,,2020-08-03,data/raw/vinacapital/20200803-vesaf-nav-weekly-report-78670b3b51df0e32.xlsx,ParseError: no sheet in data/raw/vinacapital/20200803-vesaf-nav-weekly-report-78670b3b51df0e32.xlsx carries line 2.1; not Appendix XXIV
vinacapital,vesaf,VINACAPITAL-VESAF,https://vinacapital.com/wp-content/uploads/2022/07/20200810-vesaf-changes-of-nav-weekly-report.xlsx,2020-08-10,20200810-vesaf-changes-of-nav-weekly-report.xlsx,,2020-08-10,data/raw/vinacapital/20200810-vesaf-changes-of-nav-weekly-report-608fd413b3f20cd4.xlsx,ParseError: no sheet in data/raw/vinacapital/20200810-vesaf-changes-of-nav-weekly-report-608fd413b3f20cd4.xlsx carries line 2.1; not Appendix XXIV
vinacapital,vesaf,VINACAPITAL-VESAF,https://vinacapital.com/wp-content/uploads/2022/07/20200810-vesaf-nav-weekly-report.xlsx,2020-08-10,20200810-vesaf-nav-weekly-report.xlsx,,2020-08-10,data/raw/vinacapital/20200810-vesaf-nav-weekly-report-3d10586477767e33.xlsx,ParseError: no sheet in data/raw/vinacapital/20200810-vesaf-nav-weekly-report-3d10586477767e33.xlsx carries line 2.1; not Appendix XXIV
vinacapital,vesaf,VINACAPITAL-VESAF,https://vinacapital.com/wp-content/uploads/2022/07/20200817-vesaf-changes-of-nav-weekly-report.xlsx,2020-08-17,20200817-vesaf-changes-of-nav-weekly-report.xlsx,,2020-08-17,data/raw/vinacapital/20200817-vesaf-changes-of-nav-weekly-report-d3205261cbe7635a.xlsx,ParseError: no sheet in data/raw/vinacapital/20200817-vesaf-changes-of-nav-weekly-report-d3205261cbe7635a.xlsx carries line 2.1; not Appendix XXIV
vinacapital,vesaf,VINACAPITAL-VESAF,https://vinacapital.com/wp-content/uploads/2022/07/20200817-vesaf-nav-weekly-report.xlsx,2020-08-17,20200817-vesaf-nav-weekly-report.xlsx,,2020-08-17,data/raw/vinacapital/20200817-vesaf-nav-weekly-report-e28e84e13b42e473.xlsx,ParseError: no sheet in data/raw/vinacapital/20200817-vesaf-nav-weekly-report-e28e84e13b42e473.xlsx carries line 2.1; not Appendix XXIV
vinacapital,vesaf,VINACAPITAL-VESAF,https://vinacapital.com/wp-content/uploads/2022/07/20200824-vesaf-changes-of-nav-weekly-report.xlsx,2020-08-24,20200824-vesaf-changes-of-nav-weekly-report.xlsx,,2020-08-24,data/raw/vinacapital/20200824-vesaf-changes-of-nav-weekly-report-fe62e68a991afcd2.xlsx,ParseError: no sheet in data/raw/vinacapital/20200824-vesaf-changes-of-nav-weekly-report-fe62e68a991afcd2.xlsx carries line 2.1; not Appendix XXIV
vinacapital,vesaf,VINACAPITAL-VESAF,https://vinacapital.com/wp-content/uploads/2022/07/20200824-vesaf-nav-weekly-report.xlsx,2020-08-24,20200824-vesaf-nav-weekly-report.xlsx,,2020-08-24,data/raw/vinacapital/20200824-vesaf-nav-weekly-report-3852d41d469b6509.xlsx,ParseError: no sheet in data/raw/vinacapital/20200824-vesaf-nav-weekly-report-3852d41d469b6509.xlsx carries line 2.1; not Appendix XXIV
vinacapital,vesaf,VINACAPITAL-VESAF,https://vinacapital.com/wp-content/uploads/2022/07/20200831-vesaf-changes-of-nav-weekly-report.xlsx,2020-08-31,20200831-vesaf-changes-of-nav-weekly-report.xlsx,,2020-08-31,data/raw/vinacapital/20200831-vesaf-changes-of-nav-weekly-report-f39c49b77b8e0f50.xlsx,ParseError: no sheet in data/raw/vinacapital/20200831-vesaf-changes-of-nav-weekly-report-f39c49b77b8e0f50.xlsx carries line 2.1; not Appendix XXIV
vinacapital,vesaf,VINACAPITAL-VESAF,https://vinacapital.com/wp-content/uploads/2022/07/20200831-vesaf-nav-weekly-report.xlsx,2020-08-31,20200831-vesaf-nav-weekly-report.xlsx,,2020-08-31,data/raw/vinacapital/20200831-vesaf-nav-weekly-report-3ba2dbec0220bb84.xlsx,ParseError: no sheet in data/raw/vinacapital/20200831-vesaf-nav-weekly-report-3ba2dbec0220bb84.xlsx carries line 2.1; not Appendix XXIV
vinacapital,vesaf,VINACAPITAL-VESAF,https://vinacapital.com/wp-content/uploads/2022/07/20200907-vesaf-changes-of-nav-weekly-report.xlsx,2020-09-07,20200907-vesaf-changes-of-nav-weekly-report.xlsx,,2020-09-07,data/raw/vinacapital/20200907-vesaf-changes-of-nav-weekly-report-ead3738b3f3a537a.xlsx,ParseError: no sheet in data/raw/vinacapital/20200907-vesaf-changes-of-nav-weekly-report-ead3738b3f3a537a.xlsx carries line 2.1; not Appendix XXIV
vinacapital,vesaf,VINACAPITAL-VESAF,https://vinacapital.com/wp-content/uploads/2022/07/20200907-vesaf-nav-weekly-report.xlsx,2020-09-07,20200907-vesaf-nav-weekly-report.xlsx,,2020-09-07,data/raw/vinacapital/20200907-vesaf-nav-weekly-report-2cc2a35d006bf896.xlsx,ParseError: no sheet in data/raw/vinacapital/20200907-vesaf-nav-weekly-report-2cc2a35d006bf896.xlsx carries line 2.1; not Appendix XXIV
vinacapital,vesaf,VINACAPITAL-VESAF,https://vinacapital.com/wp-content/uploads/2022/07/20200914-vesaf-changes-of-nav-weekly-report.xlsx,2020-09-14,20200914-vesaf-changes-of-nav-weekly-report.xlsx,,2020-09-14,data/raw/vinacapital/20200914-vesaf-changes-of-nav-weekly-report-f5f5130f3a0e9d8d.xlsx,ParseError: no sheet in data/raw/vinacapital/20200914-vesaf-changes-of-nav-weekly-report-f5f5130f3a0e9d8d.xlsx carries line 2.1; not Appendix XXIV
vinacapital,vesaf,VINACAPITAL-VESAF,https://vinacapital.com/wp-content/uploads/2022/07/20200914-vesaf-nav-weekly-report.xlsx,2020-09-14,20200914-vesaf-nav-weekly-report.xlsx,,2020-09-14,data/raw/vinacapital/20200914-vesaf-nav-weekly-report-022a6e5780a28344.xlsx,ParseError: no sheet in data/raw/vinacapital/20200914-vesaf-nav-weekly-report-022a6e5780a28344.xlsx carries line 2.1; not Appendix XXIV
vinacapital,vesaf,VINACAPITAL-VESAF,https://vinacapital.com/wp-content/uploads/2022/07/20200921-vesaf-changes-of-nav-weekly-report.xlsx,2020-09-21,20200921-vesaf-changes-of-nav-weekly-report.xlsx,,2020-09-21,data/raw/vinacapital/20200921-vesaf-changes-of-nav-weekly-report-dab06b65d310390e.xlsx,ParseError: no sheet in data/raw/vinacapital/20200921-vesaf-changes-of-nav-weekly-report-dab06b65d310390e.xlsx carries line 2.1; not Appendix XXIV
vinacapital,vesaf,VINACAPITAL-VESAF,https://vinacapital.com/wp-content/uploads/2022/07/20200921-vesaf-nav-weekly-report.xlsx,2020-09-21,20200921-vesaf-nav-weekly-report.xlsx,,2020-09-21,data/raw/vinacapital/20200921-vesaf-nav-weekly-report-f0f5773648b0caf2.xlsx,ParseError: no sheet in data/raw/vinacapital/20200921-vesaf-nav-weekly-report-f0f5773648b0caf2.xlsx carries line 2.1; not Appendix XXIV
vinacapital,vesaf,VINACAPITAL-VESAF,https://vinacapital.com/wp-content/uploads/2022/07/20200928-vesaf-changes-of-nav-weekly-report.xlsx,2020-09-28,20200928-vesaf-changes-of-nav-weekly-report.xlsx,,2020-09-28,data/raw/vinacapital/20200928-vesaf-changes-of-nav-weekly-report-ccbb5999f8a12ae4.xlsx,ParseError: no sheet in data/raw/vinacapital/20200928-vesaf-changes-of-nav-weekly-report-ccbb5999f8a12ae4.xlsx carries line 2.1; not Appendix XXIV
vinacapital,vesaf,VINACAPITAL-VESAF,https://vinacapital.com/wp-content/uploads/2022/07/20200928-vesaf-nav-weekly-report.xlsx,2020-09-28,20200928-vesaf-nav-weekly-report.xlsx,,2020-09-28,data/raw/vinacapital/20200928-vesaf-nav-weekly-report-77f09f01851fd28e.xlsx,ParseError: no sheet in data/raw/vinacapital/20200928-vesaf-nav-weekly-report-77f09f01851fd28e.xlsx carries line 2.1; not Appendix XXIV
vinacapital,vesaf,VINACAPITAL-VESAF,https://vinacapital.com/wp-content/uploads/2022/07/20201005-vesaf-changes-of-nav-weekly-report.xlsx,2020-10-05,20201005-vesaf-changes-of-nav-weekly-report.xlsx,,2020-10-05,data/raw/vinacapital/20201005-vesaf-changes-of-nav-weekly-report-ef644c673db1707d.xlsx,ParseError: no sheet in data/raw/vinacapital/20201005-vesaf-changes-of-nav-weekly-report-ef644c673db1707d.xlsx carries line 2.1; not Appendix XXIV
vinacapital,vesaf,VINACAPITAL-VESAF,https://vinacapital.com/wp-content/uploads/2022/07/20201005-vesaf-nav-weekly-report.xlsx,2020-10-05,20201005-vesaf-nav-weekly-report.xlsx,,2020-10-05,data/raw/vinacapital/20201005-vesaf-nav-weekly-report-0c98b5b1d0061964.xlsx,ParseError: no sheet in data/raw/vinacapital/20201005-vesaf-nav-weekly-report-0c98b5b1d0061964.xlsx carries line 2.1; not Appendix XXIV
vinacapital,vesaf,VINACAPITAL-VESAF,https://vinacapital.com/wp-content/uploads/2022/07/20201012-vesaf-changes-of-nav-weekly-report.xlsx,2020-10-12,20201012-vesaf-changes-of-nav-weekly-report.xlsx,,2020-10-12,data/raw/vinacapital/20201012-vesaf-changes-of-nav-weekly-report-4f04a8233a95cf6f.xlsx,ParseError: no sheet in data/raw/vinacapital/20201012-vesaf-changes-of-nav-weekly-report-4f04a8233a95cf6f.xlsx carries line 2.1; not Appendix XXIV
vinacapital,vesaf,VINACAPITAL-VESAF,https://vinacapital.com/wp-content/uploads/2022/07/20201012-vesaf-nav-weekly-report.xlsx,2020-10-12,20201012-vesaf-nav-weekly-report.xlsx,,2020-10-12,data/raw/vinacapital/20201012-vesaf-nav-weekly-report-3b47ecf8db4ae458.xlsx,ParseError: no sheet in data/raw/vinacapital/20201012-vesaf-nav-weekly-report-3b47ecf8db4ae458.xlsx carries line 2.1; not Appendix XXIV
vinacapital,vesaf,VINACAPITAL-VESAF,https://vinacapital.com/wp-content/uploads/2022/07/20201019-vesaf-changes-of-nav-weekly-report.xlsx,2020-10-19,20201019-vesaf-changes-of-nav-weekly-report.xlsx,,2020-10-19,data/raw/vinacapital/20201019-vesaf-changes-of-nav-weekly-report-8a9394b82a3e36a5.xlsx,ParseError: no sheet in data/raw/vinacapital/20201019-vesaf-changes-of-nav-weekly-report-8a9394b82a3e36a5.xlsx carries line 2.1; not Appendix XXIV
vinacapital,vesaf,VINACAPITAL-VESAF,https://vinacapital.com/wp-content/uploads/2022/07/20201019-vesaf-nav-weekly-report.xlsx,2020-10-19,20201019-vesaf-nav-weekly-report.xlsx,,2020-10-19,data/raw/vinacapital/20201019-vesaf-nav-weekly-report-5e50a7c4b2c13919.xlsx,ParseError: no sheet in data/raw/vinacapital/20201019-vesaf-nav-weekly-report-5e50a7c4b2c13919.xlsx carries line 2.1; not Appendix XXIV
vinacapital,vesaf,VINACAPITAL-VESAF,https://vinacapital.com/wp-content/uploads/2022/07/20201026-vesaf-changes-of-nav-weekly-report.xlsx,2020-10-26,20201026-vesaf-changes-of-nav-weekly-report.xlsx,,2020-10-26,data/raw/vinacapital/20201026-vesaf-changes-of-nav-weekly-report-0e74174b966e6392.xlsx,ParseError: no sheet in data/raw/vinacapital/20201026-vesaf-changes-of-nav-weekly-report-0e74174b966e6392.xlsx carries line 2.1; not Appendix XXIV
vinacapital,vesaf,VINACAPITAL-VESAF,https://vinacapital.com/wp-content/uploads/2022/07/20201026-vesaf-nav-weekly-report.xlsx,2020-10-26,20201026-vesaf-nav-weekly-report.xlsx,,2020-10-26,data/raw/vinacapital/20201026-vesaf-nav-weekly-report-68d9bf51dc1bfd39.xlsx,ParseError: no sheet in data/raw/vinacapital/20201026-vesaf-nav-weekly-report-68d9bf51dc1bfd39.xlsx carries line 2.1; not Appendix XXIV
vinacapital,vesaf,VINACAPITAL-VESAF,https://vinacapital.com/wp-content/uploads/2022/07/20201102-vesaf-changes-of-nav-weekly-report.xlsx,2020-11-02,20201102-vesaf-changes-of-nav-weekly-report.xlsx,,2020-11-02,data/raw/vinacapital/20201102-vesaf-changes-of-nav-weekly-report-103cc51db78ccd88.xlsx,ParseError: no sheet in data/raw/vinacapital/20201102-vesaf-changes-of-nav-weekly-report-103cc51db78ccd88.xlsx carries line 2.1; not Appendix XXIV
vinacapital,vesaf,VINACAPITAL-VESAF,https://vinacapital.com/wp-content/uploads/2022/07/20201102-vesaf-nav-weekly-report.xlsx,2020-11-02,20201102-vesaf-nav-weekly-report.xlsx,,2020-11-02,data/raw/vinacapital/20201102-vesaf-nav-weekly-report-acf8718267143f5b.xlsx,ParseError: no sheet in data/raw/vinacapital/20201102-vesaf-nav-weekly-report-acf8718267143f5b.xlsx carries line 2.1; not Appendix XXIV
vinacapital,vesaf,VINACAPITAL-VESAF,https://vinacapital.com/wp-content/uploads/2022/07/20201109-vesaf-changes-of-nav-weekly-report.xlsx,2020-11-09,20201109-vesaf-changes-of-nav-weekly-report.xlsx,,2020-11-09,data/raw/vinacapital/20201109-vesaf-changes-of-nav-weekly-report-b378592fbe3fe4f7.xlsx,ParseError: no sheet in data/raw/vinacapital/20201109-vesaf-changes-of-nav-weekly-report-b378592fbe3fe4f7.xlsx carries line 2.1; not Appendix XXIV
vinacapital,vesaf,VINACAPITAL-VESAF,https://vinacapital.com/wp-content/uploads/2022/07/20201109-vesaf-nav-weekly-report.xlsx,2020-11-09,20201109-vesaf-nav-weekly-report.xlsx,,2020-11-09,data/raw/vinacapital/20201109-vesaf-nav-weekly-report-cf172227a76db774.xlsx,ParseError: no sheet in data/raw/vinacapital/20201109-vesaf-nav-weekly-report-cf172227a76db774.xlsx carries line 2.1; not Appendix XXIV
vinacapital,vesaf,VINACAPITAL-VESAF,https://vinacapital.com/wp-content/uploads/2022/07/20201116-vesaf-changes-of-nav-weekly-report.xlsx,2020-11-16,20201116-vesaf-changes-of-nav-weekly-report.xlsx,,2020-11-16,data/raw/vinacapital/20201116-vesaf-changes-of-nav-weekly-report-9c88241af10e3e7f.xlsx,ParseError: no sheet in data/raw/vinacapital/20201116-vesaf-changes-of-nav-weekly-report-9c88241af10e3e7f.xlsx carries line 2.1; not Appendix XXIV
vinacapital,vesaf,VINACAPITAL-VESAF,https://vinacapital.com/wp-content/uploads/2022/07/20201116-vesaf-nav-weekly-report.xlsx,2020-11-16,20201116-vesaf-nav-weekly-report.xlsx,,2020-11-16,data/raw/vinacapital/20201116-vesaf-nav-weekly-report-d9cbac3c7af31df6.xlsx,ParseError: no sheet in data/raw/vinacapital/20201116-vesaf-nav-weekly-report-d9cbac3c7af31df6.xlsx carries line 2.1; not Appendix XXIV
vinacapital,vesaf,VINACAPITAL-VESAF,https://vinacapital.com/wp-content/uploads/2022/07/20201123-vesaf-changes-of-nav-weekly-report.xlsx,2020-11-23,20201123-vesaf-changes-of-nav-weekly-report.xlsx,,2020-11-23,data/raw/vinacapital/20201123-vesaf-changes-of-nav-weekly-report-01b603682376efa3.xlsx,ParseError: no sheet in data/raw/vinacapital/20201123-vesaf-changes-of-nav-weekly-report-01b603682376efa3.xlsx carries line 2.1; not Appendix XXIV
vinacapital,vesaf,VINACAPITAL-VESAF,https://vinacapital.com/wp-content/uploads/2022/07/20201123-vesaf-nav-weekly-report.xlsx,2020-11-23,20201123-vesaf-nav-weekly-report.xlsx,,2020-11-23,data/raw/vinacapital/20201123-vesaf-nav-weekly-report-999ce4f74210801c.xlsx,ParseError: no sheet in data/raw/vinacapital/20201123-vesaf-nav-weekly-report-999ce4f74210801c.xlsx carries line 2.1; not Appendix XXIV
vinacapital,vesaf,VINACAPITAL-VESAF,https://vinacapital.com/wp-content/uploads/2022/07/20201130-vesaf-changes-of-nav-weekly-report.xlsx,2020-11-30,20201130-vesaf-changes-of-nav-weekly-report.xlsx,,2020-11-30,data/raw/vinacapital/20201130-vesaf-changes-of-nav-weekly-report-816979564b7e47d0.xlsx,ParseError: no sheet in data/raw/vinacapital/20201130-vesaf-changes-of-nav-weekly-report-816979564b7e47d0.xlsx carries line 2.1; not Appendix XXIV
vinacapital,vesaf,VINACAPITAL-VESAF,https://vinacapital.com/wp-content/uploads/2022/07/20201207-vesaf-changes-of-nav-weekly-report.xlsx,2020-12-07,20201207-vesaf-changes-of-nav-weekly-report.xlsx,,2020-12-07,data/raw/vinacapital/20201207-vesaf-changes-of-nav-weekly-report-8afd43576c7e1146.xlsx,ParseError: no sheet in data/raw/vinacapital/20201207-vesaf-changes-of-nav-weekly-report-8afd43576c7e1146.xlsx carries line 2.1; not Appendix XXIV
vinacapital,vesaf,VINACAPITAL-VESAF,https://vinacapital.com/wp-content/uploads/2022/07/20201207-vesaf-nav-weekly-report.xlsx,2020-12-07,20201207-vesaf-nav-weekly-report.xlsx,,2020-12-07,data/raw/vinacapital/20201207-vesaf-nav-weekly-report-9ac9667eda886279.xlsx,ParseError: no sheet in data/raw/vinacapital/20201207-vesaf-nav-weekly-report-9ac9667eda886279.xlsx carries line 2.1; not Appendix XXIV
vinacapital,vesaf,VINACAPITAL-VESAF,https://vinacapital.com/wp-content/uploads/2022/07/20201214-vesaf-changes-of-nav-weekly-report.xlsx,2020-12-14,20201214-vesaf-changes-of-nav-weekly-report.xlsx,,2020-12-14,data/raw/vinacapital/20201214-vesaf-changes-of-nav-weekly-report-3e963bd9096c15d1.xlsx,ParseError: no sheet in data/raw/vinacapital/20201214-vesaf-changes-of-nav-weekly-report-3e963bd9096c15d1.xlsx carries line 2.1; not Appendix XXIV
vinacapital,vesaf,VINACAPITAL-VESAF,https://vinacapital.com/wp-content/uploads/2022/07/20201214-vesaf-nav-weekly-report.xlsx,2020-12-14,20201214-vesaf-nav-weekly-report.xlsx,,2020-12-14,data/raw/vinacapital/20201214-vesaf-nav-weekly-report-1467da08589ec722.xlsx,ParseError: no sheet in data/raw/vinacapital/20201214-vesaf-nav-weekly-report-1467da08589ec722.xlsx carries line 2.1; not Appendix XXIV
vinacapital,vesaf,VINACAPITAL-VESAF,https://vinacapital.com/wp-content/uploads/2022/07/20201221-vesaf-changes-of-nav-weekly-report.xlsx,2020-12-21,20201221-vesaf-changes-of-nav-weekly-report.xlsx,,2020-12-21,data/raw/vinacapital/20201221-vesaf-changes-of-nav-weekly-report-5e720d18fea66fc0.xlsx,ParseError: no sheet in data/raw/vinacapital/20201221-vesaf-changes-of-nav-weekly-report-5e720d18fea66fc0.xlsx carries line 2.1; not Appendix XXIV
vinacapital,vesaf,VINACAPITAL-VESAF,https://vinacapital.com/wp-content/uploads/2022/07/20201221-vesaf-nav-weekly-report.xlsx,2020-12-21,20201221-vesaf-nav-weekly-report.xlsx,,2020-12-21,data/raw/vinacapital/20201221-vesaf-nav-weekly-report-7110c99a480001f0.xlsx,ParseError: no sheet in data/raw/vinacapital/20201221-vesaf-nav-weekly-report-7110c99a480001f0.xlsx carries line 2.1; not Appendix XXIV
vinacapital,vesaf,VINACAPITAL-VESAF,https://vinacapital.com/wp-content/uploads/2022/07/20201228-vesaf-nav-weekly-report.xlsx,2020-12-28,20201228-vesaf-nav-weekly-report.xlsx,,2020-12-28,data/raw/vinacapital/20201228-vesaf-nav-weekly-report-19d46b824a71fbf2.xlsx,ParseError: no sheet in data/raw/vinacapital/20201228-vesaf-nav-weekly-report-19d46b824a71fbf2.xlsx carries line 2.1; not Appendix XXIV
vinacapital,vesaf,VINACAPITAL-VESAF,https://vinacapital.com/wp-content/uploads/2022/07/20210930-vesaf-changes-of-nav-weekly-report.xlsx,2021-09-30,20210930-vesaf-changes-of-nav-weekly-report.xlsx,,2021-09-30,data/raw/vinacapital/20210930-vesaf-changes-of-nav-weekly-report-338dec397c31c594.xlsx,"ParseError: no section-3 (change in NAV) line present; this is a point-in-time NAV report, not the Appendix XXIV change report [data/raw/vinacapital/20210930-vesaf-changes-of-nav-weekly-report-338dec397c31c594.xlsx]"
vinacapital,vesaf,VINACAPITAL-VESAF,https://vinacapital.com/wp-content/uploads/2022/07/20211208-vesaf-changes-of-nav-weekly-report.xlsx,2021-12-08,20211208-vesaf-changes-of-nav-weekly-report.xlsx,,2021-12-08,data/raw/vinacapital/20211208-vesaf-changes-of-nav-weekly-report-1ea4bfd118fe82b0.xlsx,"ParseError: no section-3 (change in NAV) line present; this is a point-in-time NAV report, not the Appendix XXIV change report [data/raw/vinacapital/20211208-vesaf-changes-of-nav-weekly-report-1ea4bfd118fe82b0.xlsx]"
vinacapital,vesaf,VINACAPITAL-VESAF,https://vinacapital.com/wp-content/uploads/2022/07/20211209-vesaf-changes-of-nav-weekly-report.xlsx,2021-12-09,20211209-vesaf-changes-of-nav-weekly-report.xlsx,,2021-12-09,data/raw/vinacapital/20211209-vesaf-changes-of-nav-weekly-report-7d34fd4d729af301.xlsx,"ParseError: no section-3 (change in NAV) line present; this is a point-in-time NAV report, not the Appendix XXIV change report [data/raw/vinacapital/20211209-vesaf-changes-of-nav-weekly-report-7d34fd4d729af301.xlsx]"
vinacapital,vesaf,VINACAPITAL-VESAF,https://vinacapital.com/wp-content/uploads/2022/07/20211230-vesaf-changes-of-nav-weekly-report.xlsx,2021-12-30,20211230-vesaf-changes-of-nav-weekly-report.xlsx,,2021-12-30,data/raw/vinacapital/20211230-vesaf-changes-of-nav-weekly-report-099605d36ab1b523.xlsx,"ParseError: no section-3 (change in NAV) line present; this is a point-in-time NAV report, not the Appendix XXIV change report [data/raw/vinacapital/20211230-vesaf-changes-of-nav-weekly-report-099605d36ab1b523.xlsx]"
vinacapital,vesaf,VINACAPITAL-VESAF,https://vinacapital.com/wp-content/uploads/2022/07/20220329-vesaf-changes-of-nav-weekly-report.xlsx,2022-03-29,20220329-vesaf-changes-of-nav-weekly-report.xlsx,,2022-03-29,data/raw/vinacapital/20220329-vesaf-changes-of-nav-weekly-report-3178d12d4ae24dd4.xlsx,"ParseError: no section-3 (change in NAV) line present; this is a point-in-time NAV report, not the Appendix XXIV change report [data/raw/vinacapital/20220329-vesaf-changes-of-nav-weekly-report-3178d12d4ae24dd4.xlsx]"
vinacapital,vesaf,VINACAPITAL-VESAF,https://vinacapital.com/wp-content/uploads/2022/08/20220728-vesaf-changes-of-nav-weekly-report.xlsx,2022-07-28,20220728-vesaf-changes-of-nav-weekly-report.xlsx,,2022-07-28,data/raw/vinacapital/20220728-vesaf-changes-of-nav-weekly-report-e29c36e6218aca86.xlsx,"ParseError: no section-3 (change in NAV) line present; this is a point-in-time NAV report, not the Appendix XXIV change report [data/raw/vinacapital/20220728-vesaf-changes-of-nav-weekly-report-e29c36e6218aca86.xlsx]"
vinacapital,vff,VINACAPITAL-VFF,https://vinacapital.com/wp-content/uploads/2022/07/20130412-vff-nav-weekly-report-1.pdf,2013-04-12,20130412-vff-nav-weekly-report-1.pdf,,2013-04-12,data/raw/vinacapital/20130412-vff-nav-weekly-report-1-376d9b596f98b802.pdf,ParseError: line 2.1 (nav_end) absent; layout is not Appendix XXIV [data/raw/vinacapital/20130412-vff-nav-weekly-report-1-376d9b596f98b802.pdf]
vinacapital,vff,VINACAPITAL-VFF,https://vinacapital.com/wp-content/uploads/2022/07/20130415-vff-nav-weekly-report.pdf,2013-04-15,20130415-vff-nav-weekly-report.pdf,,2013-04-15,data/raw/vinacapital/20130415-vff-nav-weekly-report-06f3faf307800967.pdf,ParseError: line 2.1 (nav_end) absent; layout is not Appendix XXIV [data/raw/vinacapital/20130415-vff-nav-weekly-report-06f3faf307800967.pdf]
vinacapital,vff,VINACAPITAL-VFF,https://vinacapital.com/wp-content/uploads/2022/07/20130422-vff-nav-weekly-report.pdf,2013-04-22,20130422-vff-nav-weekly-report.pdf,,2013-04-22,data/raw/vinacapital/20130422-vff-nav-weekly-report-2d0e57baec98bdba.pdf,ParseError: line 2.1 (nav_end) absent; layout is not Appendix XXIV [data/raw/vinacapital/20130422-vff-nav-weekly-report-2d0e57baec98bdba.pdf]
vinacapital,vff,VINACAPITAL-VFF,https://vinacapital.com/wp-content/uploads/2022/07/20130429-vff-nav-weekly-report.pdf,2013-04-29,20130429-vff-nav-weekly-report.pdf,,2013-04-29,data/raw/vinacapital/20130429-vff-nav-weekly-report-9ccbe982243a643f.pdf,ParseError: line 2.1 (nav_end) absent; layout is not Appendix XXIV [data/raw/vinacapital/20130429-vff-nav-weekly-report-9ccbe982243a643f.pdf]
vinacapital,vff,VINACAPITAL-VFF,https://vinacapital.com/wp-content/uploads/2022/07/20130506-vff-nav-weekly-report-1.pdf,2013-05-06,20130506-vff-nav-weekly-report-1.pdf,,2013-05-06,data/raw/vinacapital/20130506-vff-nav-weekly-report-1-bd264ae7c7423eb9.pdf,ParseError: line 2.1 (nav_end) absent; layout is not Appendix XXIV [data/raw/vinacapital/20130506-vff-nav-weekly-report-1-bd264ae7c7423eb9.pdf]
vinacapital,vff,VINACAPITAL-VFF,https://vinacapital.com/wp-content/uploads/2022/07/20130513-vff-nav-weekly-report.pdf,2013-05-13,20130513-vff-nav-weekly-report.pdf,,2013-05-13,data/raw/vinacapital/20130513-vff-nav-weekly-report-5c7fde1a65278861.pdf,ParseError: line 2.1 (nav_end) absent; layout is not Appendix XXIV [data/raw/vinacapital/20130513-vff-nav-weekly-report-5c7fde1a65278861.pdf]
vinacapital,vff,VINACAPITAL-VFF,https://vinacapital.com/wp-content/uploads/2022/07/20130521-vff-nav-weekly-report.pdf,2013-05-21,20130521-vff-nav-weekly-report.pdf,,2013-05-21,data/raw/vinacapital/20130521-vff-nav-weekly-report-c4c0d69dc61b3adb.pdf,ParseError: line 2.1 (nav_end) absent; layout is not Appendix XXIV [data/raw/vinacapital/20130521-vff-nav-weekly-report-c4c0d69dc61b3adb.pdf]
vinacapital,vff,VINACAPITAL-VFF,https://vinacapital.com/wp-content/uploads/2022/07/20130528-vff-nav-weekly-report-1.pdf,2013-05-28,20130528-vff-nav-weekly-report-1.pdf,,2013-05-28,data/raw/vinacapital/20130528-vff-nav-weekly-report-1-28810cb8b937b578.pdf,ParseError: line 2.1 (nav_end) absent; layout is not Appendix XXIV [data/raw/vinacapital/20130528-vff-nav-weekly-report-1-28810cb8b937b578.pdf]
vinacapital,vff,VINACAPITAL-VFF,https://vinacapital.com/wp-content/uploads/2022/07/20130604-vff-nav-weekly-report-revised.pdf,2013-06-04,20130604-vff-nav-weekly-report-revised.pdf,,2013-06-04,data/raw/vinacapital/20130604-vff-nav-weekly-report-revised-3465cd8a2ed9750e.pdf,ParseError: line 2.1 (nav_end) absent; layout is not Appendix XXIV [data/raw/vinacapital/20130604-vff-nav-weekly-report-revised-3465cd8a2ed9750e.pdf]
vinacapital,vff,VINACAPITAL-VFF,https://vinacapital.com/wp-content/uploads/2022/07/20130611-vff-nav-weekly-report.pdf,2013-06-11,20130611-vff-nav-weekly-report.pdf,,2013-06-11,data/raw/vinacapital/20130611-vff-nav-weekly-report-0ee76e127cf17c05.pdf,ParseError: line 2.1 (nav_end) absent; layout is not Appendix XXIV [data/raw/vinacapital/20130611-vff-nav-weekly-report-0ee76e127cf17c05.pdf]
vinacapital,vff,VINACAPITAL-VFF,https://vinacapital.com/wp-content/uploads/2022/07/20130617-vff-nav-weekly-report.pdf,2013-06-17,20130617-vff-nav-weekly-report.pdf,,2013-06-17,data/raw/vinacapital/20130617-vff-nav-weekly-report-565e6b7ba7f6ffda.pdf,ParseError: line 2.1 (nav_end) absent; layout is not Appendix XXIV [data/raw/vinacapital/20130617-vff-nav-weekly-report-565e6b7ba7f6ffda.pdf]
vinacapital,vff,VINACAPITAL-VFF,https://vinacapital.com/wp-content/uploads/2022/07/20130624-vff-nav-weekly-report-1.pdf,2013-06-24,20130624-vff-nav-weekly-report-1.pdf,,2013-06-24,data/raw/vinacapital/20130624-vff-nav-weekly-report-1-4c6968fa9a34934d.pdf,ParseError: line 2.1 (nav_end) absent; layout is not Appendix XXIV [data/raw/vinacapital/20130624-vff-nav-weekly-report-1-4c6968fa9a34934d.pdf]
vinacapital,vff,VINACAPITAL-VFF,https://vinacapital.com/wp-content/uploads/2022/07/20130701-vff-nav-weekly-report.pdf,2013-07-01,20130701-vff-nav-weekly-report.pdf,,2013-07-01,data/raw/vinacapital/20130701-vff-nav-weekly-report-131e323e8f591865.pdf,ParseError: line 2.1 (nav_end) absent; layout is not Appendix XXIV [data/raw/vinacapital/20130701-vff-nav-weekly-report-131e323e8f591865.pdf]
vinacapital,vff,VINACAPITAL-VFF,https://vinacapital.com/wp-content/uploads/2022/07/20130708-vff-nav-weekly-report-1.pdf,2013-07-08,20130708-vff-nav-weekly-report-1.pdf,,2013-07-08,data/raw/vinacapital/20130708-vff-nav-weekly-report-1-ecf6342e174970f4.pdf,ParseError: line 2.1 (nav_end) absent; layout is not Appendix XXIV [data/raw/vinacapital/20130708-vff-nav-weekly-report-1-ecf6342e174970f4.pdf]
vinacapital,vff,VINACAPITAL-VFF,https://vinacapital.com/wp-content/uploads/2022/07/20130715-vff-nav-weekly-report.pdf,2013-07-15,20130715-vff-nav-weekly-report.pdf,,2013-07-15,data/raw/vinacapital/20130715-vff-nav-weekly-report-f3c73225b672c676.pdf,ParseError: line 2.1 (nav_end) absent; layout is not Appendix XXIV [data/raw/vinacapital/20130715-vff-nav-weekly-report-f3c73225b672c676.pdf]
vinacapital,vff,VINACAPITAL-VFF,https://vinacapital.com/wp-content/uploads/2022/07/20130722-vff-nav-weekly-report-1.pdf,2013-07-22,20130722-vff-nav-weekly-report-1.pdf,,2013-07-22,data/raw/vinacapital/20130722-vff-nav-weekly-report-1-a773f263dbc802a6.pdf,ParseError: line 2.1 (nav_end) absent; layout is not Appendix XXIV [data/raw/vinacapital/20130722-vff-nav-weekly-report-1-a773f263dbc802a6.pdf]
vinacapital,vff,VINACAPITAL-VFF,https://vinacapital.com/wp-content/uploads/2022/07/20130729-vff-nav-weekly-report-1.pdf,2013-07-29,20130729-vff-nav-weekly-report-1.pdf,,2013-07-29,data/raw/vinacapital/20130729-vff-nav-weekly-report-1-dba4e32e4c80bbe9.pdf,ParseError: line 2.1 (nav_end) absent; layout is not Appendix XXIV [data/raw/vinacapital/20130729-vff-nav-weekly-report-1-dba4e32e4c80bbe9.pdf]
vinacapital,vff,VINACAPITAL-VFF,https://vinacapital.com/wp-content/uploads/2022/07/20130805-vff-nav-weekly-report.pdf,2013-08-05,20130805-vff-nav-weekly-report.pdf,,2013-08-05,data/raw/vinacapital/20130805-vff-nav-weekly-report-2f956fdd0dadfbfd.pdf,ParseError: line 2.1 (nav_end) absent; layout is not Appendix XXIV [data/raw/vinacapital/20130805-vff-nav-weekly-report-2f956fdd0dadfbfd.pdf]
vinacapital,vff,VINACAPITAL-VFF,https://vinacapital.com/wp-content/uploads/2022/07/20130812-vff-nav-weekly-report.pdf,2013-08-12,20130812-vff-nav-weekly-report.pdf,,2013-08-12,data/raw/vinacapital/20130812-vff-nav-weekly-report-f800112029014b24.pdf,ParseError: line 2.1 (nav_end) absent; layout is not Appendix XXIV [data/raw/vinacapital/20130812-vff-nav-weekly-report-f800112029014b24.pdf]
vinacapital,vff,VINACAPITAL-VFF,https://vinacapital.com/wp-content/uploads/2022/07/20130819-vff-nav-weekly-report.pdf,2013-08-19,20130819-vff-nav-weekly-report.pdf,,2013-08-19,data/raw/vinacapital/20130819-vff-nav-weekly-report-7e958230e7512e76.pdf,ParseError: line 2.1 (nav_end) absent; layout is not Appendix XXIV [data/raw/vinacapital/20130819-vff-nav-weekly-report-7e958230e7512e76.pdf]
vinacapital,vff,VINACAPITAL-VFF,https://vinacapital.com/wp-content/uploads/2022/07/20130826-vff-nav-weekly-report.pdf,2013-08-26,20130826-vff-nav-weekly-report.pdf,,2013-08-26,data/raw/vinacapital/20130826-vff-nav-weekly-report-2fb10469b1409127.pdf,ParseError: line 2.1 (nav_end) absent; layout is not Appendix XXIV [data/raw/vinacapital/20130826-vff-nav-weekly-report-2fb10469b1409127.pdf]
vinacapital,vff,VINACAPITAL-VFF,https://vinacapital.com/wp-content/uploads/2022/07/20130902-vff-nav-weekly-report.pdf,2013-09-02,20130902-vff-nav-weekly-report.pdf,,2013-09-02,data/raw/vinacapital/20130902-vff-nav-weekly-report-5fef4c3d1ff6915e.pdf,ParseError: line 2.1 (nav_end) absent; layout is not Appendix XXIV [data/raw/vinacapital/20130902-vff-nav-weekly-report-5fef4c3d1ff6915e.pdf]
vinacapital,vff,VINACAPITAL-VFF,https://vinacapital.com/wp-content/uploads/2022/07/20130909-vff-nav-weekly-report.pdf,2013-09-09,20130909-vff-nav-weekly-report.pdf,,2013-09-09,data/raw/vinacapital/20130909-vff-nav-weekly-report-4651edf645bc6adb.pdf,ParseError: line 2.1 (nav_end) absent; layout is not Appendix XXIV [data/raw/vinacapital/20130909-vff-nav-weekly-report-4651edf645bc6adb.pdf]
vinacapital,vff,VINACAPITAL-VFF,https://vinacapital.com/wp-content/uploads/2022/07/20130916-vff-nav-weekly-report.pdf,2013-09-16,20130916-vff-nav-weekly-report.pdf,,2013-09-16,data/raw/vinacapital/20130916-vff-nav-weekly-report-b5d4867fb6d4478f.pdf,ParseError: line 2.1 (nav_end) absent; layout is not Appendix XXIV [data/raw/vinacapital/20130916-vff-nav-weekly-report-b5d4867fb6d4478f.pdf]
vinacapital,vff,VINACAPITAL-VFF,https://vinacapital.com/wp-content/uploads/2022/07/20130923-vff-nav-weekly-report.pdf,2013-09-23,20130923-vff-nav-weekly-report.pdf,,2013-09-23,data/raw/vinacapital/20130923-vff-nav-weekly-report-b2edebe0a5c4a746.pdf,ParseError: line 2.1 (nav_end) absent; layout is not Appendix XXIV [data/raw/vinacapital/20130923-vff-nav-weekly-report-b2edebe0a5c4a746.pdf]
vinacapital,vff,VINACAPITAL-VFF,https://vinacapital.com/wp-content/uploads/2022/07/20130930-vff-nav-weekly-report.pdf,2013-09-30,20130930-vff-nav-weekly-report.pdf,,2013-09-30,data/raw/vinacapital/20130930-vff-nav-weekly-report-d690c2928f4dd40f.pdf,ParseError: line 2.1 (nav_end) absent; layout is not Appendix XXIV [data/raw/vinacapital/20130930-vff-nav-weekly-report-d690c2928f4dd40f.pdf]
vinacapital,vff,VINACAPITAL-VFF,https://vinacapital.com/wp-content/uploads/2022/07/20131007-vff-nav-weekly-report.pdf,2013-10-07,20131007-vff-nav-weekly-report.pdf,,2013-10-07,data/raw/vinacapital/20131007-vff-nav-weekly-report-2785278d3c2fbb31.pdf,ParseError: line 2.1 (nav_end) absent; layout is not Appendix XXIV [data/raw/vinacapital/20131007-vff-nav-weekly-report-2785278d3c2fbb31.pdf]
vinacapital,vff,VINACAPITAL-VFF,https://vinacapital.com/wp-content/uploads/2022/07/20131014-vff-nav-weekly-report.pdf,2013-10-14,20131014-vff-nav-weekly-report.pdf,,2013-10-14,data/raw/vinacapital/20131014-vff-nav-weekly-report-1d3d0705b2961554.pdf,ParseError: line 2.1 (nav_end) absent; layout is not Appendix XXIV [data/raw/vinacapital/20131014-vff-nav-weekly-report-1d3d0705b2961554.pdf]
vinacapital,vff,VINACAPITAL-VFF,https://vinacapital.com/wp-content/uploads/2022/07/20131021-vff-nav-weekly-report.pdf,2013-10-21,20131021-vff-nav-weekly-report.pdf,,2013-10-21,data/raw/vinacapital/20131021-vff-nav-weekly-report-a4e484b863a108c2.pdf,ParseError: line 2.1 (nav_end) absent; layout is not Appendix XXIV [data/raw/vinacapital/20131021-vff-nav-weekly-report-a4e484b863a108c2.pdf]
vinacapital,vff,VINACAPITAL-VFF,https://vinacapital.com/wp-content/uploads/2022/07/20131028-vff-nav-weekly-report.pdf,2013-10-28,20131028-vff-nav-weekly-report.pdf,,2013-10-28,data/raw/vinacapital/20131028-vff-nav-weekly-report-ed3406d39fefeb88.pdf,ParseError: line 2.1 (nav_end) absent; layout is not Appendix XXIV [data/raw/vinacapital/20131028-vff-nav-weekly-report-ed3406d39fefeb88.pdf]
vinacapital,vff,VINACAPITAL-VFF,https://vinacapital.com/wp-content/uploads/2022/07/20131104-vff-nav-weekly-report.pdf,2013-11-04,20131104-vff-nav-weekly-report.pdf,,2013-11-04,data/raw/vinacapital/20131104-vff-nav-weekly-report-667878c7007aac52.pdf,ParseError: line 2.1 (nav_end) absent; layout is not Appendix XXIV [data/raw/vinacapital/20131104-vff-nav-weekly-report-667878c7007aac52.pdf]
vinacapital,vff,VINACAPITAL-VFF,https://vinacapital.com/wp-content/uploads/2022/07/20131111-vff-nav-weekly-report.pdf,2013-11-11,20131111-vff-nav-weekly-report.pdf,,2013-11-11,data/raw/vinacapital/20131111-vff-nav-weekly-report-bea04f21bb5bbc47.pdf,ParseError: line 2.1 (nav_end) absent; layout is not Appendix XXIV [data/raw/vinacapital/20131111-vff-nav-weekly-report-bea04f21bb5bbc47.pdf]
vinacapital,vff,VINACAPITAL-VFF,https://vinacapital.com/wp-content/uploads/2022/07/20131118-vff-nav-weekly-report.pdf,2013-11-18,20131118-vff-nav-weekly-report.pdf,,2013-11-18,data/raw/vinacapital/20131118-vff-nav-weekly-report-353e07e216cb7480.pdf,ParseError: line 2.1 (nav_end) absent; layout is not Appendix XXIV [data/raw/vinacapital/20131118-vff-nav-weekly-report-353e07e216cb7480.pdf]
vinacapital,vff,VINACAPITAL-VFF,https://vinacapital.com/wp-content/uploads/2022/07/20131125-vff-nav-weekly-report.pdf,2013-11-25,20131125-vff-nav-weekly-report.pdf,,2013-11-25,data/raw/vinacapital/20131125-vff-nav-weekly-report-7cd4e612d0ed08a7.pdf,ParseError: line 2.1 (nav_end) absent; layout is not Appendix XXIV [data/raw/vinacapital/20131125-vff-nav-weekly-report-7cd4e612d0ed08a7.pdf]
vinacapital,vff,VINACAPITAL-VFF,https://vinacapital.com/wp-content/uploads/2022/07/20131202-vff-nav-weekly-report.pdf,2013-12-02,20131202-vff-nav-weekly-report.pdf,,2013-12-02,data/raw/vinacapital/20131202-vff-nav-weekly-report-841da3c6f72b3c31.pdf,ParseError: line 2.1 (nav_end) absent; layout is not Appendix XXIV [data/raw/vinacapital/20131202-vff-nav-weekly-report-841da3c6f72b3c31.pdf]
vinacapital,vff,VINACAPITAL-VFF,https://vinacapital.com/wp-content/uploads/2022/07/20131209-vff-nav-weekly-report.pdf,2013-12-09,20131209-vff-nav-weekly-report.pdf,,2013-12-09,data/raw/vinacapital/20131209-vff-nav-weekly-report-610e527905eeb411.pdf,ParseError: line 2.1 (nav_end) absent; layout is not Appendix XXIV [data/raw/vinacapital/20131209-vff-nav-weekly-report-610e527905eeb411.pdf]
vinacapital,vff,VINACAPITAL-VFF,https://vinacapital.com/wp-content/uploads/2022/07/20131216-vff-nav-weekly-report.pdf,2013-12-16,20131216-vff-nav-weekly-report.pdf,,2013-12-16,data/raw/vinacapital/20131216-vff-nav-weekly-report-a3f2e88df4c4454e.pdf,ParseError: line 2.1 (nav_end) absent; layout is not Appendix XXIV [data/raw/vinacapital/20131216-vff-nav-weekly-report-a3f2e88df4c4454e.pdf]
vinacapital,vff,VINACAPITAL-VFF,https://vinacapital.com/wp-content/uploads/2022/07/20131223-vff-nav-weekly-report.pdf,2013-12-23,20131223-vff-nav-weekly-report.pdf,,2013-12-23,data/raw/vinacapital/20131223-vff-nav-weekly-report-0a5dd1fb960de6ad.pdf,ParseError: line 2.1 (nav_end) absent; layout is not Appendix XXIV [data/raw/vinacapital/20131223-vff-nav-weekly-report-0a5dd1fb960de6ad.pdf]
vinacapital,vff,VINACAPITAL-VFF,https://vinacapital.com/wp-content/uploads/2022/07/20131230-vff-nav-weekly-report.pdf,2013-12-30,20131230-vff-nav-weekly-report.pdf,,2013-12-30,data/raw/vinacapital/20131230-vff-nav-weekly-report-95db083df770f936.pdf,ParseError: line 2.1 (nav_end) absent; layout is not Appendix XXIV [data/raw/vinacapital/20131230-vff-nav-weekly-report-95db083df770f936.pdf]
vinacapital,vff,VINACAPITAL-VFF,https://vinacapital.com/wp-content/uploads/2022/07/20140106-vff-nav-weekly-report.pdf,2014-01-06,20140106-vff-nav-weekly-report.pdf,,2014-01-06,data/raw/vinacapital/20140106-vff-nav-weekly-report-025a94c65c5b03e7.pdf,ParseError: line 2.1 (nav_end) absent; layout is not Appendix XXIV [data/raw/vinacapital/20140106-vff-nav-weekly-report-025a94c65c5b03e7.pdf]
vinacapital,vff,VINACAPITAL-VFF,https://vinacapital.com/wp-content/uploads/2022/07/20140113-vff-nav-weekly-report.pdf,2014-01-13,20140113-vff-nav-weekly-report.pdf,,2014-01-13,data/raw/vinacapital/20140113-vff-nav-weekly-report-5c20dd1b5af414ab.pdf,ParseError: line 2.1 (nav_end) absent; layout is not Appendix XXIV [data/raw/vinacapital/20140113-vff-nav-weekly-report-5c20dd1b5af414ab.pdf]
vinacapital,vff,VINACAPITAL-VFF,https://vinacapital.com/wp-content/uploads/2022/07/20140120-vff-nav-weekly-report.pdf,2014-01-20,20140120-vff-nav-weekly-report.pdf,,2014-01-20,data/raw/vinacapital/20140120-vff-nav-weekly-report-5b30022fa93b1571.pdf,ParseError: line 2.1 (nav_end) absent; layout is not Appendix XXIV [data/raw/vinacapital/20140120-vff-nav-weekly-report-5b30022fa93b1571.pdf]
vinacapital,vff,VINACAPITAL-VFF,https://vinacapital.com/wp-content/uploads/2022/07/20140127-vff-nav-weekly-report.pdf,2014-01-27,20140127-vff-nav-weekly-report.pdf,,2014-01-27,data/raw/vinacapital/20140127-vff-nav-weekly-report-0ee7d7b675a3bd1b.pdf,ParseError: line 2.1 (nav_end) absent; layout is not Appendix XXIV [data/raw/vinacapital/20140127-vff-nav-weekly-report-0ee7d7b675a3bd1b.pdf]
vinacapital,vff,VINACAPITAL-VFF,https://vinacapital.com/wp-content/uploads/2022/07/20140210-vff-nav-weekly-report.pdf,2014-02-10,20140210-vff-nav-weekly-report.pdf,,2014-02-10,data/raw/vinacapital/20140210-vff-nav-weekly-report-5996c86287ce4ca0.pdf,ParseError: line 2.1 (nav_end) absent; layout is not Appendix XXIV [data/raw/vinacapital/20140210-vff-nav-weekly-report-5996c86287ce4ca0.pdf]
vinacapital,vff,VINACAPITAL-VFF,https://vinacapital.com/wp-content/uploads/2022/07/20140217-vff-nav-weekly-report.pdf,2014-02-17,20140217-vff-nav-weekly-report.pdf,,2014-02-17,data/raw/vinacapital/20140217-vff-nav-weekly-report-3f694ac640eb6162.pdf,ParseError: line 2.1 (nav_end) absent; layout is not Appendix XXIV [data/raw/vinacapital/20140217-vff-nav-weekly-report-3f694ac640eb6162.pdf]
vinacapital,vff,VINACAPITAL-VFF,https://vinacapital.com/wp-content/uploads/2022/07/20140224-vff-nav-weekly-report.pdf,2014-02-24,20140224-vff-nav-weekly-report.pdf,,2014-02-24,data/raw/vinacapital/20140224-vff-nav-weekly-report-ad2ac6273fee09db.pdf,ParseError: line 2.1 (nav_end) absent; layout is not Appendix XXIV [data/raw/vinacapital/20140224-vff-nav-weekly-report-ad2ac6273fee09db.pdf]
vinacapital,vff,VINACAPITAL-VFF,https://vinacapital.com/wp-content/uploads/2022/07/20140303-vff-nav-weekly-report.pdf,2014-03-03,20140303-vff-nav-weekly-report.pdf,,2014-03-03,data/raw/vinacapital/20140303-vff-nav-weekly-report-425ef40581e8d7b7.pdf,ParseError: line 2.1 (nav_end) absent; layout is not Appendix XXIV [data/raw/vinacapital/20140303-vff-nav-weekly-report-425ef40581e8d7b7.pdf]
vinacapital,vff,VINACAPITAL-VFF,https://vinacapital.com/wp-content/uploads/2022/07/20140310-vff-nav-weekly-report-1.pdf,2014-03-10,20140310-vff-nav-weekly-report-1.pdf,,2014-03-10,data/raw/vinacapital/20140310-vff-nav-weekly-report-1-4eed69fb76d8eeff.pdf,ParseError: line 2.1 (nav_end) absent; layout is not Appendix XXIV [data/raw/vinacapital/20140310-vff-nav-weekly-report-1-4eed69fb76d8eeff.pdf]
vinacapital,vff,VINACAPITAL-VFF,https://vinacapital.com/wp-content/uploads/2022/07/20140317-vff-nav-weekly-report.pdf,2014-03-17,20140317-vff-nav-weekly-report.pdf,,2014-03-17,data/raw/vinacapital/20140317-vff-nav-weekly-report-3702dd41624afff5.pdf,ParseError: line 2.1 (nav_end) absent; layout is not Appendix XXIV [data/raw/vinacapital/20140317-vff-nav-weekly-report-3702dd41624afff5.pdf]
vinacapital,vff,VINACAPITAL-VFF,https://vinacapital.com/wp-content/uploads/2022/07/20140324-vff-nav-weekly-report.pdf,2014-03-24,20140324-vff-nav-weekly-report.pdf,,2014-03-24,data/raw/vinacapital/20140324-vff-nav-weekly-report-03bc0bc280fa13a4.pdf,ParseError: line 2.1 (nav_end) absent; layout is not Appendix XXIV [data/raw/vinacapital/20140324-vff-nav-weekly-report-03bc0bc280fa13a4.pdf]
vinacapital,vff,VINACAPITAL-VFF,https://vinacapital.com/wp-content/uploads/2022/07/20140331-vff-nav-weekly-report-1.pdf,2014-03-31,20140331-vff-nav-weekly-report-1.pdf,,2014-03-31,data/raw/vinacapital/20140331-vff-nav-weekly-report-1-84a82625f5c3b8f5.pdf,ParseError: line 2.1 (nav_end) absent; layout is not Appendix XXIV [data/raw/vinacapital/20140331-vff-nav-weekly-report-1-84a82625f5c3b8f5.pdf]
vinacapital,vff,VINACAPITAL-VFF,https://vinacapital.com/wp-content/uploads/2022/07/20140407-vff-nav-weekly-report.pdf,2014-04-07,20140407-vff-nav-weekly-report.pdf,,2014-04-07,data/raw/vinacapital/20140407-vff-nav-weekly-report-e37696952c76b6fd.pdf,ParseError: line 2.1 (nav_end) absent; layout is not Appendix XXIV [data/raw/vinacapital/20140407-vff-nav-weekly-report-e37696952c76b6fd.pdf]
vinacapital,vff,VINACAPITAL-VFF,https://vinacapital.com/wp-content/uploads/2022/07/20140414-vff-nav-weekly-report-1.pdf,2014-04-14,20140414-vff-nav-weekly-report-1.pdf,,2014-04-14,data/raw/vinacapital/20140414-vff-nav-weekly-report-1-3e9cc7283a7ef8f2.pdf,ParseError: line 2.1 (nav_end) absent; layout is not Appendix XXIV [data/raw/vinacapital/20140414-vff-nav-weekly-report-1-3e9cc7283a7ef8f2.pdf]
vinacapital,vff,VINACAPITAL-VFF,https://vinacapital.com/wp-content/uploads/2022/07/20140421-vff-nav-weekly-report.pdf,2014-04-21,20140421-vff-nav-weekly-report.pdf,,2014-04-21,data/raw/vinacapital/20140421-vff-nav-weekly-report-fe1b41fb357dea8c.pdf,ParseError: line 2.1 (nav_end) absent; layout is not Appendix XXIV [data/raw/vinacapital/20140421-vff-nav-weekly-report-fe1b41fb357dea8c.pdf]
vinacapital,vff,VINACAPITAL-VFF,https://vinacapital.com/wp-content/uploads/2022/07/20140428-vff-nav-weekly-report-1.pdf,2014-04-28,20140428-vff-nav-weekly-report-1.pdf,,2014-04-28,data/raw/vinacapital/20140428-vff-nav-weekly-report-1-80ba10ca288d19d5.pdf,ParseError: line 2.1 (nav_end) absent; layout is not Appendix XXIV [data/raw/vinacapital/20140428-vff-nav-weekly-report-1-80ba10ca288d19d5.pdf]
vinacapital,vff,VINACAPITAL-VFF,https://vinacapital.com/wp-content/uploads/2022/07/20140505-vff-nav-weekly-report.pdf,2014-05-05,20140505-vff-nav-weekly-report.pdf,,2014-05-05,data/raw/vinacapital/20140505-vff-nav-weekly-report-8325624db2786528.pdf,ParseError: line 2.1 (nav_end) absent; layout is not Appendix XXIV [data/raw/vinacapital/20140505-vff-nav-weekly-report-8325624db2786528.pdf]
vinacapital,vff,VINACAPITAL-VFF,https://vinacapital.com/wp-content/uploads/2022/07/20140519-vff-nav-weekly-report.pdf,2014-05-19,20140519-vff-nav-weekly-report.pdf,,2014-05-19,data/raw/vinacapital/20140519-vff-nav-weekly-report-5478af26fbc0eaa6.pdf,ParseError: line 2.1 (nav_end) absent; layout is not Appendix XXIV [data/raw/vinacapital/20140519-vff-nav-weekly-report-5478af26fbc0eaa6.pdf]
vinacapital,vff,VINACAPITAL-VFF,https://vinacapital.com/wp-content/uploads/2022/07/20140526-vff-nav-weekly-report-1.pdf,2014-05-26,20140526-vff-nav-weekly-report-1.pdf,,2014-05-26,data/raw/vinacapital/20140526-vff-nav-weekly-report-1-2094611951df9242.pdf,ParseError: line 2.1 (nav_end) absent; layout is not Appendix XXIV [data/raw/vinacapital/20140526-vff-nav-weekly-report-1-2094611951df9242.pdf]
vinacapital,vff,VINACAPITAL-VFF,https://vinacapital.com/wp-content/uploads/2022/07/20140602-vff-nav-weekly-report-1.pdf,2014-06-02,20140602-vff-nav-weekly-report-1.pdf,,2014-06-02,data/raw/vinacapital/20140602-vff-nav-weekly-report-1-5b0ba12bb4f255e0.pdf,ParseError: line 2.1 (nav_end) absent; layout is not Appendix XXIV [data/raw/vinacapital/20140602-vff-nav-weekly-report-1-5b0ba12bb4f255e0.pdf]
vinacapital,vff,VINACAPITAL-VFF,https://vinacapital.com/wp-content/uploads/2022/07/20140609-vff-nav-weekly-report.pdf,2014-06-09,20140609-vff-nav-weekly-report.pdf,,2014-06-09,data/raw/vinacapital/20140609-vff-nav-weekly-report-c59a9dc3b9c21cf2.pdf,ParseError: line 2.1 (nav_end) absent; layout is not Appendix XXIV [data/raw/vinacapital/20140609-vff-nav-weekly-report-c59a9dc3b9c21cf2.pdf]
vinacapital,vff,VINACAPITAL-VFF,https://vinacapital.com/wp-content/uploads/2022/07/20140616-vff-nav-weekly-report.pdf,2014-06-16,20140616-vff-nav-weekly-report.pdf,,2014-06-16,data/raw/vinacapital/20140616-vff-nav-weekly-report-65fe6746499c07e5.pdf,ParseError: line 2.1 (nav_end) absent; layout is not Appendix XXIV [data/raw/vinacapital/20140616-vff-nav-weekly-report-65fe6746499c07e5.pdf]
vinacapital,vff,VINACAPITAL-VFF,https://vinacapital.com/wp-content/uploads/2022/07/20140623-vff-nav-weekly-report.pdf,2014-06-23,20140623-vff-nav-weekly-report.pdf,,2014-06-23,data/raw/vinacapital/20140623-vff-nav-weekly-report-11afc32fd483b92e.pdf,ParseError: line 2.1 (nav_end) absent; layout is not Appendix XXIV [data/raw/vinacapital/20140623-vff-nav-weekly-report-11afc32fd483b92e.pdf]
vinacapital,vff,VINACAPITAL-VFF,https://vinacapital.com/wp-content/uploads/2022/07/20140630-vff-nav-weekly-report.pdf,2014-06-30,20140630-vff-nav-weekly-report.pdf,,2014-06-30,data/raw/vinacapital/20140630-vff-nav-weekly-report-dd04e9167a99c28a.pdf,ParseError: line 2.1 (nav_end) absent; layout is not Appendix XXIV [data/raw/vinacapital/20140630-vff-nav-weekly-report-dd04e9167a99c28a.pdf]
vinacapital,vff,VINACAPITAL-VFF,https://vinacapital.com/wp-content/uploads/2022/07/20140714-vff-nav-weekly-report.pdf,2014-07-14,20140714-vff-nav-weekly-report.pdf,,2014-07-14,data/raw/vinacapital/20140714-vff-nav-weekly-report-5c4dc77983075929.pdf,ParseError: line 2.1 (nav_end) absent; layout is not Appendix XXIV [data/raw/vinacapital/20140714-vff-nav-weekly-report-5c4dc77983075929.pdf]
vinacapital,vff,VINACAPITAL-VFF,https://vinacapital.com/wp-content/uploads/2022/07/20140721-vff-nav-weekly-report-1.pdf,2014-07-21,20140721-vff-nav-weekly-report-1.pdf,,2014-07-21,data/raw/vinacapital/20140721-vff-nav-weekly-report-1-177f6cd8c0656657.pdf,ParseError: line 2.1 (nav_end) absent; layout is not Appendix XXIV [data/raw/vinacapital/20140721-vff-nav-weekly-report-1-177f6cd8c0656657.pdf]
vinacapital,vff,VINACAPITAL-VFF,https://vinacapital.com/wp-content/uploads/2022/07/20140728-vff-nav-weekly-report-1.pdf,2014-07-28,20140728-vff-nav-weekly-report-1.pdf,,2014-07-28,data/raw/vinacapital/20140728-vff-nav-weekly-report-1-e0cd61a7e248932a.pdf,ParseError: line 2.1 (nav_end) absent; layout is not Appendix XXIV [data/raw/vinacapital/20140728-vff-nav-weekly-report-1-e0cd61a7e248932a.pdf]
vinacapital,vff,VINACAPITAL-VFF,https://vinacapital.com/wp-content/uploads/2022/07/20140804-vff-nav-weekly-report-1.pdf,2014-08-04,20140804-vff-nav-weekly-report-1.pdf,,2014-08-04,data/raw/vinacapital/20140804-vff-nav-weekly-report-1-011a58c593b4b2cd.pdf,ParseError: line 2.1 (nav_end) absent; layout is not Appendix XXIV [data/raw/vinacapital/20140804-vff-nav-weekly-report-1-011a58c593b4b2cd.pdf]
vinacapital,vff,VINACAPITAL-VFF,https://vinacapital.com/wp-content/uploads/2022/07/20140811-vff-nav-weekly-report-1.pdf,2014-08-11,20140811-vff-nav-weekly-report-1.pdf,,2014-08-11,data/raw/vinacapital/20140811-vff-nav-weekly-report-1-a6100304364ab73f.pdf,ParseError: line 2.1 (nav_end) absent; layout is not Appendix XXIV [data/raw/vinacapital/20140811-vff-nav-weekly-report-1-a6100304364ab73f.pdf]
vinacapital,vff,VINACAPITAL-VFF,https://vinacapital.com/wp-content/uploads/2022/07/20140818-vff-nav-weekly-report.pdf,2014-08-18,20140818-vff-nav-weekly-report.pdf,,2014-08-18,data/raw/vinacapital/20140818-vff-nav-weekly-report-c4d6b891755e87ca.pdf,ParseError: line 2.1 (nav_end) absent; layout is not Appendix XXIV [data/raw/vinacapital/20140818-vff-nav-weekly-report-c4d6b891755e87ca.pdf]
vinacapital,vff,VINACAPITAL-VFF,https://vinacapital.com/wp-content/uploads/2022/07/20140825-vff-nav-weekly-report.pdf,2014-08-25,20140825-vff-nav-weekly-report.pdf,,2014-08-25,data/raw/vinacapital/20140825-vff-nav-weekly-report-a785cfc4ed91ee2d.pdf,ParseError: line 2.1 (nav_end) absent; layout is not Appendix XXIV [data/raw/vinacapital/20140825-vff-nav-weekly-report-a785cfc4ed91ee2d.pdf]
vinacapital,vff,VINACAPITAL-VFF,https://vinacapital.com/wp-content/uploads/2022/07/20140901-vff-nav-weekly-report.pdf,2014-09-01,20140901-vff-nav-weekly-report.pdf,,2014-09-01,data/raw/vinacapital/20140901-vff-nav-weekly-report-662a995da9913d21.pdf,ParseError: line 2.1 (nav_end) absent; layout is not Appendix XXIV [data/raw/vinacapital/20140901-vff-nav-weekly-report-662a995da9913d21.pdf]
vinacapital,vff,VINACAPITAL-VFF,https://vinacapital.com/wp-content/uploads/2022/07/20140908-vff-nav-weekly-report.pdf,2014-09-08,20140908-vff-nav-weekly-report.pdf,,2014-09-08,data/raw/vinacapital/20140908-vff-nav-weekly-report-597178dffbd09eb0.pdf,ParseError: line 2.1 (nav_end) absent; layout is not Appendix XXIV [data/raw/vinacapital/20140908-vff-nav-weekly-report-597178dffbd09eb0.pdf]
vinacapital,vff,VINACAPITAL-VFF,https://vinacapital.com/wp-content/uploads/2022/07/20140915-vff-nav-weekly-report.pdf,2014-09-15,20140915-vff-nav-weekly-report.pdf,,2014-09-15,data/raw/vinacapital/20140915-vff-nav-weekly-report-26fad0392fda0470.pdf,ParseError: line 2.1 (nav_end) absent; layout is not Appendix XXIV [data/raw/vinacapital/20140915-vff-nav-weekly-report-26fad0392fda0470.pdf]
vinacapital,vff,VINACAPITAL-VFF,https://vinacapital.com/wp-content/uploads/2022/07/20140922-vff-nav-weekly-report.pdf,2014-09-22,20140922-vff-nav-weekly-report.pdf,,2014-09-22,data/raw/vinacapital/20140922-vff-nav-weekly-report-f65df5e70e62a60f.pdf,ParseError: line 2.1 (nav_end) absent; layout is not Appendix XXIV [data/raw/vinacapital/20140922-vff-nav-weekly-report-f65df5e70e62a60f.pdf]
vinacapital,vff,VINACAPITAL-VFF,https://vinacapital.com/wp-content/uploads/2022/07/20140929-vff-nav-weekly-report.pdf,2014-09-29,20140929-vff-nav-weekly-report.pdf,,2014-09-29,data/raw/vinacapital/20140929-vff-nav-weekly-report-1f388fd8d356b6ae.pdf,ParseError: line 2.1 (nav_end) absent; layout is not Appendix XXIV [data/raw/vinacapital/20140929-vff-nav-weekly-report-1f388fd8d356b6ae.pdf]
vinacapital,vff,VINACAPITAL-VFF,https://vinacapital.com/wp-content/uploads/2022/07/20141006-vff-nav-weekly-report.pdf,2014-10-06,20141006-vff-nav-weekly-report.pdf,,2014-10-06,data/raw/vinacapital/20141006-vff-nav-weekly-report-97c4151a95054848.pdf,ParseError: line 2.1 (nav_end) absent; layout is not Appendix XXIV [data/raw/vinacapital/20141006-vff-nav-weekly-report-97c4151a95054848.pdf]
vinacapital,vff,VINACAPITAL-VFF,https://vinacapital.com/wp-content/uploads/2022/07/20141013-vff-nav-weekly-report.pdf,2014-10-13,20141013-vff-nav-weekly-report.pdf,,2014-10-13,data/raw/vinacapital/20141013-vff-nav-weekly-report-d8e141d9762ca536.pdf,ParseError: line 2.1 (nav_end) absent; layout is not Appendix XXIV [data/raw/vinacapital/20141013-vff-nav-weekly-report-d8e141d9762ca536.pdf]
vinacapital,vff,VINACAPITAL-VFF,https://vinacapital.com/wp-content/uploads/2022/07/20141020-vff-nav-weekly-report.pdf,2014-10-20,20141020-vff-nav-weekly-report.pdf,,2014-10-20,data/raw/vinacapital/20141020-vff-nav-weekly-report-4b4a9b59ec896077.pdf,ParseError: line 2.1 (nav_end) absent; layout is not Appendix XXIV [data/raw/vinacapital/20141020-vff-nav-weekly-report-4b4a9b59ec896077.pdf]
vinacapital,vff,VINACAPITAL-VFF,https://vinacapital.com/wp-content/uploads/2022/07/20141027-vff-nav-weekly-report.pdf,2014-10-27,20141027-vff-nav-weekly-report.pdf,,2014-10-27,data/raw/vinacapital/20141027-vff-nav-weekly-report-708f229b04373d0e.pdf,ParseError: line 2.1 (nav_end) absent; layout is not Appendix XXIV [data/raw/vinacapital/20141027-vff-nav-weekly-report-708f229b04373d0e.pdf]
vinacapital,vff,VINACAPITAL-VFF,https://vinacapital.com/wp-content/uploads/2022/07/20141103-vff-nav-weekly-report.pdf,2014-11-03,20141103-vff-nav-weekly-report.pdf,,2014-11-03,data/raw/vinacapital/20141103-vff-nav-weekly-report-e518b8e8549b2ecc.pdf,ParseError: line 2.1 (nav_end) absent; layout is not Appendix XXIV [data/raw/vinacapital/20141103-vff-nav-weekly-report-e518b8e8549b2ecc.pdf]
vinacapital,vff,VINACAPITAL-VFF,https://vinacapital.com/wp-content/uploads/2022/07/20141110-vff-nav-weekly-report.pdf,2014-11-10,20141110-vff-nav-weekly-report.pdf,,2014-11-10,data/raw/vinacapital/20141110-vff-nav-weekly-report-16701d0428149d3a.pdf,ParseError: line 2.1 (nav_end) absent; layout is not Appendix XXIV [data/raw/vinacapital/20141110-vff-nav-weekly-report-16701d0428149d3a.pdf]
vinacapital,vff,VINACAPITAL-VFF,https://vinacapital.com/wp-content/uploads/2022/07/20141117-vff-nav-weekly-report.pdf,2014-11-17,20141117-vff-nav-weekly-report.pdf,,2014-11-17,data/raw/vinacapital/20141117-vff-nav-weekly-report-a9cb2f36d0b78539.pdf,ParseError: line 2.1 (nav_end) absent; layout is not Appendix XXIV [data/raw/vinacapital/20141117-vff-nav-weekly-report-a9cb2f36d0b78539.pdf]
vinacapital,vff,VINACAPITAL-VFF,https://vinacapital.com/wp-content/uploads/2022/07/20141124-vff-nav-weekly-report-1.pdf,2014-11-24,20141124-vff-nav-weekly-report-1.pdf,,2014-11-24,data/raw/vinacapital/20141124-vff-nav-weekly-report-1-3a602ea910b31b36.pdf,ParseError: line 2.1 (nav_end) absent; layout is not Appendix XXIV [data/raw/vinacapital/20141124-vff-nav-weekly-report-1-3a602ea910b31b36.pdf]
vinacapital,vff,VINACAPITAL-VFF,https://vinacapital.com/wp-content/uploads/2022/07/20141201-vff-nav-weekly-report-1.pdf,2014-12-01,20141201-vff-nav-weekly-report-1.pdf,,2014-12-01,data/raw/vinacapital/20141201-vff-nav-weekly-report-1-a37ce501c249b9a1.pdf,ParseError: line 2.1 (nav_end) absent; layout is not Appendix XXIV [data/raw/vinacapital/20141201-vff-nav-weekly-report-1-a37ce501c249b9a1.pdf]
vinacapital,vff,VINACAPITAL-VFF,https://vinacapital.com/wp-content/uploads/2022/07/20141205-vff-nav-weekly-report-1.pdf,2014-12-05,20141205-vff-nav-weekly-report-1.pdf,,2014-12-05,data/raw/vinacapital/20141205-vff-nav-weekly-report-1-6aa82a291dc417e2.pdf,ParseError: line 2.1 (nav_end) absent; layout is not Appendix XXIV [data/raw/vinacapital/20141205-vff-nav-weekly-report-1-6aa82a291dc417e2.pdf]
vinacapital,vff,VINACAPITAL-VFF,https://vinacapital.com/wp-content/uploads/2022/07/20141208-vff-nav-weekly-report.pdf,2014-12-08,20141208-vff-nav-weekly-report.pdf,,2014-12-08,data/raw/vinacapital/20141208-vff-nav-weekly-report-615481a14ec3eb2b.pdf,ParseError: line 2.1 (nav_end) absent; layout is not Appendix XXIV [data/raw/vinacapital/20141208-vff-nav-weekly-report-615481a14ec3eb2b.pdf]
vinacapital,vff,VINACAPITAL-VFF,https://vinacapital.com/wp-content/uploads/2022/07/20141215-vff-nav-weekly-report.pdf,2014-12-15,20141215-vff-nav-weekly-report.pdf,,2014-12-15,data/raw/vinacapital/20141215-vff-nav-weekly-report-927c33bcdc61165d.pdf,ParseError: line 2.1 (nav_end) absent; layout is not Appendix XXIV [data/raw/vinacapital/20141215-vff-nav-weekly-report-927c33bcdc61165d.pdf]
vinacapital,vff,VINACAPITAL-VFF,https://vinacapital.com/wp-content/uploads/2022/07/20141222-vff-nav-weekly-report.pdf,2014-12-22,20141222-vff-nav-weekly-report.pdf,,2014-12-22,data/raw/vinacapital/20141222-vff-nav-weekly-report-8532da559fde1fb2.pdf,ParseError: line 2.1 (nav_end) absent; layout is not Appendix XXIV [data/raw/vinacapital/20141222-vff-nav-weekly-report-8532da559fde1fb2.pdf]
vinacapital,vff,VINACAPITAL-VFF,https://vinacapital.com/wp-content/uploads/2022/07/20141229-vff-nav-weekly-report.pdf,2014-12-29,20141229-vff-nav-weekly-report.pdf,,2014-12-29,data/raw/vinacapital/20141229-vff-nav-weekly-report-84b9819afc00122b.pdf,ParseError: line 2.1 (nav_end) absent; layout is not Appendix XXIV [data/raw/vinacapital/20141229-vff-nav-weekly-report-84b9819afc00122b.pdf]
vinacapital,vff,VINACAPITAL-VFF,https://vinacapital.com/wp-content/uploads/2022/07/20150106-vff-nav-weekly-report.pdf,2015-01-06,20150106-vff-nav-weekly-report.pdf,,2015-01-06,data/raw/vinacapital/20150106-vff-nav-weekly-report-93222789ed54f69d.pdf,ParseError: line 2.1 (nav_end) absent; layout is not Appendix XXIV [data/raw/vinacapital/20150106-vff-nav-weekly-report-93222789ed54f69d.pdf]
vinacapital,vff,VINACAPITAL-VFF,https://vinacapital.com/wp-content/uploads/2022/07/20150112-vff-nav-weekly-report.pdf,2015-01-12,20150112-vff-nav-weekly-report.pdf,,2015-01-12,data/raw/vinacapital/20150112-vff-nav-weekly-report-77eb2374ea8d1698.pdf,ParseError: line 2.1 (nav_end) absent; layout is not Appendix XXIV [data/raw/vinacapital/20150112-vff-nav-weekly-report-77eb2374ea8d1698.pdf]
vinacapital,vff,VINACAPITAL-VFF,https://vinacapital.com/wp-content/uploads/2022/07/20150119-vff-nav-weekly-report.pdf,2015-01-19,20150119-vff-nav-weekly-report.pdf,,2015-01-19,data/raw/vinacapital/20150119-vff-nav-weekly-report-56fe066cad4605e3.pdf,ParseError: line 2.1 (nav_end) absent; layout is not Appendix XXIV [data/raw/vinacapital/20150119-vff-nav-weekly-report-56fe066cad4605e3.pdf]
vinacapital,vff,VINACAPITAL-VFF,https://vinacapital.com/wp-content/uploads/2022/07/20150126-vff-nav-weekly-report.pdf,2015-01-26,20150126-vff-nav-weekly-report.pdf,,2015-01-26,data/raw/vinacapital/20150126-vff-nav-weekly-report-5bd19e5b653c243b.pdf,ParseError: line 2.1 (nav_end) absent; layout is not Appendix XXIV [data/raw/vinacapital/20150126-vff-nav-weekly-report-5bd19e5b653c243b.pdf]
vinacapital,vff,VINACAPITAL-VFF,https://vinacapital.com/wp-content/uploads/2022/07/20150202-vff-nav-weekly-report.pdf,2015-02-02,20150202-vff-nav-weekly-report.pdf,,2015-02-02,data/raw/vinacapital/20150202-vff-nav-weekly-report-d098248215ccaf71.pdf,ParseError: line 2.1 (nav_end) absent; layout is not Appendix XXIV [data/raw/vinacapital/20150202-vff-nav-weekly-report-d098248215ccaf71.pdf]
vinacapital,vff,VINACAPITAL-VFF,https://vinacapital.com/wp-content/uploads/2022/07/20150209-vff-nav-weekly-report.pdf,2015-02-09,20150209-vff-nav-weekly-report.pdf,,2015-02-09,data/raw/vinacapital/20150209-vff-nav-weekly-report-5946fcbecb8097f5.pdf,ParseError: line 2.1 (nav_end) absent; layout is not Appendix XXIV [data/raw/vinacapital/20150209-vff-nav-weekly-report-5946fcbecb8097f5.pdf]
vinacapital,vff,VINACAPITAL-VFF,https://vinacapital.com/wp-content/uploads/2022/07/20150223-vff-nav-weekly-report.pdf,2015-02-23,20150223-vff-nav-weekly-report.pdf,,2015-02-23,data/raw/vinacapital/20150223-vff-nav-weekly-report-dfa78e9e6d41eff6.pdf,ParseError: line 2.1 (nav_end) absent; layout is not Appendix XXIV [data/raw/vinacapital/20150223-vff-nav-weekly-report-dfa78e9e6d41eff6.pdf]
vinacapital,vff,VINACAPITAL-VFF,https://vinacapital.com/wp-content/uploads/2022/07/20150302-vff-nav-weekly-report.pdf,2015-03-02,20150302-vff-nav-weekly-report.pdf,,2015-03-02,data/raw/vinacapital/20150302-vff-nav-weekly-report-5e7b30d1e55382d6.pdf,ParseError: line 2.1 (nav_end) absent; layout is not Appendix XXIV [data/raw/vinacapital/20150302-vff-nav-weekly-report-5e7b30d1e55382d6.pdf]
vinacapital,vff,VINACAPITAL-VFF,https://vinacapital.com/wp-content/uploads/2022/07/20150309-vff-nav-weekly-report.pdf,2015-03-09,20150309-vff-nav-weekly-report.pdf,,2015-03-09,data/raw/vinacapital/20150309-vff-nav-weekly-report-dab6b2db9806b56f.pdf,ParseError: line 2.1 (nav_end) absent; layout is not Appendix XXIV [data/raw/vinacapital/20150309-vff-nav-weekly-report-dab6b2db9806b56f.pdf]
vinacapital,vff,VINACAPITAL-VFF,https://vinacapital.com/wp-content/uploads/2022/07/20150316-vff-nav-weekly-report.pdf,2015-03-16,20150316-vff-nav-weekly-report.pdf,,2015-03-16,data/raw/vinacapital/20150316-vff-nav-weekly-report-4d04bad6f0dcda45.pdf,ParseError: line 2.1 (nav_end) absent; layout is not Appendix XXIV [data/raw/vinacapital/20150316-vff-nav-weekly-report-4d04bad6f0dcda45.pdf]
vinacapital,vff,VINACAPITAL-VFF,https://vinacapital.com/wp-content/uploads/2022/07/20150323-vff-nav-weekly-report.pdf,2015-03-23,20150323-vff-nav-weekly-report.pdf,,2015-03-23,data/raw/vinacapital/20150323-vff-nav-weekly-report-4bd1e48c862f8fc6.pdf,ParseError: line 2.1 (nav_end) absent; layout is not Appendix XXIV [data/raw/vinacapital/20150323-vff-nav-weekly-report-4bd1e48c862f8fc6.pdf]
vinacapital,vff,VINACAPITAL-VFF,https://vinacapital.com/wp-content/uploads/2022/07/20150330-vff-nav-weekly-report.pdf,2015-03-30,20150330-vff-nav-weekly-report.pdf,,2015-03-30,data/raw/vinacapital/20150330-vff-nav-weekly-report-9b985190288821f3.pdf,ParseError: line 2.1 (nav_end) absent; layout is not Appendix XXIV [data/raw/vinacapital/20150330-vff-nav-weekly-report-9b985190288821f3.pdf]
vinacapital,vff,VINACAPITAL-VFF,https://vinacapital.com/wp-content/uploads/2022/07/20150406-vff-nav-weekly-report.pdf,2015-04-06,20150406-vff-nav-weekly-report.pdf,,2015-04-06,data/raw/vinacapital/20150406-vff-nav-weekly-report-b38ebabf0387cd98.pdf,ParseError: line 2.1 (nav_end) absent; layout is not Appendix XXIV [data/raw/vinacapital/20150406-vff-nav-weekly-report-b38ebabf0387cd98.pdf]
vinacapital,vff,VINACAPITAL-VFF,https://vinacapital.com/wp-content/uploads/2022/07/20150413-vff-nav-weekly-report.pdf,2015-04-13,20150413-vff-nav-weekly-report.pdf,,2015-04-13,data/raw/vinacapital/20150413-vff-nav-weekly-report-fe53d304dda5b14f.pdf,ParseError: line 2.1 (nav_end) absent; layout is not Appendix XXIV [data/raw/vinacapital/20150413-vff-nav-weekly-report-fe53d304dda5b14f.pdf]
vinacapital,vff,VINACAPITAL-VFF,https://vinacapital.com/wp-content/uploads/2022/07/20150420-vff-nav-weekly-report.pdf,2015-04-20,20150420-vff-nav-weekly-report.pdf,,2015-04-20,data/raw/vinacapital/20150420-vff-nav-weekly-report-4f92623afaaf2586.pdf,ParseError: line 2.1 (nav_end) absent; layout is not Appendix XXIV [data/raw/vinacapital/20150420-vff-nav-weekly-report-4f92623afaaf2586.pdf]
vinacapital,vff,VINACAPITAL-VFF,https://vinacapital.com/wp-content/uploads/2022/07/20150427-vff-nav-weekly-report.pdf,2015-04-27,20150427-vff-nav-weekly-report.pdf,,2015-04-27,data/raw/vinacapital/20150427-vff-nav-weekly-report-ba9e0a3557b51f7e.pdf,ParseError: line 2.1 (nav_end) absent; layout is not Appendix XXIV [data/raw/vinacapital/20150427-vff-nav-weekly-report-ba9e0a3557b51f7e.pdf]
vinacapital,vff,VINACAPITAL-VFF,https://vinacapital.com/wp-content/uploads/2022/07/20150504-vff-nav-weekly-report.pdf,2015-05-04,20150504-vff-nav-weekly-report.pdf,,2015-05-04,data/raw/vinacapital/20150504-vff-nav-weekly-report-9ad2674f6be02270.pdf,ParseError: line 2.1 (nav_end) absent; layout is not Appendix XXIV [data/raw/vinacapital/20150504-vff-nav-weekly-report-9ad2674f6be02270.pdf]
vinacapital,vff,VINACAPITAL-VFF,https://vinacapital.com/wp-content/uploads/2022/07/20150511-vff-nav-weekly-report.pdf,2015-05-11,20150511-vff-nav-weekly-report.pdf,,2015-05-11,data/raw/vinacapital/20150511-vff-nav-weekly-report-49f542a5becf388d.pdf,ParseError: line 2.1 (nav_end) absent; layout is not Appendix XXIV [data/raw/vinacapital/20150511-vff-nav-weekly-report-49f542a5becf388d.pdf]
vinacapital,vff,VINACAPITAL-VFF,https://vinacapital.com/wp-content/uploads/2022/07/20150518-vff-nav-weekly-report.pdf,2015-05-18,20150518-vff-nav-weekly-report.pdf,,2015-05-18,data/raw/vinacapital/20150518-vff-nav-weekly-report-84005af6775dfead.pdf,ParseError: line 2.1 (nav_end) absent; layout is not Appendix XXIV [data/raw/vinacapital/20150518-vff-nav-weekly-report-84005af6775dfead.pdf]
vinacapital,vff,VINACAPITAL-VFF,https://vinacapital.com/wp-content/uploads/2022/07/20150525-vff-nav-weekly-report.pdf,2015-05-25,20150525-vff-nav-weekly-report.pdf,,2015-05-25,data/raw/vinacapital/20150525-vff-nav-weekly-report-30dce11fd1b3f42c.pdf,ParseError: line 2.1 (nav_end) absent; layout is not Appendix XXIV [data/raw/vinacapital/20150525-vff-nav-weekly-report-30dce11fd1b3f42c.pdf]
vinacapital,vff,VINACAPITAL-VFF,https://vinacapital.com/wp-content/uploads/2022/07/20150601-vff-nav-weekly-report.pdf,2015-06-01,20150601-vff-nav-weekly-report.pdf,,2015-06-01,data/raw/vinacapital/20150601-vff-nav-weekly-report-a83a2036072971e7.pdf,ParseError: line 2.1 (nav_end) absent; layout is not Appendix XXIV [data/raw/vinacapital/20150601-vff-nav-weekly-report-a83a2036072971e7.pdf]
vinacapital,vff,VINACAPITAL-VFF,https://vinacapital.com/wp-content/uploads/2022/07/20150608-vff-nav-weekly-report.pdf,2015-06-08,20150608-vff-nav-weekly-report.pdf,,2015-06-08,data/raw/vinacapital/20150608-vff-nav-weekly-report-f020b04118c854a9.pdf,ParseError: line 2.1 (nav_end) absent; layout is not Appendix XXIV [data/raw/vinacapital/20150608-vff-nav-weekly-report-f020b04118c854a9.pdf]
vinacapital,vff,VINACAPITAL-VFF,https://vinacapital.com/wp-content/uploads/2022/07/20150615-vff-nav-weekly-report.pdf,2015-06-15,20150615-vff-nav-weekly-report.pdf,,2015-06-15,data/raw/vinacapital/20150615-vff-nav-weekly-report-00ea349adef2cf1a.pdf,ParseError: line 2.1 (nav_end) absent; layout is not Appendix XXIV [data/raw/vinacapital/20150615-vff-nav-weekly-report-00ea349adef2cf1a.pdf]
vinacapital,vff,VINACAPITAL-VFF,https://vinacapital.com/wp-content/uploads/2022/07/20150622-vff-nav-weekly-report.pdf,2015-06-22,20150622-vff-nav-weekly-report.pdf,,2015-06-22,data/raw/vinacapital/20150622-vff-nav-weekly-report-469b39586a6ccca8.pdf,ParseError: line 2.1 (nav_end) absent; layout is not Appendix XXIV [data/raw/vinacapital/20150622-vff-nav-weekly-report-469b39586a6ccca8.pdf]
vinacapital,vff,VINACAPITAL-VFF,https://vinacapital.com/wp-content/uploads/2022/07/20150629-vff-nav-weekly-report.pdf,2015-06-29,20150629-vff-nav-weekly-report.pdf,,2015-06-29,data/raw/vinacapital/20150629-vff-nav-weekly-report-87c79afad6e855d1.pdf,ParseError: line 2.1 (nav_end) absent; layout is not Appendix XXIV [data/raw/vinacapital/20150629-vff-nav-weekly-report-87c79afad6e855d1.pdf]
vinacapital,vff,VINACAPITAL-VFF,https://vinacapital.com/wp-content/uploads/2022/07/20150706-vff-nav-weekly-report.pdf,2015-07-06,20150706-vff-nav-weekly-report.pdf,,2015-07-06,data/raw/vinacapital/20150706-vff-nav-weekly-report-5aab83c801f6df08.pdf,ParseError: line 2.1 (nav_end) absent; layout is not Appendix XXIV [data/raw/vinacapital/20150706-vff-nav-weekly-report-5aab83c801f6df08.pdf]
vinacapital,vff,VINACAPITAL-VFF,https://vinacapital.com/wp-content/uploads/2022/07/20150713-vff-nav-weekly-report.pdf,2015-07-13,20150713-vff-nav-weekly-report.pdf,,2015-07-13,data/raw/vinacapital/20150713-vff-nav-weekly-report-05553141186e6a0a.pdf,ParseError: line 2.1 (nav_end) absent; layout is not Appendix XXIV [data/raw/vinacapital/20150713-vff-nav-weekly-report-05553141186e6a0a.pdf]
vinacapital,vff,VINACAPITAL-VFF,https://vinacapital.com/wp-content/uploads/2022/07/20150720-vff-nav-weekly-report.pdf,2015-07-20,20150720-vff-nav-weekly-report.pdf,,2015-07-20,data/raw/vinacapital/20150720-vff-nav-weekly-report-9d8ad9da620e81c6.pdf,ParseError: line 2.1 (nav_end) absent; layout is not Appendix XXIV [data/raw/vinacapital/20150720-vff-nav-weekly-report-9d8ad9da620e81c6.pdf]
vinacapital,vff,VINACAPITAL-VFF,https://vinacapital.com/wp-content/uploads/2022/07/20150727-vff-nav-weekly-report.pdf,2015-07-27,20150727-vff-nav-weekly-report.pdf,,2015-07-27,data/raw/vinacapital/20150727-vff-nav-weekly-report-f9ef89c3d5e5f1af.pdf,ParseError: line 2.1 (nav_end) absent; layout is not Appendix XXIV [data/raw/vinacapital/20150727-vff-nav-weekly-report-f9ef89c3d5e5f1af.pdf]
vinacapital,vff,VINACAPITAL-VFF,https://vinacapital.com/wp-content/uploads/2022/07/20150803-vff-nav-weekly-report.pdf,2015-08-03,20150803-vff-nav-weekly-report.pdf,,2015-08-03,data/raw/vinacapital/20150803-vff-nav-weekly-report-ea95e1e817baa3ad.pdf,ParseError: line 2.1 (nav_end) absent; layout is not Appendix XXIV [data/raw/vinacapital/20150803-vff-nav-weekly-report-ea95e1e817baa3ad.pdf]
vinacapital,vff,VINACAPITAL-VFF,https://vinacapital.com/wp-content/uploads/2022/07/20150810-vff-nav-weekly-report.pdf,2015-08-10,20150810-vff-nav-weekly-report.pdf,,2015-08-10,data/raw/vinacapital/20150810-vff-nav-weekly-report-fe5ce55aeb225c5f.pdf,ParseError: line 2.1 (nav_end) absent; layout is not Appendix XXIV [data/raw/vinacapital/20150810-vff-nav-weekly-report-fe5ce55aeb225c5f.pdf]
vinacapital,vff,VINACAPITAL-VFF,https://vinacapital.com/wp-content/uploads/2022/07/20150817-vff-nav-weekly-report.pdf,2015-08-17,20150817-vff-nav-weekly-report.pdf,,2015-08-17,data/raw/vinacapital/20150817-vff-nav-weekly-report-2fcc1eddbf9854f9.pdf,ParseError: line 2.1 (nav_end) absent; layout is not Appendix XXIV [data/raw/vinacapital/20150817-vff-nav-weekly-report-2fcc1eddbf9854f9.pdf]
vinacapital,vff,VINACAPITAL-VFF,https://vinacapital.com/wp-content/uploads/2022/07/20150824-vff-nav-weekly-report.pdf,2015-08-24,20150824-vff-nav-weekly-report.pdf,,2015-08-24,data/raw/vinacapital/20150824-vff-nav-weekly-report-d377c3fb3f47852e.pdf,ParseError: line 2.1 (nav_end) absent; layout is not Appendix XXIV [data/raw/vinacapital/20150824-vff-nav-weekly-report-d377c3fb3f47852e.pdf]
vinacapital,vff,VINACAPITAL-VFF,https://vinacapital.com/wp-content/uploads/2022/07/20150831-vff-nav-weekly-report.pdf,2015-08-31,20150831-vff-nav-weekly-report.pdf,,2015-08-31,data/raw/vinacapital/20150831-vff-nav-weekly-report-b2840f80dea23bb3.pdf,ParseError: line 2.1 (nav_end) absent; layout is not Appendix XXIV [data/raw/vinacapital/20150831-vff-nav-weekly-report-b2840f80dea23bb3.pdf]
vinacapital,vff,VINACAPITAL-VFF,https://vinacapital.com/wp-content/uploads/2022/07/20150907-vff-nav-weekly-report.pdf,2015-09-07,20150907-vff-nav-weekly-report.pdf,,2015-09-07,data/raw/vinacapital/20150907-vff-nav-weekly-report-cb30510ccfdac2fe.pdf,ParseError: line 2.1 (nav_end) absent; layout is not Appendix XXIV [data/raw/vinacapital/20150907-vff-nav-weekly-report-cb30510ccfdac2fe.pdf]
vinacapital,vff,VINACAPITAL-VFF,https://vinacapital.com/wp-content/uploads/2022/07/20150914-vff-nav-weekly-report.pdf,2015-09-14,20150914-vff-nav-weekly-report.pdf,,2015-09-14,data/raw/vinacapital/20150914-vff-nav-weekly-report-8f265e3d793dfc11.pdf,ParseError: line 2.1 (nav_end) absent; layout is not Appendix XXIV [data/raw/vinacapital/20150914-vff-nav-weekly-report-8f265e3d793dfc11.pdf]
vinacapital,vff,VINACAPITAL-VFF,https://vinacapital.com/wp-content/uploads/2022/07/20150921-vff-nav-weekly-report.pdf,2015-09-21,20150921-vff-nav-weekly-report.pdf,,2015-09-21,data/raw/vinacapital/20150921-vff-nav-weekly-report-0ed1afd9f8395515.pdf,ParseError: line 2.1 (nav_end) absent; layout is not Appendix XXIV [data/raw/vinacapital/20150921-vff-nav-weekly-report-0ed1afd9f8395515.pdf]
vinacapital,vff,VINACAPITAL-VFF,https://vinacapital.com/wp-content/uploads/2022/07/20150928-vff-nav-weekly-report.pdf,2015-09-28,20150928-vff-nav-weekly-report.pdf,,2015-09-28,data/raw/vinacapital/20150928-vff-nav-weekly-report-b189409d10c5e856.pdf,ParseError: line 2.1 (nav_end) absent; layout is not Appendix XXIV [data/raw/vinacapital/20150928-vff-nav-weekly-report-b189409d10c5e856.pdf]
vinacapital,vff,VINACAPITAL-VFF,https://vinacapital.com/wp-content/uploads/2022/07/20151005-vff-nav-weekly-report.pdf,2015-10-05,20151005-vff-nav-weekly-report.pdf,,2015-10-05,data/raw/vinacapital/20151005-vff-nav-weekly-report-76bd02b40f15cffc.pdf,ParseError: line 2.1 (nav_end) absent; layout is not Appendix XXIV [data/raw/vinacapital/20151005-vff-nav-weekly-report-76bd02b40f15cffc.pdf]
vinacapital,vff,VINACAPITAL-VFF,https://vinacapital.com/wp-content/uploads/2022/07/20151012-vff-nav-weekly-report.pdf,2015-10-12,20151012-vff-nav-weekly-report.pdf,,2015-10-12,data/raw/vinacapital/20151012-vff-nav-weekly-report-fb0e01605657ca1f.pdf,ParseError: line 2.1 (nav_end) absent; layout is not Appendix XXIV [data/raw/vinacapital/20151012-vff-nav-weekly-report-fb0e01605657ca1f.pdf]
vinacapital,vff,VINACAPITAL-VFF,https://vinacapital.com/wp-content/uploads/2022/07/20151019-vff-nav-weekly-report.pdf,2015-10-19,20151019-vff-nav-weekly-report.pdf,,2015-10-19,data/raw/vinacapital/20151019-vff-nav-weekly-report-9445e0a7b1736b20.pdf,ParseError: line 2.1 (nav_end) absent; layout is not Appendix XXIV [data/raw/vinacapital/20151019-vff-nav-weekly-report-9445e0a7b1736b20.pdf]
vinacapital,vff,VINACAPITAL-VFF,https://vinacapital.com/wp-content/uploads/2022/07/20151026-vff-nav-weekly-report.pdf,2015-10-26,20151026-vff-nav-weekly-report.pdf,,2015-10-26,data/raw/vinacapital/20151026-vff-nav-weekly-report-b729e3dbfbab6f2b.pdf,ParseError: line 2.1 (nav_end) absent; layout is not Appendix XXIV [data/raw/vinacapital/20151026-vff-nav-weekly-report-b729e3dbfbab6f2b.pdf]
vinacapital,vff,VINACAPITAL-VFF,https://vinacapital.com/wp-content/uploads/2022/07/20151102-vff-nav-weekly-report.pdf,2015-11-02,20151102-vff-nav-weekly-report.pdf,,2015-11-02,data/raw/vinacapital/20151102-vff-nav-weekly-report-ee7025cdef712f7a.pdf,ParseError: line 2.1 (nav_end) absent; layout is not Appendix XXIV [data/raw/vinacapital/20151102-vff-nav-weekly-report-ee7025cdef712f7a.pdf]
vinacapital,vff,VINACAPITAL-VFF,https://vinacapital.com/wp-content/uploads/2022/07/20151109-vff-nav-weekly-report.pdf,2015-11-09,20151109-vff-nav-weekly-report.pdf,,2015-11-09,data/raw/vinacapital/20151109-vff-nav-weekly-report-0a3fed6216c476e4.pdf,ParseError: line 2.1 (nav_end) absent; layout is not Appendix XXIV [data/raw/vinacapital/20151109-vff-nav-weekly-report-0a3fed6216c476e4.pdf]
vinacapital,vff,VINACAPITAL-VFF,https://vinacapital.com/wp-content/uploads/2022/07/20151116-vff-nav-weekly-report.pdf,2015-11-16,20151116-vff-nav-weekly-report.pdf,,2015-11-16,data/raw/vinacapital/20151116-vff-nav-weekly-report-ff8babaa8c3d613f.pdf,ParseError: line 2.1 (nav_end) absent; layout is not Appendix XXIV [data/raw/vinacapital/20151116-vff-nav-weekly-report-ff8babaa8c3d613f.pdf]
vinacapital,vff,VINACAPITAL-VFF,https://vinacapital.com/wp-content/uploads/2022/07/20151123-vff-nav-weekly-report.pdf,2015-11-23,20151123-vff-nav-weekly-report.pdf,,2015-11-23,data/raw/vinacapital/20151123-vff-nav-weekly-report-89991b61fdd8091b.pdf,ParseError: line 2.1 (nav_end) absent; layout is not Appendix XXIV [data/raw/vinacapital/20151123-vff-nav-weekly-report-89991b61fdd8091b.pdf]
vinacapital,vff,VINACAPITAL-VFF,https://vinacapital.com/wp-content/uploads/2022/07/20151130-vff-nav-weekly-report.pdf,2015-11-30,20151130-vff-nav-weekly-report.pdf,,2015-11-30,data/raw/vinacapital/20151130-vff-nav-weekly-report-23e7fc8817b75dd0.pdf,ParseError: line 2.1 (nav_end) absent; layout is not Appendix XXIV [data/raw/vinacapital/20151130-vff-nav-weekly-report-23e7fc8817b75dd0.pdf]
vinacapital,vff,VINACAPITAL-VFF,https://vinacapital.com/wp-content/uploads/2022/07/20151207-vff-nav-weekly-report.pdf,2015-12-07,20151207-vff-nav-weekly-report.pdf,,2015-12-07,data/raw/vinacapital/20151207-vff-nav-weekly-report-a2e1415165a69ed4.pdf,ParseError: line 2.1 (nav_end) absent; layout is not Appendix XXIV [data/raw/vinacapital/20151207-vff-nav-weekly-report-a2e1415165a69ed4.pdf]
vinacapital,vff,VINACAPITAL-VFF,https://vinacapital.com/wp-content/uploads/2022/07/20151214-vff-nav-weekly-report1.pdf,2015-12-14,20151214-vff-nav-weekly-report1.pdf,,2015-12-14,data/raw/vinacapital/20151214-vff-nav-weekly-report1-68e70969803bb8bc.pdf,ParseError: line 2.1 (nav_end) absent; layout is not Appendix XXIV [data/raw/vinacapital/20151214-vff-nav-weekly-report1-68e70969803bb8bc.pdf]
vinacapital,vff,VINACAPITAL-VFF,https://vinacapital.com/wp-content/uploads/2022/07/20151221-vff-nav-weekly-report.pdf,2015-12-21,20151221-vff-nav-weekly-report.pdf,,2015-12-21,data/raw/vinacapital/20151221-vff-nav-weekly-report-c02c20984fa9ea44.pdf,ParseError: line 2.1 (nav_end) absent; layout is not Appendix XXIV [data/raw/vinacapital/20151221-vff-nav-weekly-report-c02c20984fa9ea44.pdf]
vinacapital,vff,VINACAPITAL-VFF,https://vinacapital.com/wp-content/uploads/2022/07/20151228-vff-nav-weekly-report.pdf,2015-12-28,20151228-vff-nav-weekly-report.pdf,,2015-12-28,data/raw/vinacapital/20151228-vff-nav-weekly-report-23668246f5051552.pdf,ParseError: line 2.1 (nav_end) absent; layout is not Appendix XXIV [data/raw/vinacapital/20151228-vff-nav-weekly-report-23668246f5051552.pdf]
vinacapital,vff,VINACAPITAL-VFF,https://vinacapital.com/wp-content/uploads/2022/07/20160104-vff-changes-of-nav-weekly-report.pdf,2016-01-04,20160104-vff-changes-of-nav-weekly-report.pdf,,2016-01-04,data/raw/vinacapital/20160104-vff-changes-of-nav-weekly-report-5af18f50c26847cb.pdf,ParseError: line 2.1 (nav_end) absent; layout is not Appendix XXIV [data/raw/vinacapital/20160104-vff-changes-of-nav-weekly-report-5af18f50c26847cb.pdf]
vinacapital,vff,VINACAPITAL-VFF,https://vinacapital.com/wp-content/uploads/2022/07/20160104-vff-nav-weekly-report.pdf,2016-01-04,20160104-vff-nav-weekly-report.pdf,,2016-01-04,data/raw/vinacapital/20160104-vff-nav-weekly-report-99248d1eb5481b8c.pdf,ParseError: line 2.1 (nav_end) absent; layout is not Appendix XXIV [data/raw/vinacapital/20160104-vff-nav-weekly-report-99248d1eb5481b8c.pdf]
vinacapital,vff,VINACAPITAL-VFF,https://vinacapital.com/wp-content/uploads/2022/07/20160111-vff-changes-of-nav-weekly-report.pdf,2016-01-11,20160111-vff-changes-of-nav-weekly-report.pdf,,2016-01-11,data/raw/vinacapital/20160111-vff-changes-of-nav-weekly-report-696f96079f356c8e.pdf,ParseError: line 2.1 (nav_end) absent; layout is not Appendix XXIV [data/raw/vinacapital/20160111-vff-changes-of-nav-weekly-report-696f96079f356c8e.pdf]
vinacapital,vff,VINACAPITAL-VFF,https://vinacapital.com/wp-content/uploads/2022/07/20160111-vff-nav-weekly-report.pdf,2016-01-11,20160111-vff-nav-weekly-report.pdf,,2016-01-11,data/raw/vinacapital/20160111-vff-nav-weekly-report-bd203b8cfe3640df.pdf,ParseError: line 2.1 (nav_end) absent; layout is not Appendix XXIV [data/raw/vinacapital/20160111-vff-nav-weekly-report-bd203b8cfe3640df.pdf]
vinacapital,vff,VINACAPITAL-VFF,https://vinacapital.com/wp-content/uploads/2022/07/20160118-vff-changes-of-nav-weekly-report.xlsx,2016-01-18,20160118-vff-changes-of-nav-weekly-report.xlsx,,2016-01-18,data/raw/vinacapital/20160118-vff-changes-of-nav-weekly-report-65ca89e9e0f8686a.xlsx,ParseError: no sheet in data/raw/vinacapital/20160118-vff-changes-of-nav-weekly-report-65ca89e9e0f8686a.xlsx carries line 2.1; not Appendix XXIV
vinacapital,vff,VINACAPITAL-VFF,https://vinacapital.com/wp-content/uploads/2022/07/20160118-vff-nav-weekly-report.pdf,2016-01-18,20160118-vff-nav-weekly-report.pdf,,2016-01-18,data/raw/vinacapital/20160118-vff-nav-weekly-report-bedea1355d74f442.pdf,ParseError: line 2.1 (nav_end) absent; layout is not Appendix XXIV [data/raw/vinacapital/20160118-vff-nav-weekly-report-bedea1355d74f442.pdf]
vinacapital,vff,VINACAPITAL-VFF,https://vinacapital.com/wp-content/uploads/2022/07/20160125-vff-nav-weekly-report-1.pdf,2016-01-25,20160125-vff-nav-weekly-report-1.pdf,,2016-01-25,data/raw/vinacapital/20160125-vff-nav-weekly-report-1-7f12622caadbb211.pdf,ParseError: line 2.1 (nav_end) absent; layout is not Appendix XXIV [data/raw/vinacapital/20160125-vff-nav-weekly-report-1-7f12622caadbb211.pdf]
vinacapital,vff,VINACAPITAL-VFF,https://vinacapital.com/wp-content/uploads/2022/07/20160201-vff-nav-weekly-report.pdf,2016-02-01,20160201-vff-nav-weekly-report.pdf,,2016-02-01,data/raw/vinacapital/20160201-vff-nav-weekly-report-a0f2c1768b6d5844.pdf,ParseError: line 2.1 (nav_end) absent; layout is not Appendix XXIV [data/raw/vinacapital/20160201-vff-nav-weekly-report-a0f2c1768b6d5844.pdf]
vinacapital,vff,VINACAPITAL-VFF,https://vinacapital.com/wp-content/uploads/2022/07/20160208-vff-changes-of-nav-weekly-report.xlsx,2016-02-08,20160208-vff-changes-of-nav-weekly-report.xlsx,,2016-02-08,data/raw/vinacapital/20160208-vff-changes-of-nav-weekly-report-86b002a8f74ce833.xlsx,ParseError: no sheet in data/raw/vinacapital/20160208-vff-changes-of-nav-weekly-report-86b002a8f74ce833.xlsx carries line 2.1; not Appendix XXIV
vinacapital,vff,VINACAPITAL-VFF,https://vinacapital.com/wp-content/uploads/2022/07/20160208-vff-nav-weekly-report.pdf,2016-02-08,20160208-vff-nav-weekly-report.pdf,,2016-02-08,data/raw/vinacapital/20160208-vff-nav-weekly-report-9d4143e7314aff84.pdf,ParseError: line 2.1 (nav_end) absent; layout is not Appendix XXIV [data/raw/vinacapital/20160208-vff-nav-weekly-report-9d4143e7314aff84.pdf]
vinacapital,vff,VINACAPITAL-VFF,https://vinacapital.com/wp-content/uploads/2022/07/20160215-vff-nav-weekly-report.pdf,2016-02-15,20160215-vff-nav-weekly-report.pdf,,2016-02-15,data/raw/vinacapital/20160215-vff-nav-weekly-report-0011afa0306a8359.pdf,ParseError: line 2.1 (nav_end) absent; layout is not Appendix XXIV [data/raw/vinacapital/20160215-vff-nav-weekly-report-0011afa0306a8359.pdf]
vinacapital,vff,VINACAPITAL-VFF,https://vinacapital.com/wp-content/uploads/2022/07/20160222-vff-nav-weekly-report.pdf,2016-02-22,20160222-vff-nav-weekly-report.pdf,,2016-02-22,data/raw/vinacapital/20160222-vff-nav-weekly-report-35465d4471238ee6.pdf,ParseError: line 2.1 (nav_end) absent; layout is not Appendix XXIV [data/raw/vinacapital/20160222-vff-nav-weekly-report-35465d4471238ee6.pdf]
vinacapital,vff,VINACAPITAL-VFF,https://vinacapital.com/wp-content/uploads/2022/07/20160229-vff-nav-weekly-report.pdf,2016-02-29,20160229-vff-nav-weekly-report.pdf,,2016-02-29,data/raw/vinacapital/20160229-vff-nav-weekly-report-724149d425a90a90.pdf,ParseError: line 2.1 (nav_end) absent; layout is not Appendix XXIV [data/raw/vinacapital/20160229-vff-nav-weekly-report-724149d425a90a90.pdf]
vinacapital,vff,VINACAPITAL-VFF,https://vinacapital.com/wp-content/uploads/2022/07/20160307-vff-nav-weekly-report.pdf,2016-03-07,20160307-vff-nav-weekly-report.pdf,,2016-03-07,data/raw/vinacapital/20160307-vff-nav-weekly-report-f15dbfa7c2b05663.pdf,ParseError: line 2.1 (nav_end) absent; layout is not Appendix XXIV [data/raw/vinacapital/20160307-vff-nav-weekly-report-f15dbfa7c2b05663.pdf]
vinacapital,vff,VINACAPITAL-VFF,https://vinacapital.com/wp-content/uploads/2022/07/20160613-vff-changes-of-nav-weekly-report.xlsx,2016-06-13,20160613-vff-changes-of-nav-weekly-report.xlsx,,2016-06-13,data/raw/vinacapital/20160613-vff-changes-of-nav-weekly-report-e5a87232a0e118bb.xlsx,ParseError: no sheet in data/raw/vinacapital/20160613-vff-changes-of-nav-weekly-report-e5a87232a0e118bb.xlsx carries line 2.1; not Appendix XXIV
vinacapital,vff,VINACAPITAL-VFF,https://vinacapital.com/wp-content/uploads/2022/07/20170227-vff-changes-of-nav-weekly-report.xlsx,2017-02-27,20170227-vff-changes-of-nav-weekly-report.xlsx,,2017-02-27,data/raw/vinacapital/20170227-vff-changes-of-nav-weekly-report-5deb92ed1ce11aae.xlsx,ParseError: no sheet in data/raw/vinacapital/20170227-vff-changes-of-nav-weekly-report-5deb92ed1ce11aae.xlsx carries line 2.1; not Appendix XXIV
vinacapital,vff,VINACAPITAL-VFF,https://vinacapital.com/wp-content/uploads/2022/07/20170828-vff-changes-of-nav-weekly-report.xlsx,2017-08-28,20170828-vff-changes-of-nav-weekly-report.xlsx,,2017-08-28,data/raw/vinacapital/20170828-vff-changes-of-nav-weekly-report-04b885356bf08dff.xlsx,ParseError: no sheet in data/raw/vinacapital/20170828-vff-changes-of-nav-weekly-report-04b885356bf08dff.xlsx carries line 2.1; not Appendix XXIV
vinacapital,vff,VINACAPITAL-VFF,https://vinacapital.com/wp-content/uploads/2022/07/20170828-vff-nav-weekly-report.xlsx,2017-08-28,20170828-vff-nav-weekly-report.xlsx,,2017-08-28,data/raw/vinacapital/20170828-vff-nav-weekly-report-04b885356bf08dff.xlsx,ParseError: no sheet in data/raw/vinacapital/20170828-vff-nav-weekly-report-04b885356bf08dff.xlsx carries line 2.1; not Appendix XXIV
vinacapital,vff,VINACAPITAL-VFF,https://vinacapital.com/wp-content/uploads/2022/07/20170901-vff-changes-of-nav-weekly-report.xlsx,2017-09-01,20170901-vff-changes-of-nav-weekly-report.xlsx,,2017-09-01,data/raw/vinacapital/20170901-vff-changes-of-nav-weekly-report-63eaaa828246cccf.xlsx,ParseError: no sheet in data/raw/vinacapital/20170901-vff-changes-of-nav-weekly-report-63eaaa828246cccf.xlsx carries line 2.1; not Appendix XXIV
vinacapital,vff,VINACAPITAL-VFF,https://vinacapital.com/wp-content/uploads/2022/07/20170911-vff-changes-of-nav-weekly-report.xlsx,2017-09-11,20170911-vff-changes-of-nav-weekly-report.xlsx,,2017-09-11,data/raw/vinacapital/20170911-vff-changes-of-nav-weekly-report-69a08b9ae7c98536.xlsx,ParseError: no sheet in data/raw/vinacapital/20170911-vff-changes-of-nav-weekly-report-69a08b9ae7c98536.xlsx carries line 2.1; not Appendix XXIV
vinacapital,vff,VINACAPITAL-VFF,https://vinacapital.com/wp-content/uploads/2022/07/20170918-vff-changes-of-nav-weekly-report.xlsx,2017-09-18,20170918-vff-changes-of-nav-weekly-report.xlsx,,2017-09-18,data/raw/vinacapital/20170918-vff-changes-of-nav-weekly-report-93126fa09008c911.xlsx,ParseError: no sheet in data/raw/vinacapital/20170918-vff-changes-of-nav-weekly-report-93126fa09008c911.xlsx carries line 2.1; not Appendix XXIV
vinacapital,vff,VINACAPITAL-VFF,https://vinacapital.com/wp-content/uploads/2022/07/20170925-vff-changes-of-nav-weekly-report.xlsx,2017-09-25,20170925-vff-changes-of-nav-weekly-report.xlsx,,2017-09-25,data/raw/vinacapital/20170925-vff-changes-of-nav-weekly-report-c8079c2cd5f5132a.xlsx,ParseError: no sheet in data/raw/vinacapital/20170925-vff-changes-of-nav-weekly-report-c8079c2cd5f5132a.xlsx carries line 2.1; not Appendix XXIV
vinacapital,vff,VINACAPITAL-VFF,https://vinacapital.com/wp-content/uploads/2022/07/20171002-vff-changes-of-nav-weekly-report.xlsx,2017-10-02,20171002-vff-changes-of-nav-weekly-report.xlsx,,2017-10-02,data/raw/vinacapital/20171002-vff-changes-of-nav-weekly-report-5563314b541a69cd.xlsx,ParseError: no sheet in data/raw/vinacapital/20171002-vff-changes-of-nav-weekly-report-5563314b541a69cd.xlsx carries line 2.1; not Appendix XXIV
vinacapital,vff,VINACAPITAL-VFF,https://vinacapital.com/wp-content/uploads/2022/07/20171009-vff-changes-of-nav-weekly-report.xlsx,2017-10-09,20171009-vff-changes-of-nav-weekly-report.xlsx,,2017-10-09,data/raw/vinacapital/20171009-vff-changes-of-nav-weekly-report-f5d10018f7f07911.xlsx,ParseError: no sheet in data/raw/vinacapital/20171009-vff-changes-of-nav-weekly-report-f5d10018f7f07911.xlsx carries line 2.1; not Appendix XXIV
vinacapital,vff,VINACAPITAL-VFF,https://vinacapital.com/wp-content/uploads/2022/07/20171016-vff-changes-of-nav-weekly-report.xlsx,2017-10-16,20171016-vff-changes-of-nav-weekly-report.xlsx,,2017-10-16,data/raw/vinacapital/20171016-vff-changes-of-nav-weekly-report-8efeb6d0fa281056.xlsx,ParseError: no sheet in data/raw/vinacapital/20171016-vff-changes-of-nav-weekly-report-8efeb6d0fa281056.xlsx carries line 2.1; not Appendix XXIV
vinacapital,vff,VINACAPITAL-VFF,https://vinacapital.com/wp-content/uploads/2022/07/20171023-vff-changes-of-nav-weekly-report.xlsx,2017-10-23,20171023-vff-changes-of-nav-weekly-report.xlsx,,2017-10-23,data/raw/vinacapital/20171023-vff-changes-of-nav-weekly-report-3310631e2b832b43.xlsx,ParseError: no sheet in data/raw/vinacapital/20171023-vff-changes-of-nav-weekly-report-3310631e2b832b43.xlsx carries line 2.1; not Appendix XXIV
vinacapital,vff,VINACAPITAL-VFF,https://vinacapital.com/wp-content/uploads/2022/07/20171030-vff-changes-of-nav-weekly-report.xlsx,2017-10-30,20171030-vff-changes-of-nav-weekly-report.xlsx,,2017-10-30,data/raw/vinacapital/20171030-vff-changes-of-nav-weekly-report-f78d866344816fd1.xlsx,ParseError: no sheet in data/raw/vinacapital/20171030-vff-changes-of-nav-weekly-report-f78d866344816fd1.xlsx carries line 2.1; not Appendix XXIV
vinacapital,vff,VINACAPITAL-VFF,https://vinacapital.com/wp-content/uploads/2022/07/20171106-vff-changes-of-nav-weekly-report.xlsx,2017-11-06,20171106-vff-changes-of-nav-weekly-report.xlsx,,2017-11-06,data/raw/vinacapital/20171106-vff-changes-of-nav-weekly-report-f5ec4dcc0b9e66fc.xlsx,ParseError: no sheet in data/raw/vinacapital/20171106-vff-changes-of-nav-weekly-report-f5ec4dcc0b9e66fc.xlsx carries line 2.1; not Appendix XXIV
vinacapital,vff,VINACAPITAL-VFF,https://vinacapital.com/wp-content/uploads/2022/07/20171113-vff-changes-of-nav-weekly-report.xlsx,2017-11-13,20171113-vff-changes-of-nav-weekly-report.xlsx,,2017-11-13,data/raw/vinacapital/20171113-vff-changes-of-nav-weekly-report-c9adf736fa3bc0b2.xlsx,ParseError: no sheet in data/raw/vinacapital/20171113-vff-changes-of-nav-weekly-report-c9adf736fa3bc0b2.xlsx carries line 2.1; not Appendix XXIV
vinacapital,vff,VINACAPITAL-VFF,https://vinacapital.com/wp-content/uploads/2022/07/20171120-vff-changes-of-nav-weekly-report.xlsx,2017-11-20,20171120-vff-changes-of-nav-weekly-report.xlsx,,2017-11-20,data/raw/vinacapital/20171120-vff-changes-of-nav-weekly-report-b41fee3adb42e434.xlsx,ParseError: no sheet in data/raw/vinacapital/20171120-vff-changes-of-nav-weekly-report-b41fee3adb42e434.xlsx carries line 2.1; not Appendix XXIV
vinacapital,vff,VINACAPITAL-VFF,https://vinacapital.com/wp-content/uploads/2022/07/20171127-vff-changes-of-nav-weekly-report-1.xlsx,2017-11-27,20171127-vff-changes-of-nav-weekly-report-1.xlsx,,2017-11-27,data/raw/vinacapital/20171127-vff-changes-of-nav-weekly-report-1-e375787e118e508d.xlsx,ParseError: no sheet in data/raw/vinacapital/20171127-vff-changes-of-nav-weekly-report-1-e375787e118e508d.xlsx carries line 2.1; not Appendix XXIV
vinacapital,vff,VINACAPITAL-VFF,https://vinacapital.com/wp-content/uploads/2022/07/20171127-vff-changes-of-nav-weekly-report.xlsx,2017-11-27,20171127-vff-changes-of-nav-weekly-report.xlsx,,2017-11-27,data/raw/vinacapital/20171127-vff-changes-of-nav-weekly-report-e375787e118e508d.xlsx,ParseError: no sheet in data/raw/vinacapital/20171127-vff-changes-of-nav-weekly-report-e375787e118e508d.xlsx carries line 2.1; not Appendix XXIV
vinacapital,vff,VINACAPITAL-VFF,https://vinacapital.com/wp-content/uploads/2022/07/20171204-vff-changes-of-nav-weekly-report-1.xlsx,2017-12-04,20171204-vff-changes-of-nav-weekly-report-1.xlsx,,2017-12-04,data/raw/vinacapital/20171204-vff-changes-of-nav-weekly-report-1-872596fe43638714.xlsx,ParseError: no sheet in data/raw/vinacapital/20171204-vff-changes-of-nav-weekly-report-1-872596fe43638714.xlsx carries line 2.1; not Appendix XXIV
vinacapital,vff,VINACAPITAL-VFF,https://vinacapital.com/wp-content/uploads/2022/07/20171204-vff-changes-of-nav-weekly-report.xlsx,2017-12-04,20171204-vff-changes-of-nav-weekly-report.xlsx,,2017-12-04,data/raw/vinacapital/20171204-vff-changes-of-nav-weekly-report-872596fe43638714.xlsx,ParseError: no sheet in data/raw/vinacapital/20171204-vff-changes-of-nav-weekly-report-872596fe43638714.xlsx carries line 2.1; not Appendix XXIV
vinacapital,vff,VINACAPITAL-VFF,https://vinacapital.com/wp-content/uploads/2022/07/20171211-vff-changes-of-nav-weekly-report-1.xlsx,2017-12-11,20171211-vff-changes-of-nav-weekly-report-1.xlsx,,2017-12-11,data/raw/vinacapital/20171211-vff-changes-of-nav-weekly-report-1-db57908a1f299516.xlsx,ParseError: no sheet in data/raw/vinacapital/20171211-vff-changes-of-nav-weekly-report-1-db57908a1f299516.xlsx carries line 2.1; not Appendix XXIV
vinacapital,vff,VINACAPITAL-VFF,https://vinacapital.com/wp-content/uploads/2022/07/20171218-vff-changes-of-nav-weekly-report.xlsx,2017-12-18,20171218-vff-changes-of-nav-weekly-report.xlsx,,2017-12-18,data/raw/vinacapital/20171218-vff-changes-of-nav-weekly-report-9e3ff5241417ea38.xlsx,ParseError: no sheet in data/raw/vinacapital/20171218-vff-changes-of-nav-weekly-report-9e3ff5241417ea38.xlsx carries line 2.1; not Appendix XXIV
vinacapital,vff,VINACAPITAL-VFF,https://vinacapital.com/wp-content/uploads/2022/07/20171225-vff-changes-of-nav-weekly-report-1.xlsx,2017-12-25,20171225-vff-changes-of-nav-weekly-report-1.xlsx,,2017-12-25,data/raw/vinacapital/20171225-vff-changes-of-nav-weekly-report-1-4f351b1354339df3.xlsx,ParseError: no sheet in data/raw/vinacapital/20171225-vff-changes-of-nav-weekly-report-1-4f351b1354339df3.xlsx carries line 2.1; not Appendix XXIV
vinacapital,vff,VINACAPITAL-VFF,https://vinacapital.com/wp-content/uploads/2022/07/20171225-vff-changes-of-nav-weekly-report.xlsx,2017-12-25,20171225-vff-changes-of-nav-weekly-report.xlsx,,2017-12-25,data/raw/vinacapital/20171225-vff-changes-of-nav-weekly-report-4f351b1354339df3.xlsx,ParseError: no sheet in data/raw/vinacapital/20171225-vff-changes-of-nav-weekly-report-4f351b1354339df3.xlsx carries line 2.1; not Appendix XXIV
vinacapital,vff,VINACAPITAL-VFF,https://vinacapital.com/wp-content/uploads/2022/07/20180102-vff-changes-of-nav-weekly-report.xlsx,2018-01-02,20180102-vff-changes-of-nav-weekly-report.xlsx,,2018-01-02,data/raw/vinacapital/20180102-vff-changes-of-nav-weekly-report-d2c2592731bf4ded.xlsx,ParseError: no sheet in data/raw/vinacapital/20180102-vff-changes-of-nav-weekly-report-d2c2592731bf4ded.xlsx carries line 2.1; not Appendix XXIV
vinacapital,vff,VINACAPITAL-VFF,https://vinacapital.com/wp-content/uploads/2022/07/20180109-vff-changes-of-nav-weekly-report.xlsx,2018-01-09,20180109-vff-changes-of-nav-weekly-report.xlsx,,2018-01-09,data/raw/vinacapital/20180109-vff-changes-of-nav-weekly-report-72ece4dab12541de.xlsx,ParseError: no sheet in data/raw/vinacapital/20180109-vff-changes-of-nav-weekly-report-72ece4dab12541de.xlsx carries line 2.1; not Appendix XXIV
vinacapital,vff,VINACAPITAL-VFF,https://vinacapital.com/wp-content/uploads/2022/07/20180115-vff-changes-of-nav-weekly-report.xlsx,2018-01-15,20180115-vff-changes-of-nav-weekly-report.xlsx,,2018-01-15,data/raw/vinacapital/20180115-vff-changes-of-nav-weekly-report-7addb249d4ddb5fa.xlsx,ParseError: no sheet in data/raw/vinacapital/20180115-vff-changes-of-nav-weekly-report-7addb249d4ddb5fa.xlsx carries line 2.1; not Appendix XXIV
vinacapital,vff,VINACAPITAL-VFF,https://vinacapital.com/wp-content/uploads/2022/07/20180122-vff-changes-of-nav-weekly-report.xlsx,2018-01-22,20180122-vff-changes-of-nav-weekly-report.xlsx,,2018-01-22,data/raw/vinacapital/20180122-vff-changes-of-nav-weekly-report-aefbace28b0c8993.xlsx,ParseError: no sheet in data/raw/vinacapital/20180122-vff-changes-of-nav-weekly-report-aefbace28b0c8993.xlsx carries line 2.1; not Appendix XXIV
vinacapital,vff,VINACAPITAL-VFF,https://vinacapital.com/wp-content/uploads/2022/07/20180129-vff-changes-of-nav-weekly-report.xlsx,2018-01-29,20180129-vff-changes-of-nav-weekly-report.xlsx,,2018-01-29,data/raw/vinacapital/20180129-vff-changes-of-nav-weekly-report-558844966fb633ba.xlsx,ParseError: no sheet in data/raw/vinacapital/20180129-vff-changes-of-nav-weekly-report-558844966fb633ba.xlsx carries line 2.1; not Appendix XXIV
vinacapital,vff,VINACAPITAL-VFF,https://vinacapital.com/wp-content/uploads/2022/07/20180205-vff-changes-of-nav-weekly-report.xlsx,2018-02-05,20180205-vff-changes-of-nav-weekly-report.xlsx,,2018-02-05,data/raw/vinacapital/20180205-vff-changes-of-nav-weekly-report-10c1f261733899c2.xlsx,ParseError: no sheet in data/raw/vinacapital/20180205-vff-changes-of-nav-weekly-report-10c1f261733899c2.xlsx carries line 2.1; not Appendix XXIV
vinacapital,vff,VINACAPITAL-VFF,https://vinacapital.com/wp-content/uploads/2022/07/20180212-vff-changes-of-nav-weekly-report.xlsx,2018-02-12,20180212-vff-changes-of-nav-weekly-report.xlsx,,2018-02-12,data/raw/vinacapital/20180212-vff-changes-of-nav-weekly-report-d054cf7b95021c7f.xlsx,ParseError: no sheet in data/raw/vinacapital/20180212-vff-changes-of-nav-weekly-report-d054cf7b95021c7f.xlsx carries line 2.1; not Appendix XXIV
vinacapital,vff,VINACAPITAL-VFF,https://vinacapital.com/wp-content/uploads/2022/07/20180226-vff-changes-of-nav-weekly-report.xlsx,2018-02-26,20180226-vff-changes-of-nav-weekly-report.xlsx,,2018-02-26,data/raw/vinacapital/20180226-vff-changes-of-nav-weekly-report-2ea92a50e7be3cf7.xlsx,ParseError: no sheet in data/raw/vinacapital/20180226-vff-changes-of-nav-weekly-report-2ea92a50e7be3cf7.xlsx carries line 2.1; not Appendix XXIV
vinacapital,vff,VINACAPITAL-VFF,https://vinacapital.com/wp-content/uploads/2022/07/20180305-vff-changes-of-nav-weekly-report.xlsx,2018-03-05,20180305-vff-changes-of-nav-weekly-report.xlsx,,2018-03-05,data/raw/vinacapital/20180305-vff-changes-of-nav-weekly-report-4295faecaf34bdde.xlsx,ParseError: no sheet in data/raw/vinacapital/20180305-vff-changes-of-nav-weekly-report-4295faecaf34bdde.xlsx carries line 2.1; not Appendix XXIV
vinacapital,vff,VINACAPITAL-VFF,https://vinacapital.com/wp-content/uploads/2022/07/20180312-vff-changes-of-nav-weekly-report.xlsx,2018-03-12,20180312-vff-changes-of-nav-weekly-report.xlsx,,2018-03-12,data/raw/vinacapital/20180312-vff-changes-of-nav-weekly-report-f075b37e98fa869e.xlsx,ParseError: no sheet in data/raw/vinacapital/20180312-vff-changes-of-nav-weekly-report-f075b37e98fa869e.xlsx carries line 2.1; not Appendix XXIV
vinacapital,vff,VINACAPITAL-VFF,https://vinacapital.com/wp-content/uploads/2022/07/20180319-vff-changes-of-nav-weekly-report.xlsx,2018-03-19,20180319-vff-changes-of-nav-weekly-report.xlsx,,2018-03-19,data/raw/vinacapital/20180319-vff-changes-of-nav-weekly-report-21d836cfb794d110.xlsx,ParseError: no sheet in data/raw/vinacapital/20180319-vff-changes-of-nav-weekly-report-21d836cfb794d110.xlsx carries line 2.1; not Appendix XXIV
vinacapital,vff,VINACAPITAL-VFF,https://vinacapital.com/wp-content/uploads/2022/07/20180326-vff-changes-of-nav-weekly-report.xlsx,2018-03-26,20180326-vff-changes-of-nav-weekly-report.xlsx,,2018-03-26,data/raw/vinacapital/20180326-vff-changes-of-nav-weekly-report-45fb08c8d134585c.xlsx,ParseError: no sheet in data/raw/vinacapital/20180326-vff-changes-of-nav-weekly-report-45fb08c8d134585c.xlsx carries line 2.1; not Appendix XXIV
vinacapital,vff,VINACAPITAL-VFF,https://vinacapital.com/wp-content/uploads/2022/07/20180402-vff-changes-of-nav-weekly-report.xlsx,2018-04-02,20180402-vff-changes-of-nav-weekly-report.xlsx,,2018-04-02,data/raw/vinacapital/20180402-vff-changes-of-nav-weekly-report-c0990d707f452f16.xlsx,ParseError: no sheet in data/raw/vinacapital/20180402-vff-changes-of-nav-weekly-report-c0990d707f452f16.xlsx carries line 2.1; not Appendix XXIV
vinacapital,vff,VINACAPITAL-VFF,https://vinacapital.com/wp-content/uploads/2022/07/20180409-vff-changes-of-nav-weekly-report.xlsx,2018-04-09,20180409-vff-changes-of-nav-weekly-report.xlsx,,2018-04-09,data/raw/vinacapital/20180409-vff-changes-of-nav-weekly-report-36d5113f7e92d20d.xlsx,ParseError: no sheet in data/raw/vinacapital/20180409-vff-changes-of-nav-weekly-report-36d5113f7e92d20d.xlsx carries line 2.1; not Appendix XXIV
vinacapital,vff,VINACAPITAL-VFF,https://vinacapital.com/wp-content/uploads/2022/07/20180416-vff-changes-of-nav-weekly-report.xlsx,2018-04-16,20180416-vff-changes-of-nav-weekly-report.xlsx,,2018-04-16,data/raw/vinacapital/20180416-vff-changes-of-nav-weekly-report-7df05349c5c40fe4.xlsx,ParseError: no sheet in data/raw/vinacapital/20180416-vff-changes-of-nav-weekly-report-7df05349c5c40fe4.xlsx carries line 2.1; not Appendix XXIV
vinacapital,vff,VINACAPITAL-VFF,https://vinacapital.com/wp-content/uploads/2022/07/20180423-vff-changes-of-nav-weekly-report.xlsx,2018-04-23,20180423-vff-changes-of-nav-weekly-report.xlsx,,2018-04-23,data/raw/vinacapital/20180423-vff-changes-of-nav-weekly-report-44978469ab5f4ae9.xlsx,ParseError: no sheet in data/raw/vinacapital/20180423-vff-changes-of-nav-weekly-report-44978469ab5f4ae9.xlsx carries line 2.1; not Appendix XXIV
vinacapital,vff,VINACAPITAL-VFF,https://vinacapital.com/wp-content/uploads/2022/07/20180430-vff-changes-of-nav-weekly-report-1.xlsx,2018-04-30,20180430-vff-changes-of-nav-weekly-report-1.xlsx,,2018-04-30,data/raw/vinacapital/20180430-vff-changes-of-nav-weekly-report-1-5ccb9cc8d0750358.xlsx,ParseError: no sheet in data/raw/vinacapital/20180430-vff-changes-of-nav-weekly-report-1-5ccb9cc8d0750358.xlsx carries line 2.1; not Appendix XXIV
vinacapital,vff,VINACAPITAL-VFF,https://vinacapital.com/wp-content/uploads/2022/07/20180430-vff-changes-of-nav-weekly-report.xlsx,2018-04-30,20180430-vff-changes-of-nav-weekly-report.xlsx,,2018-04-30,data/raw/vinacapital/20180430-vff-changes-of-nav-weekly-report-5ccb9cc8d0750358.xlsx,ParseError: no sheet in data/raw/vinacapital/20180430-vff-changes-of-nav-weekly-report-5ccb9cc8d0750358.xlsx carries line 2.1; not Appendix XXIV
vinacapital,vff,VINACAPITAL-VFF,https://vinacapital.com/wp-content/uploads/2022/07/20180507-vff-changes-of-nav-weekly-report.xlsx,2018-05-07,20180507-vff-changes-of-nav-weekly-report.xlsx,,2018-05-07,data/raw/vinacapital/20180507-vff-changes-of-nav-weekly-report-5312819485ac6d68.xlsx,ParseError: no sheet in data/raw/vinacapital/20180507-vff-changes-of-nav-weekly-report-5312819485ac6d68.xlsx carries line 2.1; not Appendix XXIV
vinacapital,vff,VINACAPITAL-VFF,https://vinacapital.com/wp-content/uploads/2022/07/20180514-vff-changes-of-nav-weekly-report.xlsx,2018-05-14,20180514-vff-changes-of-nav-weekly-report.xlsx,,2018-05-14,data/raw/vinacapital/20180514-vff-changes-of-nav-weekly-report-5d209897f8be9a4d.xlsx,ParseError: no sheet in data/raw/vinacapital/20180514-vff-changes-of-nav-weekly-report-5d209897f8be9a4d.xlsx carries line 2.1; not Appendix XXIV
vinacapital,vff,VINACAPITAL-VFF,https://vinacapital.com/wp-content/uploads/2022/07/20180521-vff-changes-of-nav-weekly-report.xlsx,2018-05-21,20180521-vff-changes-of-nav-weekly-report.xlsx,,2018-05-21,data/raw/vinacapital/20180521-vff-changes-of-nav-weekly-report-7722ac2d449ab80b.xlsx,ParseError: no sheet in data/raw/vinacapital/20180521-vff-changes-of-nav-weekly-report-7722ac2d449ab80b.xlsx carries line 2.1; not Appendix XXIV
vinacapital,vff,VINACAPITAL-VFF,https://vinacapital.com/wp-content/uploads/2022/07/20180604-vff-changes-of-nav-weekly-report.xlsx,2018-06-04,20180604-vff-changes-of-nav-weekly-report.xlsx,,2018-06-04,data/raw/vinacapital/20180604-vff-changes-of-nav-weekly-report-5e7f6096b9541c8c.xlsx,ParseError: no sheet in data/raw/vinacapital/20180604-vff-changes-of-nav-weekly-report-5e7f6096b9541c8c.xlsx carries line 2.1; not Appendix XXIV
vinacapital,vff,VINACAPITAL-VFF,https://vinacapital.com/wp-content/uploads/2022/07/20180611-vff-changes-of-nav-weekly-report.xlsx,2018-06-11,20180611-vff-changes-of-nav-weekly-report.xlsx,,2018-06-11,data/raw/vinacapital/20180611-vff-changes-of-nav-weekly-report-d5e6549c46d70c70.xlsx,ParseError: no sheet in data/raw/vinacapital/20180611-vff-changes-of-nav-weekly-report-d5e6549c46d70c70.xlsx carries line 2.1; not Appendix XXIV
vinacapital,vff,VINACAPITAL-VFF,https://vinacapital.com/wp-content/uploads/2022/07/20180618-vff-changes-of-nav-weekly-report.xlsx,2018-06-18,20180618-vff-changes-of-nav-weekly-report.xlsx,,2018-06-18,data/raw/vinacapital/20180618-vff-changes-of-nav-weekly-report-db7e9874f5f93956.xlsx,ParseError: no sheet in data/raw/vinacapital/20180618-vff-changes-of-nav-weekly-report-db7e9874f5f93956.xlsx carries line 2.1; not Appendix XXIV
vinacapital,vff,VINACAPITAL-VFF,https://vinacapital.com/wp-content/uploads/2022/07/20180625-vff-changes-of-nav-weekly-report.xlsx,2018-06-25,20180625-vff-changes-of-nav-weekly-report.xlsx,,2018-06-25,data/raw/vinacapital/20180625-vff-changes-of-nav-weekly-report-cbda599ba3d2c59d.xlsx,ParseError: no sheet in data/raw/vinacapital/20180625-vff-changes-of-nav-weekly-report-cbda599ba3d2c59d.xlsx carries line 2.1; not Appendix XXIV
vinacapital,vff,VINACAPITAL-VFF,https://vinacapital.com/wp-content/uploads/2022/07/20180702-vff-changes-of-nav-weekly-report.xlsx,2018-07-02,20180702-vff-changes-of-nav-weekly-report.xlsx,,2018-07-02,data/raw/vinacapital/20180702-vff-changes-of-nav-weekly-report-259aa079a3ff3543.xlsx,ParseError: no sheet in data/raw/vinacapital/20180702-vff-changes-of-nav-weekly-report-259aa079a3ff3543.xlsx carries line 2.1; not Appendix XXIV
vinacapital,vff,VINACAPITAL-VFF,https://vinacapital.com/wp-content/uploads/2022/07/20180709-vff-changes-of-nav-weekly-report.xlsx,2018-07-09,20180709-vff-changes-of-nav-weekly-report.xlsx,,2018-07-09,data/raw/vinacapital/20180709-vff-changes-of-nav-weekly-report-40bdf3d7207af4b3.xlsx,ParseError: no sheet in data/raw/vinacapital/20180709-vff-changes-of-nav-weekly-report-40bdf3d7207af4b3.xlsx carries line 2.1; not Appendix XXIV
vinacapital,vff,VINACAPITAL-VFF,https://vinacapital.com/wp-content/uploads/2022/07/20180723-vff-changes-of-nav-weekly-report.xlsx,2018-07-23,20180723-vff-changes-of-nav-weekly-report.xlsx,,2018-07-23,data/raw/vinacapital/20180723-vff-changes-of-nav-weekly-report-87122290beb54816.xlsx,ParseError: no sheet in data/raw/vinacapital/20180723-vff-changes-of-nav-weekly-report-87122290beb54816.xlsx carries line 2.1; not Appendix XXIV
vinacapital,vff,VINACAPITAL-VFF,https://vinacapital.com/wp-content/uploads/2022/07/20181008-vff-changes-of-nav-weekly-report.xlsx,2018-10-08,20181008-vff-changes-of-nav-weekly-report.xlsx,,2018-10-08,data/raw/vinacapital/20181008-vff-changes-of-nav-weekly-report-4fcc96a969923e4f.xlsx,ParseError: no sheet in data/raw/vinacapital/20181008-vff-changes-of-nav-weekly-report-4fcc96a969923e4f.xlsx carries line 2.1; not Appendix XXIV
vinacapital,vff,VINACAPITAL-VFF,https://vinacapital.com/wp-content/uploads/2022/07/20181008-vff-nav-weekly-report.xlsx,2018-10-08,20181008-vff-nav-weekly-report.xlsx,,2018-10-08,data/raw/vinacapital/20181008-vff-nav-weekly-report-a820cdc95c969be1.xlsx,ParseError: no sheet in data/raw/vinacapital/20181008-vff-nav-weekly-report-a820cdc95c969be1.xlsx carries line 2.1; not Appendix XXIV
vinacapital,vff,VINACAPITAL-VFF,https://vinacapital.com/wp-content/uploads/2022/07/20181015-vff-changes-of-nav-weekly-report.xlsx,2018-10-15,20181015-vff-changes-of-nav-weekly-report.xlsx,,2018-10-15,data/raw/vinacapital/20181015-vff-changes-of-nav-weekly-report-b24e4cbb4dc87c44.xlsx,ParseError: no sheet in data/raw/vinacapital/20181015-vff-changes-of-nav-weekly-report-b24e4cbb4dc87c44.xlsx carries line 2.1; not Appendix XXIV
vinacapital,vff,VINACAPITAL-VFF,https://vinacapital.com/wp-content/uploads/2022/07/20181015-vff-nav-weekly-report.xlsx,2018-10-15,20181015-vff-nav-weekly-report.xlsx,,2018-10-15,data/raw/vinacapital/20181015-vff-nav-weekly-report-baa55b654018d682.xlsx,ParseError: no sheet in data/raw/vinacapital/20181015-vff-nav-weekly-report-baa55b654018d682.xlsx carries line 2.1; not Appendix XXIV
vinacapital,vff,VINACAPITAL-VFF,https://vinacapital.com/wp-content/uploads/2022/07/20181022-vff-changes-of-nav-weekly-report.xlsx,2018-10-22,20181022-vff-changes-of-nav-weekly-report.xlsx,,2018-10-22,data/raw/vinacapital/20181022-vff-changes-of-nav-weekly-report-de9025d95f1ddc30.xlsx,ParseError: no sheet in data/raw/vinacapital/20181022-vff-changes-of-nav-weekly-report-de9025d95f1ddc30.xlsx carries line 2.1; not Appendix XXIV
vinacapital,vff,VINACAPITAL-VFF,https://vinacapital.com/wp-content/uploads/2022/07/20181022-vff-nav-weekly-report.xlsx,2018-10-22,20181022-vff-nav-weekly-report.xlsx,,2018-10-22,data/raw/vinacapital/20181022-vff-nav-weekly-report-1ad5c77a8cb2b79a.xlsx,ParseError: no sheet in data/raw/vinacapital/20181022-vff-nav-weekly-report-1ad5c77a8cb2b79a.xlsx carries line 2.1; not Appendix XXIV
vinacapital,vff,VINACAPITAL-VFF,https://vinacapital.com/wp-content/uploads/2022/07/20181029-vff-changes-of-nav-weekly-report.xlsx,2018-10-29,20181029-vff-changes-of-nav-weekly-report.xlsx,,2018-10-29,data/raw/vinacapital/20181029-vff-changes-of-nav-weekly-report-358a80826e62f79a.xlsx,ParseError: no sheet in data/raw/vinacapital/20181029-vff-changes-of-nav-weekly-report-358a80826e62f79a.xlsx carries line 2.1; not Appendix XXIV
vinacapital,vff,VINACAPITAL-VFF,https://vinacapital.com/wp-content/uploads/2022/07/20181029-vff-nav-weekly-report.xlsx,2018-10-29,20181029-vff-nav-weekly-report.xlsx,,2018-10-29,data/raw/vinacapital/20181029-vff-nav-weekly-report-8e772c3b4d40da4c.xlsx,ParseError: no sheet in data/raw/vinacapital/20181029-vff-nav-weekly-report-8e772c3b4d40da4c.xlsx carries line 2.1; not Appendix XXIV
vinacapital,vff,VINACAPITAL-VFF,https://vinacapital.com/wp-content/uploads/2022/07/20181105-vff-changes-of-nav-weekly-report.xlsx,2018-11-05,20181105-vff-changes-of-nav-weekly-report.xlsx,,2018-11-05,data/raw/vinacapital/20181105-vff-changes-of-nav-weekly-report-f47963a1e62d7247.xlsx,ParseError: no sheet in data/raw/vinacapital/20181105-vff-changes-of-nav-weekly-report-f47963a1e62d7247.xlsx carries line 2.1; not Appendix XXIV
vinacapital,vff,VINACAPITAL-VFF,https://vinacapital.com/wp-content/uploads/2022/07/20181105-vff-nav-weekly-report.xlsx,2018-11-05,20181105-vff-nav-weekly-report.xlsx,,2018-11-05,data/raw/vinacapital/20181105-vff-nav-weekly-report-1cd6fb79b8e073ff.xlsx,ParseError: no sheet in data/raw/vinacapital/20181105-vff-nav-weekly-report-1cd6fb79b8e073ff.xlsx carries line 2.1; not Appendix XXIV
vinacapital,vff,VINACAPITAL-VFF,https://vinacapital.com/wp-content/uploads/2022/07/20181112-vff-changes-of-nav-weekly-report.xlsx,2018-11-12,20181112-vff-changes-of-nav-weekly-report.xlsx,,2018-11-12,data/raw/vinacapital/20181112-vff-changes-of-nav-weekly-report-9a7c2245add7b72b.xlsx,ParseError: no sheet in data/raw/vinacapital/20181112-vff-changes-of-nav-weekly-report-9a7c2245add7b72b.xlsx carries line 2.1; not Appendix XXIV
vinacapital,vff,VINACAPITAL-VFF,https://vinacapital.com/wp-content/uploads/2022/07/20181112-vff-nav-weekly-report.xlsx,2018-11-12,20181112-vff-nav-weekly-report.xlsx,,2018-11-12,data/raw/vinacapital/20181112-vff-nav-weekly-report-945e1a38aed61c27.xlsx,ParseError: no sheet in data/raw/vinacapital/20181112-vff-nav-weekly-report-945e1a38aed61c27.xlsx carries line 2.1; not Appendix XXIV
vinacapital,vff,VINACAPITAL-VFF,https://vinacapital.com/wp-content/uploads/2022/07/20181119-vff-changes-of-nav-weekly-report.xlsx,2018-11-19,20181119-vff-changes-of-nav-weekly-report.xlsx,,2018-11-19,data/raw/vinacapital/20181119-vff-changes-of-nav-weekly-report-4de55e5f7e07202d.xlsx,ParseError: no sheet in data/raw/vinacapital/20181119-vff-changes-of-nav-weekly-report-4de55e5f7e07202d.xlsx carries line 2.1; not Appendix XXIV
vinacapital,vff,VINACAPITAL-VFF,https://vinacapital.com/wp-content/uploads/2022/07/20181119-vff-nav-weekly-report.xlsx,2018-11-19,20181119-vff-nav-weekly-report.xlsx,,2018-11-19,data/raw/vinacapital/20181119-vff-nav-weekly-report-1482a53cd5afd099.xlsx,ParseError: no sheet in data/raw/vinacapital/20181119-vff-nav-weekly-report-1482a53cd5afd099.xlsx carries line 2.1; not Appendix XXIV
vinacapital,vff,VINACAPITAL-VFF,https://vinacapital.com/wp-content/uploads/2022/07/20181126-vff-changes-of-nav-weekly-report.xlsx,2018-11-26,20181126-vff-changes-of-nav-weekly-report.xlsx,,2018-11-26,data/raw/vinacapital/20181126-vff-changes-of-nav-weekly-report-99173621f6343117.xlsx,ParseError: no sheet in data/raw/vinacapital/20181126-vff-changes-of-nav-weekly-report-99173621f6343117.xlsx carries line 2.1; not Appendix XXIV
vinacapital,vff,VINACAPITAL-VFF,https://vinacapital.com/wp-content/uploads/2022/07/20181126-vff-nav-weekly-report.xlsx,2018-11-26,20181126-vff-nav-weekly-report.xlsx,,2018-11-26,data/raw/vinacapital/20181126-vff-nav-weekly-report-12420dea52ad0c20.xlsx,ParseError: no sheet in data/raw/vinacapital/20181126-vff-nav-weekly-report-12420dea52ad0c20.xlsx carries line 2.1; not Appendix XXIV
vinacapital,vff,VINACAPITAL-VFF,https://vinacapital.com/wp-content/uploads/2022/07/20181203-vff-changes-of-nav-weekly-report.xlsx,2018-12-03,20181203-vff-changes-of-nav-weekly-report.xlsx,,2018-12-03,data/raw/vinacapital/20181203-vff-changes-of-nav-weekly-report-0d4343b3c3ceb209.xlsx,ParseError: no sheet in data/raw/vinacapital/20181203-vff-changes-of-nav-weekly-report-0d4343b3c3ceb209.xlsx carries line 2.1; not Appendix XXIV
vinacapital,vff,VINACAPITAL-VFF,https://vinacapital.com/wp-content/uploads/2022/07/20181203-vff-nav-weekly-report.xlsx,2018-12-03,20181203-vff-nav-weekly-report.xlsx,,2018-12-03,data/raw/vinacapital/20181203-vff-nav-weekly-report-09c0f49850606c0b.xlsx,ParseError: no sheet in data/raw/vinacapital/20181203-vff-nav-weekly-report-09c0f49850606c0b.xlsx carries line 2.1; not Appendix XXIV
vinacapital,vff,VINACAPITAL-VFF,https://vinacapital.com/wp-content/uploads/2022/07/20181210-vff-changes-of-nav-weekly-report.xlsx,2018-12-10,20181210-vff-changes-of-nav-weekly-report.xlsx,,2018-12-10,data/raw/vinacapital/20181210-vff-changes-of-nav-weekly-report-58e5233aa3e8bf0c.xlsx,ParseError: no sheet in data/raw/vinacapital/20181210-vff-changes-of-nav-weekly-report-58e5233aa3e8bf0c.xlsx carries line 2.1; not Appendix XXIV
vinacapital,vff,VINACAPITAL-VFF,https://vinacapital.com/wp-content/uploads/2022/07/20181210-vff-nav-weekly-report.xlsx,2018-12-10,20181210-vff-nav-weekly-report.xlsx,,2018-12-10,data/raw/vinacapital/20181210-vff-nav-weekly-report-fefc2ebe64a63d8d.xlsx,ParseError: no sheet in data/raw/vinacapital/20181210-vff-nav-weekly-report-fefc2ebe64a63d8d.xlsx carries line 2.1; not Appendix XXIV
vinacapital,vff,VINACAPITAL-VFF,https://vinacapital.com/wp-content/uploads/2022/07/20181217-vff-changes-of-nav-weekly-report.xlsx,2018-12-17,20181217-vff-changes-of-nav-weekly-report.xlsx,,2018-12-17,data/raw/vinacapital/20181217-vff-changes-of-nav-weekly-report-fa8808b2e193ce44.xlsx,ParseError: no sheet in data/raw/vinacapital/20181217-vff-changes-of-nav-weekly-report-fa8808b2e193ce44.xlsx carries line 2.1; not Appendix XXIV
vinacapital,vff,VINACAPITAL-VFF,https://vinacapital.com/wp-content/uploads/2022/07/20181217-vff-nav-weekly-report.xlsx,2018-12-17,20181217-vff-nav-weekly-report.xlsx,,2018-12-17,data/raw/vinacapital/20181217-vff-nav-weekly-report-4d6a1186e1191753.xlsx,ParseError: no sheet in data/raw/vinacapital/20181217-vff-nav-weekly-report-4d6a1186e1191753.xlsx carries line 2.1; not Appendix XXIV
vinacapital,vff,VINACAPITAL-VFF,https://vinacapital.com/wp-content/uploads/2022/07/20181224-vff-changes-of-nav-weekly-report.xlsx,2018-12-24,20181224-vff-changes-of-nav-weekly-report.xlsx,,2018-12-24,data/raw/vinacapital/20181224-vff-changes-of-nav-weekly-report-649e2d053fba201d.xlsx,ParseError: no sheet in data/raw/vinacapital/20181224-vff-changes-of-nav-weekly-report-649e2d053fba201d.xlsx carries line 2.1; not Appendix XXIV
vinacapital,vff,VINACAPITAL-VFF,https://vinacapital.com/wp-content/uploads/2022/07/20181224-vff-nav-weekly-report.xlsx,2018-12-24,20181224-vff-nav-weekly-report.xlsx,,2018-12-24,data/raw/vinacapital/20181224-vff-nav-weekly-report-af5b3c84f36546ab.xlsx,ParseError: no sheet in data/raw/vinacapital/20181224-vff-nav-weekly-report-af5b3c84f36546ab.xlsx carries line 2.1; not Appendix XXIV
vinacapital,vff,VINACAPITAL-VFF,https://vinacapital.com/wp-content/uploads/2022/07/20181231-vff-changes-of-nav-weekly-report.xlsx,2018-12-31,20181231-vff-changes-of-nav-weekly-report.xlsx,,2018-12-31,data/raw/vinacapital/20181231-vff-changes-of-nav-weekly-report-b388dd06589de413.xlsx,ParseError: no sheet in data/raw/vinacapital/20181231-vff-changes-of-nav-weekly-report-b388dd06589de413.xlsx carries line 2.1; not Appendix XXIV
vinacapital,vff,VINACAPITAL-VFF,https://vinacapital.com/wp-content/uploads/2022/07/20181231-vff-nav-weekly-report.xlsx,2018-12-31,20181231-vff-nav-weekly-report.xlsx,,2018-12-31,data/raw/vinacapital/20181231-vff-nav-weekly-report-9c45067877f781f2.xlsx,ParseError: no sheet in data/raw/vinacapital/20181231-vff-nav-weekly-report-9c45067877f781f2.xlsx carries line 2.1; not Appendix XXIV
vinacapital,vff,VINACAPITAL-VFF,https://vinacapital.com/wp-content/uploads/2022/07/20190114-vff-changes-of-nav-weekly-report.xlsx,2019-01-14,20190114-vff-changes-of-nav-weekly-report.xlsx,,2019-01-14,data/raw/vinacapital/20190114-vff-changes-of-nav-weekly-report-c09f9d66147e1cf1.xlsx,ParseError: no sheet in data/raw/vinacapital/20190114-vff-changes-of-nav-weekly-report-c09f9d66147e1cf1.xlsx carries line 2.1; not Appendix XXIV
vinacapital,vff,VINACAPITAL-VFF,https://vinacapital.com/wp-content/uploads/2022/07/20190114-vff-nav-weekly-report.xlsx,2019-01-14,20190114-vff-nav-weekly-report.xlsx,,2019-01-14,data/raw/vinacapital/20190114-vff-nav-weekly-report-f137005fbe11fa0d.xlsx,ParseError: no sheet in data/raw/vinacapital/20190114-vff-nav-weekly-report-f137005fbe11fa0d.xlsx carries line 2.1; not Appendix XXIV
vinacapital,vff,VINACAPITAL-VFF,https://vinacapital.com/wp-content/uploads/2022/07/20190121-vff-changes-of-nav-weekly-report.xlsx,2019-01-21,20190121-vff-changes-of-nav-weekly-report.xlsx,,2019-01-21,data/raw/vinacapital/20190121-vff-changes-of-nav-weekly-report-ca05d0080de3f0d4.xlsx,ParseError: no sheet in data/raw/vinacapital/20190121-vff-changes-of-nav-weekly-report-ca05d0080de3f0d4.xlsx carries line 2.1; not Appendix XXIV
vinacapital,vff,VINACAPITAL-VFF,https://vinacapital.com/wp-content/uploads/2022/07/20190121-vff-nav-weekly-report.xlsx,2019-01-21,20190121-vff-nav-weekly-report.xlsx,,2019-01-21,data/raw/vinacapital/20190121-vff-nav-weekly-report-59cc091b351e210b.xlsx,ParseError: no sheet in data/raw/vinacapital/20190121-vff-nav-weekly-report-59cc091b351e210b.xlsx carries line 2.1; not Appendix XXIV
vinacapital,vff,VINACAPITAL-VFF,https://vinacapital.com/wp-content/uploads/2022/07/20190128-vff-changes-of-nav-weekly-report.xlsx,2019-01-28,20190128-vff-changes-of-nav-weekly-report.xlsx,,2019-01-28,data/raw/vinacapital/20190128-vff-changes-of-nav-weekly-report-57c273389c9c1621.xlsx,ParseError: no sheet in data/raw/vinacapital/20190128-vff-changes-of-nav-weekly-report-57c273389c9c1621.xlsx carries line 2.1; not Appendix XXIV
vinacapital,vff,VINACAPITAL-VFF,https://vinacapital.com/wp-content/uploads/2022/07/20190128-vff-nav-weekly-report.xlsx,2019-01-28,20190128-vff-nav-weekly-report.xlsx,,2019-01-28,data/raw/vinacapital/20190128-vff-nav-weekly-report-3c7130d9734a2401.xlsx,ParseError: no sheet in data/raw/vinacapital/20190128-vff-nav-weekly-report-3c7130d9734a2401.xlsx carries line 2.1; not Appendix XXIV
vinacapital,vff,VINACAPITAL-VFF,https://vinacapital.com/wp-content/uploads/2022/07/20190204-vff-changes-of-nav-weekly-report.xlsx,2019-02-04,20190204-vff-changes-of-nav-weekly-report.xlsx,,2019-02-04,data/raw/vinacapital/20190204-vff-changes-of-nav-weekly-report-6f9abb9247eec063.xlsx,ParseError: no sheet in data/raw/vinacapital/20190204-vff-changes-of-nav-weekly-report-6f9abb9247eec063.xlsx carries line 2.1; not Appendix XXIV
vinacapital,vff,VINACAPITAL-VFF,https://vinacapital.com/wp-content/uploads/2022/07/20190204-vff-nav-weekly-report.xlsx,2019-02-04,20190204-vff-nav-weekly-report.xlsx,,2019-02-04,data/raw/vinacapital/20190204-vff-nav-weekly-report-524acdd8a0d52653.xlsx,ParseError: no sheet in data/raw/vinacapital/20190204-vff-nav-weekly-report-524acdd8a0d52653.xlsx carries line 2.1; not Appendix XXIV
vinacapital,vff,VINACAPITAL-VFF,https://vinacapital.com/wp-content/uploads/2022/07/20190211-vff-changes-of-nav-weekly-report.xlsx,2019-02-11,20190211-vff-changes-of-nav-weekly-report.xlsx,,2019-02-11,data/raw/vinacapital/20190211-vff-changes-of-nav-weekly-report-cebb3033eaeeafc4.xlsx,ParseError: no sheet in data/raw/vinacapital/20190211-vff-changes-of-nav-weekly-report-cebb3033eaeeafc4.xlsx carries line 2.1; not Appendix XXIV
vinacapital,vff,VINACAPITAL-VFF,https://vinacapital.com/wp-content/uploads/2022/07/20190211-vff-nav-weekly-report.xlsx,2019-02-11,20190211-vff-nav-weekly-report.xlsx,,2019-02-11,data/raw/vinacapital/20190211-vff-nav-weekly-report-614a9eb4787dc5c5.xlsx,ParseError: no sheet in data/raw/vinacapital/20190211-vff-nav-weekly-report-614a9eb4787dc5c5.xlsx carries line 2.1; not Appendix XXIV
vinacapital,vff,VINACAPITAL-VFF,https://vinacapital.com/wp-content/uploads/2022/07/20190218-vff-changes-of-nav-weekly-report.xlsx,2019-02-18,20190218-vff-changes-of-nav-weekly-report.xlsx,,2019-02-18,data/raw/vinacapital/20190218-vff-changes-of-nav-weekly-report-8fe71dfbf60501c6.xlsx,ParseError: no sheet in data/raw/vinacapital/20190218-vff-changes-of-nav-weekly-report-8fe71dfbf60501c6.xlsx carries line 2.1; not Appendix XXIV
vinacapital,vff,VINACAPITAL-VFF,https://vinacapital.com/wp-content/uploads/2022/07/20190218-vff-nav-weekly-report.xlsx,2019-02-18,20190218-vff-nav-weekly-report.xlsx,,2019-02-18,data/raw/vinacapital/20190218-vff-nav-weekly-report-b249b0e0e076cf8e.xlsx,ParseError: no sheet in data/raw/vinacapital/20190218-vff-nav-weekly-report-b249b0e0e076cf8e.xlsx carries line 2.1; not Appendix XXIV
vinacapital,vff,VINACAPITAL-VFF,https://vinacapital.com/wp-content/uploads/2022/07/20190225-vff-changes-of-nav-weekly-report.xlsx,2019-02-25,20190225-vff-changes-of-nav-weekly-report.xlsx,,2019-02-25,data/raw/vinacapital/20190225-vff-changes-of-nav-weekly-report-bb000376a6995df4.xlsx,ParseError: no sheet in data/raw/vinacapital/20190225-vff-changes-of-nav-weekly-report-bb000376a6995df4.xlsx carries line 2.1; not Appendix XXIV
vinacapital,vff,VINACAPITAL-VFF,https://vinacapital.com/wp-content/uploads/2022/07/20190225-vff-nav-weekly-report.xlsx,2019-02-25,20190225-vff-nav-weekly-report.xlsx,,2019-02-25,data/raw/vinacapital/20190225-vff-nav-weekly-report-39fdba472e838524.xlsx,ParseError: no sheet in data/raw/vinacapital/20190225-vff-nav-weekly-report-39fdba472e838524.xlsx carries line 2.1; not Appendix XXIV
vinacapital,vff,VINACAPITAL-VFF,https://vinacapital.com/wp-content/uploads/2022/07/20190304-vff-changes-of-nav-weekly-report.xlsx,2019-03-04,20190304-vff-changes-of-nav-weekly-report.xlsx,,2019-03-04,data/raw/vinacapital/20190304-vff-changes-of-nav-weekly-report-9014d8dac74e3f7c.xlsx,ParseError: no sheet in data/raw/vinacapital/20190304-vff-changes-of-nav-weekly-report-9014d8dac74e3f7c.xlsx carries line 2.1; not Appendix XXIV
vinacapital,vff,VINACAPITAL-VFF,https://vinacapital.com/wp-content/uploads/2022/07/20190304-vff-nav-weekly-report.xlsx,2019-03-04,20190304-vff-nav-weekly-report.xlsx,,2019-03-04,data/raw/vinacapital/20190304-vff-nav-weekly-report-4b54c45d3ffd1b89.xlsx,ParseError: no sheet in data/raw/vinacapital/20190304-vff-nav-weekly-report-4b54c45d3ffd1b89.xlsx carries line 2.1; not Appendix XXIV
vinacapital,vff,VINACAPITAL-VFF,https://vinacapital.com/wp-content/uploads/2022/07/20190311-vff-changes-of-nav-weekly-report.xlsx,2019-03-11,20190311-vff-changes-of-nav-weekly-report.xlsx,,2019-03-11,data/raw/vinacapital/20190311-vff-changes-of-nav-weekly-report-d31fe13ddffbedec.xlsx,ParseError: no sheet in data/raw/vinacapital/20190311-vff-changes-of-nav-weekly-report-d31fe13ddffbedec.xlsx carries line 2.1; not Appendix XXIV
vinacapital,vff,VINACAPITAL-VFF,https://vinacapital.com/wp-content/uploads/2022/07/20190311-vff-nav-weekly-report.xlsx,2019-03-11,20190311-vff-nav-weekly-report.xlsx,,2019-03-11,data/raw/vinacapital/20190311-vff-nav-weekly-report-fda6e056965bf4cb.xlsx,ParseError: no sheet in data/raw/vinacapital/20190311-vff-nav-weekly-report-fda6e056965bf4cb.xlsx carries line 2.1; not Appendix XXIV
vinacapital,vff,VINACAPITAL-VFF,https://vinacapital.com/wp-content/uploads/2022/07/20190318-vff-changes-of-nav-weekly-report.xlsx,2019-03-18,20190318-vff-changes-of-nav-weekly-report.xlsx,,2019-03-18,data/raw/vinacapital/20190318-vff-changes-of-nav-weekly-report-06d0bff4a2183365.xlsx,ParseError: no sheet in data/raw/vinacapital/20190318-vff-changes-of-nav-weekly-report-06d0bff4a2183365.xlsx carries line 2.1; not Appendix XXIV
vinacapital,vff,VINACAPITAL-VFF,https://vinacapital.com/wp-content/uploads/2022/07/20190318-vff-nav-weekly-report.xlsx,2019-03-18,20190318-vff-nav-weekly-report.xlsx,,2019-03-18,data/raw/vinacapital/20190318-vff-nav-weekly-report-20574eabe8ab1e9d.xlsx,ParseError: no sheet in data/raw/vinacapital/20190318-vff-nav-weekly-report-20574eabe8ab1e9d.xlsx carries line 2.1; not Appendix XXIV
vinacapital,vff,VINACAPITAL-VFF,https://vinacapital.com/wp-content/uploads/2022/07/20190325-vff-changes-of-nav-weekly-report.xlsx,2019-03-25,20190325-vff-changes-of-nav-weekly-report.xlsx,,2019-03-25,data/raw/vinacapital/20190325-vff-changes-of-nav-weekly-report-81803bae9dc27526.xlsx,ParseError: no sheet in data/raw/vinacapital/20190325-vff-changes-of-nav-weekly-report-81803bae9dc27526.xlsx carries line 2.1; not Appendix XXIV
vinacapital,vff,VINACAPITAL-VFF,https://vinacapital.com/wp-content/uploads/2022/07/20190325-vff-nav-weekly-report.xlsx,2019-03-25,20190325-vff-nav-weekly-report.xlsx,,2019-03-25,data/raw/vinacapital/20190325-vff-nav-weekly-report-b13d59854d8fbf35.xlsx,ParseError: no sheet in data/raw/vinacapital/20190325-vff-nav-weekly-report-b13d59854d8fbf35.xlsx carries line 2.1; not Appendix XXIV
vinacapital,vff,VINACAPITAL-VFF,https://vinacapital.com/wp-content/uploads/2022/07/20190401-vff-changes-of-nav-weekly-report.xlsx,2019-04-01,20190401-vff-changes-of-nav-weekly-report.xlsx,,2019-04-01,data/raw/vinacapital/20190401-vff-changes-of-nav-weekly-report-9fb3210d652d03d0.xlsx,ParseError: no sheet in data/raw/vinacapital/20190401-vff-changes-of-nav-weekly-report-9fb3210d652d03d0.xlsx carries line 2.1; not Appendix XXIV
vinacapital,vff,VINACAPITAL-VFF,https://vinacapital.com/wp-content/uploads/2022/07/20190401-vff-nav-weekly-report.xlsx,2019-04-01,20190401-vff-nav-weekly-report.xlsx,,2019-04-01,data/raw/vinacapital/20190401-vff-nav-weekly-report-d4f34f8084a43269.xlsx,ParseError: no sheet in data/raw/vinacapital/20190401-vff-nav-weekly-report-d4f34f8084a43269.xlsx carries line 2.1; not Appendix XXIV
vinacapital,vff,VINACAPITAL-VFF,https://vinacapital.com/wp-content/uploads/2022/07/20190408-vff-changes-of-nav-weekly-report.xlsx,2019-04-08,20190408-vff-changes-of-nav-weekly-report.xlsx,,2019-04-08,data/raw/vinacapital/20190408-vff-changes-of-nav-weekly-report-7d1baba033f3ac4e.xlsx,ParseError: no sheet in data/raw/vinacapital/20190408-vff-changes-of-nav-weekly-report-7d1baba033f3ac4e.xlsx carries line 2.1; not Appendix XXIV
vinacapital,vff,VINACAPITAL-VFF,https://vinacapital.com/wp-content/uploads/2022/07/20190408-vff-nav-weekly-report.xlsx,2019-04-08,20190408-vff-nav-weekly-report.xlsx,,2019-04-08,data/raw/vinacapital/20190408-vff-nav-weekly-report-14e1358c4ed27b9b.xlsx,ParseError: no sheet in data/raw/vinacapital/20190408-vff-nav-weekly-report-14e1358c4ed27b9b.xlsx carries line 2.1; not Appendix XXIV
vinacapital,vff,VINACAPITAL-VFF,https://vinacapital.com/wp-content/uploads/2022/07/20190415-vff-changes-of-nav-weekly-report.xlsx,2019-04-15,20190415-vff-changes-of-nav-weekly-report.xlsx,,2019-04-15,data/raw/vinacapital/20190415-vff-changes-of-nav-weekly-report-7cf5a2c30cbc746b.xlsx,ParseError: no sheet in data/raw/vinacapital/20190415-vff-changes-of-nav-weekly-report-7cf5a2c30cbc746b.xlsx carries line 2.1; not Appendix XXIV
vinacapital,vff,VINACAPITAL-VFF,https://vinacapital.com/wp-content/uploads/2022/07/20190415-vff-nav-weekly-report.xlsx,2019-04-15,20190415-vff-nav-weekly-report.xlsx,,2019-04-15,data/raw/vinacapital/20190415-vff-nav-weekly-report-ab6eb8c501a65c0f.xlsx,ParseError: no sheet in data/raw/vinacapital/20190415-vff-nav-weekly-report-ab6eb8c501a65c0f.xlsx carries line 2.1; not Appendix XXIV
vinacapital,vff,VINACAPITAL-VFF,https://vinacapital.com/wp-content/uploads/2022/07/20190422-vff-changes-of-nav-weekly-report.xlsx,2019-04-22,20190422-vff-changes-of-nav-weekly-report.xlsx,,2019-04-22,data/raw/vinacapital/20190422-vff-changes-of-nav-weekly-report-af95afd906b3343b.xlsx,ParseError: no sheet in data/raw/vinacapital/20190422-vff-changes-of-nav-weekly-report-af95afd906b3343b.xlsx carries line 2.1; not Appendix XXIV
vinacapital,vff,VINACAPITAL-VFF,https://vinacapital.com/wp-content/uploads/2022/07/20190422-vff-nav-weekly-report.xlsx,2019-04-22,20190422-vff-nav-weekly-report.xlsx,,2019-04-22,data/raw/vinacapital/20190422-vff-nav-weekly-report-f47dafcc65972dc5.xlsx,ParseError: no sheet in data/raw/vinacapital/20190422-vff-nav-weekly-report-f47dafcc65972dc5.xlsx carries line 2.1; not Appendix XXIV
vinacapital,vff,VINACAPITAL-VFF,https://vinacapital.com/wp-content/uploads/2022/07/20190429-vff-changes-of-nav-weekly-report.xlsx,2019-04-29,20190429-vff-changes-of-nav-weekly-report.xlsx,,2019-04-29,data/raw/vinacapital/20190429-vff-changes-of-nav-weekly-report-da1dad1b16163041.xlsx,ParseError: no sheet in data/raw/vinacapital/20190429-vff-changes-of-nav-weekly-report-da1dad1b16163041.xlsx carries line 2.1; not Appendix XXIV
vinacapital,vff,VINACAPITAL-VFF,https://vinacapital.com/wp-content/uploads/2022/07/20190429-vff-nav-weekly-report.xlsx,2019-04-29,20190429-vff-nav-weekly-report.xlsx,,2019-04-29,data/raw/vinacapital/20190429-vff-nav-weekly-report-d39e4c3334c9004c.xlsx,ParseError: no sheet in data/raw/vinacapital/20190429-vff-nav-weekly-report-d39e4c3334c9004c.xlsx carries line 2.1; not Appendix XXIV
vinacapital,vff,VINACAPITAL-VFF,https://vinacapital.com/wp-content/uploads/2022/07/20190506-vff-changes-of-nav-weekly-report.xlsx,2019-05-06,20190506-vff-changes-of-nav-weekly-report.xlsx,,2019-05-06,data/raw/vinacapital/20190506-vff-changes-of-nav-weekly-report-1bdf3b3c89af894b.xlsx,ParseError: no sheet in data/raw/vinacapital/20190506-vff-changes-of-nav-weekly-report-1bdf3b3c89af894b.xlsx carries line 2.1; not Appendix XXIV
vinacapital,vff,VINACAPITAL-VFF,https://vinacapital.com/wp-content/uploads/2022/07/20190506-vff-nav-weekly-report.xlsx,2019-05-06,20190506-vff-nav-weekly-report.xlsx,,2019-05-06,data/raw/vinacapital/20190506-vff-nav-weekly-report-82a83708b9fb1cf4.xlsx,ParseError: no sheet in data/raw/vinacapital/20190506-vff-nav-weekly-report-82a83708b9fb1cf4.xlsx carries line 2.1; not Appendix XXIV
vinacapital,vff,VINACAPITAL-VFF,https://vinacapital.com/wp-content/uploads/2022/07/20190513-vff-changes-of-nav-weekly-report.xlsx,2019-05-13,20190513-vff-changes-of-nav-weekly-report.xlsx,,2019-05-13,data/raw/vinacapital/20190513-vff-changes-of-nav-weekly-report-70b58a4a31af936f.xlsx,ParseError: no sheet in data/raw/vinacapital/20190513-vff-changes-of-nav-weekly-report-70b58a4a31af936f.xlsx carries line 2.1; not Appendix XXIV
vinacapital,vff,VINACAPITAL-VFF,https://vinacapital.com/wp-content/uploads/2022/07/20190513-vff-nav-weekly-report.xlsx,2019-05-13,20190513-vff-nav-weekly-report.xlsx,,2019-05-13,data/raw/vinacapital/20190513-vff-nav-weekly-report-df8de1046c029042.xlsx,ParseError: no sheet in data/raw/vinacapital/20190513-vff-nav-weekly-report-df8de1046c029042.xlsx carries line 2.1; not Appendix XXIV
vinacapital,vff,VINACAPITAL-VFF,https://vinacapital.com/wp-content/uploads/2022/07/20190520-vff-changes-of-nav-weekly-report.xlsx,2019-05-20,20190520-vff-changes-of-nav-weekly-report.xlsx,,2019-05-20,data/raw/vinacapital/20190520-vff-changes-of-nav-weekly-report-429ecd15e8e35006.xlsx,ParseError: no sheet in data/raw/vinacapital/20190520-vff-changes-of-nav-weekly-report-429ecd15e8e35006.xlsx carries line 2.1; not Appendix XXIV
vinacapital,vff,VINACAPITAL-VFF,https://vinacapital.com/wp-content/uploads/2022/07/20190520-vff-nav-weekly-report.xlsx,2019-05-20,20190520-vff-nav-weekly-report.xlsx,,2019-05-20,data/raw/vinacapital/20190520-vff-nav-weekly-report-fbfa492696a5f2e2.xlsx,ParseError: no sheet in data/raw/vinacapital/20190520-vff-nav-weekly-report-fbfa492696a5f2e2.xlsx carries line 2.1; not Appendix XXIV
vinacapital,vff,VINACAPITAL-VFF,https://vinacapital.com/wp-content/uploads/2022/07/20190527-vff-changes-of-nav-weekly-report.xlsx,2019-05-27,20190527-vff-changes-of-nav-weekly-report.xlsx,,2019-05-27,data/raw/vinacapital/20190527-vff-changes-of-nav-weekly-report-2d4a3b4b43cef119.xlsx,ParseError: no sheet in data/raw/vinacapital/20190527-vff-changes-of-nav-weekly-report-2d4a3b4b43cef119.xlsx carries line 2.1; not Appendix XXIV
vinacapital,vff,VINACAPITAL-VFF,https://vinacapital.com/wp-content/uploads/2022/07/20190527-vff-nav-weekly-report.xlsx,2019-05-27,20190527-vff-nav-weekly-report.xlsx,,2019-05-27,data/raw/vinacapital/20190527-vff-nav-weekly-report-3adccc8732ad8824.xlsx,ParseError: no sheet in data/raw/vinacapital/20190527-vff-nav-weekly-report-3adccc8732ad8824.xlsx carries line 2.1; not Appendix XXIV
vinacapital,vff,VINACAPITAL-VFF,https://vinacapital.com/wp-content/uploads/2022/07/20190603-vff-changes-of-nav-weekly-report.xlsx,2019-06-03,20190603-vff-changes-of-nav-weekly-report.xlsx,,2019-06-03,data/raw/vinacapital/20190603-vff-changes-of-nav-weekly-report-925ba0f9d0420abf.xlsx,ParseError: no sheet in data/raw/vinacapital/20190603-vff-changes-of-nav-weekly-report-925ba0f9d0420abf.xlsx carries line 2.1; not Appendix XXIV
vinacapital,vff,VINACAPITAL-VFF,https://vinacapital.com/wp-content/uploads/2022/07/20190603-vff-nav-weekly-report.xlsx,2019-06-03,20190603-vff-nav-weekly-report.xlsx,,2019-06-03,data/raw/vinacapital/20190603-vff-nav-weekly-report-c1645813338637a4.xlsx,ParseError: no sheet in data/raw/vinacapital/20190603-vff-nav-weekly-report-c1645813338637a4.xlsx carries line 2.1; not Appendix XXIV
vinacapital,vff,VINACAPITAL-VFF,https://vinacapital.com/wp-content/uploads/2022/07/20190610-vff-changes-of-nav-weekly-report.xlsx,2019-06-10,20190610-vff-changes-of-nav-weekly-report.xlsx,,2019-06-10,data/raw/vinacapital/20190610-vff-changes-of-nav-weekly-report-cb0c49c22fbf7af6.xlsx,ParseError: no sheet in data/raw/vinacapital/20190610-vff-changes-of-nav-weekly-report-cb0c49c22fbf7af6.xlsx carries line 2.1; not Appendix XXIV
vinacapital,vff,VINACAPITAL-VFF,https://vinacapital.com/wp-content/uploads/2022/07/20190610-vff-nav-weekly-report.xlsx,2019-06-10,20190610-vff-nav-weekly-report.xlsx,,2019-06-10,data/raw/vinacapital/20190610-vff-nav-weekly-report-6f8426e1ff16639b.xlsx,ParseError: no sheet in data/raw/vinacapital/20190610-vff-nav-weekly-report-6f8426e1ff16639b.xlsx carries line 2.1; not Appendix XXIV
vinacapital,vff,VINACAPITAL-VFF,https://vinacapital.com/wp-content/uploads/2022/07/20190617-vff-changes-of-nav-weekly-report.xlsx,2019-06-17,20190617-vff-changes-of-nav-weekly-report.xlsx,,2019-06-17,data/raw/vinacapital/20190617-vff-changes-of-nav-weekly-report-a00447790750cb8f.xlsx,ParseError: no sheet in data/raw/vinacapital/20190617-vff-changes-of-nav-weekly-report-a00447790750cb8f.xlsx carries line 2.1; not Appendix XXIV
vinacapital,vff,VINACAPITAL-VFF,https://vinacapital.com/wp-content/uploads/2022/07/20190617-vff-nav-weekly-report.xlsx,2019-06-17,20190617-vff-nav-weekly-report.xlsx,,2019-06-17,data/raw/vinacapital/20190617-vff-nav-weekly-report-247e7a0b929df0fd.xlsx,ParseError: no sheet in data/raw/vinacapital/20190617-vff-nav-weekly-report-247e7a0b929df0fd.xlsx carries line 2.1; not Appendix XXIV
vinacapital,vff,VINACAPITAL-VFF,https://vinacapital.com/wp-content/uploads/2022/07/20190624-vff-changes-of-nav-weekly-report.xlsx,2019-06-24,20190624-vff-changes-of-nav-weekly-report.xlsx,,2019-06-24,data/raw/vinacapital/20190624-vff-changes-of-nav-weekly-report-db1769377f681150.xlsx,ParseError: no sheet in data/raw/vinacapital/20190624-vff-changes-of-nav-weekly-report-db1769377f681150.xlsx carries line 2.1; not Appendix XXIV
vinacapital,vff,VINACAPITAL-VFF,https://vinacapital.com/wp-content/uploads/2022/07/20190624-vff-nav-weekly-report.xlsx,2019-06-24,20190624-vff-nav-weekly-report.xlsx,,2019-06-24,data/raw/vinacapital/20190624-vff-nav-weekly-report-3fdf0c313b31fec5.xlsx,ParseError: no sheet in data/raw/vinacapital/20190624-vff-nav-weekly-report-3fdf0c313b31fec5.xlsx carries line 2.1; not Appendix XXIV
vinacapital,vff,VINACAPITAL-VFF,https://vinacapital.com/wp-content/uploads/2022/07/20190702-vff-changes-of-nav-weekly-report.xlsx,2019-07-02,20190702-vff-changes-of-nav-weekly-report.xlsx,,2019-07-02,data/raw/vinacapital/20190702-vff-changes-of-nav-weekly-report-702a946774209373.xlsx,ParseError: no sheet in data/raw/vinacapital/20190702-vff-changes-of-nav-weekly-report-702a946774209373.xlsx carries line 2.1; not Appendix XXIV
vinacapital,vff,VINACAPITAL-VFF,https://vinacapital.com/wp-content/uploads/2022/07/20190702-vff-nav-weekly-report.xlsx,2019-07-02,20190702-vff-nav-weekly-report.xlsx,,2019-07-02,data/raw/vinacapital/20190702-vff-nav-weekly-report-5c6075e4bdacef44.xlsx,ParseError: no sheet in data/raw/vinacapital/20190702-vff-nav-weekly-report-5c6075e4bdacef44.xlsx carries line 2.1; not Appendix XXIV
vinacapital,vff,VINACAPITAL-VFF,https://vinacapital.com/wp-content/uploads/2022/07/20190708-vff-changes-of-nav-weekly-report.xlsx,2019-07-08,20190708-vff-changes-of-nav-weekly-report.xlsx,,2019-07-08,data/raw/vinacapital/20190708-vff-changes-of-nav-weekly-report-c05cc1c6153afd78.xlsx,ParseError: no sheet in data/raw/vinacapital/20190708-vff-changes-of-nav-weekly-report-c05cc1c6153afd78.xlsx carries line 2.1; not Appendix XXIV
vinacapital,vff,VINACAPITAL-VFF,https://vinacapital.com/wp-content/uploads/2022/07/20190708-vff-nav-weekly-report.xlsx,2019-07-08,20190708-vff-nav-weekly-report.xlsx,,2019-07-08,data/raw/vinacapital/20190708-vff-nav-weekly-report-75e6e020fa5ac4af.xlsx,ParseError: no sheet in data/raw/vinacapital/20190708-vff-nav-weekly-report-75e6e020fa5ac4af.xlsx carries line 2.1; not Appendix XXIV
vinacapital,vff,VINACAPITAL-VFF,https://vinacapital.com/wp-content/uploads/2022/07/20190715-vff-changes-of-nav-weekly-report.xlsx,2019-07-15,20190715-vff-changes-of-nav-weekly-report.xlsx,,2019-07-15,data/raw/vinacapital/20190715-vff-changes-of-nav-weekly-report-50552d89fc65fe53.xlsx,ParseError: no sheet in data/raw/vinacapital/20190715-vff-changes-of-nav-weekly-report-50552d89fc65fe53.xlsx carries line 2.1; not Appendix XXIV
vinacapital,vff,VINACAPITAL-VFF,https://vinacapital.com/wp-content/uploads/2022/07/20190715-vff-nav-weekly-report.xlsx,2019-07-15,20190715-vff-nav-weekly-report.xlsx,,2019-07-15,data/raw/vinacapital/20190715-vff-nav-weekly-report-8da585507d2df109.xlsx,ParseError: no sheet in data/raw/vinacapital/20190715-vff-nav-weekly-report-8da585507d2df109.xlsx carries line 2.1; not Appendix XXIV
vinacapital,vff,VINACAPITAL-VFF,https://vinacapital.com/wp-content/uploads/2022/07/20190722-vff-changes-of-nav-weekly-report.xlsx,2019-07-22,20190722-vff-changes-of-nav-weekly-report.xlsx,,2019-07-22,data/raw/vinacapital/20190722-vff-changes-of-nav-weekly-report-3b1196a2b9439dc5.xlsx,ParseError: no sheet in data/raw/vinacapital/20190722-vff-changes-of-nav-weekly-report-3b1196a2b9439dc5.xlsx carries line 2.1; not Appendix XXIV
vinacapital,vff,VINACAPITAL-VFF,https://vinacapital.com/wp-content/uploads/2022/07/20190722-vff-nav-weekly-report.xlsx,2019-07-22,20190722-vff-nav-weekly-report.xlsx,,2019-07-22,data/raw/vinacapital/20190722-vff-nav-weekly-report-41bbaa4eddf9e8d3.xlsx,ParseError: no sheet in data/raw/vinacapital/20190722-vff-nav-weekly-report-41bbaa4eddf9e8d3.xlsx carries line 2.1; not Appendix XXIV
vinacapital,vff,VINACAPITAL-VFF,https://vinacapital.com/wp-content/uploads/2022/07/20190729-vff-changes-of-nav-weekly-report.xlsx,2019-07-29,20190729-vff-changes-of-nav-weekly-report.xlsx,,2019-07-29,data/raw/vinacapital/20190729-vff-changes-of-nav-weekly-report-ab26fd0148fcffeb.xlsx,ParseError: no sheet in data/raw/vinacapital/20190729-vff-changes-of-nav-weekly-report-ab26fd0148fcffeb.xlsx carries line 2.1; not Appendix XXIV
vinacapital,vff,VINACAPITAL-VFF,https://vinacapital.com/wp-content/uploads/2022/07/20190729-vff-nav-weekly-report.xlsx,2019-07-29,20190729-vff-nav-weekly-report.xlsx,,2019-07-29,data/raw/vinacapital/20190729-vff-nav-weekly-report-4cde7228b6f26bf2.xlsx,ParseError: no sheet in data/raw/vinacapital/20190729-vff-nav-weekly-report-4cde7228b6f26bf2.xlsx carries line 2.1; not Appendix XXIV
vinacapital,vff,VINACAPITAL-VFF,https://vinacapital.com/wp-content/uploads/2022/07/20190805-vff-changes-of-nav-weekly-report.xlsx,2019-08-05,20190805-vff-changes-of-nav-weekly-report.xlsx,,2019-08-05,data/raw/vinacapital/20190805-vff-changes-of-nav-weekly-report-991331f68f6fdb62.xlsx,ParseError: no sheet in data/raw/vinacapital/20190805-vff-changes-of-nav-weekly-report-991331f68f6fdb62.xlsx carries line 2.1; not Appendix XXIV
vinacapital,vff,VINACAPITAL-VFF,https://vinacapital.com/wp-content/uploads/2022/07/20190805-vff-nav-weekly-report.xlsx,2019-08-05,20190805-vff-nav-weekly-report.xlsx,,2019-08-05,data/raw/vinacapital/20190805-vff-nav-weekly-report-fa63159372d5f2da.xlsx,ParseError: no sheet in data/raw/vinacapital/20190805-vff-nav-weekly-report-fa63159372d5f2da.xlsx carries line 2.1; not Appendix XXIV
vinacapital,vff,VINACAPITAL-VFF,https://vinacapital.com/wp-content/uploads/2022/07/20190812-vff-changes-of-nav-weekly-report.xlsx,2019-08-12,20190812-vff-changes-of-nav-weekly-report.xlsx,,2019-08-12,data/raw/vinacapital/20190812-vff-changes-of-nav-weekly-report-b4fe0728aa2f1168.xlsx,ParseError: no sheet in data/raw/vinacapital/20190812-vff-changes-of-nav-weekly-report-b4fe0728aa2f1168.xlsx carries line 2.1; not Appendix XXIV
vinacapital,vff,VINACAPITAL-VFF,https://vinacapital.com/wp-content/uploads/2022/07/20190812-vff-nav-weekly-report.xlsx,2019-08-12,20190812-vff-nav-weekly-report.xlsx,,2019-08-12,data/raw/vinacapital/20190812-vff-nav-weekly-report-be230b38531d90ff.xlsx,ParseError: no sheet in data/raw/vinacapital/20190812-vff-nav-weekly-report-be230b38531d90ff.xlsx carries line 2.1; not Appendix XXIV
vinacapital,vff,VINACAPITAL-VFF,https://vinacapital.com/wp-content/uploads/2022/07/20190819-vff-changes-of-nav-weekly-report.xlsx,2019-08-19,20190819-vff-changes-of-nav-weekly-report.xlsx,,2019-08-19,data/raw/vinacapital/20190819-vff-changes-of-nav-weekly-report-ea4a3d892b60f20b.xlsx,ParseError: no sheet in data/raw/vinacapital/20190819-vff-changes-of-nav-weekly-report-ea4a3d892b60f20b.xlsx carries line 2.1; not Appendix XXIV
vinacapital,vff,VINACAPITAL-VFF,https://vinacapital.com/wp-content/uploads/2022/07/20190819-vff-nav-weekly-report.xlsx,2019-08-19,20190819-vff-nav-weekly-report.xlsx,,2019-08-19,data/raw/vinacapital/20190819-vff-nav-weekly-report-28359c0aac26119f.xlsx,ParseError: no sheet in data/raw/vinacapital/20190819-vff-nav-weekly-report-28359c0aac26119f.xlsx carries line 2.1; not Appendix XXIV
vinacapital,vff,VINACAPITAL-VFF,https://vinacapital.com/wp-content/uploads/2022/07/20190826-vff-changes-of-nav-weekly-report.xlsx,2019-08-26,20190826-vff-changes-of-nav-weekly-report.xlsx,,2019-08-26,data/raw/vinacapital/20190826-vff-changes-of-nav-weekly-report-2f44477180e9b779.xlsx,ParseError: no sheet in data/raw/vinacapital/20190826-vff-changes-of-nav-weekly-report-2f44477180e9b779.xlsx carries line 2.1; not Appendix XXIV
vinacapital,vff,VINACAPITAL-VFF,https://vinacapital.com/wp-content/uploads/2022/07/20190826-vff-nav-weekly-report.xlsx,2019-08-26,20190826-vff-nav-weekly-report.xlsx,,2019-08-26,data/raw/vinacapital/20190826-vff-nav-weekly-report-59e1a48983bedb34.xlsx,ParseError: no sheet in data/raw/vinacapital/20190826-vff-nav-weekly-report-59e1a48983bedb34.xlsx carries line 2.1; not Appendix XXIV
vinacapital,vff,VINACAPITAL-VFF,https://vinacapital.com/wp-content/uploads/2022/07/20190903-vff-changes-of-nav-weekly-report.xlsx,2019-09-03,20190903-vff-changes-of-nav-weekly-report.xlsx,,2019-09-03,data/raw/vinacapital/20190903-vff-changes-of-nav-weekly-report-c90ddfa99e5041e2.xlsx,ParseError: no sheet in data/raw/vinacapital/20190903-vff-changes-of-nav-weekly-report-c90ddfa99e5041e2.xlsx carries line 2.1; not Appendix XXIV
vinacapital,vff,VINACAPITAL-VFF,https://vinacapital.com/wp-content/uploads/2022/07/20190903-vff-nav-weekly-report.xlsx,2019-09-03,20190903-vff-nav-weekly-report.xlsx,,2019-09-03,data/raw/vinacapital/20190903-vff-nav-weekly-report-e6db4a6c6806409f.xlsx,ParseError: no sheet in data/raw/vinacapital/20190903-vff-nav-weekly-report-e6db4a6c6806409f.xlsx carries line 2.1; not Appendix XXIV
vinacapital,vff,VINACAPITAL-VFF,https://vinacapital.com/wp-content/uploads/2022/07/20190909-vff-changes-of-nav-weekly-report.xlsx,2019-09-09,20190909-vff-changes-of-nav-weekly-report.xlsx,,2019-09-09,data/raw/vinacapital/20190909-vff-changes-of-nav-weekly-report-9511bd584e039154.xlsx,ParseError: no sheet in data/raw/vinacapital/20190909-vff-changes-of-nav-weekly-report-9511bd584e039154.xlsx carries line 2.1; not Appendix XXIV
vinacapital,vff,VINACAPITAL-VFF,https://vinacapital.com/wp-content/uploads/2022/07/20190909-vff-nav-weekly-report.xlsx,2019-09-09,20190909-vff-nav-weekly-report.xlsx,,2019-09-09,data/raw/vinacapital/20190909-vff-nav-weekly-report-42ce214fb3dc752d.xlsx,ParseError: no sheet in data/raw/vinacapital/20190909-vff-nav-weekly-report-42ce214fb3dc752d.xlsx carries line 2.1; not Appendix XXIV
vinacapital,vff,VINACAPITAL-VFF,https://vinacapital.com/wp-content/uploads/2022/07/20190916-vff-changes-of-nav-weekly-report.xlsx,2019-09-16,20190916-vff-changes-of-nav-weekly-report.xlsx,,2019-09-16,data/raw/vinacapital/20190916-vff-changes-of-nav-weekly-report-e63adca38c1460d3.xlsx,ParseError: no sheet in data/raw/vinacapital/20190916-vff-changes-of-nav-weekly-report-e63adca38c1460d3.xlsx carries line 2.1; not Appendix XXIV
vinacapital,vff,VINACAPITAL-VFF,https://vinacapital.com/wp-content/uploads/2022/07/20190916-vff-nav-weekly-report.xlsx,2019-09-16,20190916-vff-nav-weekly-report.xlsx,,2019-09-16,data/raw/vinacapital/20190916-vff-nav-weekly-report-fcbd05745537df07.xlsx,ParseError: no sheet in data/raw/vinacapital/20190916-vff-nav-weekly-report-fcbd05745537df07.xlsx carries line 2.1; not Appendix XXIV
vinacapital,vff,VINACAPITAL-VFF,https://vinacapital.com/wp-content/uploads/2022/07/20190923-vff-changes-of-nav-weekly-report.xlsx,2019-09-23,20190923-vff-changes-of-nav-weekly-report.xlsx,,2019-09-23,data/raw/vinacapital/20190923-vff-changes-of-nav-weekly-report-5cd6de5260e3390f.xlsx,ParseError: no sheet in data/raw/vinacapital/20190923-vff-changes-of-nav-weekly-report-5cd6de5260e3390f.xlsx carries line 2.1; not Appendix XXIV
vinacapital,vff,VINACAPITAL-VFF,https://vinacapital.com/wp-content/uploads/2022/07/20190923-vff-nav-weekly-report.xlsx,2019-09-23,20190923-vff-nav-weekly-report.xlsx,,2019-09-23,data/raw/vinacapital/20190923-vff-nav-weekly-report-25bdb07f0461ed97.xlsx,ParseError: no sheet in data/raw/vinacapital/20190923-vff-nav-weekly-report-25bdb07f0461ed97.xlsx carries line 2.1; not Appendix XXIV
vinacapital,vff,VINACAPITAL-VFF,https://vinacapital.com/wp-content/uploads/2022/07/20190930-vff-changes-of-nav-weekly-report.xlsx,2019-09-30,20190930-vff-changes-of-nav-weekly-report.xlsx,,2019-09-30,data/raw/vinacapital/20190930-vff-changes-of-nav-weekly-report-e1620b1d69adafde.xlsx,ParseError: no sheet in data/raw/vinacapital/20190930-vff-changes-of-nav-weekly-report-e1620b1d69adafde.xlsx carries line 2.1; not Appendix XXIV
vinacapital,vff,VINACAPITAL-VFF,https://vinacapital.com/wp-content/uploads/2022/07/20190930-vff-nav-weekly-report.xlsx,2019-09-30,20190930-vff-nav-weekly-report.xlsx,,2019-09-30,data/raw/vinacapital/20190930-vff-nav-weekly-report-8a6a42b780011db1.xlsx,ParseError: no sheet in data/raw/vinacapital/20190930-vff-nav-weekly-report-8a6a42b780011db1.xlsx carries line 2.1; not Appendix XXIV
vinacapital,vff,VINACAPITAL-VFF,https://vinacapital.com/wp-content/uploads/2022/07/20191007-vff-changes-of-nav-weekly-report.xlsx,2019-10-07,20191007-vff-changes-of-nav-weekly-report.xlsx,,2019-10-07,data/raw/vinacapital/20191007-vff-changes-of-nav-weekly-report-420dc3ee991ca902.xlsx,ParseError: no sheet in data/raw/vinacapital/20191007-vff-changes-of-nav-weekly-report-420dc3ee991ca902.xlsx carries line 2.1; not Appendix XXIV
vinacapital,vff,VINACAPITAL-VFF,https://vinacapital.com/wp-content/uploads/2022/07/20191007-vff-nav-weekly-report.xlsx,2019-10-07,20191007-vff-nav-weekly-report.xlsx,,2019-10-07,data/raw/vinacapital/20191007-vff-nav-weekly-report-51098e739dbded89.xlsx,ParseError: no sheet in data/raw/vinacapital/20191007-vff-nav-weekly-report-51098e739dbded89.xlsx carries line 2.1; not Appendix XXIV
vinacapital,vff,VINACAPITAL-VFF,https://vinacapital.com/wp-content/uploads/2022/07/20191021-vff-changes-of-nav-weekly-report.xlsx,2019-10-21,20191021-vff-changes-of-nav-weekly-report.xlsx,,2019-10-21,data/raw/vinacapital/20191021-vff-changes-of-nav-weekly-report-ed3a4084c6cf50f3.xlsx,ParseError: no sheet in data/raw/vinacapital/20191021-vff-changes-of-nav-weekly-report-ed3a4084c6cf50f3.xlsx carries line 2.1; not Appendix XXIV
vinacapital,vff,VINACAPITAL-VFF,https://vinacapital.com/wp-content/uploads/2022/07/20191021-vff-nav-weekly-report.xlsx,2019-10-21,20191021-vff-nav-weekly-report.xlsx,,2019-10-21,data/raw/vinacapital/20191021-vff-nav-weekly-report-8767cb8dd448731b.xlsx,ParseError: no sheet in data/raw/vinacapital/20191021-vff-nav-weekly-report-8767cb8dd448731b.xlsx carries line 2.1; not Appendix XXIV
vinacapital,vff,VINACAPITAL-VFF,https://vinacapital.com/wp-content/uploads/2022/07/20191028-vff-changes-of-nav-weekly-report.xlsx,2019-10-28,20191028-vff-changes-of-nav-weekly-report.xlsx,,2019-10-28,data/raw/vinacapital/20191028-vff-changes-of-nav-weekly-report-406ab25a71d4ea22.xlsx,ParseError: no sheet in data/raw/vinacapital/20191028-vff-changes-of-nav-weekly-report-406ab25a71d4ea22.xlsx carries line 2.1; not Appendix XXIV
vinacapital,vff,VINACAPITAL-VFF,https://vinacapital.com/wp-content/uploads/2022/07/20191028-vff-nav-weekly-report.xlsx,2019-10-28,20191028-vff-nav-weekly-report.xlsx,,2019-10-28,data/raw/vinacapital/20191028-vff-nav-weekly-report-c436e885f9babe99.xlsx,ParseError: no sheet in data/raw/vinacapital/20191028-vff-nav-weekly-report-c436e885f9babe99.xlsx carries line 2.1; not Appendix XXIV
vinacapital,vff,VINACAPITAL-VFF,https://vinacapital.com/wp-content/uploads/2022/07/20191104-vff-changes-of-nav-weekly-report.xlsx,2019-11-04,20191104-vff-changes-of-nav-weekly-report.xlsx,,2019-11-04,data/raw/vinacapital/20191104-vff-changes-of-nav-weekly-report-7bf28d4de9fa2caf.xlsx,ParseError: no sheet in data/raw/vinacapital/20191104-vff-changes-of-nav-weekly-report-7bf28d4de9fa2caf.xlsx carries line 2.1; not Appendix XXIV
vinacapital,vff,VINACAPITAL-VFF,https://vinacapital.com/wp-content/uploads/2022/07/20191104-vff-nav-weekly-report.xlsx,2019-11-04,20191104-vff-nav-weekly-report.xlsx,,2019-11-04,data/raw/vinacapital/20191104-vff-nav-weekly-report-69aa64c4cace2b64.xlsx,ParseError: no sheet in data/raw/vinacapital/20191104-vff-nav-weekly-report-69aa64c4cace2b64.xlsx carries line 2.1; not Appendix XXIV
vinacapital,vff,VINACAPITAL-VFF,https://vinacapital.com/wp-content/uploads/2022/07/20191111-vff-changes-of-nav-weekly-report.xlsx,2019-11-11,20191111-vff-changes-of-nav-weekly-report.xlsx,,2019-11-11,data/raw/vinacapital/20191111-vff-changes-of-nav-weekly-report-256f8d32dbebc4e4.xlsx,ParseError: no sheet in data/raw/vinacapital/20191111-vff-changes-of-nav-weekly-report-256f8d32dbebc4e4.xlsx carries line 2.1; not Appendix XXIV
vinacapital,vff,VINACAPITAL-VFF,https://vinacapital.com/wp-content/uploads/2022/07/20191111-vff-nav-weekly-report.xlsx,2019-11-11,20191111-vff-nav-weekly-report.xlsx,,2019-11-11,data/raw/vinacapital/20191111-vff-nav-weekly-report-b6419684ceb92e8d.xlsx,ParseError: no sheet in data/raw/vinacapital/20191111-vff-nav-weekly-report-b6419684ceb92e8d.xlsx carries line 2.1; not Appendix XXIV
vinacapital,vff,VINACAPITAL-VFF,https://vinacapital.com/wp-content/uploads/2022/07/20191118-vff-changes-of-nav-weekly-report.xlsx,2019-11-18,20191118-vff-changes-of-nav-weekly-report.xlsx,,2019-11-18,data/raw/vinacapital/20191118-vff-changes-of-nav-weekly-report-b4e2388da583bb1d.xlsx,ParseError: no sheet in data/raw/vinacapital/20191118-vff-changes-of-nav-weekly-report-b4e2388da583bb1d.xlsx carries line 2.1; not Appendix XXIV
vinacapital,vff,VINACAPITAL-VFF,https://vinacapital.com/wp-content/uploads/2022/07/20191118-vff-nav-weekly-report.xlsx,2019-11-18,20191118-vff-nav-weekly-report.xlsx,,2019-11-18,data/raw/vinacapital/20191118-vff-nav-weekly-report-a2efec2aa395ce7c.xlsx,ParseError: no sheet in data/raw/vinacapital/20191118-vff-nav-weekly-report-a2efec2aa395ce7c.xlsx carries line 2.1; not Appendix XXIV
vinacapital,vff,VINACAPITAL-VFF,https://vinacapital.com/wp-content/uploads/2022/07/20191125-vff-changes-of-nav-weekly-report.xlsx,2019-11-25,20191125-vff-changes-of-nav-weekly-report.xlsx,,2019-11-25,data/raw/vinacapital/20191125-vff-changes-of-nav-weekly-report-41e46359f16128ae.xlsx,ParseError: no sheet in data/raw/vinacapital/20191125-vff-changes-of-nav-weekly-report-41e46359f16128ae.xlsx carries line 2.1; not Appendix XXIV
vinacapital,vff,VINACAPITAL-VFF,https://vinacapital.com/wp-content/uploads/2022/07/20191125-vff-nav-weekly-report.xlsx,2019-11-25,20191125-vff-nav-weekly-report.xlsx,,2019-11-25,data/raw/vinacapital/20191125-vff-nav-weekly-report-d938bd4e32c7c2d7.xlsx,ParseError: no sheet in data/raw/vinacapital/20191125-vff-nav-weekly-report-d938bd4e32c7c2d7.xlsx carries line 2.1; not Appendix XXIV
vinacapital,vff,VINACAPITAL-VFF,https://vinacapital.com/wp-content/uploads/2022/07/20191202-vff-changes-of-nav-weekly-report.xlsx,2019-12-02,20191202-vff-changes-of-nav-weekly-report.xlsx,,2019-12-02,data/raw/vinacapital/20191202-vff-changes-of-nav-weekly-report-8f74a54eb21ce872.xlsx,ParseError: no sheet in data/raw/vinacapital/20191202-vff-changes-of-nav-weekly-report-8f74a54eb21ce872.xlsx carries line 2.1; not Appendix XXIV
vinacapital,vff,VINACAPITAL-VFF,https://vinacapital.com/wp-content/uploads/2022/07/20191202-vff-nav-weekly-report.xlsx,2019-12-02,20191202-vff-nav-weekly-report.xlsx,,2019-12-02,data/raw/vinacapital/20191202-vff-nav-weekly-report-4f7a48ecff5593d1.xlsx,ParseError: no sheet in data/raw/vinacapital/20191202-vff-nav-weekly-report-4f7a48ecff5593d1.xlsx carries line 2.1; not Appendix XXIV
vinacapital,vff,VINACAPITAL-VFF,https://vinacapital.com/wp-content/uploads/2022/07/20191209-vff-changes-of-nav-weekly-report.xlsx,2019-12-09,20191209-vff-changes-of-nav-weekly-report.xlsx,,2019-12-09,data/raw/vinacapital/20191209-vff-changes-of-nav-weekly-report-d11ebb35da84d859.xlsx,ParseError: no sheet in data/raw/vinacapital/20191209-vff-changes-of-nav-weekly-report-d11ebb35da84d859.xlsx carries line 2.1; not Appendix XXIV
vinacapital,vff,VINACAPITAL-VFF,https://vinacapital.com/wp-content/uploads/2022/07/20191209-vff-nav-weekly-report.xlsx,2019-12-09,20191209-vff-nav-weekly-report.xlsx,,2019-12-09,data/raw/vinacapital/20191209-vff-nav-weekly-report-6dd1b0d5e6718560.xlsx,ParseError: no sheet in data/raw/vinacapital/20191209-vff-nav-weekly-report-6dd1b0d5e6718560.xlsx carries line 2.1; not Appendix XXIV
vinacapital,vff,VINACAPITAL-VFF,https://vinacapital.com/wp-content/uploads/2022/07/20191216-vff-changes-of-nav-weekly-report.xlsx,2019-12-16,20191216-vff-changes-of-nav-weekly-report.xlsx,,2019-12-16,data/raw/vinacapital/20191216-vff-changes-of-nav-weekly-report-4660a38409428b80.xlsx,ParseError: no sheet in data/raw/vinacapital/20191216-vff-changes-of-nav-weekly-report-4660a38409428b80.xlsx carries line 2.1; not Appendix XXIV
vinacapital,vff,VINACAPITAL-VFF,https://vinacapital.com/wp-content/uploads/2022/07/20191216-vff-nav-weekly-report.xlsx,2019-12-16,20191216-vff-nav-weekly-report.xlsx,,2019-12-16,data/raw/vinacapital/20191216-vff-nav-weekly-report-a612a68380dd082b.xlsx,ParseError: no sheet in data/raw/vinacapital/20191216-vff-nav-weekly-report-a612a68380dd082b.xlsx carries line 2.1; not Appendix XXIV
vinacapital,vff,VINACAPITAL-VFF,https://vinacapital.com/wp-content/uploads/2022/07/20191223-vff-changes-of-nav-weekly-report.xlsx,2019-12-23,20191223-vff-changes-of-nav-weekly-report.xlsx,,2019-12-23,data/raw/vinacapital/20191223-vff-changes-of-nav-weekly-report-7a082242375c76c3.xlsx,ParseError: no sheet in data/raw/vinacapital/20191223-vff-changes-of-nav-weekly-report-7a082242375c76c3.xlsx carries line 2.1; not Appendix XXIV
vinacapital,vff,VINACAPITAL-VFF,https://vinacapital.com/wp-content/uploads/2022/07/20191223-vff-nav-weekly-report.xlsx,2019-12-23,20191223-vff-nav-weekly-report.xlsx,,2019-12-23,data/raw/vinacapital/20191223-vff-nav-weekly-report-431ef2bf49f2c30d.xlsx,ParseError: no sheet in data/raw/vinacapital/20191223-vff-nav-weekly-report-431ef2bf49f2c30d.xlsx carries line 2.1; not Appendix XXIV
vinacapital,vff,VINACAPITAL-VFF,https://vinacapital.com/wp-content/uploads/2022/07/20191230-vff-changes-of-nav-weekly-report.xlsx,2019-12-30,20191230-vff-changes-of-nav-weekly-report.xlsx,,2019-12-30,data/raw/vinacapital/20191230-vff-changes-of-nav-weekly-report-4fbc6a3b59d760d2.xlsx,ParseError: no sheet in data/raw/vinacapital/20191230-vff-changes-of-nav-weekly-report-4fbc6a3b59d760d2.xlsx carries line 2.1; not Appendix XXIV
vinacapital,vff,VINACAPITAL-VFF,https://vinacapital.com/wp-content/uploads/2022/07/20191230-vff-nav-weekly-report.xlsx,2019-12-30,20191230-vff-nav-weekly-report.xlsx,,2019-12-30,data/raw/vinacapital/20191230-vff-nav-weekly-report-4fbc6a3b59d760d2.xlsx,ParseError: no sheet in data/raw/vinacapital/20191230-vff-nav-weekly-report-4fbc6a3b59d760d2.xlsx carries line 2.1; not Appendix XXIV
vinacapital,vff,VINACAPITAL-VFF,https://vinacapital.com/wp-content/uploads/2022/07/20200106-vff-changes-of-nav-weekly-report.xlsx,2020-01-06,20200106-vff-changes-of-nav-weekly-report.xlsx,,2020-01-06,data/raw/vinacapital/20200106-vff-changes-of-nav-weekly-report-43fe93c2827f3672.xlsx,ParseError: no sheet in data/raw/vinacapital/20200106-vff-changes-of-nav-weekly-report-43fe93c2827f3672.xlsx carries line 2.1; not Appendix XXIV
vinacapital,vff,VINACAPITAL-VFF,https://vinacapital.com/wp-content/uploads/2022/07/20200106-vff-nav-weekly-report.xlsx,2020-01-06,20200106-vff-nav-weekly-report.xlsx,,2020-01-06,data/raw/vinacapital/20200106-vff-nav-weekly-report-37cd1e7afdc33992.xlsx,ParseError: no sheet in data/raw/vinacapital/20200106-vff-nav-weekly-report-37cd1e7afdc33992.xlsx carries line 2.1; not Appendix XXIV
vinacapital,vff,VINACAPITAL-VFF,https://vinacapital.com/wp-content/uploads/2022/07/20200113-vff-changes-of-nav-weekly-report.xlsx,2020-01-13,20200113-vff-changes-of-nav-weekly-report.xlsx,,2020-01-13,data/raw/vinacapital/20200113-vff-changes-of-nav-weekly-report-0132e64b39fd3159.xlsx,ParseError: no sheet in data/raw/vinacapital/20200113-vff-changes-of-nav-weekly-report-0132e64b39fd3159.xlsx carries line 2.1; not Appendix XXIV
vinacapital,vff,VINACAPITAL-VFF,https://vinacapital.com/wp-content/uploads/2022/07/20200113-vff-nav-weekly-report.xlsx,2020-01-13,20200113-vff-nav-weekly-report.xlsx,,2020-01-13,data/raw/vinacapital/20200113-vff-nav-weekly-report-4c018abbd3c4b662.xlsx,ParseError: no sheet in data/raw/vinacapital/20200113-vff-nav-weekly-report-4c018abbd3c4b662.xlsx carries line 2.1; not Appendix XXIV
vinacapital,vff,VINACAPITAL-VFF,https://vinacapital.com/wp-content/uploads/2022/07/20200120-vff-changes-of-nav-weekly-report.xlsx,2020-01-20,20200120-vff-changes-of-nav-weekly-report.xlsx,,2020-01-20,data/raw/vinacapital/20200120-vff-changes-of-nav-weekly-report-fe314d4b611c7997.xlsx,ParseError: no sheet in data/raw/vinacapital/20200120-vff-changes-of-nav-weekly-report-fe314d4b611c7997.xlsx carries line 2.1; not Appendix XXIV
vinacapital,vff,VINACAPITAL-VFF,https://vinacapital.com/wp-content/uploads/2022/07/20200120-vff-nav-weekly-report.xlsx,2020-01-20,20200120-vff-nav-weekly-report.xlsx,,2020-01-20,data/raw/vinacapital/20200120-vff-nav-weekly-report-434f7da6791d3eb2.xlsx,ParseError: no sheet in data/raw/vinacapital/20200120-vff-nav-weekly-report-434f7da6791d3eb2.xlsx carries line 2.1; not Appendix XXIV
vinacapital,vff,VINACAPITAL-VFF,https://vinacapital.com/wp-content/uploads/2022/07/20200127-vff-changes-of-nav-weekly-report.xlsx,2020-01-27,20200127-vff-changes-of-nav-weekly-report.xlsx,,2020-01-27,data/raw/vinacapital/20200127-vff-changes-of-nav-weekly-report-10aba2b5f206d0fd.xlsx,ParseError: no sheet in data/raw/vinacapital/20200127-vff-changes-of-nav-weekly-report-10aba2b5f206d0fd.xlsx carries line 2.1; not Appendix XXIV
vinacapital,vff,VINACAPITAL-VFF,https://vinacapital.com/wp-content/uploads/2022/07/20200127-vff-nav-weekly-report.xlsx,2020-01-27,20200127-vff-nav-weekly-report.xlsx,,2020-01-27,data/raw/vinacapital/20200127-vff-nav-weekly-report-86786b04a571044e.xlsx,ParseError: no sheet in data/raw/vinacapital/20200127-vff-nav-weekly-report-86786b04a571044e.xlsx carries line 2.1; not Appendix XXIV
vinacapital,vff,VINACAPITAL-VFF,https://vinacapital.com/wp-content/uploads/2022/07/20200203-vff-changes-of-nav-weekly-report.xlsx,2020-02-03,20200203-vff-changes-of-nav-weekly-report.xlsx,,2020-02-03,data/raw/vinacapital/20200203-vff-changes-of-nav-weekly-report-3f5302053aa75f31.xlsx,ParseError: no sheet in data/raw/vinacapital/20200203-vff-changes-of-nav-weekly-report-3f5302053aa75f31.xlsx carries line 2.1; not Appendix XXIV
vinacapital,vff,VINACAPITAL-VFF,https://vinacapital.com/wp-content/uploads/2022/07/20200203-vff-nav-weekly-report.xlsx,2020-02-03,20200203-vff-nav-weekly-report.xlsx,,2020-02-03,data/raw/vinacapital/20200203-vff-nav-weekly-report-b2651683767e75f7.xlsx,ParseError: no sheet in data/raw/vinacapital/20200203-vff-nav-weekly-report-b2651683767e75f7.xlsx carries line 2.1; not Appendix XXIV
vinacapital,vff,VINACAPITAL-VFF,https://vinacapital.com/wp-content/uploads/2022/07/20200210-vff-changes-of-nav-weekly-report.xlsx,2020-02-10,20200210-vff-changes-of-nav-weekly-report.xlsx,,2020-02-10,data/raw/vinacapital/20200210-vff-changes-of-nav-weekly-report-5cb9ade0ab23fb6a.xlsx,ParseError: no sheet in data/raw/vinacapital/20200210-vff-changes-of-nav-weekly-report-5cb9ade0ab23fb6a.xlsx carries line 2.1; not Appendix XXIV
vinacapital,vff,VINACAPITAL-VFF,https://vinacapital.com/wp-content/uploads/2022/07/20200210-vff-nav-weekly-report.xlsx,2020-02-10,20200210-vff-nav-weekly-report.xlsx,,2020-02-10,data/raw/vinacapital/20200210-vff-nav-weekly-report-7a64039c491e385d.xlsx,ParseError: no sheet in data/raw/vinacapital/20200210-vff-nav-weekly-report-7a64039c491e385d.xlsx carries line 2.1; not Appendix XXIV
vinacapital,vff,VINACAPITAL-VFF,https://vinacapital.com/wp-content/uploads/2022/07/20200217-vff-changes-of-nav-weekly-report.xlsx,2020-02-17,20200217-vff-changes-of-nav-weekly-report.xlsx,,2020-02-17,data/raw/vinacapital/20200217-vff-changes-of-nav-weekly-report-fa7ff3fcfd30dd02.xlsx,ParseError: no sheet in data/raw/vinacapital/20200217-vff-changes-of-nav-weekly-report-fa7ff3fcfd30dd02.xlsx carries line 2.1; not Appendix XXIV
vinacapital,vff,VINACAPITAL-VFF,https://vinacapital.com/wp-content/uploads/2022/07/20200217-vff-nav-weekly-report.xlsx,2020-02-17,20200217-vff-nav-weekly-report.xlsx,,2020-02-17,data/raw/vinacapital/20200217-vff-nav-weekly-report-4c8e22936106f9f2.xlsx,ParseError: no sheet in data/raw/vinacapital/20200217-vff-nav-weekly-report-4c8e22936106f9f2.xlsx carries line 2.1; not Appendix XXIV
vinacapital,vff,VINACAPITAL-VFF,https://vinacapital.com/wp-content/uploads/2022/07/20200224-vff-changes-of-nav-weekly-report.xlsx,2020-02-24,20200224-vff-changes-of-nav-weekly-report.xlsx,,2020-02-24,data/raw/vinacapital/20200224-vff-changes-of-nav-weekly-report-1caab2c8a9d4be6a.xlsx,ParseError: no sheet in data/raw/vinacapital/20200224-vff-changes-of-nav-weekly-report-1caab2c8a9d4be6a.xlsx carries line 2.1; not Appendix XXIV
vinacapital,vff,VINACAPITAL-VFF,https://vinacapital.com/wp-content/uploads/2022/07/20200224-vff-nav-weekly-report.xlsx,2020-02-24,20200224-vff-nav-weekly-report.xlsx,,2020-02-24,data/raw/vinacapital/20200224-vff-nav-weekly-report-6a9dd65ac11d5601.xlsx,ParseError: no sheet in data/raw/vinacapital/20200224-vff-nav-weekly-report-6a9dd65ac11d5601.xlsx carries line 2.1; not Appendix XXIV
vinacapital,vff,VINACAPITAL-VFF,https://vinacapital.com/wp-content/uploads/2022/07/20200302-vff-changes-of-nav-weekly-report.xlsx,2020-03-02,20200302-vff-changes-of-nav-weekly-report.xlsx,,2020-03-02,data/raw/vinacapital/20200302-vff-changes-of-nav-weekly-report-79cff71c488eb304.xlsx,ParseError: no sheet in data/raw/vinacapital/20200302-vff-changes-of-nav-weekly-report-79cff71c488eb304.xlsx carries line 2.1; not Appendix XXIV
vinacapital,vff,VINACAPITAL-VFF,https://vinacapital.com/wp-content/uploads/2022/07/20200302-vff-nav-weekly-report.xlsx,2020-03-02,20200302-vff-nav-weekly-report.xlsx,,2020-03-02,data/raw/vinacapital/20200302-vff-nav-weekly-report-4558c7a0340e6989.xlsx,ParseError: no sheet in data/raw/vinacapital/20200302-vff-nav-weekly-report-4558c7a0340e6989.xlsx carries line 2.1; not Appendix XXIV
vinacapital,vff,VINACAPITAL-VFF,https://vinacapital.com/wp-content/uploads/2022/07/20200309-vff-changes-of-nav-weekly-report.xlsx,2020-03-09,20200309-vff-changes-of-nav-weekly-report.xlsx,,2020-03-09,data/raw/vinacapital/20200309-vff-changes-of-nav-weekly-report-176f869f18c67a6d.xlsx,ParseError: no sheet in data/raw/vinacapital/20200309-vff-changes-of-nav-weekly-report-176f869f18c67a6d.xlsx carries line 2.1; not Appendix XXIV
vinacapital,vff,VINACAPITAL-VFF,https://vinacapital.com/wp-content/uploads/2022/07/20200309-vff-nav-weekly-report.xlsx,2020-03-09,20200309-vff-nav-weekly-report.xlsx,,2020-03-09,data/raw/vinacapital/20200309-vff-nav-weekly-report-365b2fa00a77ea70.xlsx,ParseError: no sheet in data/raw/vinacapital/20200309-vff-nav-weekly-report-365b2fa00a77ea70.xlsx carries line 2.1; not Appendix XXIV
vinacapital,vff,VINACAPITAL-VFF,https://vinacapital.com/wp-content/uploads/2022/07/20200316-vff-changes-of-nav-weekly-report.xlsx,2020-03-16,20200316-vff-changes-of-nav-weekly-report.xlsx,,2020-03-16,data/raw/vinacapital/20200316-vff-changes-of-nav-weekly-report-d4c36dbf896a9ecd.xlsx,ParseError: no sheet in data/raw/vinacapital/20200316-vff-changes-of-nav-weekly-report-d4c36dbf896a9ecd.xlsx carries line 2.1; not Appendix XXIV
vinacapital,vff,VINACAPITAL-VFF,https://vinacapital.com/wp-content/uploads/2022/07/20200316-vff-nav-weekly-report.xlsx,2020-03-16,20200316-vff-nav-weekly-report.xlsx,,2020-03-16,data/raw/vinacapital/20200316-vff-nav-weekly-report-8356672baae63076.xlsx,ParseError: no sheet in data/raw/vinacapital/20200316-vff-nav-weekly-report-8356672baae63076.xlsx carries line 2.1; not Appendix XXIV
vinacapital,vff,VINACAPITAL-VFF,https://vinacapital.com/wp-content/uploads/2022/07/20200323-vff-changes-of-nav-weekly-report.xlsx,2020-03-23,20200323-vff-changes-of-nav-weekly-report.xlsx,,2020-03-23,data/raw/vinacapital/20200323-vff-changes-of-nav-weekly-report-7c143dceeb5bdcc1.xlsx,ParseError: no sheet in data/raw/vinacapital/20200323-vff-changes-of-nav-weekly-report-7c143dceeb5bdcc1.xlsx carries line 2.1; not Appendix XXIV
vinacapital,vff,VINACAPITAL-VFF,https://vinacapital.com/wp-content/uploads/2022/07/20200323-vff-nav-weekly-report.xlsx,2020-03-23,20200323-vff-nav-weekly-report.xlsx,,2020-03-23,data/raw/vinacapital/20200323-vff-nav-weekly-report-f60639137f182ea3.xlsx,ParseError: no sheet in data/raw/vinacapital/20200323-vff-nav-weekly-report-f60639137f182ea3.xlsx carries line 2.1; not Appendix XXIV
vinacapital,vff,VINACAPITAL-VFF,https://vinacapital.com/wp-content/uploads/2022/07/20200330-vff-changes-of-nav-weekly-report.xlsx,2020-03-30,20200330-vff-changes-of-nav-weekly-report.xlsx,,2020-03-30,data/raw/vinacapital/20200330-vff-changes-of-nav-weekly-report-0b2281c523765c83.xlsx,ParseError: no sheet in data/raw/vinacapital/20200330-vff-changes-of-nav-weekly-report-0b2281c523765c83.xlsx carries line 2.1; not Appendix XXIV
vinacapital,vff,VINACAPITAL-VFF,https://vinacapital.com/wp-content/uploads/2022/07/20200330-vff-nav-weekly-report.xlsx,2020-03-30,20200330-vff-nav-weekly-report.xlsx,,2020-03-30,data/raw/vinacapital/20200330-vff-nav-weekly-report-80e410242d206f0f.xlsx,ParseError: no sheet in data/raw/vinacapital/20200330-vff-nav-weekly-report-80e410242d206f0f.xlsx carries line 2.1; not Appendix XXIV
vinacapital,vff,VINACAPITAL-VFF,https://vinacapital.com/wp-content/uploads/2022/07/20200406-vff-changes-of-nav-weekly-report.xlsx,2020-04-06,20200406-vff-changes-of-nav-weekly-report.xlsx,,2020-04-06,data/raw/vinacapital/20200406-vff-changes-of-nav-weekly-report-bb1c13c4460b6105.xlsx,ParseError: no sheet in data/raw/vinacapital/20200406-vff-changes-of-nav-weekly-report-bb1c13c4460b6105.xlsx carries line 2.1; not Appendix XXIV
vinacapital,vff,VINACAPITAL-VFF,https://vinacapital.com/wp-content/uploads/2022/07/20200406-vff-nav-weekly-report.xlsx,2020-04-06,20200406-vff-nav-weekly-report.xlsx,,2020-04-06,data/raw/vinacapital/20200406-vff-nav-weekly-report-41a0b4b1c0f090a7.xlsx,ParseError: no sheet in data/raw/vinacapital/20200406-vff-nav-weekly-report-41a0b4b1c0f090a7.xlsx carries line 2.1; not Appendix XXIV
vinacapital,vff,VINACAPITAL-VFF,https://vinacapital.com/wp-content/uploads/2022/07/20200413-vff-changes-of-nav-weekly-report.xlsx,2020-04-13,20200413-vff-changes-of-nav-weekly-report.xlsx,,2020-04-13,data/raw/vinacapital/20200413-vff-changes-of-nav-weekly-report-829e10362610bb14.xlsx,ParseError: no sheet in data/raw/vinacapital/20200413-vff-changes-of-nav-weekly-report-829e10362610bb14.xlsx carries line 2.1; not Appendix XXIV
vinacapital,vff,VINACAPITAL-VFF,https://vinacapital.com/wp-content/uploads/2022/07/20200413-vff-nav-weekly-report.xlsx,2020-04-13,20200413-vff-nav-weekly-report.xlsx,,2020-04-13,data/raw/vinacapital/20200413-vff-nav-weekly-report-58648656393b7df9.xlsx,ParseError: no sheet in data/raw/vinacapital/20200413-vff-nav-weekly-report-58648656393b7df9.xlsx carries line 2.1; not Appendix XXIV
vinacapital,vff,VINACAPITAL-VFF,https://vinacapital.com/wp-content/uploads/2022/07/20200420-vff-changes-of-nav-weekly-report.xlsx,2020-04-20,20200420-vff-changes-of-nav-weekly-report.xlsx,,2020-04-20,data/raw/vinacapital/20200420-vff-changes-of-nav-weekly-report-368f1d242b337f55.xlsx,ParseError: no sheet in data/raw/vinacapital/20200420-vff-changes-of-nav-weekly-report-368f1d242b337f55.xlsx carries line 2.1; not Appendix XXIV
vinacapital,vff,VINACAPITAL-VFF,https://vinacapital.com/wp-content/uploads/2022/07/20200420-vff-nav-weekly-report.xlsx,2020-04-20,20200420-vff-nav-weekly-report.xlsx,,2020-04-20,data/raw/vinacapital/20200420-vff-nav-weekly-report-4b8a16e498b87d2c.xlsx,ParseError: no sheet in data/raw/vinacapital/20200420-vff-nav-weekly-report-4b8a16e498b87d2c.xlsx carries line 2.1; not Appendix XXIV
vinacapital,vff,VINACAPITAL-VFF,https://vinacapital.com/wp-content/uploads/2022/07/20200427-vff-changes-of-nav-weekly-report.xlsx,2020-04-27,20200427-vff-changes-of-nav-weekly-report.xlsx,,2020-04-27,data/raw/vinacapital/20200427-vff-changes-of-nav-weekly-report-b834defb3c6ac115.xlsx,ParseError: no sheet in data/raw/vinacapital/20200427-vff-changes-of-nav-weekly-report-b834defb3c6ac115.xlsx carries line 2.1; not Appendix XXIV
vinacapital,vff,VINACAPITAL-VFF,https://vinacapital.com/wp-content/uploads/2022/07/20200427-vff-nav-weekly-report.xlsx,2020-04-27,20200427-vff-nav-weekly-report.xlsx,,2020-04-27,data/raw/vinacapital/20200427-vff-nav-weekly-report-fba8a773e70a3357.xlsx,ParseError: no sheet in data/raw/vinacapital/20200427-vff-nav-weekly-report-fba8a773e70a3357.xlsx carries line 2.1; not Appendix XXIV
vinacapital,vff,VINACAPITAL-VFF,https://vinacapital.com/wp-content/uploads/2022/07/20200504-vff-changes-of-nav-weekly-report.xlsx,2020-05-04,20200504-vff-changes-of-nav-weekly-report.xlsx,,2020-05-04,data/raw/vinacapital/20200504-vff-changes-of-nav-weekly-report-5bdc9a27305f621f.xlsx,ParseError: no sheet in data/raw/vinacapital/20200504-vff-changes-of-nav-weekly-report-5bdc9a27305f621f.xlsx carries line 2.1; not Appendix XXIV
vinacapital,vff,VINACAPITAL-VFF,https://vinacapital.com/wp-content/uploads/2022/07/20200504-vff-nav-weekly-report.xlsx,2020-05-04,20200504-vff-nav-weekly-report.xlsx,,2020-05-04,data/raw/vinacapital/20200504-vff-nav-weekly-report-f357dffa627b1862.xlsx,ParseError: no sheet in data/raw/vinacapital/20200504-vff-nav-weekly-report-f357dffa627b1862.xlsx carries line 2.1; not Appendix XXIV
vinacapital,vff,VINACAPITAL-VFF,https://vinacapital.com/wp-content/uploads/2022/07/20200511-vff-changes-of-nav-weekly-report.xlsx,2020-05-11,20200511-vff-changes-of-nav-weekly-report.xlsx,,2020-05-11,data/raw/vinacapital/20200511-vff-changes-of-nav-weekly-report-8cbaea3383a10d6a.xlsx,ParseError: no sheet in data/raw/vinacapital/20200511-vff-changes-of-nav-weekly-report-8cbaea3383a10d6a.xlsx carries line 2.1; not Appendix XXIV
vinacapital,vff,VINACAPITAL-VFF,https://vinacapital.com/wp-content/uploads/2022/07/20200511-vff-nav-weekly-report.xlsx,2020-05-11,20200511-vff-nav-weekly-report.xlsx,,2020-05-11,data/raw/vinacapital/20200511-vff-nav-weekly-report-481b64eac19fa5dc.xlsx,ParseError: no sheet in data/raw/vinacapital/20200511-vff-nav-weekly-report-481b64eac19fa5dc.xlsx carries line 2.1; not Appendix XXIV
vinacapital,vff,VINACAPITAL-VFF,https://vinacapital.com/wp-content/uploads/2022/07/20200518-vff-changes-of-nav-weekly-report.xlsx,2020-05-18,20200518-vff-changes-of-nav-weekly-report.xlsx,,2020-05-18,data/raw/vinacapital/20200518-vff-changes-of-nav-weekly-report-7775bca371704d97.xlsx,ParseError: no sheet in data/raw/vinacapital/20200518-vff-changes-of-nav-weekly-report-7775bca371704d97.xlsx carries line 2.1; not Appendix XXIV
vinacapital,vff,VINACAPITAL-VFF,https://vinacapital.com/wp-content/uploads/2022/07/20200518-vff-nav-weekly-report.xlsx,2020-05-18,20200518-vff-nav-weekly-report.xlsx,,2020-05-18,data/raw/vinacapital/20200518-vff-nav-weekly-report-36bfe63f09bc3804.xlsx,ParseError: no sheet in data/raw/vinacapital/20200518-vff-nav-weekly-report-36bfe63f09bc3804.xlsx carries line 2.1; not Appendix XXIV
vinacapital,vff,VINACAPITAL-VFF,https://vinacapital.com/wp-content/uploads/2022/07/20200525-vff-changes-of-nav-weekly-report.xlsx,2020-05-25,20200525-vff-changes-of-nav-weekly-report.xlsx,,2020-05-25,data/raw/vinacapital/20200525-vff-changes-of-nav-weekly-report-10c7bda3640a5311.xlsx,ParseError: no sheet in data/raw/vinacapital/20200525-vff-changes-of-nav-weekly-report-10c7bda3640a5311.xlsx carries line 2.1; not Appendix XXIV
vinacapital,vff,VINACAPITAL-VFF,https://vinacapital.com/wp-content/uploads/2022/07/20200525-vff-nav-weekly-report.xlsx,2020-05-25,20200525-vff-nav-weekly-report.xlsx,,2020-05-25,data/raw/vinacapital/20200525-vff-nav-weekly-report-d4390adddd8657f5.xlsx,ParseError: no sheet in data/raw/vinacapital/20200525-vff-nav-weekly-report-d4390adddd8657f5.xlsx carries line 2.1; not Appendix XXIV
vinacapital,vff,VINACAPITAL-VFF,https://vinacapital.com/wp-content/uploads/2022/07/20200601-vff-changes-of-nav-weekly-report.xlsx,2020-06-01,20200601-vff-changes-of-nav-weekly-report.xlsx,,2020-06-01,data/raw/vinacapital/20200601-vff-changes-of-nav-weekly-report-62a250828581608c.xlsx,ParseError: no sheet in data/raw/vinacapital/20200601-vff-changes-of-nav-weekly-report-62a250828581608c.xlsx carries line 2.1; not Appendix XXIV
vinacapital,vff,VINACAPITAL-VFF,https://vinacapital.com/wp-content/uploads/2022/07/20200601-vff-nav-weekly-report.xlsx,2020-06-01,20200601-vff-nav-weekly-report.xlsx,,2020-06-01,data/raw/vinacapital/20200601-vff-nav-weekly-report-086eef12419069c4.xlsx,ParseError: no sheet in data/raw/vinacapital/20200601-vff-nav-weekly-report-086eef12419069c4.xlsx carries line 2.1; not Appendix XXIV
vinacapital,vff,VINACAPITAL-VFF,https://vinacapital.com/wp-content/uploads/2022/07/20200608-vff-changes-of-nav-weekly-report.xlsx,2020-06-08,20200608-vff-changes-of-nav-weekly-report.xlsx,,2020-06-08,data/raw/vinacapital/20200608-vff-changes-of-nav-weekly-report-5edc2d180a20aa50.xlsx,ParseError: no sheet in data/raw/vinacapital/20200608-vff-changes-of-nav-weekly-report-5edc2d180a20aa50.xlsx carries line 2.1; not Appendix XXIV
vinacapital,vff,VINACAPITAL-VFF,https://vinacapital.com/wp-content/uploads/2022/07/20200608-vff-nav-weekly-report.xlsx,2020-06-08,20200608-vff-nav-weekly-report.xlsx,,2020-06-08,data/raw/vinacapital/20200608-vff-nav-weekly-report-3e59876cf26d9b34.xlsx,ParseError: no sheet in data/raw/vinacapital/20200608-vff-nav-weekly-report-3e59876cf26d9b34.xlsx carries line 2.1; not Appendix XXIV
vinacapital,vff,VINACAPITAL-VFF,https://vinacapital.com/wp-content/uploads/2022/07/20200615-vff-changes-of-nav-weekly-report.xlsx,2020-06-15,20200615-vff-changes-of-nav-weekly-report.xlsx,,2020-06-15,data/raw/vinacapital/20200615-vff-changes-of-nav-weekly-report-2df4cec4d31cb822.xlsx,ParseError: no sheet in data/raw/vinacapital/20200615-vff-changes-of-nav-weekly-report-2df4cec4d31cb822.xlsx carries line 2.1; not Appendix XXIV
vinacapital,vff,VINACAPITAL-VFF,https://vinacapital.com/wp-content/uploads/2022/07/20200615-vff-nav-weekly-report.xlsx,2020-06-15,20200615-vff-nav-weekly-report.xlsx,,2020-06-15,data/raw/vinacapital/20200615-vff-nav-weekly-report-146eafa2323b0ec9.xlsx,ParseError: no sheet in data/raw/vinacapital/20200615-vff-nav-weekly-report-146eafa2323b0ec9.xlsx carries line 2.1; not Appendix XXIV
vinacapital,vff,VINACAPITAL-VFF,https://vinacapital.com/wp-content/uploads/2022/07/20200622-vff-changes-of-nav-weekly-report.xlsx,2020-06-22,20200622-vff-changes-of-nav-weekly-report.xlsx,,2020-06-22,data/raw/vinacapital/20200622-vff-changes-of-nav-weekly-report-944bce1c415cc76f.xlsx,ParseError: no sheet in data/raw/vinacapital/20200622-vff-changes-of-nav-weekly-report-944bce1c415cc76f.xlsx carries line 2.1; not Appendix XXIV
vinacapital,vff,VINACAPITAL-VFF,https://vinacapital.com/wp-content/uploads/2022/07/20200622-vff-nav-weekly-report.xlsx,2020-06-22,20200622-vff-nav-weekly-report.xlsx,,2020-06-22,data/raw/vinacapital/20200622-vff-nav-weekly-report-25d3701a3bf9eb8f.xlsx,ParseError: no sheet in data/raw/vinacapital/20200622-vff-nav-weekly-report-25d3701a3bf9eb8f.xlsx carries line 2.1; not Appendix XXIV
vinacapital,vff,VINACAPITAL-VFF,https://vinacapital.com/wp-content/uploads/2022/07/20200629-vff-changes-of-nav-weekly-report.xlsx,2020-06-29,20200629-vff-changes-of-nav-weekly-report.xlsx,,2020-06-29,data/raw/vinacapital/20200629-vff-changes-of-nav-weekly-report-634f9cbc618a9c4e.xlsx,ParseError: no sheet in data/raw/vinacapital/20200629-vff-changes-of-nav-weekly-report-634f9cbc618a9c4e.xlsx carries line 2.1; not Appendix XXIV
vinacapital,vff,VINACAPITAL-VFF,https://vinacapital.com/wp-content/uploads/2022/07/20200629-vff-nav-weekly-report.xlsx,2020-06-29,20200629-vff-nav-weekly-report.xlsx,,2020-06-29,data/raw/vinacapital/20200629-vff-nav-weekly-report-01bd8248646d3d28.xlsx,ParseError: no sheet in data/raw/vinacapital/20200629-vff-nav-weekly-report-01bd8248646d3d28.xlsx carries line 2.1; not Appendix XXIV
vinacapital,vff,VINACAPITAL-VFF,https://vinacapital.com/wp-content/uploads/2022/07/20200706-vff-changes-of-nav-weekly-report.xlsx,2020-07-06,20200706-vff-changes-of-nav-weekly-report.xlsx,,2020-07-06,data/raw/vinacapital/20200706-vff-changes-of-nav-weekly-report-ff0c5cd095d43f88.xlsx,ParseError: no sheet in data/raw/vinacapital/20200706-vff-changes-of-nav-weekly-report-ff0c5cd095d43f88.xlsx carries line 2.1; not Appendix XXIV
vinacapital,vff,VINACAPITAL-VFF,https://vinacapital.com/wp-content/uploads/2022/07/20200706-vff-nav-weekly-report.xlsx,2020-07-06,20200706-vff-nav-weekly-report.xlsx,,2020-07-06,data/raw/vinacapital/20200706-vff-nav-weekly-report-2b67e63bd9049bc4.xlsx,ParseError: no sheet in data/raw/vinacapital/20200706-vff-nav-weekly-report-2b67e63bd9049bc4.xlsx carries line 2.1; not Appendix XXIV
vinacapital,vff,VINACAPITAL-VFF,https://vinacapital.com/wp-content/uploads/2022/07/20200713-vff-changes-of-nav-weekly-report.xlsx,2020-07-13,20200713-vff-changes-of-nav-weekly-report.xlsx,,2020-07-13,data/raw/vinacapital/20200713-vff-changes-of-nav-weekly-report-c9138cf1d3120a2c.xlsx,ParseError: no sheet in data/raw/vinacapital/20200713-vff-changes-of-nav-weekly-report-c9138cf1d3120a2c.xlsx carries line 2.1; not Appendix XXIV
vinacapital,vff,VINACAPITAL-VFF,https://vinacapital.com/wp-content/uploads/2022/07/20200713-vff-nav-weekly-report.xlsx,2020-07-13,20200713-vff-nav-weekly-report.xlsx,,2020-07-13,data/raw/vinacapital/20200713-vff-nav-weekly-report-ad2a74e1477d63dc.xlsx,ParseError: no sheet in data/raw/vinacapital/20200713-vff-nav-weekly-report-ad2a74e1477d63dc.xlsx carries line 2.1; not Appendix XXIV
vinacapital,vff,VINACAPITAL-VFF,https://vinacapital.com/wp-content/uploads/2022/07/20200727-vff-changes-of-nav-weekly-report.xlsx,2020-07-27,20200727-vff-changes-of-nav-weekly-report.xlsx,,2020-07-27,data/raw/vinacapital/20200727-vff-changes-of-nav-weekly-report-9aad288b083e2259.xlsx,ParseError: no sheet in data/raw/vinacapital/20200727-vff-changes-of-nav-weekly-report-9aad288b083e2259.xlsx carries line 2.1; not Appendix XXIV
vinacapital,vff,VINACAPITAL-VFF,https://vinacapital.com/wp-content/uploads/2022/07/20200727-vff-nav-weekly-report.xlsx,2020-07-27,20200727-vff-nav-weekly-report.xlsx,,2020-07-27,data/raw/vinacapital/20200727-vff-nav-weekly-report-2744af737cc98f65.xlsx,ParseError: no sheet in data/raw/vinacapital/20200727-vff-nav-weekly-report-2744af737cc98f65.xlsx carries line 2.1; not Appendix XXIV
vinacapital,vff,VINACAPITAL-VFF,https://vinacapital.com/wp-content/uploads/2022/07/20200803-vff-changes-of-nav-weekly-report.xlsx,2020-08-03,20200803-vff-changes-of-nav-weekly-report.xlsx,,2020-08-03,data/raw/vinacapital/20200803-vff-changes-of-nav-weekly-report-b25388d731fa017e.xlsx,ParseError: no sheet in data/raw/vinacapital/20200803-vff-changes-of-nav-weekly-report-b25388d731fa017e.xlsx carries line 2.1; not Appendix XXIV
vinacapital,vff,VINACAPITAL-VFF,https://vinacapital.com/wp-content/uploads/2022/07/20200803-vff-nav-weekly-report.xlsx,2020-08-03,20200803-vff-nav-weekly-report.xlsx,,2020-08-03,data/raw/vinacapital/20200803-vff-nav-weekly-report-3358f45a93369d28.xlsx,ParseError: no sheet in data/raw/vinacapital/20200803-vff-nav-weekly-report-3358f45a93369d28.xlsx carries line 2.1; not Appendix XXIV
vinacapital,vff,VINACAPITAL-VFF,https://vinacapital.com/wp-content/uploads/2022/07/20200810-vff-changes-of-nav-weekly-report.xlsx,2020-08-10,20200810-vff-changes-of-nav-weekly-report.xlsx,,2020-08-10,data/raw/vinacapital/20200810-vff-changes-of-nav-weekly-report-8442776afd2b5570.xlsx,ParseError: no sheet in data/raw/vinacapital/20200810-vff-changes-of-nav-weekly-report-8442776afd2b5570.xlsx carries line 2.1; not Appendix XXIV
vinacapital,vff,VINACAPITAL-VFF,https://vinacapital.com/wp-content/uploads/2022/07/20200810-vff-nav-weekly-report.xlsx,2020-08-10,20200810-vff-nav-weekly-report.xlsx,,2020-08-10,data/raw/vinacapital/20200810-vff-nav-weekly-report-a91f3cd04d67e83a.xlsx,ParseError: no sheet in data/raw/vinacapital/20200810-vff-nav-weekly-report-a91f3cd04d67e83a.xlsx carries line 2.1; not Appendix XXIV
vinacapital,vff,VINACAPITAL-VFF,https://vinacapital.com/wp-content/uploads/2022/07/20200817-vff-changes-of-nav-weekly-report.xlsx,2020-08-17,20200817-vff-changes-of-nav-weekly-report.xlsx,,2020-08-17,data/raw/vinacapital/20200817-vff-changes-of-nav-weekly-report-18efadb7b1b23b2c.xlsx,ParseError: no sheet in data/raw/vinacapital/20200817-vff-changes-of-nav-weekly-report-18efadb7b1b23b2c.xlsx carries line 2.1; not Appendix XXIV
vinacapital,vff,VINACAPITAL-VFF,https://vinacapital.com/wp-content/uploads/2022/07/20200817-vff-nav-weekly-report.xlsx,2020-08-17,20200817-vff-nav-weekly-report.xlsx,,2020-08-17,data/raw/vinacapital/20200817-vff-nav-weekly-report-e8d935539623f543.xlsx,ParseError: no sheet in data/raw/vinacapital/20200817-vff-nav-weekly-report-e8d935539623f543.xlsx carries line 2.1; not Appendix XXIV
vinacapital,vff,VINACAPITAL-VFF,https://vinacapital.com/wp-content/uploads/2022/07/20200824-vff-changes-of-nav-weekly-report.xlsx,2020-08-24,20200824-vff-changes-of-nav-weekly-report.xlsx,,2020-08-24,data/raw/vinacapital/20200824-vff-changes-of-nav-weekly-report-8d09f4d9c5ddbce4.xlsx,ParseError: no sheet in data/raw/vinacapital/20200824-vff-changes-of-nav-weekly-report-8d09f4d9c5ddbce4.xlsx carries line 2.1; not Appendix XXIV
vinacapital,vff,VINACAPITAL-VFF,https://vinacapital.com/wp-content/uploads/2022/07/20200824-vff-nav-weekly-report.xlsx,2020-08-24,20200824-vff-nav-weekly-report.xlsx,,2020-08-24,data/raw/vinacapital/20200824-vff-nav-weekly-report-2547ad1197599792.xlsx,ParseError: no sheet in data/raw/vinacapital/20200824-vff-nav-weekly-report-2547ad1197599792.xlsx carries line 2.1; not Appendix XXIV
vinacapital,vff,VINACAPITAL-VFF,https://vinacapital.com/wp-content/uploads/2022/07/20200831-vff-changes-of-nav-weekly-report.xlsx,2020-08-31,20200831-vff-changes-of-nav-weekly-report.xlsx,,2020-08-31,data/raw/vinacapital/20200831-vff-changes-of-nav-weekly-report-98d0534794669b54.xlsx,ParseError: no sheet in data/raw/vinacapital/20200831-vff-changes-of-nav-weekly-report-98d0534794669b54.xlsx carries line 2.1; not Appendix XXIV
vinacapital,vff,VINACAPITAL-VFF,https://vinacapital.com/wp-content/uploads/2022/07/20200831-vff-nav-weekly-report.xlsx,2020-08-31,20200831-vff-nav-weekly-report.xlsx,,2020-08-31,data/raw/vinacapital/20200831-vff-nav-weekly-report-783d45b16fe56f6f.xlsx,ParseError: no sheet in data/raw/vinacapital/20200831-vff-nav-weekly-report-783d45b16fe56f6f.xlsx carries line 2.1; not Appendix XXIV
vinacapital,vff,VINACAPITAL-VFF,https://vinacapital.com/wp-content/uploads/2022/07/20200907-vff-changes-of-nav-weekly-report.xlsx,2020-09-07,20200907-vff-changes-of-nav-weekly-report.xlsx,,2020-09-07,data/raw/vinacapital/20200907-vff-changes-of-nav-weekly-report-c284f7b12034ff5f.xlsx,ParseError: no sheet in data/raw/vinacapital/20200907-vff-changes-of-nav-weekly-report-c284f7b12034ff5f.xlsx carries line 2.1; not Appendix XXIV
vinacapital,vff,VINACAPITAL-VFF,https://vinacapital.com/wp-content/uploads/2022/07/20200907-vff-nav-weekly-report.xlsx,2020-09-07,20200907-vff-nav-weekly-report.xlsx,,2020-09-07,data/raw/vinacapital/20200907-vff-nav-weekly-report-43e7d2153505f901.xlsx,ParseError: no sheet in data/raw/vinacapital/20200907-vff-nav-weekly-report-43e7d2153505f901.xlsx carries line 2.1; not Appendix XXIV
vinacapital,vff,VINACAPITAL-VFF,https://vinacapital.com/wp-content/uploads/2022/07/20200914-vff-changes-of-nav-weekly-report.xlsx,2020-09-14,20200914-vff-changes-of-nav-weekly-report.xlsx,,2020-09-14,data/raw/vinacapital/20200914-vff-changes-of-nav-weekly-report-9b2ebf9455de21c7.xlsx,ParseError: no sheet in data/raw/vinacapital/20200914-vff-changes-of-nav-weekly-report-9b2ebf9455de21c7.xlsx carries line 2.1; not Appendix XXIV
vinacapital,vff,VINACAPITAL-VFF,https://vinacapital.com/wp-content/uploads/2022/07/20200914-vff-nav-weekly-report.xlsx,2020-09-14,20200914-vff-nav-weekly-report.xlsx,,2020-09-14,data/raw/vinacapital/20200914-vff-nav-weekly-report-84e3f24f3d5a6a33.xlsx,ParseError: no sheet in data/raw/vinacapital/20200914-vff-nav-weekly-report-84e3f24f3d5a6a33.xlsx carries line 2.1; not Appendix XXIV
vinacapital,vff,VINACAPITAL-VFF,https://vinacapital.com/wp-content/uploads/2022/07/20200921-vff-changes-of-nav-weekly-report.xlsx,2020-09-21,20200921-vff-changes-of-nav-weekly-report.xlsx,,2020-09-21,data/raw/vinacapital/20200921-vff-changes-of-nav-weekly-report-d4bc4c79a32f456a.xlsx,ParseError: no sheet in data/raw/vinacapital/20200921-vff-changes-of-nav-weekly-report-d4bc4c79a32f456a.xlsx carries line 2.1; not Appendix XXIV
vinacapital,vff,VINACAPITAL-VFF,https://vinacapital.com/wp-content/uploads/2022/07/20200921-vff-nav-weekly-report.xlsx,2020-09-21,20200921-vff-nav-weekly-report.xlsx,,2020-09-21,data/raw/vinacapital/20200921-vff-nav-weekly-report-3a50db1954540d15.xlsx,ParseError: no sheet in data/raw/vinacapital/20200921-vff-nav-weekly-report-3a50db1954540d15.xlsx carries line 2.1; not Appendix XXIV
vinacapital,vff,VINACAPITAL-VFF,https://vinacapital.com/wp-content/uploads/2022/07/20200928-vff-changes-of-nav-weekly-report.xlsx,2020-09-28,20200928-vff-changes-of-nav-weekly-report.xlsx,,2020-09-28,data/raw/vinacapital/20200928-vff-changes-of-nav-weekly-report-6e5e6c52da9316d5.xlsx,ParseError: no sheet in data/raw/vinacapital/20200928-vff-changes-of-nav-weekly-report-6e5e6c52da9316d5.xlsx carries line 2.1; not Appendix XXIV
vinacapital,vff,VINACAPITAL-VFF,https://vinacapital.com/wp-content/uploads/2022/07/20200928-vff-nav-weekly-report.xlsx,2020-09-28,20200928-vff-nav-weekly-report.xlsx,,2020-09-28,data/raw/vinacapital/20200928-vff-nav-weekly-report-7ee6a06d1edebe5f.xlsx,ParseError: no sheet in data/raw/vinacapital/20200928-vff-nav-weekly-report-7ee6a06d1edebe5f.xlsx carries line 2.1; not Appendix XXIV
vinacapital,vff,VINACAPITAL-VFF,https://vinacapital.com/wp-content/uploads/2022/07/20201005-vff-changes-of-nav-weekly-report.xlsx,2020-10-05,20201005-vff-changes-of-nav-weekly-report.xlsx,,2020-10-05,data/raw/vinacapital/20201005-vff-changes-of-nav-weekly-report-99c5bb566ed4ae38.xlsx,ParseError: no sheet in data/raw/vinacapital/20201005-vff-changes-of-nav-weekly-report-99c5bb566ed4ae38.xlsx carries line 2.1; not Appendix XXIV
vinacapital,vff,VINACAPITAL-VFF,https://vinacapital.com/wp-content/uploads/2022/07/20201005-vff-nav-weekly-report.xlsx,2020-10-05,20201005-vff-nav-weekly-report.xlsx,,2020-10-05,data/raw/vinacapital/20201005-vff-nav-weekly-report-dd390957495fb55b.xlsx,ParseError: no sheet in data/raw/vinacapital/20201005-vff-nav-weekly-report-dd390957495fb55b.xlsx carries line 2.1; not Appendix XXIV
vinacapital,vff,VINACAPITAL-VFF,https://vinacapital.com/wp-content/uploads/2022/07/20201012-vff-changes-of-nav-weekly-report.xlsx,2020-10-12,20201012-vff-changes-of-nav-weekly-report.xlsx,,2020-10-12,data/raw/vinacapital/20201012-vff-changes-of-nav-weekly-report-e96575700e9deaa6.xlsx,ParseError: no sheet in data/raw/vinacapital/20201012-vff-changes-of-nav-weekly-report-e96575700e9deaa6.xlsx carries line 2.1; not Appendix XXIV
vinacapital,vff,VINACAPITAL-VFF,https://vinacapital.com/wp-content/uploads/2022/07/20201012-vff-nav-weekly-report.xlsx,2020-10-12,20201012-vff-nav-weekly-report.xlsx,,2020-10-12,data/raw/vinacapital/20201012-vff-nav-weekly-report-82543a7eab34dad5.xlsx,ParseError: no sheet in data/raw/vinacapital/20201012-vff-nav-weekly-report-82543a7eab34dad5.xlsx carries line 2.1; not Appendix XXIV
vinacapital,vff,VINACAPITAL-VFF,https://vinacapital.com/wp-content/uploads/2022/07/20201019-vff-changes-of-nav-weekly-report.xlsx,2020-10-19,20201019-vff-changes-of-nav-weekly-report.xlsx,,2020-10-19,data/raw/vinacapital/20201019-vff-changes-of-nav-weekly-report-fd41c5854694f66f.xlsx,ParseError: no sheet in data/raw/vinacapital/20201019-vff-changes-of-nav-weekly-report-fd41c5854694f66f.xlsx carries line 2.1; not Appendix XXIV
vinacapital,vff,VINACAPITAL-VFF,https://vinacapital.com/wp-content/uploads/2022/07/20201019-vff-nav-weekly-report.xlsx,2020-10-19,20201019-vff-nav-weekly-report.xlsx,,2020-10-19,data/raw/vinacapital/20201019-vff-nav-weekly-report-ab6a3a0a71aa23a0.xlsx,ParseError: no sheet in data/raw/vinacapital/20201019-vff-nav-weekly-report-ab6a3a0a71aa23a0.xlsx carries line 2.1; not Appendix XXIV
vinacapital,vff,VINACAPITAL-VFF,https://vinacapital.com/wp-content/uploads/2022/07/20201026-vff-changes-of-nav-weekly-report.xlsx,2020-10-26,20201026-vff-changes-of-nav-weekly-report.xlsx,,2020-10-26,data/raw/vinacapital/20201026-vff-changes-of-nav-weekly-report-0fb024e8a7cba18e.xlsx,ParseError: no sheet in data/raw/vinacapital/20201026-vff-changes-of-nav-weekly-report-0fb024e8a7cba18e.xlsx carries line 2.1; not Appendix XXIV
vinacapital,vff,VINACAPITAL-VFF,https://vinacapital.com/wp-content/uploads/2022/07/20201026-vff-nav-weekly-report.xlsx,2020-10-26,20201026-vff-nav-weekly-report.xlsx,,2020-10-26,data/raw/vinacapital/20201026-vff-nav-weekly-report-1da8ecd03ece8b7b.xlsx,ParseError: no sheet in data/raw/vinacapital/20201026-vff-nav-weekly-report-1da8ecd03ece8b7b.xlsx carries line 2.1; not Appendix XXIV
vinacapital,vff,VINACAPITAL-VFF,https://vinacapital.com/wp-content/uploads/2022/07/20201102-vff-changes-of-nav-weekly-report.xlsx,2020-11-02,20201102-vff-changes-of-nav-weekly-report.xlsx,,2020-11-02,data/raw/vinacapital/20201102-vff-changes-of-nav-weekly-report-acfc620382f70aeb.xlsx,ParseError: no sheet in data/raw/vinacapital/20201102-vff-changes-of-nav-weekly-report-acfc620382f70aeb.xlsx carries line 2.1; not Appendix XXIV
vinacapital,vff,VINACAPITAL-VFF,https://vinacapital.com/wp-content/uploads/2022/07/20201102-vff-nav-weekly-report.xlsx,2020-11-02,20201102-vff-nav-weekly-report.xlsx,,2020-11-02,data/raw/vinacapital/20201102-vff-nav-weekly-report-cbd07e825dfb39c1.xlsx,ParseError: no sheet in data/raw/vinacapital/20201102-vff-nav-weekly-report-cbd07e825dfb39c1.xlsx carries line 2.1; not Appendix XXIV
vinacapital,vff,VINACAPITAL-VFF,https://vinacapital.com/wp-content/uploads/2022/07/20201109-vff-changes-of-nav-weekly-report.xlsx,2020-11-09,20201109-vff-changes-of-nav-weekly-report.xlsx,,2020-11-09,data/raw/vinacapital/20201109-vff-changes-of-nav-weekly-report-cf68f17b65a2b8e4.xlsx,ParseError: no sheet in data/raw/vinacapital/20201109-vff-changes-of-nav-weekly-report-cf68f17b65a2b8e4.xlsx carries line 2.1; not Appendix XXIV
vinacapital,vff,VINACAPITAL-VFF,https://vinacapital.com/wp-content/uploads/2022/07/20201109-vff-nav-weekly-report.xlsx,2020-11-09,20201109-vff-nav-weekly-report.xlsx,,2020-11-09,data/raw/vinacapital/20201109-vff-nav-weekly-report-0159857791478540.xlsx,ParseError: no sheet in data/raw/vinacapital/20201109-vff-nav-weekly-report-0159857791478540.xlsx carries line 2.1; not Appendix XXIV
vinacapital,vff,VINACAPITAL-VFF,https://vinacapital.com/wp-content/uploads/2022/07/20201116-vff-changes-of-nav-weekly-report.xlsx,2020-11-16,20201116-vff-changes-of-nav-weekly-report.xlsx,,2020-11-16,data/raw/vinacapital/20201116-vff-changes-of-nav-weekly-report-5abd254508a52a73.xlsx,ParseError: no sheet in data/raw/vinacapital/20201116-vff-changes-of-nav-weekly-report-5abd254508a52a73.xlsx carries line 2.1; not Appendix XXIV
vinacapital,vff,VINACAPITAL-VFF,https://vinacapital.com/wp-content/uploads/2022/07/20201123-vff-changes-of-nav-weekly-report.xlsx,2020-11-23,20201123-vff-changes-of-nav-weekly-report.xlsx,,2020-11-23,data/raw/vinacapital/20201123-vff-changes-of-nav-weekly-report-6abaa09623f98adf.xlsx,ParseError: no sheet in data/raw/vinacapital/20201123-vff-changes-of-nav-weekly-report-6abaa09623f98adf.xlsx carries line 2.1; not Appendix XXIV
vinacapital,vff,VINACAPITAL-VFF,https://vinacapital.com/wp-content/uploads/2022/07/20201123-vff-nav-weekly-report.xlsx,2020-11-23,20201123-vff-nav-weekly-report.xlsx,,2020-11-23,data/raw/vinacapital/20201123-vff-nav-weekly-report-1d89fed08904f39e.xlsx,ParseError: no sheet in data/raw/vinacapital/20201123-vff-nav-weekly-report-1d89fed08904f39e.xlsx carries line 2.1; not Appendix XXIV
vinacapital,vff,VINACAPITAL-VFF,https://vinacapital.com/wp-content/uploads/2022/07/20201130-vff-changes-of-nav-weekly-report.xlsx,2020-11-30,20201130-vff-changes-of-nav-weekly-report.xlsx,,2020-11-30,data/raw/vinacapital/20201130-vff-changes-of-nav-weekly-report-6a854c4d96fe7f64.xlsx,ParseError: no sheet in data/raw/vinacapital/20201130-vff-changes-of-nav-weekly-report-6a854c4d96fe7f64.xlsx carries line 2.1; not Appendix XXIV
vinacapital,vff,VINACAPITAL-VFF,https://vinacapital.com/wp-content/uploads/2022/07/20201130-vff-nav-weekly-report.xlsx,2020-11-30,20201130-vff-nav-weekly-report.xlsx,,2020-11-30,data/raw/vinacapital/20201130-vff-nav-weekly-report-a97bbc8bbee7bab2.xlsx,ParseError: no sheet in data/raw/vinacapital/20201130-vff-nav-weekly-report-a97bbc8bbee7bab2.xlsx carries line 2.1; not Appendix XXIV
vinacapital,vff,VINACAPITAL-VFF,https://vinacapital.com/wp-content/uploads/2022/07/20201207-vff-changes-of-nav-weekly-report.xlsx,2020-12-07,20201207-vff-changes-of-nav-weekly-report.xlsx,,2020-12-07,data/raw/vinacapital/20201207-vff-changes-of-nav-weekly-report-fccc9f01b20d4f76.xlsx,ParseError: no sheet in data/raw/vinacapital/20201207-vff-changes-of-nav-weekly-report-fccc9f01b20d4f76.xlsx carries line 2.1; not Appendix XXIV
vinacapital,vff,VINACAPITAL-VFF,https://vinacapital.com/wp-content/uploads/2022/07/20201207-vff-nav-weekly-report.xlsx,2020-12-07,20201207-vff-nav-weekly-report.xlsx,,2020-12-07,data/raw/vinacapital/20201207-vff-nav-weekly-report-b8257693d2014f2c.xlsx,ParseError: no sheet in data/raw/vinacapital/20201207-vff-nav-weekly-report-b8257693d2014f2c.xlsx carries line 2.1; not Appendix XXIV
vinacapital,vff,VINACAPITAL-VFF,https://vinacapital.com/wp-content/uploads/2022/07/20201214-vff-changes-of-nav-weekly-report.xlsx,2020-12-14,20201214-vff-changes-of-nav-weekly-report.xlsx,,2020-12-14,data/raw/vinacapital/20201214-vff-changes-of-nav-weekly-report-4b04eb73edbe7a45.xlsx,ParseError: no sheet in data/raw/vinacapital/20201214-vff-changes-of-nav-weekly-report-4b04eb73edbe7a45.xlsx carries line 2.1; not Appendix XXIV
vinacapital,vff,VINACAPITAL-VFF,https://vinacapital.com/wp-content/uploads/2022/07/20201221-vff-changes-of-nav-weekly-report.xlsx,2020-12-21,20201221-vff-changes-of-nav-weekly-report.xlsx,,2020-12-21,data/raw/vinacapital/20201221-vff-changes-of-nav-weekly-report-09d6cd34398fbe84.xlsx,ParseError: no sheet in data/raw/vinacapital/20201221-vff-changes-of-nav-weekly-report-09d6cd34398fbe84.xlsx carries line 2.1; not Appendix XXIV
vinacapital,vff,VINACAPITAL-VFF,https://vinacapital.com/wp-content/uploads/2022/07/20201221-vff-nav-weekly-report.xlsx,2020-12-21,20201221-vff-nav-weekly-report.xlsx,,2020-12-21,data/raw/vinacapital/20201221-vff-nav-weekly-report-dd29f5798180ef4c.xlsx,ParseError: no sheet in data/raw/vinacapital/20201221-vff-nav-weekly-report-dd29f5798180ef4c.xlsx carries line 2.1; not Appendix XXIV
vinacapital,vff,VINACAPITAL-VFF,https://vinacapital.com/wp-content/uploads/2022/07/20201228-vff-changes-of-nav-weekly-report.xlsx,2020-12-28,20201228-vff-changes-of-nav-weekly-report.xlsx,,2020-12-28,data/raw/vinacapital/20201228-vff-changes-of-nav-weekly-report-75c873d6d02953e8.xlsx,ParseError: no sheet in data/raw/vinacapital/20201228-vff-changes-of-nav-weekly-report-75c873d6d02953e8.xlsx carries line 2.1; not Appendix XXIV
vinacapital,vff,VINACAPITAL-VFF,https://vinacapital.com/wp-content/uploads/2022/07/20201228-vff-nav-weekly-report.xlsx,2020-12-28,20201228-vff-nav-weekly-report.xlsx,,2020-12-28,data/raw/vinacapital/20201228-vff-nav-weekly-report-f46ef72fb986937d.xlsx,ParseError: no sheet in data/raw/vinacapital/20201228-vff-nav-weekly-report-f46ef72fb986937d.xlsx carries line 2.1; not Appendix XXIV
vinacapital,vibf,VINACAPITAL-VIBF,https://vinacapital.com/wp-content/uploads/2022/07/20190710-vibf-changes-of-nav-weekly-report.xlsx,2019-07-10,20190710-vibf-changes-of-nav-weekly-report.xlsx,,2019-07-10,data/raw/vinacapital/20190710-vibf-changes-of-nav-weekly-report-e30c9b6665085760.xlsx,ParseError: no sheet in data/raw/vinacapital/20190710-vibf-changes-of-nav-weekly-report-e30c9b6665085760.xlsx carries line 2.1; not Appendix XXIV
vinacapital,vibf,VINACAPITAL-VIBF,https://vinacapital.com/wp-content/uploads/2022/07/20190710-vibf-nav-weekly-report.xlsx,2019-07-10,20190710-vibf-nav-weekly-report.xlsx,,2019-07-10,data/raw/vinacapital/20190710-vibf-nav-weekly-report-bf429814d20c8f22.xlsx,ParseError: no sheet in data/raw/vinacapital/20190710-vibf-nav-weekly-report-bf429814d20c8f22.xlsx carries line 2.1; not Appendix XXIV
vinacapital,vibf,VINACAPITAL-VIBF,https://vinacapital.com/wp-content/uploads/2022/07/20190717-vibf-changes-of-nav-weekly-report.xlsx,2019-07-17,20190717-vibf-changes-of-nav-weekly-report.xlsx,,2019-07-17,data/raw/vinacapital/20190717-vibf-changes-of-nav-weekly-report-9ece36202b3df236.xlsx,ParseError: no sheet in data/raw/vinacapital/20190717-vibf-changes-of-nav-weekly-report-9ece36202b3df236.xlsx carries line 2.1; not Appendix XXIV
vinacapital,vibf,VINACAPITAL-VIBF,https://vinacapital.com/wp-content/uploads/2022/07/20190717-vibf-nav-weekly-report.xlsx,2019-07-17,20190717-vibf-nav-weekly-report.xlsx,,2019-07-17,data/raw/vinacapital/20190717-vibf-nav-weekly-report-2ee9de65351150e7.xlsx,ParseError: no sheet in data/raw/vinacapital/20190717-vibf-nav-weekly-report-2ee9de65351150e7.xlsx carries line 2.1; not Appendix XXIV
vinacapital,vibf,VINACAPITAL-VIBF,https://vinacapital.com/wp-content/uploads/2022/07/20190724-vibf-changes-of-nav-weekly-report.xlsx,2019-07-24,20190724-vibf-changes-of-nav-weekly-report.xlsx,,2019-07-24,data/raw/vinacapital/20190724-vibf-changes-of-nav-weekly-report-90f9b5c4417b099b.xlsx,ParseError: no sheet in data/raw/vinacapital/20190724-vibf-changes-of-nav-weekly-report-90f9b5c4417b099b.xlsx carries line 2.1; not Appendix XXIV
vinacapital,vibf,VINACAPITAL-VIBF,https://vinacapital.com/wp-content/uploads/2022/07/20190724-vibf-nav-weekly-report.xlsx,2019-07-24,20190724-vibf-nav-weekly-report.xlsx,,2019-07-24,data/raw/vinacapital/20190724-vibf-nav-weekly-report-c55376758b4fdada.xlsx,ParseError: no sheet in data/raw/vinacapital/20190724-vibf-nav-weekly-report-c55376758b4fdada.xlsx carries line 2.1; not Appendix XXIV
vinacapital,vibf,VINACAPITAL-VIBF,https://vinacapital.com/wp-content/uploads/2022/07/20190731-vibf-changes-of-nav-weekly-report.xlsx,2019-07-31,20190731-vibf-changes-of-nav-weekly-report.xlsx,,2019-07-31,data/raw/vinacapital/20190731-vibf-changes-of-nav-weekly-report-b7731d4c524916bf.xlsx,ParseError: no sheet in data/raw/vinacapital/20190731-vibf-changes-of-nav-weekly-report-b7731d4c524916bf.xlsx carries line 2.1; not Appendix XXIV
vinacapital,vibf,VINACAPITAL-VIBF,https://vinacapital.com/wp-content/uploads/2022/07/20190731-vibf-nav-weekly-report.xlsx,2019-07-31,20190731-vibf-nav-weekly-report.xlsx,,2019-07-31,data/raw/vinacapital/20190731-vibf-nav-weekly-report-90a7023173f07875.xlsx,ParseError: no sheet in data/raw/vinacapital/20190731-vibf-nav-weekly-report-90a7023173f07875.xlsx carries line 2.1; not Appendix XXIV
vinacapital,vibf,VINACAPITAL-VIBF,https://vinacapital.com/wp-content/uploads/2022/07/20190807-vibf-changes-of-nav-weekly-report.xlsx,2019-08-07,20190807-vibf-changes-of-nav-weekly-report.xlsx,,2019-08-07,data/raw/vinacapital/20190807-vibf-changes-of-nav-weekly-report-b76578a0951db690.xlsx,ParseError: no sheet in data/raw/vinacapital/20190807-vibf-changes-of-nav-weekly-report-b76578a0951db690.xlsx carries line 2.1; not Appendix XXIV
vinacapital,vibf,VINACAPITAL-VIBF,https://vinacapital.com/wp-content/uploads/2022/07/20190807-vibf-nav-weekly-report.xlsx,2019-08-07,20190807-vibf-nav-weekly-report.xlsx,,2019-08-07,data/raw/vinacapital/20190807-vibf-nav-weekly-report-82d33dbd7f4ed96a.xlsx,ParseError: no sheet in data/raw/vinacapital/20190807-vibf-nav-weekly-report-82d33dbd7f4ed96a.xlsx carries line 2.1; not Appendix XXIV
vinacapital,vibf,VINACAPITAL-VIBF,https://vinacapital.com/wp-content/uploads/2022/07/20190814-vibf-changes-of-nav-weekly-report.xlsx,2019-08-14,20190814-vibf-changes-of-nav-weekly-report.xlsx,,2019-08-14,data/raw/vinacapital/20190814-vibf-changes-of-nav-weekly-report-d66d350f685114cb.xlsx,ParseError: no sheet in data/raw/vinacapital/20190814-vibf-changes-of-nav-weekly-report-d66d350f685114cb.xlsx carries line 2.1; not Appendix XXIV
vinacapital,vibf,VINACAPITAL-VIBF,https://vinacapital.com/wp-content/uploads/2022/07/20190814-vibf-nav-weekly-report.xlsx,2019-08-14,20190814-vibf-nav-weekly-report.xlsx,,2019-08-14,data/raw/vinacapital/20190814-vibf-nav-weekly-report-395d44fb39693a4c.xlsx,ParseError: no sheet in data/raw/vinacapital/20190814-vibf-nav-weekly-report-395d44fb39693a4c.xlsx carries line 2.1; not Appendix XXIV
vinacapital,vibf,VINACAPITAL-VIBF,https://vinacapital.com/wp-content/uploads/2022/07/20190821-vibf-changes-of-nav-weekly-report.xlsx,2019-08-21,20190821-vibf-changes-of-nav-weekly-report.xlsx,,2019-08-21,data/raw/vinacapital/20190821-vibf-changes-of-nav-weekly-report-c3ed756ccc166a91.xlsx,ParseError: no sheet in data/raw/vinacapital/20190821-vibf-changes-of-nav-weekly-report-c3ed756ccc166a91.xlsx carries line 2.1; not Appendix XXIV
vinacapital,vibf,VINACAPITAL-VIBF,https://vinacapital.com/wp-content/uploads/2022/07/20190821-vibf-nav-weekly-report.xlsx,2019-08-21,20190821-vibf-nav-weekly-report.xlsx,,2019-08-21,data/raw/vinacapital/20190821-vibf-nav-weekly-report-77cf9cdd4693d93a.xlsx,ParseError: no sheet in data/raw/vinacapital/20190821-vibf-nav-weekly-report-77cf9cdd4693d93a.xlsx carries line 2.1; not Appendix XXIV
vinacapital,vibf,VINACAPITAL-VIBF,https://vinacapital.com/wp-content/uploads/2022/07/20190828-vibf-changes-of-nav-weekly-report.xlsx,2019-08-28,20190828-vibf-changes-of-nav-weekly-report.xlsx,,2019-08-28,data/raw/vinacapital/20190828-vibf-changes-of-nav-weekly-report-385d9baa8d259970.xlsx,ParseError: no sheet in data/raw/vinacapital/20190828-vibf-changes-of-nav-weekly-report-385d9baa8d259970.xlsx carries line 2.1; not Appendix XXIV
vinacapital,vibf,VINACAPITAL-VIBF,https://vinacapital.com/wp-content/uploads/2022/07/20190828-vibf-nav-weekly-report.xlsx,2019-08-28,20190828-vibf-nav-weekly-report.xlsx,,2019-08-28,data/raw/vinacapital/20190828-vibf-nav-weekly-report-9cb0895683a1917a.xlsx,ParseError: no sheet in data/raw/vinacapital/20190828-vibf-nav-weekly-report-9cb0895683a1917a.xlsx carries line 2.1; not Appendix XXIV
vinacapital,vibf,VINACAPITAL-VIBF,https://vinacapital.com/wp-content/uploads/2022/07/20190904-vibf-changes-of-nav-weekly-report.xlsx,2019-09-04,20190904-vibf-changes-of-nav-weekly-report.xlsx,,2019-09-04,data/raw/vinacapital/20190904-vibf-changes-of-nav-weekly-report-bd4883302f9c1a22.xlsx,ParseError: no sheet in data/raw/vinacapital/20190904-vibf-changes-of-nav-weekly-report-bd4883302f9c1a22.xlsx carries line 2.1; not Appendix XXIV
vinacapital,vibf,VINACAPITAL-VIBF,https://vinacapital.com/wp-content/uploads/2022/07/20190904-vibf-nav-weekly-report.xlsx,2019-09-04,20190904-vibf-nav-weekly-report.xlsx,,2019-09-04,data/raw/vinacapital/20190904-vibf-nav-weekly-report-04ca2fac189d1b21.xlsx,ParseError: no sheet in data/raw/vinacapital/20190904-vibf-nav-weekly-report-04ca2fac189d1b21.xlsx carries line 2.1; not Appendix XXIV
vinacapital,vibf,VINACAPITAL-VIBF,https://vinacapital.com/wp-content/uploads/2022/07/20190911-vibf-changes-of-nav-weekly-report.xlsx,2019-09-11,20190911-vibf-changes-of-nav-weekly-report.xlsx,,2019-09-11,data/raw/vinacapital/20190911-vibf-changes-of-nav-weekly-report-676eacdc2909cf1d.xlsx,ParseError: no sheet in data/raw/vinacapital/20190911-vibf-changes-of-nav-weekly-report-676eacdc2909cf1d.xlsx carries line 2.1; not Appendix XXIV
vinacapital,vibf,VINACAPITAL-VIBF,https://vinacapital.com/wp-content/uploads/2022/07/20190911-vibf-nav-weekly-report.xlsx,2019-09-11,20190911-vibf-nav-weekly-report.xlsx,,2019-09-11,data/raw/vinacapital/20190911-vibf-nav-weekly-report-712e317aa2ee12ac.xlsx,ParseError: no sheet in data/raw/vinacapital/20190911-vibf-nav-weekly-report-712e317aa2ee12ac.xlsx carries line 2.1; not Appendix XXIV
vinacapital,vibf,VINACAPITAL-VIBF,https://vinacapital.com/wp-content/uploads/2022/07/20190918-vibf-changes-of-nav-weekly-report.xlsx,2019-09-18,20190918-vibf-changes-of-nav-weekly-report.xlsx,,2019-09-18,data/raw/vinacapital/20190918-vibf-changes-of-nav-weekly-report-89b1c33eebe57a64.xlsx,ParseError: no sheet in data/raw/vinacapital/20190918-vibf-changes-of-nav-weekly-report-89b1c33eebe57a64.xlsx carries line 2.1; not Appendix XXIV
vinacapital,vibf,VINACAPITAL-VIBF,https://vinacapital.com/wp-content/uploads/2022/07/20190918-vibf-nav-weekly-report.xlsx,2019-09-18,20190918-vibf-nav-weekly-report.xlsx,,2019-09-18,data/raw/vinacapital/20190918-vibf-nav-weekly-report-06fafecd3f7c1558.xlsx,ParseError: no sheet in data/raw/vinacapital/20190918-vibf-nav-weekly-report-06fafecd3f7c1558.xlsx carries line 2.1; not Appendix XXIV
vinacapital,vibf,VINACAPITAL-VIBF,https://vinacapital.com/wp-content/uploads/2022/07/20190925-vibf-changes-of-nav-weekly-report.xlsx,2019-09-25,20190925-vibf-changes-of-nav-weekly-report.xlsx,,2019-09-25,data/raw/vinacapital/20190925-vibf-changes-of-nav-weekly-report-b46ac95f230c33c7.xlsx,ParseError: no sheet in data/raw/vinacapital/20190925-vibf-changes-of-nav-weekly-report-b46ac95f230c33c7.xlsx carries line 2.1; not Appendix XXIV
vinacapital,vibf,VINACAPITAL-VIBF,https://vinacapital.com/wp-content/uploads/2022/07/20190925-vibf-nav-weekly-report.xlsx,2019-09-25,20190925-vibf-nav-weekly-report.xlsx,,2019-09-25,data/raw/vinacapital/20190925-vibf-nav-weekly-report-d4ef5bb7b24616ff.xlsx,ParseError: no sheet in data/raw/vinacapital/20190925-vibf-nav-weekly-report-d4ef5bb7b24616ff.xlsx carries line 2.1; not Appendix XXIV
vinacapital,vibf,VINACAPITAL-VIBF,https://vinacapital.com/wp-content/uploads/2022/07/20191002-vibf-changes-of-nav-weekly-report.xlsx,2019-10-02,20191002-vibf-changes-of-nav-weekly-report.xlsx,,2019-10-02,data/raw/vinacapital/20191002-vibf-changes-of-nav-weekly-report-42b7ba68bb01412c.xlsx,ParseError: no sheet in data/raw/vinacapital/20191002-vibf-changes-of-nav-weekly-report-42b7ba68bb01412c.xlsx carries line 2.1; not Appendix XXIV
vinacapital,vibf,VINACAPITAL-VIBF,https://vinacapital.com/wp-content/uploads/2022/07/20191002-vibf-nav-weekly-report.xlsx,2019-10-02,20191002-vibf-nav-weekly-report.xlsx,,2019-10-02,data/raw/vinacapital/20191002-vibf-nav-weekly-report-27c9bfd81eee7d0f.xlsx,ParseError: no sheet in data/raw/vinacapital/20191002-vibf-nav-weekly-report-27c9bfd81eee7d0f.xlsx carries line 2.1; not Appendix XXIV
vinacapital,vibf,VINACAPITAL-VIBF,https://vinacapital.com/wp-content/uploads/2022/07/20191009-vibf-changes-of-nav-weekly-report.xlsx,2019-10-09,20191009-vibf-changes-of-nav-weekly-report.xlsx,,2019-10-09,data/raw/vinacapital/20191009-vibf-changes-of-nav-weekly-report-815973076cbb9c12.xlsx,ParseError: no sheet in data/raw/vinacapital/20191009-vibf-changes-of-nav-weekly-report-815973076cbb9c12.xlsx carries line 2.1; not Appendix XXIV
vinacapital,vibf,VINACAPITAL-VIBF,https://vinacapital.com/wp-content/uploads/2022/07/20191009-vibf-nav-weekly-report.xlsx,2019-10-09,20191009-vibf-nav-weekly-report.xlsx,,2019-10-09,data/raw/vinacapital/20191009-vibf-nav-weekly-report-52c58257c682fe86.xlsx,ParseError: no sheet in data/raw/vinacapital/20191009-vibf-nav-weekly-report-52c58257c682fe86.xlsx carries line 2.1; not Appendix XXIV
vinacapital,vibf,VINACAPITAL-VIBF,https://vinacapital.com/wp-content/uploads/2022/07/20191023-vibf-changes-of-nav-weekly-report.xlsx,2019-10-23,20191023-vibf-changes-of-nav-weekly-report.xlsx,,2019-10-23,data/raw/vinacapital/20191023-vibf-changes-of-nav-weekly-report-7aeb9faa720285fd.xlsx,ParseError: no sheet in data/raw/vinacapital/20191023-vibf-changes-of-nav-weekly-report-7aeb9faa720285fd.xlsx carries line 2.1; not Appendix XXIV
vinacapital,vibf,VINACAPITAL-VIBF,https://vinacapital.com/wp-content/uploads/2022/07/20191023-vibf-nav-weekly-report.xlsx,2019-10-23,20191023-vibf-nav-weekly-report.xlsx,,2019-10-23,data/raw/vinacapital/20191023-vibf-nav-weekly-report-e92f027ea268e138.xlsx,ParseError: no sheet in data/raw/vinacapital/20191023-vibf-nav-weekly-report-e92f027ea268e138.xlsx carries line 2.1; not Appendix XXIV
vinacapital,vibf,VINACAPITAL-VIBF,https://vinacapital.com/wp-content/uploads/2022/07/20191030-vibf-changes-of-nav-weekly-report.xlsx,2019-10-30,20191030-vibf-changes-of-nav-weekly-report.xlsx,,2019-10-30,data/raw/vinacapital/20191030-vibf-changes-of-nav-weekly-report-c1fe44f3d01ecf68.xlsx,ParseError: no sheet in data/raw/vinacapital/20191030-vibf-changes-of-nav-weekly-report-c1fe44f3d01ecf68.xlsx carries line 2.1; not Appendix XXIV
vinacapital,vibf,VINACAPITAL-VIBF,https://vinacapital.com/wp-content/uploads/2022/07/20191030-vibf-nav-weekly-report.xlsx,2019-10-30,20191030-vibf-nav-weekly-report.xlsx,,2019-10-30,data/raw/vinacapital/20191030-vibf-nav-weekly-report-197cea55f7969753.xlsx,ParseError: no sheet in data/raw/vinacapital/20191030-vibf-nav-weekly-report-197cea55f7969753.xlsx carries line 2.1; not Appendix XXIV
vinacapital,vibf,VINACAPITAL-VIBF,https://vinacapital.com/wp-content/uploads/2022/07/20191106-vibf-changes-of-nav-weekly-report.xlsx,2019-11-06,20191106-vibf-changes-of-nav-weekly-report.xlsx,,2019-11-06,data/raw/vinacapital/20191106-vibf-changes-of-nav-weekly-report-8ed3d30429cf061c.xlsx,ParseError: no sheet in data/raw/vinacapital/20191106-vibf-changes-of-nav-weekly-report-8ed3d30429cf061c.xlsx carries line 2.1; not Appendix XXIV
vinacapital,vibf,VINACAPITAL-VIBF,https://vinacapital.com/wp-content/uploads/2022/07/20191106-vibf-nav-weekly-report.xlsx,2019-11-06,20191106-vibf-nav-weekly-report.xlsx,,2019-11-06,data/raw/vinacapital/20191106-vibf-nav-weekly-report-44a9b8cd25bd2ffe.xlsx,ParseError: no sheet in data/raw/vinacapital/20191106-vibf-nav-weekly-report-44a9b8cd25bd2ffe.xlsx carries line 2.1; not Appendix XXIV
vinacapital,vibf,VINACAPITAL-VIBF,https://vinacapital.com/wp-content/uploads/2022/07/20191113-vibf-changes-of-nav-weekly-report.xlsx,2019-11-13,20191113-vibf-changes-of-nav-weekly-report.xlsx,,2019-11-13,data/raw/vinacapital/20191113-vibf-changes-of-nav-weekly-report-3e26b980d15653d4.xlsx,ParseError: no sheet in data/raw/vinacapital/20191113-vibf-changes-of-nav-weekly-report-3e26b980d15653d4.xlsx carries line 2.1; not Appendix XXIV
vinacapital,vibf,VINACAPITAL-VIBF,https://vinacapital.com/wp-content/uploads/2022/07/20191113-vibf-nav-weekly-report.xlsx,2019-11-13,20191113-vibf-nav-weekly-report.xlsx,,2019-11-13,data/raw/vinacapital/20191113-vibf-nav-weekly-report-83f59131cc204672.xlsx,ParseError: no sheet in data/raw/vinacapital/20191113-vibf-nav-weekly-report-83f59131cc204672.xlsx carries line 2.1; not Appendix XXIV
vinacapital,vibf,VINACAPITAL-VIBF,https://vinacapital.com/wp-content/uploads/2022/07/20191120-vibf-changes-of-nav-weekly-report.xlsx,2019-11-20,20191120-vibf-changes-of-nav-weekly-report.xlsx,,2019-11-20,data/raw/vinacapital/20191120-vibf-changes-of-nav-weekly-report-cc1119f89e2db470.xlsx,ParseError: no sheet in data/raw/vinacapital/20191120-vibf-changes-of-nav-weekly-report-cc1119f89e2db470.xlsx carries line 2.1; not Appendix XXIV
vinacapital,vibf,VINACAPITAL-VIBF,https://vinacapital.com/wp-content/uploads/2022/07/20191120-vibf-nav-weekly-report.xlsx,2019-11-20,20191120-vibf-nav-weekly-report.xlsx,,2019-11-20,data/raw/vinacapital/20191120-vibf-nav-weekly-report-20177a2027539cc7.xlsx,ParseError: no sheet in data/raw/vinacapital/20191120-vibf-nav-weekly-report-20177a2027539cc7.xlsx carries line 2.1; not Appendix XXIV
vinacapital,vibf,VINACAPITAL-VIBF,https://vinacapital.com/wp-content/uploads/2022/07/20191127-vibf-changes-of-nav-weekly-report.xlsx,2019-11-27,20191127-vibf-changes-of-nav-weekly-report.xlsx,,2019-11-27,data/raw/vinacapital/20191127-vibf-changes-of-nav-weekly-report-bfbd3a32e90abedd.xlsx,ParseError: no sheet in data/raw/vinacapital/20191127-vibf-changes-of-nav-weekly-report-bfbd3a32e90abedd.xlsx carries line 2.1; not Appendix XXIV
vinacapital,vibf,VINACAPITAL-VIBF,https://vinacapital.com/wp-content/uploads/2022/07/20191127-vibf-nav-weekly-report.xlsx,2019-11-27,20191127-vibf-nav-weekly-report.xlsx,,2019-11-27,data/raw/vinacapital/20191127-vibf-nav-weekly-report-2f41453ff890714a.xlsx,ParseError: no sheet in data/raw/vinacapital/20191127-vibf-nav-weekly-report-2f41453ff890714a.xlsx carries line 2.1; not Appendix XXIV
vinacapital,vibf,VINACAPITAL-VIBF,https://vinacapital.com/wp-content/uploads/2022/07/20191204-vibf-changes-of-nav-weekly-report.xlsx,2019-12-04,20191204-vibf-changes-of-nav-weekly-report.xlsx,,2019-12-04,data/raw/vinacapital/20191204-vibf-changes-of-nav-weekly-report-71a5c3187579e05b.xlsx,ParseError: no sheet in data/raw/vinacapital/20191204-vibf-changes-of-nav-weekly-report-71a5c3187579e05b.xlsx carries line 2.1; not Appendix XXIV
vinacapital,vibf,VINACAPITAL-VIBF,https://vinacapital.com/wp-content/uploads/2022/07/20191204-vibf-nav-weekly-report.xlsx,2019-12-04,20191204-vibf-nav-weekly-report.xlsx,,2019-12-04,data/raw/vinacapital/20191204-vibf-nav-weekly-report-66fcbb2817dd69f4.xlsx,ParseError: no sheet in data/raw/vinacapital/20191204-vibf-nav-weekly-report-66fcbb2817dd69f4.xlsx carries line 2.1; not Appendix XXIV
vinacapital,vibf,VINACAPITAL-VIBF,https://vinacapital.com/wp-content/uploads/2022/07/20191211-vibf-changes-of-nav-weekly-report.xlsx,2019-12-11,20191211-vibf-changes-of-nav-weekly-report.xlsx,,2019-12-11,data/raw/vinacapital/20191211-vibf-changes-of-nav-weekly-report-d4a0c06b5f72224c.xlsx,ParseError: no sheet in data/raw/vinacapital/20191211-vibf-changes-of-nav-weekly-report-d4a0c06b5f72224c.xlsx carries line 2.1; not Appendix XXIV
vinacapital,vibf,VINACAPITAL-VIBF,https://vinacapital.com/wp-content/uploads/2022/07/20191211-vibf-nav-weekly-report.xlsx,2019-12-11,20191211-vibf-nav-weekly-report.xlsx,,2019-12-11,data/raw/vinacapital/20191211-vibf-nav-weekly-report-ea2d65db6288d709.xlsx,ParseError: no sheet in data/raw/vinacapital/20191211-vibf-nav-weekly-report-ea2d65db6288d709.xlsx carries line 2.1; not Appendix XXIV
vinacapital,vibf,VINACAPITAL-VIBF,https://vinacapital.com/wp-content/uploads/2022/07/20191218-vibf-changes-of-nav-weekly-report.xlsx,2019-12-18,20191218-vibf-changes-of-nav-weekly-report.xlsx,,2019-12-18,data/raw/vinacapital/20191218-vibf-changes-of-nav-weekly-report-5535372716c2f1ba.xlsx,ParseError: no sheet in data/raw/vinacapital/20191218-vibf-changes-of-nav-weekly-report-5535372716c2f1ba.xlsx carries line 2.1; not Appendix XXIV
vinacapital,vibf,VINACAPITAL-VIBF,https://vinacapital.com/wp-content/uploads/2022/07/20191218-vibf-nav-weekly-report.xlsx,2019-12-18,20191218-vibf-nav-weekly-report.xlsx,,2019-12-18,data/raw/vinacapital/20191218-vibf-nav-weekly-report-d48a6807907e2cbe.xlsx,ParseError: no sheet in data/raw/vinacapital/20191218-vibf-nav-weekly-report-d48a6807907e2cbe.xlsx carries line 2.1; not Appendix XXIV
vinacapital,vibf,VINACAPITAL-VIBF,https://vinacapital.com/wp-content/uploads/2022/07/20191225-vibf-changes-of-nav-weekly-report.xlsx,2019-12-25,20191225-vibf-changes-of-nav-weekly-report.xlsx,,2019-12-25,data/raw/vinacapital/20191225-vibf-changes-of-nav-weekly-report-5d11e15023febf5e.xlsx,ParseError: no sheet in data/raw/vinacapital/20191225-vibf-changes-of-nav-weekly-report-5d11e15023febf5e.xlsx carries line 2.1; not Appendix XXIV
vinacapital,vibf,VINACAPITAL-VIBF,https://vinacapital.com/wp-content/uploads/2022/07/20191225-vibf-nav-weekly-report.xlsx,2019-12-25,20191225-vibf-nav-weekly-report.xlsx,,2019-12-25,data/raw/vinacapital/20191225-vibf-nav-weekly-report-d61ec706ceebdd10.xlsx,ParseError: no sheet in data/raw/vinacapital/20191225-vibf-nav-weekly-report-d61ec706ceebdd10.xlsx carries line 2.1; not Appendix XXIV
vinacapital,vibf,VINACAPITAL-VIBF,https://vinacapital.com/wp-content/uploads/2022/07/20191231-vibf-changes-of-nav-weekly-report.xlsx,2019-12-31,20191231-vibf-changes-of-nav-weekly-report.xlsx,,2019-12-31,data/raw/vinacapital/20191231-vibf-changes-of-nav-weekly-report-2700978984d82e7b.xlsx,ParseError: no sheet in data/raw/vinacapital/20191231-vibf-changes-of-nav-weekly-report-2700978984d82e7b.xlsx carries line 2.1; not Appendix XXIV
vinacapital,vibf,VINACAPITAL-VIBF,https://vinacapital.com/wp-content/uploads/2022/07/20191231-vibf-nav-weekly-report.xlsx,2019-12-31,20191231-vibf-nav-weekly-report.xlsx,,2019-12-31,data/raw/vinacapital/20191231-vibf-nav-weekly-report-b616f922e80ed301.xlsx,ParseError: no sheet in data/raw/vinacapital/20191231-vibf-nav-weekly-report-b616f922e80ed301.xlsx carries line 2.1; not Appendix XXIV
vinacapital,vibf,VINACAPITAL-VIBF,https://vinacapital.com/wp-content/uploads/2022/07/20200108-vibf-changes-of-nav-weekly-report.xlsx,2020-01-08,20200108-vibf-changes-of-nav-weekly-report.xlsx,,2020-01-08,data/raw/vinacapital/20200108-vibf-changes-of-nav-weekly-report-663b6205a311223e.xlsx,ParseError: no sheet in data/raw/vinacapital/20200108-vibf-changes-of-nav-weekly-report-663b6205a311223e.xlsx carries line 2.1; not Appendix XXIV
vinacapital,vibf,VINACAPITAL-VIBF,https://vinacapital.com/wp-content/uploads/2022/07/20200108-vibf-nav-weekly-report.xlsx,2020-01-08,20200108-vibf-nav-weekly-report.xlsx,,2020-01-08,data/raw/vinacapital/20200108-vibf-nav-weekly-report-0571b3409308feb9.xlsx,ParseError: no sheet in data/raw/vinacapital/20200108-vibf-nav-weekly-report-0571b3409308feb9.xlsx carries line 2.1; not Appendix XXIV
vinacapital,vibf,VINACAPITAL-VIBF,https://vinacapital.com/wp-content/uploads/2022/07/20200122-vibf-changes-of-nav-weekly-report.xlsx,2020-01-22,20200122-vibf-changes-of-nav-weekly-report.xlsx,,2020-01-22,data/raw/vinacapital/20200122-vibf-changes-of-nav-weekly-report-99735f34d746133a.xlsx,ParseError: no sheet in data/raw/vinacapital/20200122-vibf-changes-of-nav-weekly-report-99735f34d746133a.xlsx carries line 2.1; not Appendix XXIV
vinacapital,vibf,VINACAPITAL-VIBF,https://vinacapital.com/wp-content/uploads/2022/07/20200122-vibf-nav-weekly-report.xlsx,2020-01-22,20200122-vibf-nav-weekly-report.xlsx,,2020-01-22,data/raw/vinacapital/20200122-vibf-nav-weekly-report-263137ce50914d2a.xlsx,ParseError: no sheet in data/raw/vinacapital/20200122-vibf-nav-weekly-report-263137ce50914d2a.xlsx carries line 2.1; not Appendix XXIV
vinacapital,vibf,VINACAPITAL-VIBF,https://vinacapital.com/wp-content/uploads/2022/07/20200129-vibf-changes-of-nav-weekly-report.xlsx,2020-01-29,20200129-vibf-changes-of-nav-weekly-report.xlsx,,2020-01-29,data/raw/vinacapital/20200129-vibf-changes-of-nav-weekly-report-d33ce30ba6dedcc4.xlsx,ParseError: no sheet in data/raw/vinacapital/20200129-vibf-changes-of-nav-weekly-report-d33ce30ba6dedcc4.xlsx carries line 2.1; not Appendix XXIV
vinacapital,vibf,VINACAPITAL-VIBF,https://vinacapital.com/wp-content/uploads/2022/07/20200129-vibf-nav-weekly-report.xlsx,2020-01-29,20200129-vibf-nav-weekly-report.xlsx,,2020-01-29,data/raw/vinacapital/20200129-vibf-nav-weekly-report-6cb2f492a3013e3f.xlsx,ParseError: no sheet in data/raw/vinacapital/20200129-vibf-nav-weekly-report-6cb2f492a3013e3f.xlsx carries line 2.1; not Appendix XXIV
vinacapital,vibf,VINACAPITAL-VIBF,https://vinacapital.com/wp-content/uploads/2022/07/20200205-vibf-changes-of-nav-weekly-report.xlsx,2020-02-05,20200205-vibf-changes-of-nav-weekly-report.xlsx,,2020-02-05,data/raw/vinacapital/20200205-vibf-changes-of-nav-weekly-report-c3149b5739aab7e5.xlsx,ParseError: no sheet in data/raw/vinacapital/20200205-vibf-changes-of-nav-weekly-report-c3149b5739aab7e5.xlsx carries line 2.1; not Appendix XXIV
vinacapital,vibf,VINACAPITAL-VIBF,https://vinacapital.com/wp-content/uploads/2022/07/20200205-vibf-nav-weekly-report.xlsx,2020-02-05,20200205-vibf-nav-weekly-report.xlsx,,2020-02-05,data/raw/vinacapital/20200205-vibf-nav-weekly-report-5e17e215cdb1508c.xlsx,ParseError: no sheet in data/raw/vinacapital/20200205-vibf-nav-weekly-report-5e17e215cdb1508c.xlsx carries line 2.1; not Appendix XXIV
vinacapital,vibf,VINACAPITAL-VIBF,https://vinacapital.com/wp-content/uploads/2022/07/20200212-vibf-changes-of-nav-weekly-report.xlsx,2020-02-12,20200212-vibf-changes-of-nav-weekly-report.xlsx,,2020-02-12,data/raw/vinacapital/20200212-vibf-changes-of-nav-weekly-report-0c0940a9a4635d7e.xlsx,ParseError: no sheet in data/raw/vinacapital/20200212-vibf-changes-of-nav-weekly-report-0c0940a9a4635d7e.xlsx carries line 2.1; not Appendix XXIV
vinacapital,vibf,VINACAPITAL-VIBF,https://vinacapital.com/wp-content/uploads/2022/07/20200212-vibf-nav-weekly-report.xlsx,2020-02-12,20200212-vibf-nav-weekly-report.xlsx,,2020-02-12,data/raw/vinacapital/20200212-vibf-nav-weekly-report-287c73298adaef45.xlsx,ParseError: no sheet in data/raw/vinacapital/20200212-vibf-nav-weekly-report-287c73298adaef45.xlsx carries line 2.1; not Appendix XXIV
vinacapital,vibf,VINACAPITAL-VIBF,https://vinacapital.com/wp-content/uploads/2022/07/20200219-vibf-changes-of-nav-weekly-report.xlsx,2020-02-19,20200219-vibf-changes-of-nav-weekly-report.xlsx,,2020-02-19,data/raw/vinacapital/20200219-vibf-changes-of-nav-weekly-report-2fc8055ac2056a73.xlsx,ParseError: no sheet in data/raw/vinacapital/20200219-vibf-changes-of-nav-weekly-report-2fc8055ac2056a73.xlsx carries line 2.1; not Appendix XXIV
vinacapital,vibf,VINACAPITAL-VIBF,https://vinacapital.com/wp-content/uploads/2022/07/20200219-vibf-nav-weekly-report.xlsx,2020-02-19,20200219-vibf-nav-weekly-report.xlsx,,2020-02-19,data/raw/vinacapital/20200219-vibf-nav-weekly-report-54115ed0f2ac2541.xlsx,ParseError: no sheet in data/raw/vinacapital/20200219-vibf-nav-weekly-report-54115ed0f2ac2541.xlsx carries line 2.1; not Appendix XXIV
vinacapital,vibf,VINACAPITAL-VIBF,https://vinacapital.com/wp-content/uploads/2022/07/20200226-vibf-changes-of-nav-weekly-report.xlsx,2020-02-26,20200226-vibf-changes-of-nav-weekly-report.xlsx,,2020-02-26,data/raw/vinacapital/20200226-vibf-changes-of-nav-weekly-report-120742ea9339f32f.xlsx,ParseError: no sheet in data/raw/vinacapital/20200226-vibf-changes-of-nav-weekly-report-120742ea9339f32f.xlsx carries line 2.1; not Appendix XXIV
vinacapital,vibf,VINACAPITAL-VIBF,https://vinacapital.com/wp-content/uploads/2022/07/20200226-vibf-nav-weekly-report.xlsx,2020-02-26,20200226-vibf-nav-weekly-report.xlsx,,2020-02-26,data/raw/vinacapital/20200226-vibf-nav-weekly-report-7361b649f03896fd.xlsx,ParseError: no sheet in data/raw/vinacapital/20200226-vibf-nav-weekly-report-7361b649f03896fd.xlsx carries line 2.1; not Appendix XXIV
vinacapital,vibf,VINACAPITAL-VIBF,https://vinacapital.com/wp-content/uploads/2022/07/20200304-vibf-changes-of-nav-weekly-report.xlsx,2020-03-04,20200304-vibf-changes-of-nav-weekly-report.xlsx,,2020-03-04,data/raw/vinacapital/20200304-vibf-changes-of-nav-weekly-report-f23341f20cc4eb14.xlsx,ParseError: no sheet in data/raw/vinacapital/20200304-vibf-changes-of-nav-weekly-report-f23341f20cc4eb14.xlsx carries line 2.1; not Appendix XXIV
vinacapital,vibf,VINACAPITAL-VIBF,https://vinacapital.com/wp-content/uploads/2022/07/20200304-vibf-nav-weekly-report.xlsx,2020-03-04,20200304-vibf-nav-weekly-report.xlsx,,2020-03-04,data/raw/vinacapital/20200304-vibf-nav-weekly-report-b2a081d9437340ea.xlsx,ParseError: no sheet in data/raw/vinacapital/20200304-vibf-nav-weekly-report-b2a081d9437340ea.xlsx carries line 2.1; not Appendix XXIV
vinacapital,vibf,VINACAPITAL-VIBF,https://vinacapital.com/wp-content/uploads/2022/07/20200311-vibf-changes-of-nav-weekly-report.xlsx,2020-03-11,20200311-vibf-changes-of-nav-weekly-report.xlsx,,2020-03-11,data/raw/vinacapital/20200311-vibf-changes-of-nav-weekly-report-8e8c17e1adf2115a.xlsx,ParseError: no sheet in data/raw/vinacapital/20200311-vibf-changes-of-nav-weekly-report-8e8c17e1adf2115a.xlsx carries line 2.1; not Appendix XXIV
vinacapital,vibf,VINACAPITAL-VIBF,https://vinacapital.com/wp-content/uploads/2022/07/20200311-vibf-nav-weekly-report.xlsx,2020-03-11,20200311-vibf-nav-weekly-report.xlsx,,2020-03-11,data/raw/vinacapital/20200311-vibf-nav-weekly-report-a1c86de818a592d5.xlsx,ParseError: no sheet in data/raw/vinacapital/20200311-vibf-nav-weekly-report-a1c86de818a592d5.xlsx carries line 2.1; not Appendix XXIV
vinacapital,vibf,VINACAPITAL-VIBF,https://vinacapital.com/wp-content/uploads/2022/07/20200318-vibf-changes-of-nav-weekly-report.xlsx,2020-03-18,20200318-vibf-changes-of-nav-weekly-report.xlsx,,2020-03-18,data/raw/vinacapital/20200318-vibf-changes-of-nav-weekly-report-ebf31ed06830b5f7.xlsx,ParseError: no sheet in data/raw/vinacapital/20200318-vibf-changes-of-nav-weekly-report-ebf31ed06830b5f7.xlsx carries line 2.1; not Appendix XXIV
vinacapital,vibf,VINACAPITAL-VIBF,https://vinacapital.com/wp-content/uploads/2022/07/20200318-vibf-nav-weekly-report.xlsx,2020-03-18,20200318-vibf-nav-weekly-report.xlsx,,2020-03-18,data/raw/vinacapital/20200318-vibf-nav-weekly-report-b56c56bd82438c89.xlsx,ParseError: no sheet in data/raw/vinacapital/20200318-vibf-nav-weekly-report-b56c56bd82438c89.xlsx carries line 2.1; not Appendix XXIV
vinacapital,vibf,VINACAPITAL-VIBF,https://vinacapital.com/wp-content/uploads/2022/07/20200325-vibf-changes-of-nav-weekly-report.xlsx,2020-03-25,20200325-vibf-changes-of-nav-weekly-report.xlsx,,2020-03-25,data/raw/vinacapital/20200325-vibf-changes-of-nav-weekly-report-b0933a074f04758e.xlsx,ParseError: no sheet in data/raw/vinacapital/20200325-vibf-changes-of-nav-weekly-report-b0933a074f04758e.xlsx carries line 2.1; not Appendix XXIV
vinacapital,vibf,VINACAPITAL-VIBF,https://vinacapital.com/wp-content/uploads/2022/07/20200325-vibf-nav-weekly-report.xlsx,2020-03-25,20200325-vibf-nav-weekly-report.xlsx,,2020-03-25,data/raw/vinacapital/20200325-vibf-nav-weekly-report-616a1de13fb504be.xlsx,ParseError: no sheet in data/raw/vinacapital/20200325-vibf-nav-weekly-report-616a1de13fb504be.xlsx carries line 2.1; not Appendix XXIV
vinacapital,vibf,VINACAPITAL-VIBF,https://vinacapital.com/wp-content/uploads/2022/07/20200401-vibf-changes-of-nav-weekly-report.xlsx,2020-04-01,20200401-vibf-changes-of-nav-weekly-report.xlsx,,2020-04-01,data/raw/vinacapital/20200401-vibf-changes-of-nav-weekly-report-b0a6c7135dc5b037.xlsx,ParseError: no sheet in data/raw/vinacapital/20200401-vibf-changes-of-nav-weekly-report-b0a6c7135dc5b037.xlsx carries line 2.1; not Appendix XXIV
vinacapital,vibf,VINACAPITAL-VIBF,https://vinacapital.com/wp-content/uploads/2022/07/20200401-vibf-nav-weekly-report.xlsx,2020-04-01,20200401-vibf-nav-weekly-report.xlsx,,2020-04-01,data/raw/vinacapital/20200401-vibf-nav-weekly-report-19a3d5c7d2de199b.xlsx,ParseError: no sheet in data/raw/vinacapital/20200401-vibf-nav-weekly-report-19a3d5c7d2de199b.xlsx carries line 2.1; not Appendix XXIV
vinacapital,vibf,VINACAPITAL-VIBF,https://vinacapital.com/wp-content/uploads/2022/07/20200408-vibf-changes-of-nav-weekly-report.xlsx,2020-04-08,20200408-vibf-changes-of-nav-weekly-report.xlsx,,2020-04-08,data/raw/vinacapital/20200408-vibf-changes-of-nav-weekly-report-0ecfc0a985707e73.xlsx,ParseError: no sheet in data/raw/vinacapital/20200408-vibf-changes-of-nav-weekly-report-0ecfc0a985707e73.xlsx carries line 2.1; not Appendix XXIV
vinacapital,vibf,VINACAPITAL-VIBF,https://vinacapital.com/wp-content/uploads/2022/07/20200408-vibf-nav-weekly-report.xlsx,2020-04-08,20200408-vibf-nav-weekly-report.xlsx,,2020-04-08,data/raw/vinacapital/20200408-vibf-nav-weekly-report-536eecf985a159d6.xlsx,ParseError: no sheet in data/raw/vinacapital/20200408-vibf-nav-weekly-report-536eecf985a159d6.xlsx carries line 2.1; not Appendix XXIV
vinacapital,vibf,VINACAPITAL-VIBF,https://vinacapital.com/wp-content/uploads/2022/07/20200415-vibf-changes-of-nav-weekly-report.xlsx,2020-04-15,20200415-vibf-changes-of-nav-weekly-report.xlsx,,2020-04-15,data/raw/vinacapital/20200415-vibf-changes-of-nav-weekly-report-45698f5c9ef0b9c4.xlsx,ParseError: no sheet in data/raw/vinacapital/20200415-vibf-changes-of-nav-weekly-report-45698f5c9ef0b9c4.xlsx carries line 2.1; not Appendix XXIV
vinacapital,vibf,VINACAPITAL-VIBF,https://vinacapital.com/wp-content/uploads/2022/07/20200415-vibf-nav-weekly-report.xlsx,2020-04-15,20200415-vibf-nav-weekly-report.xlsx,,2020-04-15,data/raw/vinacapital/20200415-vibf-nav-weekly-report-2a04b14afa547768.xlsx,ParseError: no sheet in data/raw/vinacapital/20200415-vibf-nav-weekly-report-2a04b14afa547768.xlsx carries line 2.1; not Appendix XXIV
vinacapital,vibf,VINACAPITAL-VIBF,https://vinacapital.com/wp-content/uploads/2022/07/20200422-vibf-changes-of-nav-weekly-report.xlsx,2020-04-22,20200422-vibf-changes-of-nav-weekly-report.xlsx,,2020-04-22,data/raw/vinacapital/20200422-vibf-changes-of-nav-weekly-report-797bf64452d10369.xlsx,ParseError: no sheet in data/raw/vinacapital/20200422-vibf-changes-of-nav-weekly-report-797bf64452d10369.xlsx carries line 2.1; not Appendix XXIV
vinacapital,vibf,VINACAPITAL-VIBF,https://vinacapital.com/wp-content/uploads/2022/07/20200422-vibf-nav-weekly-report.xlsx,2020-04-22,20200422-vibf-nav-weekly-report.xlsx,,2020-04-22,data/raw/vinacapital/20200422-vibf-nav-weekly-report-a58d909b1244d332.xlsx,ParseError: no sheet in data/raw/vinacapital/20200422-vibf-nav-weekly-report-a58d909b1244d332.xlsx carries line 2.1; not Appendix XXIV
vinacapital,vibf,VINACAPITAL-VIBF,https://vinacapital.com/wp-content/uploads/2022/07/20200429-vibf-changes-of-nav-weekly-report.xlsx,2020-04-29,20200429-vibf-changes-of-nav-weekly-report.xlsx,,2020-04-29,data/raw/vinacapital/20200429-vibf-changes-of-nav-weekly-report-5e89c40f8c74fb94.xlsx,ParseError: no sheet in data/raw/vinacapital/20200429-vibf-changes-of-nav-weekly-report-5e89c40f8c74fb94.xlsx carries line 2.1; not Appendix XXIV
vinacapital,vibf,VINACAPITAL-VIBF,https://vinacapital.com/wp-content/uploads/2022/07/20200429-vibf-nav-weekly-report.xlsx,2020-04-29,20200429-vibf-nav-weekly-report.xlsx,,2020-04-29,data/raw/vinacapital/20200429-vibf-nav-weekly-report-50af7543fb6a6df8.xlsx,ParseError: no sheet in data/raw/vinacapital/20200429-vibf-nav-weekly-report-50af7543fb6a6df8.xlsx carries line 2.1; not Appendix XXIV
vinacapital,vibf,VINACAPITAL-VIBF,https://vinacapital.com/wp-content/uploads/2022/07/20200506-vibf-changes-of-nav-weekly-report.xlsx,2020-05-06,20200506-vibf-changes-of-nav-weekly-report.xlsx,,2020-05-06,data/raw/vinacapital/20200506-vibf-changes-of-nav-weekly-report-fa6dac73b9a6ad8c.xlsx,ParseError: no sheet in data/raw/vinacapital/20200506-vibf-changes-of-nav-weekly-report-fa6dac73b9a6ad8c.xlsx carries line 2.1; not Appendix XXIV
vinacapital,vibf,VINACAPITAL-VIBF,https://vinacapital.com/wp-content/uploads/2022/07/20200506-vibf-nav-weekly-report.xlsx,2020-05-06,20200506-vibf-nav-weekly-report.xlsx,,2020-05-06,data/raw/vinacapital/20200506-vibf-nav-weekly-report-6b4abfe84a31b7f1.xlsx,ParseError: no sheet in data/raw/vinacapital/20200506-vibf-nav-weekly-report-6b4abfe84a31b7f1.xlsx carries line 2.1; not Appendix XXIV
vinacapital,vibf,VINACAPITAL-VIBF,https://vinacapital.com/wp-content/uploads/2022/07/20200513-vibf-changes-of-nav-weekly-report.xlsx,2020-05-13,20200513-vibf-changes-of-nav-weekly-report.xlsx,,2020-05-13,data/raw/vinacapital/20200513-vibf-changes-of-nav-weekly-report-03f75525e8cfe02c.xlsx,ParseError: no sheet in data/raw/vinacapital/20200513-vibf-changes-of-nav-weekly-report-03f75525e8cfe02c.xlsx carries line 2.1; not Appendix XXIV
vinacapital,vibf,VINACAPITAL-VIBF,https://vinacapital.com/wp-content/uploads/2022/07/20200513-vibf-nav-weekly-report.xlsx,2020-05-13,20200513-vibf-nav-weekly-report.xlsx,,2020-05-13,data/raw/vinacapital/20200513-vibf-nav-weekly-report-ab4c3a773920b916.xlsx,ParseError: no sheet in data/raw/vinacapital/20200513-vibf-nav-weekly-report-ab4c3a773920b916.xlsx carries line 2.1; not Appendix XXIV
vinacapital,vibf,VINACAPITAL-VIBF,https://vinacapital.com/wp-content/uploads/2022/07/20200520-vibf-changes-of-nav-weekly-report.xlsx,2020-05-20,20200520-vibf-changes-of-nav-weekly-report.xlsx,,2020-05-20,data/raw/vinacapital/20200520-vibf-changes-of-nav-weekly-report-b60255dbc4fa4dc1.xlsx,ParseError: no sheet in data/raw/vinacapital/20200520-vibf-changes-of-nav-weekly-report-b60255dbc4fa4dc1.xlsx carries line 2.1; not Appendix XXIV
vinacapital,vibf,VINACAPITAL-VIBF,https://vinacapital.com/wp-content/uploads/2022/07/20200520-vibf-nav-weekly-report.xlsx,2020-05-20,20200520-vibf-nav-weekly-report.xlsx,,2020-05-20,data/raw/vinacapital/20200520-vibf-nav-weekly-report-646bbb2b7418f02a.xlsx,ParseError: no sheet in data/raw/vinacapital/20200520-vibf-nav-weekly-report-646bbb2b7418f02a.xlsx carries line 2.1; not Appendix XXIV
vinacapital,vibf,VINACAPITAL-VIBF,https://vinacapital.com/wp-content/uploads/2022/07/20200527-vibf-changes-of-nav-weekly-report.xlsx,2020-05-27,20200527-vibf-changes-of-nav-weekly-report.xlsx,,2020-05-27,data/raw/vinacapital/20200527-vibf-changes-of-nav-weekly-report-38ac6d57f5ae5b15.xlsx,ParseError: no sheet in data/raw/vinacapital/20200527-vibf-changes-of-nav-weekly-report-38ac6d57f5ae5b15.xlsx carries line 2.1; not Appendix XXIV
vinacapital,vibf,VINACAPITAL-VIBF,https://vinacapital.com/wp-content/uploads/2022/07/20200527-vibf-nav-weekly-report.xlsx,2020-05-27,20200527-vibf-nav-weekly-report.xlsx,,2020-05-27,data/raw/vinacapital/20200527-vibf-nav-weekly-report-798fc656ceaccd45.xlsx,ParseError: no sheet in data/raw/vinacapital/20200527-vibf-nav-weekly-report-798fc656ceaccd45.xlsx carries line 2.1; not Appendix XXIV
vinacapital,vibf,VINACAPITAL-VIBF,https://vinacapital.com/wp-content/uploads/2022/07/20200603-vibf-changes-of-nav-weekly-report.xlsx,2020-06-03,20200603-vibf-changes-of-nav-weekly-report.xlsx,,2020-06-03,data/raw/vinacapital/20200603-vibf-changes-of-nav-weekly-report-1c406a57a868a88e.xlsx,ParseError: no sheet in data/raw/vinacapital/20200603-vibf-changes-of-nav-weekly-report-1c406a57a868a88e.xlsx carries line 2.1; not Appendix XXIV
vinacapital,vibf,VINACAPITAL-VIBF,https://vinacapital.com/wp-content/uploads/2022/07/20200603-vibf-nav-weekly-report.xlsx,2020-06-03,20200603-vibf-nav-weekly-report.xlsx,,2020-06-03,data/raw/vinacapital/20200603-vibf-nav-weekly-report-ca832b65f3f176af.xlsx,ParseError: no sheet in data/raw/vinacapital/20200603-vibf-nav-weekly-report-ca832b65f3f176af.xlsx carries line 2.1; not Appendix XXIV
vinacapital,vibf,VINACAPITAL-VIBF,https://vinacapital.com/wp-content/uploads/2022/07/20200611-vibf-changes-of-nav-weekly-report.xlsx,2020-06-11,20200611-vibf-changes-of-nav-weekly-report.xlsx,,2020-06-11,data/raw/vinacapital/20200611-vibf-changes-of-nav-weekly-report-4082bb2da8d19c17.xlsx,ParseError: no sheet in data/raw/vinacapital/20200611-vibf-changes-of-nav-weekly-report-4082bb2da8d19c17.xlsx carries line 2.1; not Appendix XXIV
vinacapital,vibf,VINACAPITAL-VIBF,https://vinacapital.com/wp-content/uploads/2022/07/20200611-vibf-nav-weekly-report.xlsx,2020-06-11,20200611-vibf-nav-weekly-report.xlsx,,2020-06-11,data/raw/vinacapital/20200611-vibf-nav-weekly-report-2cd1db79a21abaf5.xlsx,ParseError: no sheet in data/raw/vinacapital/20200611-vibf-nav-weekly-report-2cd1db79a21abaf5.xlsx carries line 2.1; not Appendix XXIV
vinacapital,vibf,VINACAPITAL-VIBF,https://vinacapital.com/wp-content/uploads/2022/07/20200617-vibf-changes-of-nav-weekly-report.xlsx,2020-06-17,20200617-vibf-changes-of-nav-weekly-report.xlsx,,2020-06-17,data/raw/vinacapital/20200617-vibf-changes-of-nav-weekly-report-76a38e6c2f0d6ee2.xlsx,ParseError: no sheet in data/raw/vinacapital/20200617-vibf-changes-of-nav-weekly-report-76a38e6c2f0d6ee2.xlsx carries line 2.1; not Appendix XXIV
vinacapital,vibf,VINACAPITAL-VIBF,https://vinacapital.com/wp-content/uploads/2022/07/20200617-vibf-nav-weekly-report.xlsx,2020-06-17,20200617-vibf-nav-weekly-report.xlsx,,2020-06-17,data/raw/vinacapital/20200617-vibf-nav-weekly-report-b839e74b4b92b48e.xlsx,ParseError: no sheet in data/raw/vinacapital/20200617-vibf-nav-weekly-report-b839e74b4b92b48e.xlsx carries line 2.1; not Appendix XXIV
vinacapital,vibf,VINACAPITAL-VIBF,https://vinacapital.com/wp-content/uploads/2022/07/20200624-vibf-changes-of-nav-weekly-report.xlsx,2020-06-24,20200624-vibf-changes-of-nav-weekly-report.xlsx,,2020-06-24,data/raw/vinacapital/20200624-vibf-changes-of-nav-weekly-report-a0f999154149ec55.xlsx,ParseError: no sheet in data/raw/vinacapital/20200624-vibf-changes-of-nav-weekly-report-a0f999154149ec55.xlsx carries line 2.1; not Appendix XXIV
vinacapital,vibf,VINACAPITAL-VIBF,https://vinacapital.com/wp-content/uploads/2022/07/20200624-vibf-nav-weekly-report.xlsx,2020-06-24,20200624-vibf-nav-weekly-report.xlsx,,2020-06-24,data/raw/vinacapital/20200624-vibf-nav-weekly-report-5e5e342e8898ac2e.xlsx,ParseError: no sheet in data/raw/vinacapital/20200624-vibf-nav-weekly-report-5e5e342e8898ac2e.xlsx carries line 2.1; not Appendix XXIV
vinacapital,vibf,VINACAPITAL-VIBF,https://vinacapital.com/wp-content/uploads/2022/07/20200701-vibf-changes-of-nav-weekly-report.xlsx,2020-07-01,20200701-vibf-changes-of-nav-weekly-report.xlsx,,2020-07-01,data/raw/vinacapital/20200701-vibf-changes-of-nav-weekly-report-60d7ecaa98f46958.xlsx,ParseError: no sheet in data/raw/vinacapital/20200701-vibf-changes-of-nav-weekly-report-60d7ecaa98f46958.xlsx carries line 2.1; not Appendix XXIV
vinacapital,vibf,VINACAPITAL-VIBF,https://vinacapital.com/wp-content/uploads/2022/07/20200701-vibf-nav-weekly-report.xlsx,2020-07-01,20200701-vibf-nav-weekly-report.xlsx,,2020-07-01,data/raw/vinacapital/20200701-vibf-nav-weekly-report-3d7b68f261b45626.xlsx,ParseError: no sheet in data/raw/vinacapital/20200701-vibf-nav-weekly-report-3d7b68f261b45626.xlsx carries line 2.1; not Appendix XXIV
vinacapital,vibf,VINACAPITAL-VIBF,https://vinacapital.com/wp-content/uploads/2022/07/20200708-vibf-changes-of-nav-weekly-report.xlsx,2020-07-08,20200708-vibf-changes-of-nav-weekly-report.xlsx,,2020-07-08,data/raw/vinacapital/20200708-vibf-changes-of-nav-weekly-report-134710f73c8df0e7.xlsx,ParseError: no sheet in data/raw/vinacapital/20200708-vibf-changes-of-nav-weekly-report-134710f73c8df0e7.xlsx carries line 2.1; not Appendix XXIV
vinacapital,vibf,VINACAPITAL-VIBF,https://vinacapital.com/wp-content/uploads/2022/07/20200708-vibf-nav-weekly-report.xlsx,2020-07-08,20200708-vibf-nav-weekly-report.xlsx,,2020-07-08,data/raw/vinacapital/20200708-vibf-nav-weekly-report-2179200abbd13f67.xlsx,ParseError: no sheet in data/raw/vinacapital/20200708-vibf-nav-weekly-report-2179200abbd13f67.xlsx carries line 2.1; not Appendix XXIV
vinacapital,vibf,VINACAPITAL-VIBF,https://vinacapital.com/wp-content/uploads/2022/07/20200715-vibf-changes-of-nav-weekly-report.xlsx,2020-07-15,20200715-vibf-changes-of-nav-weekly-report.xlsx,,2020-07-15,data/raw/vinacapital/20200715-vibf-changes-of-nav-weekly-report-3003ee5a297623e9.xlsx,ParseError: no sheet in data/raw/vinacapital/20200715-vibf-changes-of-nav-weekly-report-3003ee5a297623e9.xlsx carries line 2.1; not Appendix XXIV
vinacapital,vibf,VINACAPITAL-VIBF,https://vinacapital.com/wp-content/uploads/2022/07/20200715-vibf-nav-weekly-report.xlsx,2020-07-15,20200715-vibf-nav-weekly-report.xlsx,,2020-07-15,data/raw/vinacapital/20200715-vibf-nav-weekly-report-f5b2c65c1ea19e55.xlsx,ParseError: no sheet in data/raw/vinacapital/20200715-vibf-nav-weekly-report-f5b2c65c1ea19e55.xlsx carries line 2.1; not Appendix XXIV
vinacapital,vibf,VINACAPITAL-VIBF,https://vinacapital.com/wp-content/uploads/2022/07/20200722-vibf-changes-of-nav-weekly-report.xlsx,2020-07-22,20200722-vibf-changes-of-nav-weekly-report.xlsx,,2020-07-22,data/raw/vinacapital/20200722-vibf-changes-of-nav-weekly-report-f189438919dd15c0.xlsx,ParseError: no sheet in data/raw/vinacapital/20200722-vibf-changes-of-nav-weekly-report-f189438919dd15c0.xlsx carries line 2.1; not Appendix XXIV
vinacapital,vibf,VINACAPITAL-VIBF,https://vinacapital.com/wp-content/uploads/2022/07/20200722-vibf-nav-weekly-report.xlsx,2020-07-22,20200722-vibf-nav-weekly-report.xlsx,,2020-07-22,data/raw/vinacapital/20200722-vibf-nav-weekly-report-31ea801ce022d7d7.xlsx,ParseError: no sheet in data/raw/vinacapital/20200722-vibf-nav-weekly-report-31ea801ce022d7d7.xlsx carries line 2.1; not Appendix XXIV
vinacapital,vibf,VINACAPITAL-VIBF,https://vinacapital.com/wp-content/uploads/2022/07/20200729-vibf-changes-of-nav-weekly-report.xlsx,2020-07-29,20200729-vibf-changes-of-nav-weekly-report.xlsx,,2020-07-29,data/raw/vinacapital/20200729-vibf-changes-of-nav-weekly-report-f71a127f91bb8711.xlsx,ParseError: no sheet in data/raw/vinacapital/20200729-vibf-changes-of-nav-weekly-report-f71a127f91bb8711.xlsx carries line 2.1; not Appendix XXIV
vinacapital,vibf,VINACAPITAL-VIBF,https://vinacapital.com/wp-content/uploads/2022/07/20200729-vibf-nav-weekly-report.xlsx,2020-07-29,20200729-vibf-nav-weekly-report.xlsx,,2020-07-29,data/raw/vinacapital/20200729-vibf-nav-weekly-report-ff2f97801f4c2df1.xlsx,ParseError: no sheet in data/raw/vinacapital/20200729-vibf-nav-weekly-report-ff2f97801f4c2df1.xlsx carries line 2.1; not Appendix XXIV
vinacapital,vibf,VINACAPITAL-VIBF,https://vinacapital.com/wp-content/uploads/2022/07/20200805-vibf-changes-of-nav-weekly-report.xlsx,2020-08-05,20200805-vibf-changes-of-nav-weekly-report.xlsx,,2020-08-05,data/raw/vinacapital/20200805-vibf-changes-of-nav-weekly-report-687de7715381b200.xlsx,ParseError: no sheet in data/raw/vinacapital/20200805-vibf-changes-of-nav-weekly-report-687de7715381b200.xlsx carries line 2.1; not Appendix XXIV
vinacapital,vibf,VINACAPITAL-VIBF,https://vinacapital.com/wp-content/uploads/2022/07/20200805-vibf-nav-weekly-report.xlsx,2020-08-05,20200805-vibf-nav-weekly-report.xlsx,,2020-08-05,data/raw/vinacapital/20200805-vibf-nav-weekly-report-b83fbfbef3062be0.xlsx,ParseError: no sheet in data/raw/vinacapital/20200805-vibf-nav-weekly-report-b83fbfbef3062be0.xlsx carries line 2.1; not Appendix XXIV
vinacapital,vibf,VINACAPITAL-VIBF,https://vinacapital.com/wp-content/uploads/2022/07/20200812-vibf-changes-of-nav-weekly-report.xlsx,2020-08-12,20200812-vibf-changes-of-nav-weekly-report.xlsx,,2020-08-12,data/raw/vinacapital/20200812-vibf-changes-of-nav-weekly-report-bf1d3efcea17ad81.xlsx,ParseError: no sheet in data/raw/vinacapital/20200812-vibf-changes-of-nav-weekly-report-bf1d3efcea17ad81.xlsx carries line 2.1; not Appendix XXIV
vinacapital,vibf,VINACAPITAL-VIBF,https://vinacapital.com/wp-content/uploads/2022/07/20200812-vibf-nav-weekly-report.xlsx,2020-08-12,20200812-vibf-nav-weekly-report.xlsx,,2020-08-12,data/raw/vinacapital/20200812-vibf-nav-weekly-report-0f65035014d51225.xlsx,ParseError: no sheet in data/raw/vinacapital/20200812-vibf-nav-weekly-report-0f65035014d51225.xlsx carries line 2.1; not Appendix XXIV
vinacapital,vibf,VINACAPITAL-VIBF,https://vinacapital.com/wp-content/uploads/2022/07/20200819-vibf-changes-of-nav-weekly-report.xlsx,2020-08-19,20200819-vibf-changes-of-nav-weekly-report.xlsx,,2020-08-19,data/raw/vinacapital/20200819-vibf-changes-of-nav-weekly-report-231ab434b7a4ccca.xlsx,ParseError: no sheet in data/raw/vinacapital/20200819-vibf-changes-of-nav-weekly-report-231ab434b7a4ccca.xlsx carries line 2.1; not Appendix XXIV
vinacapital,vibf,VINACAPITAL-VIBF,https://vinacapital.com/wp-content/uploads/2022/07/20200819-vibf-nav-weekly-report.xlsx,2020-08-19,20200819-vibf-nav-weekly-report.xlsx,,2020-08-19,data/raw/vinacapital/20200819-vibf-nav-weekly-report-aeeea138b2bacb57.xlsx,ParseError: no sheet in data/raw/vinacapital/20200819-vibf-nav-weekly-report-aeeea138b2bacb57.xlsx carries line 2.1; not Appendix XXIV
vinacapital,vibf,VINACAPITAL-VIBF,https://vinacapital.com/wp-content/uploads/2022/07/20200826-vibf-changes-of-nav-weekly-report.xlsx,2020-08-26,20200826-vibf-changes-of-nav-weekly-report.xlsx,,2020-08-26,data/raw/vinacapital/20200826-vibf-changes-of-nav-weekly-report-842f34051b007510.xlsx,ParseError: no sheet in data/raw/vinacapital/20200826-vibf-changes-of-nav-weekly-report-842f34051b007510.xlsx carries line 2.1; not Appendix XXIV
vinacapital,vibf,VINACAPITAL-VIBF,https://vinacapital.com/wp-content/uploads/2022/07/20200826-vibf-nav-weekly-report.xlsx,2020-08-26,20200826-vibf-nav-weekly-report.xlsx,,2020-08-26,data/raw/vinacapital/20200826-vibf-nav-weekly-report-8024538d279c43b5.xlsx,ParseError: no sheet in data/raw/vinacapital/20200826-vibf-nav-weekly-report-8024538d279c43b5.xlsx carries line 2.1; not Appendix XXIV
vinacapital,vibf,VINACAPITAL-VIBF,https://vinacapital.com/wp-content/uploads/2022/07/20200901-vibf-changes-of-nav-weekly-report.xlsx,2020-09-01,20200901-vibf-changes-of-nav-weekly-report.xlsx,,2020-09-01,data/raw/vinacapital/20200901-vibf-changes-of-nav-weekly-report-f785a76bb44b6811.xlsx,ParseError: no sheet in data/raw/vinacapital/20200901-vibf-changes-of-nav-weekly-report-f785a76bb44b6811.xlsx carries line 2.1; not Appendix XXIV
vinacapital,vibf,VINACAPITAL-VIBF,https://vinacapital.com/wp-content/uploads/2022/07/20200901-vibf-nav-weekly-report.xlsx,2020-09-01,20200901-vibf-nav-weekly-report.xlsx,,2020-09-01,data/raw/vinacapital/20200901-vibf-nav-weekly-report-16cc441ee8e9e596.xlsx,ParseError: no sheet in data/raw/vinacapital/20200901-vibf-nav-weekly-report-16cc441ee8e9e596.xlsx carries line 2.1; not Appendix XXIV
vinacapital,vibf,VINACAPITAL-VIBF,https://vinacapital.com/wp-content/uploads/2022/07/20200909-vibf-changes-of-nav-weekly-report.xlsx,2020-09-09,20200909-vibf-changes-of-nav-weekly-report.xlsx,,2020-09-09,data/raw/vinacapital/20200909-vibf-changes-of-nav-weekly-report-7556e97d1954bd14.xlsx,ParseError: no sheet in data/raw/vinacapital/20200909-vibf-changes-of-nav-weekly-report-7556e97d1954bd14.xlsx carries line 2.1; not Appendix XXIV
vinacapital,vibf,VINACAPITAL-VIBF,https://vinacapital.com/wp-content/uploads/2022/07/20200909-vibf-nav-weekly-report.xlsx,2020-09-09,20200909-vibf-nav-weekly-report.xlsx,,2020-09-09,data/raw/vinacapital/20200909-vibf-nav-weekly-report-8128fec355985da2.xlsx,ParseError: no sheet in data/raw/vinacapital/20200909-vibf-nav-weekly-report-8128fec355985da2.xlsx carries line 2.1; not Appendix XXIV
vinacapital,vibf,VINACAPITAL-VIBF,https://vinacapital.com/wp-content/uploads/2022/07/20200916-vibf-changes-of-nav-weekly-report.xlsx,2020-09-16,20200916-vibf-changes-of-nav-weekly-report.xlsx,,2020-09-16,data/raw/vinacapital/20200916-vibf-changes-of-nav-weekly-report-fcc95cb84e06db07.xlsx,ParseError: no sheet in data/raw/vinacapital/20200916-vibf-changes-of-nav-weekly-report-fcc95cb84e06db07.xlsx carries line 2.1; not Appendix XXIV
vinacapital,vibf,VINACAPITAL-VIBF,https://vinacapital.com/wp-content/uploads/2022/07/20200916-vibf-nav-weekly-report.xlsx,2020-09-16,20200916-vibf-nav-weekly-report.xlsx,,2020-09-16,data/raw/vinacapital/20200916-vibf-nav-weekly-report-0ab5cb2146c4be47.xlsx,ParseError: no sheet in data/raw/vinacapital/20200916-vibf-nav-weekly-report-0ab5cb2146c4be47.xlsx carries line 2.1; not Appendix XXIV
vinacapital,vibf,VINACAPITAL-VIBF,https://vinacapital.com/wp-content/uploads/2022/07/20200923-vibf-changes-of-nav-weekly-report.xlsx,2020-09-23,20200923-vibf-changes-of-nav-weekly-report.xlsx,,2020-09-23,data/raw/vinacapital/20200923-vibf-changes-of-nav-weekly-report-89758cdad4a8504e.xlsx,ParseError: no sheet in data/raw/vinacapital/20200923-vibf-changes-of-nav-weekly-report-89758cdad4a8504e.xlsx carries line 2.1; not Appendix XXIV
vinacapital,vibf,VINACAPITAL-VIBF,https://vinacapital.com/wp-content/uploads/2022/07/20200923-vibf-nav-weekly-report.xlsx,2020-09-23,20200923-vibf-nav-weekly-report.xlsx,,2020-09-23,data/raw/vinacapital/20200923-vibf-nav-weekly-report-0b0438f63c143418.xlsx,ParseError: no sheet in data/raw/vinacapital/20200923-vibf-nav-weekly-report-0b0438f63c143418.xlsx carries line 2.1; not Appendix XXIV
vinacapital,vibf,VINACAPITAL-VIBF,https://vinacapital.com/wp-content/uploads/2022/07/20200930-vibf-changes-of-nav-weekly-report-1.xlsx,2020-09-30,20200930-vibf-changes-of-nav-weekly-report-1.xlsx,,2020-09-30,data/raw/vinacapital/20200930-vibf-changes-of-nav-weekly-report-1-bc73a14a72d036f4.xlsx,ParseError: no sheet in data/raw/vinacapital/20200930-vibf-changes-of-nav-weekly-report-1-bc73a14a72d036f4.xlsx carries line 2.1; not Appendix XXIV
vinacapital,vibf,VINACAPITAL-VIBF,https://vinacapital.com/wp-content/uploads/2022/07/20200930-vibf-nav-weekly-report-1.xlsx,2020-09-30,20200930-vibf-nav-weekly-report-1.xlsx,,2020-09-30,data/raw/vinacapital/20200930-vibf-nav-weekly-report-1-025358961c2c8769.xlsx,ParseError: no sheet in data/raw/vinacapital/20200930-vibf-nav-weekly-report-1-025358961c2c8769.xlsx carries line 2.1; not Appendix XXIV
vinacapital,vibf,VINACAPITAL-VIBF,https://vinacapital.com/wp-content/uploads/2022/07/20201007-vibf-changes-of-nav-weekly-report.xlsx,2020-10-07,20201007-vibf-changes-of-nav-weekly-report.xlsx,,2020-10-07,data/raw/vinacapital/20201007-vibf-changes-of-nav-weekly-report-e682c1a073c448f4.xlsx,ParseError: no sheet in data/raw/vinacapital/20201007-vibf-changes-of-nav-weekly-report-e682c1a073c448f4.xlsx carries line 2.1; not Appendix XXIV
vinacapital,vibf,VINACAPITAL-VIBF,https://vinacapital.com/wp-content/uploads/2022/07/20201007-vibf-nav-weekly-report.xlsx,2020-10-07,20201007-vibf-nav-weekly-report.xlsx,,2020-10-07,data/raw/vinacapital/20201007-vibf-nav-weekly-report-e412a2cdba20e92e.xlsx,ParseError: no sheet in data/raw/vinacapital/20201007-vibf-nav-weekly-report-e412a2cdba20e92e.xlsx carries line 2.1; not Appendix XXIV
vinacapital,vibf,VINACAPITAL-VIBF,https://vinacapital.com/wp-content/uploads/2022/07/20201014-vibf-changes-of-nav-weekly-report.xlsx,2020-10-14,20201014-vibf-changes-of-nav-weekly-report.xlsx,,2020-10-14,data/raw/vinacapital/20201014-vibf-changes-of-nav-weekly-report-f5023d67b7a93aa2.xlsx,ParseError: no sheet in data/raw/vinacapital/20201014-vibf-changes-of-nav-weekly-report-f5023d67b7a93aa2.xlsx carries line 2.1; not Appendix XXIV
vinacapital,vibf,VINACAPITAL-VIBF,https://vinacapital.com/wp-content/uploads/2022/07/20201014-vibf-nav-weekly-report.xlsx,2020-10-14,20201014-vibf-nav-weekly-report.xlsx,,2020-10-14,data/raw/vinacapital/20201014-vibf-nav-weekly-report-2e85de08a1ab7273.xlsx,ParseError: no sheet in data/raw/vinacapital/20201014-vibf-nav-weekly-report-2e85de08a1ab7273.xlsx carries line 2.1; not Appendix XXIV
vinacapital,vibf,VINACAPITAL-VIBF,https://vinacapital.com/wp-content/uploads/2022/07/20201021-vibf-changes-of-nav-weekly-report.xlsx,2020-10-21,20201021-vibf-changes-of-nav-weekly-report.xlsx,,2020-10-21,data/raw/vinacapital/20201021-vibf-changes-of-nav-weekly-report-a95d8bbc7516f511.xlsx,ParseError: no sheet in data/raw/vinacapital/20201021-vibf-changes-of-nav-weekly-report-a95d8bbc7516f511.xlsx carries line 2.1; not Appendix XXIV
vinacapital,vibf,VINACAPITAL-VIBF,https://vinacapital.com/wp-content/uploads/2022/07/20201021-vibf-nav-weekly-report.xlsx,2020-10-21,20201021-vibf-nav-weekly-report.xlsx,,2020-10-21,data/raw/vinacapital/20201021-vibf-nav-weekly-report-f4b5e6cb1c6834ad.xlsx,ParseError: no sheet in data/raw/vinacapital/20201021-vibf-nav-weekly-report-f4b5e6cb1c6834ad.xlsx carries line 2.1; not Appendix XXIV
vinacapital,vibf,VINACAPITAL-VIBF,https://vinacapital.com/wp-content/uploads/2022/07/20201028-vibf-changes-of-nav-weekly-report.xlsx,2020-10-28,20201028-vibf-changes-of-nav-weekly-report.xlsx,,2020-10-28,data/raw/vinacapital/20201028-vibf-changes-of-nav-weekly-report-1a74244b6706d366.xlsx,ParseError: no sheet in data/raw/vinacapital/20201028-vibf-changes-of-nav-weekly-report-1a74244b6706d366.xlsx carries line 2.1; not Appendix XXIV
vinacapital,vibf,VINACAPITAL-VIBF,https://vinacapital.com/wp-content/uploads/2022/07/20201028-vibf-nav-weekly-report.xlsx,2020-10-28,20201028-vibf-nav-weekly-report.xlsx,,2020-10-28,data/raw/vinacapital/20201028-vibf-nav-weekly-report-cf0cbd482a9f7027.xlsx,ParseError: no sheet in data/raw/vinacapital/20201028-vibf-nav-weekly-report-cf0cbd482a9f7027.xlsx carries line 2.1; not Appendix XXIV
vinacapital,vibf,VINACAPITAL-VIBF,https://vinacapital.com/wp-content/uploads/2022/07/20201104-vibf-changes-of-nav-weekly-report.xlsx,2020-11-04,20201104-vibf-changes-of-nav-weekly-report.xlsx,,2020-11-04,data/raw/vinacapital/20201104-vibf-changes-of-nav-weekly-report-3411d49c20c29b95.xlsx,ParseError: no sheet in data/raw/vinacapital/20201104-vibf-changes-of-nav-weekly-report-3411d49c20c29b95.xlsx carries line 2.1; not Appendix XXIV
vinacapital,vibf,VINACAPITAL-VIBF,https://vinacapital.com/wp-content/uploads/2022/07/20201104-vibf-nav-weekly-report.xlsx,2020-11-04,20201104-vibf-nav-weekly-report.xlsx,,2020-11-04,data/raw/vinacapital/20201104-vibf-nav-weekly-report-cec1b1cd5000fd64.xlsx,ParseError: no sheet in data/raw/vinacapital/20201104-vibf-nav-weekly-report-cec1b1cd5000fd64.xlsx carries line 2.1; not Appendix XXIV
vinacapital,vibf,VINACAPITAL-VIBF,https://vinacapital.com/wp-content/uploads/2022/07/20201111-vibf-changes-of-nav-weekly-report.xlsx,2020-11-11,20201111-vibf-changes-of-nav-weekly-report.xlsx,,2020-11-11,data/raw/vinacapital/20201111-vibf-changes-of-nav-weekly-report-4b38079e70338755.xlsx,ParseError: no sheet in data/raw/vinacapital/20201111-vibf-changes-of-nav-weekly-report-4b38079e70338755.xlsx carries line 2.1; not Appendix XXIV
vinacapital,vibf,VINACAPITAL-VIBF,https://vinacapital.com/wp-content/uploads/2022/07/20201111-vibf-nav-weekly-report.xlsx,2020-11-11,20201111-vibf-nav-weekly-report.xlsx,,2020-11-11,data/raw/vinacapital/20201111-vibf-nav-weekly-report-20c6b200cfe62ff1.xlsx,ParseError: no sheet in data/raw/vinacapital/20201111-vibf-nav-weekly-report-20c6b200cfe62ff1.xlsx carries line 2.1; not Appendix XXIV
vinacapital,vibf,VINACAPITAL-VIBF,https://vinacapital.com/wp-content/uploads/2022/07/20201118-vibf-changes-of-nav-weekly-report-1.xlsx,2020-11-18,20201118-vibf-changes-of-nav-weekly-report-1.xlsx,,2020-11-18,data/raw/vinacapital/20201118-vibf-changes-of-nav-weekly-report-1-33e84671d57251eb.xlsx,ParseError: no sheet in data/raw/vinacapital/20201118-vibf-changes-of-nav-weekly-report-1-33e84671d57251eb.xlsx carries line 2.1; not Appendix XXIV
vinacapital,vibf,VINACAPITAL-VIBF,https://vinacapital.com/wp-content/uploads/2022/07/20201118-vibf-nav-weekly-report-1.xlsx,2020-11-18,20201118-vibf-nav-weekly-report-1.xlsx,,2020-11-18,data/raw/vinacapital/20201118-vibf-nav-weekly-report-1-57c710a95f56577c.xlsx,ParseError: no sheet in data/raw/vinacapital/20201118-vibf-nav-weekly-report-1-57c710a95f56577c.xlsx carries line 2.1; not Appendix XXIV
vinacapital,vibf,VINACAPITAL-VIBF,https://vinacapital.com/wp-content/uploads/2022/07/20201125-vibf-changes-of-nav-weekly-report-1.xlsx,2020-11-25,20201125-vibf-changes-of-nav-weekly-report-1.xlsx,,2020-11-25,data/raw/vinacapital/20201125-vibf-changes-of-nav-weekly-report-1-a053247f6df66034.xlsx,ParseError: no sheet in data/raw/vinacapital/20201125-vibf-changes-of-nav-weekly-report-1-a053247f6df66034.xlsx carries line 2.1; not Appendix XXIV
vinacapital,vibf,VINACAPITAL-VIBF,https://vinacapital.com/wp-content/uploads/2022/07/20201202-vibf-changes-of-nav-weekly-report.xlsx,2020-12-02,20201202-vibf-changes-of-nav-weekly-report.xlsx,,2020-12-02,data/raw/vinacapital/20201202-vibf-changes-of-nav-weekly-report-f0a83a3eea355d8b.xlsx,ParseError: no sheet in data/raw/vinacapital/20201202-vibf-changes-of-nav-weekly-report-f0a83a3eea355d8b.xlsx carries line 2.1; not Appendix XXIV
vinacapital,vibf,VINACAPITAL-VIBF,https://vinacapital.com/wp-content/uploads/2022/07/20201202-vibf-nav-weekly-report.xlsx,2020-12-02,20201202-vibf-nav-weekly-report.xlsx,,2020-12-02,data/raw/vinacapital/20201202-vibf-nav-weekly-report-f12227b37f7afdec.xlsx,ParseError: no sheet in data/raw/vinacapital/20201202-vibf-nav-weekly-report-f12227b37f7afdec.xlsx carries line 2.1; not Appendix XXIV
vinacapital,vibf,VINACAPITAL-VIBF,https://vinacapital.com/wp-content/uploads/2022/07/20201209-vibf-changes-of-nav-weekly-report-1.xlsx,2020-12-09,20201209-vibf-changes-of-nav-weekly-report-1.xlsx,,2020-12-09,data/raw/vinacapital/20201209-vibf-changes-of-nav-weekly-report-1-3a2ba42334ad8d01.xlsx,ParseError: no sheet in data/raw/vinacapital/20201209-vibf-changes-of-nav-weekly-report-1-3a2ba42334ad8d01.xlsx carries line 2.1; not Appendix XXIV
vinacapital,vibf,VINACAPITAL-VIBF,https://vinacapital.com/wp-content/uploads/2022/07/20201209-vibf-nav-weekly-report-1.xlsx,2020-12-09,20201209-vibf-nav-weekly-report-1.xlsx,,2020-12-09,data/raw/vinacapital/20201209-vibf-nav-weekly-report-1-83a958fc6f585d14.xlsx,ParseError: no sheet in data/raw/vinacapital/20201209-vibf-nav-weekly-report-1-83a958fc6f585d14.xlsx carries line 2.1; not Appendix XXIV
vinacapital,vibf,VINACAPITAL-VIBF,https://vinacapital.com/wp-content/uploads/2022/07/20201216-vibf-changes-of-nav-weekly-report-1.xlsx,2020-12-16,20201216-vibf-changes-of-nav-weekly-report-1.xlsx,,2020-12-16,data/raw/vinacapital/20201216-vibf-changes-of-nav-weekly-report-1-8cf0fa11c7600b8e.xlsx,ParseError: no sheet in data/raw/vinacapital/20201216-vibf-changes-of-nav-weekly-report-1-8cf0fa11c7600b8e.xlsx carries line 2.1; not Appendix XXIV
vinacapital,vibf,VINACAPITAL-VIBF,https://vinacapital.com/wp-content/uploads/2022/07/20201216-vibf-nav-weekly-report-1.xlsx,2020-12-16,20201216-vibf-nav-weekly-report-1.xlsx,,2020-12-16,data/raw/vinacapital/20201216-vibf-nav-weekly-report-1-a5249e96e49017e1.xlsx,ParseError: no sheet in data/raw/vinacapital/20201216-vibf-nav-weekly-report-1-a5249e96e49017e1.xlsx carries line 2.1; not Appendix XXIV
vinacapital,vibf,VINACAPITAL-VIBF,https://vinacapital.com/wp-content/uploads/2022/07/20201223-vibf-changes-of-nav-weekly-report.xlsx,2020-12-23,20201223-vibf-changes-of-nav-weekly-report.xlsx,,2020-12-23,data/raw/vinacapital/20201223-vibf-changes-of-nav-weekly-report-54feddfe23d6343e.xlsx,ParseError: no sheet in data/raw/vinacapital/20201223-vibf-changes-of-nav-weekly-report-54feddfe23d6343e.xlsx carries line 2.1; not Appendix XXIV
vinacapital,vibf,VINACAPITAL-VIBF,https://vinacapital.com/wp-content/uploads/2022/07/20201223-vibf-nav-weekly-report.xlsx,2020-12-23,20201223-vibf-nav-weekly-report.xlsx,,2020-12-23,data/raw/vinacapital/20201223-vibf-nav-weekly-report-9ff3845cf64dc585.xlsx,ParseError: no sheet in data/raw/vinacapital/20201223-vibf-nav-weekly-report-9ff3845cf64dc585.xlsx carries line 2.1; not Appendix XXIV
vinacapital,vibf,VINACAPITAL-VIBF,https://vinacapital.com/wp-content/uploads/2022/07/20201230-vibf-changes-of-nav-weekly-report.xlsx,2020-12-30,20201230-vibf-changes-of-nav-weekly-report.xlsx,,2020-12-30,data/raw/vinacapital/20201230-vibf-changes-of-nav-weekly-report-764f8deb55b396e5.xlsx,ParseError: no sheet in data/raw/vinacapital/20201230-vibf-changes-of-nav-weekly-report-764f8deb55b396e5.xlsx carries line 2.1; not Appendix XXIV
vinacapital,vibf,VINACAPITAL-VIBF,https://vinacapital.com/wp-content/uploads/2022/07/20201230-vibf-nav-weekly-report.xlsx,2020-12-30,20201230-vibf-nav-weekly-report.xlsx,,2020-12-30,data/raw/vinacapital/20201230-vibf-nav-weekly-report-648b4a1b40e7da5c.xlsx,ParseError: no sheet in data/raw/vinacapital/20201230-vibf-nav-weekly-report-648b4a1b40e7da5c.xlsx carries line 2.1; not Appendix XXIV
vinacapital,vibf,VINACAPITAL-VIBF,https://vinacapital.com/wp-content/uploads/2022/08/20220728-vibf-changes-of-nav-weekly-report.xlsx,2022-07-28,20220728-vibf-changes-of-nav-weekly-report.xlsx,,2022-07-28,data/raw/vinacapital/20220728-vibf-changes-of-nav-weekly-report-1ea21c0c28dd65ea.xlsx,"ParseError: no section-3 (change in NAV) line present; this is a point-in-time NAV report, not the Appendix XXIV change report [data/raw/vinacapital/20220728-vibf-changes-of-nav-weekly-report-1ea21c0c28dd65ea.xlsx]"
vinacapital,vlbf,VINACAPITAL-VLBF,https://vinacapital.com/wp-content/uploads/2022/07/20210930-vlbf-changes-of-nav-weekly-report.xlsx,2021-09-30,20210930-vlbf-changes-of-nav-weekly-report.xlsx,,2021-09-30,data/raw/vinacapital/20210930-vlbf-changes-of-nav-weekly-report-b757d867c3552ce9.xlsx,"ParseError: no section-3 (change in NAV) line present; this is a point-in-time NAV report, not the Appendix XXIV change report [data/raw/vinacapital/20210930-vlbf-changes-of-nav-weekly-report-b757d867c3552ce9.xlsx]"
vinacapital,vlbf,VINACAPITAL-VLBF,https://vinacapital.com/wp-content/uploads/2022/07/20211230-vlbf-changes-of-nav-weekly-report.xlsx,2021-12-30,20211230-vlbf-changes-of-nav-weekly-report.xlsx,,2021-12-30,data/raw/vinacapital/20211230-vlbf-changes-of-nav-weekly-report-75ecc503305746f0.xlsx,"ParseError: no section-3 (change in NAV) line present; this is a point-in-time NAV report, not the Appendix XXIV change report [data/raw/vinacapital/20211230-vlbf-changes-of-nav-weekly-report-75ecc503305746f0.xlsx]"
vinacapital,vlbf,VINACAPITAL-VLBF,https://vinacapital.com/wp-content/uploads/2022/07/20220412-vlbf-changes-of-nav-weekly-report.xlsx,2022-04-12,20220412-vlbf-changes-of-nav-weekly-report.xlsx,,2022-04-12,data/raw/vinacapital/20220412-vlbf-changes-of-nav-weekly-report-32839325238fca3e.xlsx,"ParseError: no section-3 (change in NAV) line present; this is a point-in-time NAV report, not the Appendix XXIV change report [data/raw/vinacapital/20220412-vlbf-changes-of-nav-weekly-report-32839325238fca3e.xlsx]"
vinacapital,vlbf,VINACAPITAL-VLBF,https://vinacapital.com/wp-content/uploads/2022/08/20220728-vlbf-changes-of-nav-weekly-report-1.xlsx,2022-07-28,20220728-vlbf-changes-of-nav-weekly-report-1.xlsx,,2022-07-28,data/raw/vinacapital/20220728-vlbf-changes-of-nav-weekly-report-1-fe0db6b5a522118b.xlsx,"ParseError: no section-3 (change in NAV) line present; this is a point-in-time NAV report, not the Appendix XXIV change report [data/raw/vinacapital/20220728-vlbf-changes-of-nav-weekly-report-1-fe0db6b5a522118b.xlsx]"
vinacapital,vlbf,VINACAPITAL-VLBF,https://vinacapital.com/wp-content/uploads/2022/08/20220728-vlbf-changes-of-nav-weekly-report.xlsx,2022-07-28,20220728-vlbf-changes-of-nav-weekly-report.xlsx,,2022-07-28,data/raw/vinacapital/20220728-vlbf-changes-of-nav-weekly-report-fe0db6b5a522118b.xlsx,"ParseError: no section-3 (change in NAV) line present; this is a point-in-time NAV report, not the Appendix XXIV change report [data/raw/vinacapital/20220728-vlbf-changes-of-nav-weekly-report-fe0db6b5a522118b.xlsx]"
ssiam,ssi-ef,SSI-EF,https://ssiam.com.vn/upload/files/QuanLyQuy/BCThayDoiGTTSR_TT98%20tuan_SSIEF%2020251015.pdf,,BCThayDoiGTTSR_TT98 tuan_SSIEF 20251015.pdf,,2025-10-15,data/raw/ssiam/BCThayDoiGTTSR_TT98_20tuan_SSIEF_2020251015-32da810ca61cda4c.pdf,ParseError: line 2.1 (nav_end) absent; layout is not Appendix XXIV [data/raw/ssiam/BCThayDoiGTTSR_TT98_20tuan_SSIEF_2020251015-32da810ca61cda4c.pdf]
ssiam,ssi-ef,SSI-EF,https://ssiam.com.vn/upload/files/QuanLyQuy/BCThayDoiGTTSR_TT98%20tuan_SSIEF%2020251105.pdf,,BCThayDoiGTTSR_TT98 tuan_SSIEF 20251105.pdf,,2025-11-05,data/raw/ssiam/BCThayDoiGTTSR_TT98_20tuan_SSIEF_2020251105-6bfcc55f6508d6b4.pdf,ParseError: line 2.1 (nav_end) absent; layout is not Appendix XXIV [data/raw/ssiam/BCThayDoiGTTSR_TT98_20tuan_SSIEF_2020251105-6bfcc55f6508d6b4.pdf]
ssiam,ssi-ef,SSI-EF,https://ssiam.com.vn/upload/files/QuanLyQuy/BCThayDoiGTTSR_TT98%20tuan_SSIEF%2020251112.pdf,,BCThayDoiGTTSR_TT98 tuan_SSIEF 20251112.pdf,,2025-11-12,data/raw/ssiam/BCThayDoiGTTSR_TT98_20tuan_SSIEF_2020251112-19517fe8c0f1e7bf.pdf,ParseError: line 2.1 (nav_end) absent; layout is not Appendix XXIV [data/raw/ssiam/BCThayDoiGTTSR_TT98_20tuan_SSIEF_2020251112-19517fe8c0f1e7bf.pdf]
ssiam,ssi-ef,SSI-EF,https://ssiam.com.vn/upload/files/QuanLyQuy/BCThayDoiGTTSR_TT98%20tuan_SSIEF%2020251119.pdf,,BCThayDoiGTTSR_TT98 tuan_SSIEF 20251119.pdf,,2025-11-19,data/raw/ssiam/BCThayDoiGTTSR_TT98_20tuan_SSIEF_2020251119-c22588e5d84cf85a.pdf,ParseError: line 2.1 (nav_end) absent; layout is not Appendix XXIV [data/raw/ssiam/BCThayDoiGTTSR_TT98_20tuan_SSIEF_2020251119-c22588e5d84cf85a.pdf]
ssiam,ssi-ef,SSI-EF,https://ssiam.com.vn/upload/files/QuanLyQuy/BCThayDoiGTTSR_TT98%20tuan_SSIEF%2020251203.pdf,,BCThayDoiGTTSR_TT98 tuan_SSIEF 20251203.pdf,,2025-12-03,data/raw/ssiam/BCThayDoiGTTSR_TT98_20tuan_SSIEF_2020251203-ee99351a6ed622f6.pdf,ParseError: line 2.1 (nav_end) absent; layout is not Appendix XXIV [data/raw/ssiam/BCThayDoiGTTSR_TT98_20tuan_SSIEF_2020251203-ee99351a6ed622f6.pdf]
ssiam,ssi-ef,SSI-EF,https://ssiam.com.vn/upload/files/QuanLyQuy/BCThayDoiGTTSR_TT98%20tuan_SSIEF%2020251210.pdf,,BCThayDoiGTTSR_TT98 tuan_SSIEF 20251210.pdf,,2025-12-10,data/raw/ssiam/BCThayDoiGTTSR_TT98_20tuan_SSIEF_2020251210-d969f250dec31024.pdf,ParseError: line 2.1 (nav_end) absent; layout is not Appendix XXIV [data/raw/ssiam/BCThayDoiGTTSR_TT98_20tuan_SSIEF_2020251210-d969f250dec31024.pdf]
ssiam,ssi-ef,SSI-EF,https://ssiam.com.vn/upload/files/QuanLyQuy/BCThayDoiGTTSR_TT98%20tuan_SSIEF%2020251217.pdf,,BCThayDoiGTTSR_TT98 tuan_SSIEF 20251217.pdf,,2025-12-17,data/raw/ssiam/BCThayDoiGTTSR_TT98_20tuan_SSIEF_2020251217-8e9da7ed584f0f91.pdf,ParseError: line 2.1 (nav_end) absent; layout is not Appendix XXIV [data/raw/ssiam/BCThayDoiGTTSR_TT98_20tuan_SSIEF_2020251217-8e9da7ed584f0f91.pdf]
ssiam,ssi-ef,SSI-EF,https://ssiam.com.vn/upload/files/QuanLyQuy/BCThayDoiGTTSR_TT98%20tuan_SSIEF%2020251231.pdf,,BCThayDoiGTTSR_TT98 tuan_SSIEF 20251231.pdf,,2025-12-31,data/raw/ssiam/BCThayDoiGTTSR_TT98_20tuan_SSIEF_2020251231-2b9b53ee2bd7b7b5.pdf,ParseError: line 2.1 (nav_end) absent; layout is not Appendix XXIV [data/raw/ssiam/BCThayDoiGTTSR_TT98_20tuan_SSIEF_2020251231-2b9b53ee2bd7b7b5.pdf]
ssiam,ssi-ef,SSI-EF,https://ssiam.com.vn/upload/files/QuanLyQuy/BCThayDoiGTTSR_TT98%20tuan_SSIEF%2020260114.pdf,,BCThayDoiGTTSR_TT98 tuan_SSIEF 20260114.pdf,,2026-01-14,data/raw/ssiam/BCThayDoiGTTSR_TT98_20tuan_SSIEF_2020260114-691f4b0df8796063.pdf,ParseError: line 2.1 (nav_end) absent; layout is not Appendix XXIV [data/raw/ssiam/BCThayDoiGTTSR_TT98_20tuan_SSIEF_2020260114-691f4b0df8796063.pdf]
ssiam,ssi-ef,SSI-EF,https://ssiam.com.vn/upload/files/QuanLyQuy/BCThayDoiGTTSR_TT98%20tuan_SSIEF%2020260121.pdf,,BCThayDoiGTTSR_TT98 tuan_SSIEF 20260121.pdf,,2026-01-21,data/raw/ssiam/BCThayDoiGTTSR_TT98_20tuan_SSIEF_2020260121-0831993b234905b8.pdf,ParseError: line 2.1 (nav_end) absent; layout is not Appendix XXIV [data/raw/ssiam/BCThayDoiGTTSR_TT98_20tuan_SSIEF_2020260121-0831993b234905b8.pdf]
ssiam,ssi-ef,SSI-EF,https://ssiam.com.vn/upload/files/QuanLyQuy/SSIEF_Bao-cao-tuan-ve-thay-doi-GTTSR-quy-mo-PLXXIV-TT98-20260318.pdf,,SSIEF_Bao-cao-tuan-ve-thay-doi-GTTSR-quy-mo-PLXXIV-TT98-20260318.pdf,,2026-03-18,data/raw/ssiam/SSIEF_Bao-cao-tuan-ve-thay-doi-GTTSR-quy-mo-PLXXIV-TT98-20260318-fc37c772f877c314.pdf,ParseError: line 2.1 (nav_end) absent; layout is not Appendix XXIV [data/raw/ssiam/SSIEF_Bao-cao-tuan-ve-thay-doi-GTTSR-quy-mo-PLXXIV-TT98-20260318-fc37c772f877c314.pdf]
ssiam,ssi-ef,SSI-EF,https://ssiam.com.vn/upload/files/QuanLyQuy/BCThayDoiGTTSR_TT98%20tuan_SSIEF%2020260805.pdf,,BCThayDoiGTTSR_TT98 tuan_SSIEF 20260805.pdf,,2026-08-05,data/raw/ssiam/BCThayDoiGTTSR_TT98_20tuan_SSIEF_2020260805-9026f13f64d0457d.pdf,ParseError: line 2.1 (nav_end) absent; layout is not Appendix XXIV [data/raw/ssiam/BCThayDoiGTTSR_TT98_20tuan_SSIEF_2020260805-9026f13f64d0457d.pdf]
ssiam,ssi-ef,SSI-EF,https://ssiam.com.vn/upload/files/QuanLyQuy/BCThayDoiGTTSR_TT98%20tuan_SSIEF%2020260812.pdf,,BCThayDoiGTTSR_TT98 tuan_SSIEF 20260812.pdf,,2026-08-12,data/raw/ssiam/BCThayDoiGTTSR_TT98_20tuan_SSIEF_2020260812-4a99b8b7b48ccdbb.pdf,ParseError: line 2.1 (nav_end) absent; layout is not Appendix XXIV [data/raw/ssiam/BCThayDoiGTTSR_TT98_20tuan_SSIEF_2020260812-4a99b8b7b48ccdbb.pdf]
ssiam,ssi-sca,SSI-SCA,https://ssiam.com.vn/upload/files/QuanLyQuy/1_SSISCA_BaoCaoThayDoiGiaTriTSR%2CGiaoDichChungChi_QuyMo_PL26_TT183_BCtuan_07032018(1).pdf,,"1_SSISCA_BaoCaoThayDoiGiaTriTSR,GiaoDichChungChi_QuyMo_PL26_TT183_BCtuan_07032018(1).pdf",,,data/raw/ssiam/1_SSISCA_BaoCaoThayDoiGiaTriTSR_2CGiaoDichChungChi_QuyMo_PL26_TT183_BCtuan_07032-ab7bf8854a97dfea.pdf,ParseError: line 2.1 (nav_end) absent; layout is not Appendix XXIV [data/raw/ssiam/1_SSISCA_BaoCaoThayDoiGiaTriTSR_2CGiaoDichChungChi_QuyMo_PL26_TT183_BCtuan_07032-ab7bf8854a97dfea.pdf]
ssiam,ssi-sca,SSI-SCA,https://ssiam.com.vn/upload/files/QuanLyQuy/Bao-cao-ve-thay-doi-gia-tri-tai-san-rong-quy-mo-PLXXIV-TT98-2020-TT-BTC_SSISCA_TUAN_230802.pdf,,Bao-cao-ve-thay-doi-gia-tri-tai-san-rong-quy-mo-PLXXIV-TT98-2020-TT-BTC_SSISCA_TUAN_230802.pdf,,,data/raw/ssiam/Bao-cao-ve-thay-doi-gia-tri-tai-san-rong-quy-mo-PLXXIV-TT98-2020-TT-BTC_SSISCA_T-4b263bd5a2eb5b1e.pdf,ParseError: line 2.1 (nav_end) absent; layout is not Appendix XXIV [data/raw/ssiam/Bao-cao-ve-thay-doi-gia-tri-tai-san-rong-quy-mo-PLXXIV-TT98-2020-TT-BTC_SSISCA_T-4b263bd5a2eb5b1e.pdf]
ssiam,ssi-sca,SSI-SCA,https://ssiam.com.vn/upload/files/QuanLyQuy/Bao-cao-ve-thay-doi-gia-tri-tai-san-rong-quy-mo-PLXXIV-TT98-2020-TT-BTC_SSISCA_TUAN_230920.pdf,,Bao-cao-ve-thay-doi-gia-tri-tai-san-rong-quy-mo-PLXXIV-TT98-2020-TT-BTC_SSISCA_TUAN_230920.pdf,,,data/raw/ssiam/Bao-cao-ve-thay-doi-gia-tri-tai-san-rong-quy-mo-PLXXIV-TT98-2020-TT-BTC_SSISCA_T-77bc324f73e72850.pdf,ParseError: line 2.1 (nav_end) absent; layout is not Appendix XXIV [data/raw/ssiam/Bao-cao-ve-thay-doi-gia-tri-tai-san-rong-quy-mo-PLXXIV-TT98-2020-TT-BTC_SSISCA_T-77bc324f73e72850.pdf]
ssiam,ssi-sca,SSI-SCA,https://ssiam.com.vn/upload/files/QuanLyQuy/Bao-cao-ve-thay-doi-gia-tri-tai-san-rong-quy-mo-PLXXIV-TT98-2020-TT-BTC_SSISCA_TUAN_240214(1).pdf,,Bao-cao-ve-thay-doi-gia-tri-tai-san-rong-quy-mo-PLXXIV-TT98-2020-TT-BTC_SSISCA_TUAN_240214(1).pdf,,,data/raw/ssiam/Bao-cao-ve-thay-doi-gia-tri-tai-san-rong-quy-mo-PLXXIV-TT98-2020-TT-BTC_SSISCA_T-d06453a0481d671c.pdf,ParseError: line 2.1 (nav_end) absent; layout is not Appendix XXIV [data/raw/ssiam/Bao-cao-ve-thay-doi-gia-tri-tai-san-rong-quy-mo-PLXXIV-TT98-2020-TT-BTC_SSISCA_T-d06453a0481d671c.pdf]
ssiam,ssi-sca,SSI-SCA,https://ssiam.com.vn/upload/files/QuanLyQuy/Bao-cao-ve-thay-doi-gia-tri-tai-san-rong-quy-mo-PLXXIV-TT98-2020-TT-BTC_SSISCA_TUAN_240221.pdf,,Bao-cao-ve-thay-doi-gia-tri-tai-san-rong-quy-mo-PLXXIV-TT98-2020-TT-BTC_SSISCA_TUAN_240221.pdf,,,data/raw/ssiam/Bao-cao-ve-thay-doi-gia-tri-tai-san-rong-quy-mo-PLXXIV-TT98-2020-TT-BTC_SSISCA_T-a3fa7233f318a5fc.pdf,ParseError: line 2.1 (nav_end) absent; layout is not Appendix XXIV [data/raw/ssiam/Bao-cao-ve-thay-doi-gia-tri-tai-san-rong-quy-mo-PLXXIV-TT98-2020-TT-BTC_SSISCA_T-a3fa7233f318a5fc.pdf]
ssiam,ssi-sca,SSI-SCA,https://ssiam.com.vn/upload/files/QuanLyQuy/Bao-cao-ve-thay-doi-gia-tri-tai-san-rong-quy-mo-PLXXIV-TT98-2020-TT-BTC_SSISCA_TUAN_240320.pdf,,Bao-cao-ve-thay-doi-gia-tri-tai-san-rong-quy-mo-PLXXIV-TT98-2020-TT-BTC_SSISCA_TUAN_240320.pdf,,,data/raw/ssiam/Bao-cao-ve-thay-doi-gia-tri-tai-san-rong-quy-mo-PLXXIV-TT98-2020-TT-BTC_SSISCA_T-12134b70b23ec8c1.pdf,ParseError: line 2.1 (nav_end) absent; layout is not Appendix XXIV [data/raw/ssiam/Bao-cao-ve-thay-doi-gia-tri-tai-san-rong-quy-mo-PLXXIV-TT98-2020-TT-BTC_SSISCA_T-12134b70b23ec8c1.pdf]
ssiam,ssi-sca,SSI-SCA,https://ssiam.com.vn/upload/files/QuanLyQuy/Bao-cao-ve-thay-doi-gia-tri-tai-san-rong-quy-mo-PLXXIV-TT98-2020-TT-BTC_SSISCA_TUAN_250702.pdf,,Bao-cao-ve-thay-doi-gia-tri-tai-san-rong-quy-mo-PLXXIV-TT98-2020-TT-BTC_SSISCA_TUAN_250702.pdf,,,data/raw/ssiam/Bao-cao-ve-thay-doi-gia-tri-tai-san-rong-quy-mo-PLXXIV-TT98-2020-TT-BTC_SSISCA_T-73667608a43e52cf.pdf,ParseError: line 2.1 (nav_end) absent; layout is not Appendix XXIV [data/raw/ssiam/Bao-cao-ve-thay-doi-gia-tri-tai-san-rong-quy-mo-PLXXIV-TT98-2020-TT-BTC_SSISCA_T-73667608a43e52cf.pdf]
ssiam,ssi-sca,SSI-SCA,https://ssiam.com.vn/upload/files/QuanLyQuy/Bao-cao-ve-thay-doi-gia-tri-tai-san-rong-quy-mo-PLXXIV-TT98-2020-TT-BTC_SSISCA_TUAN_250709(1).pdf,,Bao-cao-ve-thay-doi-gia-tri-tai-san-rong-quy-mo-PLXXIV-TT98-2020-TT-BTC_SSISCA_TUAN_250709(1).pdf,,,data/raw/ssiam/Bao-cao-ve-thay-doi-gia-tri-tai-san-rong-quy-mo-PLXXIV-TT98-2020-TT-BTC_SSISCA_T-30a503a856bafb41.pdf,ParseError: line 2.1 (nav_end) absent; layout is not Appendix XXIV [data/raw/ssiam/Bao-cao-ve-thay-doi-gia-tri-tai-san-rong-quy-mo-PLXXIV-TT98-2020-TT-BTC_SSISCA_T-30a503a856bafb41.pdf]
ssiam,ssi-sca,SSI-SCA,https://ssiam.com.vn/upload/files/QuanLyQuy/Bao-cao-ve-thay-doi-gia-tri-tai-san-rong-quy-mo-PLXXIV-TT98-2020-TT-BTC_SSISCA_TUAN_250716(2)-merged.pdf,,Bao-cao-ve-thay-doi-gia-tri-tai-san-rong-quy-mo-PLXXIV-TT98-2020-TT-BTC_SSISCA_TUAN_250716(2)-merged.pdf,,,data/raw/ssiam/Bao-cao-ve-thay-doi-gia-tri-tai-san-rong-quy-mo-PLXXIV-TT98-2020-TT-BTC_SSISCA_T-58c4e0d0c34d497a.pdf,ParseError: line 2.1 (nav_end) absent; layout is not Appendix XXIV [data/raw/ssiam/Bao-cao-ve-thay-doi-gia-tri-tai-san-rong-quy-mo-PLXXIV-TT98-2020-TT-BTC_SSISCA_T-58c4e0d0c34d497a.pdf]
ssiam,ssi-sca,SSI-SCA,https://ssiam.com.vn/upload/files/QuanLyQuy/Bao-cao-ve-thay-doi-gia-tri-tai-san-rong-quy-mo-PLXXIV-TT98-2020-TT-BTC_SSISCA_TUAN_250723(1).pdf,,Bao-cao-ve-thay-doi-gia-tri-tai-san-rong-quy-mo-PLXXIV-TT98-2020-TT-BTC_SSISCA_TUAN_250723(1).pdf,,,data/raw/ssiam/Bao-cao-ve-thay-doi-gia-tri-tai-san-rong-quy-mo-PLXXIV-TT98-2020-TT-BTC_SSISCA_T-be29ec622d14fb0e.pdf,ParseError: line 2.1 (nav_end) absent; layout is not Appendix XXIV [data/raw/ssiam/Bao-cao-ve-thay-doi-gia-tri-tai-san-rong-quy-mo-PLXXIV-TT98-2020-TT-BTC_SSISCA_T-be29ec622d14fb0e.pdf]
ssiam,ssi-sca,SSI-SCA,https://ssiam.com.vn/upload/files/QuanLyQuy/SSISCA_BaoCaoThayDoiGiaTriTSR%2CGiaoDichChungChi_QuyMo_PL26_TT183_BCtuan_03072019.pdf,,"SSISCA_BaoCaoThayDoiGiaTriTSR,GiaoDichChungChi_QuyMo_PL26_TT183_BCtuan_03072019.pdf",,,data/raw/ssiam/SSISCA_BaoCaoThayDoiGiaTriTSR_2CGiaoDichChungChi_QuyMo_PL26_TT183_BCtuan_0307201-097dc26f94152102.pdf,ParseError: line 2.1 (nav_end) absent; layout is not Appendix XXIV [data/raw/ssiam/SSISCA_BaoCaoThayDoiGiaTriTSR_2CGiaoDichChungChi_QuyMo_PL26_TT183_BCtuan_0307201-097dc26f94152102.pdf]
ssiam,ssi-sca,SSI-SCA,https://ssiam.com.vn/upload/files/QuanLyQuy/SSISCA_BaoCaoThayDoiGiaTriTSR%2CGiaoDichChungChi_QuyMo_PL26_TT183_BCtuan_10072019.pdf,,"SSISCA_BaoCaoThayDoiGiaTriTSR,GiaoDichChungChi_QuyMo_PL26_TT183_BCtuan_10072019.pdf",,,data/raw/ssiam/SSISCA_BaoCaoThayDoiGiaTriTSR_2CGiaoDichChungChi_QuyMo_PL26_TT183_BCtuan_1007201-a570df22f7e2eec4.pdf,ParseError: line 2.1 (nav_end) absent; layout is not Appendix XXIV [data/raw/ssiam/SSISCA_BaoCaoThayDoiGiaTriTSR_2CGiaoDichChungChi_QuyMo_PL26_TT183_BCtuan_1007201-a570df22f7e2eec4.pdf]
ssiam,ssi-sca,SSI-SCA,https://ssiam.com.vn/upload/files/QuanLyQuy/SSISCA_BaoCaoThayDoiGiaTriTSR%2CGiaoDichChungChi_QuyMo_PL26_TT183_BCtuan_19022020.pdf,,"SSISCA_BaoCaoThayDoiGiaTriTSR,GiaoDichChungChi_QuyMo_PL26_TT183_BCtuan_19022020.pdf",,,data/raw/ssiam/SSISCA_BaoCaoThayDoiGiaTriTSR_2CGiaoDichChungChi_QuyMo_PL26_TT183_BCtuan_1902202-f304dcc9f59b472a.pdf,ParseError: line 2.1 (nav_end) absent; layout is not Appendix XXIV [data/raw/ssiam/SSISCA_BaoCaoThayDoiGiaTriTSR_2CGiaoDichChungChi_QuyMo_PL26_TT183_BCtuan_1902202-f304dcc9f59b472a.pdf]
ssiam,ssi-sca,SSI-SCA,https://ssiam.com.vn/upload/files/QuanLyQuy/SSISCA_BaoCaoThayDoiGiaTriTSR%2CGiaoDichChungChi_QuyMo_PL26_TT183_BCtuan_19062019.pdf,,"SSISCA_BaoCaoThayDoiGiaTriTSR,GiaoDichChungChi_QuyMo_PL26_TT183_BCtuan_19062019.pdf",,,data/raw/ssiam/SSISCA_BaoCaoThayDoiGiaTriTSR_2CGiaoDichChungChi_QuyMo_PL26_TT183_BCtuan_1906201-249d366a6425f290.pdf,ParseError: line 2.1 (nav_end) absent; layout is not Appendix XXIV [data/raw/ssiam/SSISCA_BaoCaoThayDoiGiaTriTSR_2CGiaoDichChungChi_QuyMo_PL26_TT183_BCtuan_1906201-249d366a6425f290.pdf]
ssiam,ssi-sca,SSI-SCA,https://ssiam.com.vn/upload/files/QuanLyQuy/SSISCA_BaoCaoThayDoiGiaTriTSR%2CGiaoDichChungChi_QuyMo_PL26_TT183_BCtuan_26062019.pdf,,"SSISCA_BaoCaoThayDoiGiaTriTSR,GiaoDichChungChi_QuyMo_PL26_TT183_BCtuan_26062019.pdf",,,data/raw/ssiam/SSISCA_BaoCaoThayDoiGiaTriTSR_2CGiaoDichChungChi_QuyMo_PL26_TT183_BCtuan_2606201-b8c4ce6d2419ba81.pdf,ParseError: line 2.1 (nav_end) absent; layout is not Appendix XXIV [data/raw/ssiam/SSISCA_BaoCaoThayDoiGiaTriTSR_2CGiaoDichChungChi_QuyMo_PL26_TT183_BCtuan_2606201-b8c4ce6d2419ba81.pdf]
ssiam,ssi-sca,SSI-SCA,https://ssiam.com.vn/upload/files/SCA-BCB-PDF/BCB%20thay%20doi%20DLCN%20sang%20VSD_SSI%20SCA_04122015.pdf,,BCB thay doi DLCN sang VSD_SSI SCA_04122015.pdf,,,data/raw/ssiam/BCB_20thay_20doi_20DLCN_20sang_20VSD_SSI_20SCA_04122015-84275438ec6b0e66.pdf,ParseError: no text layer in data/raw/ssiam/BCB_20thay_20doi_20DLCN_20sang_20VSD_SSI_20SCA_04122015-84275438ec6b0e66.pdf; needs OCR
ssiam,ssi-sca,SSI-SCA,https://ssiam.com.vn/upload/files/SCA-BCB-PDF/BCB_SCA_Cap%20nhat%20thay%20doi%20NDHQ.pdf,,BCB_SCA_Cap nhat thay doi NDHQ.pdf,,,data/raw/ssiam/BCB_SCA_Cap_20nhat_20thay_20doi_20NDHQ-c996185141c35ea0.pdf,ParseError: line 2.1 (nav_end) absent; layout is not Appendix XXIV [data/raw/ssiam/BCB_SCA_Cap_20nhat_20thay_20doi_20NDHQ-c996185141c35ea0.pdf]
ssiam,ssi-sca,SSI-SCA,https://ssiam.com.vn/upload/files/SCA-BCB-PDF/BCB_SCA_Thay%20doi%20ty%20le_2015.pdf,,BCB_SCA_Thay doi ty le_2015.pdf,,,data/raw/ssiam/BCB_SCA_Thay_20doi_20ty_20le_2015-8fe8bd629027b213.pdf,ParseError: line 2.1 (nav_end) absent; layout is not Appendix XXIV [data/raw/ssiam/BCB_SCA_Thay_20doi_20ty_20le_2015-8fe8bd629027b213.pdf]
ssiam,ssi-sca,SSI-SCA,https://ssiam.com.vn/upload/files/SCA-DLQ-PDF/Dieu%20le%20Quy%20SSI%20SCA%20thay%20doi%2028042017_old.pdf,,Dieu le Quy SSI SCA thay doi 28042017_old.pdf,,,data/raw/ssiam/Dieu_20le_20Quy_20SSI_20SCA_20thay_20doi_2028042017_old-610f45c7ae202c6c.pdf,ParseError: line 2.1 (nav_end) absent; layout is not Appendix XXIV [data/raw/ssiam/Dieu_20le_20Quy_20SSI_20SCA_20thay_20doi_2028042017_old-610f45c7ae202c6c.pdf]
ssiam,ssi-sca,SSI-SCA,https://ssiam.com.vn/upload/files/SCA-DLQ-PDF/Dieu%20le%20thay%20doi%20DLCN%20sang%20VSD_SSI%20SCA_10112015.pdf,,Dieu le thay doi DLCN sang VSD_SSI SCA_10112015.pdf,,,data/raw/ssiam/Dieu_20le_20thay_20doi_20DLCN_20sang_20VSD_SSI_20SCA_10112015-24a5b19054a91326.pdf,ParseError: no text layer in data/raw/ssiam/Dieu_20le_20thay_20doi_20DLCN_20sang_20VSD_SSI_20SCA_10112015-24a5b19054a91326.pdf; needs OCR
ssiam,ssibf,SSIBF,https://ssiam.com.vn/upload/files/QuanLyQuy/Giay%20thay%20doi%20chi%20tiet.pdf,,Giay thay doi chi tiet.pdf,,,data/raw/ssiam/Giay_20thay_20doi_20chi_20tiet-4860b75913b45827.pdf,ParseError: line 2.1 (nav_end) absent; layout is not Appendix XXIV [data/raw/ssiam/Giay_20thay_20doi_20chi_20tiet-4860b75913b45827.pdf]
ssiam,ssibf,SSIBF,https://ssiam.com.vn/upload/files/QuanLyQuy/PL%2026_BCThayDoiGTTSR_TT183tuan_SSIBF%20%202021015_merged.pdf,,PL 26_BCThayDoiGTTSR_TT183tuan_SSIBF  2021015_merged.pdf,,,data/raw/ssiam/PL_2026_BCThayDoiGTTSR_TT183tuan_SSIBF_20_202021015_merged-4b76b70ba0a5f333.pdf,ParseError: line 2.1 (nav_end) absent; layout is not Appendix XXIV [data/raw/ssiam/PL_2026_BCThayDoiGTTSR_TT183tuan_SSIBF_20_202021015_merged-4b76b70ba0a5f333.pdf]
ssiam,ssibf,SSIBF,https://ssiam.com.vn/upload/files/QuanLyQuy/Quy-ETF-Giao-Dich/SSIBF_Bao-cao-ve-thay-doi-GTTSR-quy-mo-PLXXIV-TT98-03102022.pdf,,SSIBF_Bao-cao-ve-thay-doi-GTTSR-quy-mo-PLXXIV-TT98-03102022.pdf,,,data/raw/ssiam/SSIBF_Bao-cao-ve-thay-doi-GTTSR-quy-mo-PLXXIV-TT98-03102022-bff04c84668ce16c.pdf,ParseError: line 2.1 (nav_end) absent; layout is not Appendix XXIV [data/raw/ssiam/SSIBF_Bao-cao-ve-thay-doi-GTTSR-quy-mo-PLXXIV-TT98-03102022-bff04c84668ce16c.pdf]
ssiam,ssibf,SSIBF,https://ssiam.com.vn/upload/files/QuanLyQuy/Quy-ETF-Giao-Dich/SSIBF_Bao-cao-ve-thay-doi-GTTSR-quy-mo-PLXXIV-TT98-07112022.pdf,,SSIBF_Bao-cao-ve-thay-doi-GTTSR-quy-mo-PLXXIV-TT98-07112022.pdf,,,data/raw/ssiam/SSIBF_Bao-cao-ve-thay-doi-GTTSR-quy-mo-PLXXIV-TT98-07112022-dd15de1e4308ad09.pdf,ParseError: line 2.1 (nav_end) absent; layout is not Appendix XXIV [data/raw/ssiam/SSIBF_Bao-cao-ve-thay-doi-GTTSR-quy-mo-PLXXIV-TT98-07112022-dd15de1e4308ad09.pdf]
ssiam,ssibf,SSIBF,https://ssiam.com.vn/upload/files/QuanLyQuy/Quy-ETF-Giao-Dich/SSIBF_Bao-cao-ve-thay-doi-GTTSR-quy-mo-PLXXIV-TT98-10102022(1).pdf,,SSIBF_Bao-cao-ve-thay-doi-GTTSR-quy-mo-PLXXIV-TT98-10102022(1).pdf,,,data/raw/ssiam/SSIBF_Bao-cao-ve-thay-doi-GTTSR-quy-mo-PLXXIV-TT98-10102022_1_-bca00f9c1f60f9f6.pdf,ParseError: line 2.1 (nav_end) absent; layout is not Appendix XXIV [data/raw/ssiam/SSIBF_Bao-cao-ve-thay-doi-GTTSR-quy-mo-PLXXIV-TT98-10102022_1_-bca00f9c1f60f9f6.pdf]
ssiam,ssibf,SSIBF,https://ssiam.com.vn/upload/files/QuanLyQuy/Quy-ETF-Giao-Dich/SSIBF_Bao-cao-ve-thay-doi-GTTSR-quy-mo-PLXXIV-TT98-14112022.pdf,,SSIBF_Bao-cao-ve-thay-doi-GTTSR-quy-mo-PLXXIV-TT98-14112022.pdf,,,data/raw/ssiam/SSIBF_Bao-cao-ve-thay-doi-GTTSR-quy-mo-PLXXIV-TT98-14112022-8c0fea1e5daef9d1.pdf,ParseError: line 2.1 (nav_end) absent; layout is not Appendix XXIV [data/raw/ssiam/SSIBF_Bao-cao-ve-thay-doi-GTTSR-quy-mo-PLXXIV-TT98-14112022-8c0fea1e5daef9d1.pdf]
ssiam,ssibf,SSIBF,https://ssiam.com.vn/upload/files/QuanLyQuy/Quy-ETF-Giao-Dich/SSIBF_Bao-cao-ve-thay-doi-GTTSR-quy-mo-PLXXIV-TT98-17102022.pdf,,SSIBF_Bao-cao-ve-thay-doi-GTTSR-quy-mo-PLXXIV-TT98-17102022.pdf,,,data/raw/ssiam/SSIBF_Bao-cao-ve-thay-doi-GTTSR-quy-mo-PLXXIV-TT98-17102022-761212db14962413.pdf,ParseError: line 2.1 (nav_end) absent; layout is not Appendix XXIV [data/raw/ssiam/SSIBF_Bao-cao-ve-thay-doi-GTTSR-quy-mo-PLXXIV-TT98-17102022-761212db14962413.pdf]
ssiam,ssibf,SSIBF,https://ssiam.com.vn/upload/files/QuanLyQuy/Quy-ETF-Giao-Dich/SSIBF_Bao-cao-ve-thay-doi-GTTSR-quy-mo-PLXXIV-TT98-21112022.pdf,,SSIBF_Bao-cao-ve-thay-doi-GTTSR-quy-mo-PLXXIV-TT98-21112022.pdf,,,data/raw/ssiam/SSIBF_Bao-cao-ve-thay-doi-GTTSR-quy-mo-PLXXIV-TT98-21112022-6133c90be1ae72cf.pdf,ParseError: line 2.1 (nav_end) absent; layout is not Appendix XXIV [data/raw/ssiam/SSIBF_Bao-cao-ve-thay-doi-GTTSR-quy-mo-PLXXIV-TT98-21112022-6133c90be1ae72cf.pdf]
ssiam,ssibf,SSIBF,https://ssiam.com.vn/upload/files/QuanLyQuy/Quy-ETF-Giao-Dich/SSIBF_Bao-cao-ve-thay-doi-GTTSR-quy-mo-PLXXIV-TT98-21112028.pdf,,SSIBF_Bao-cao-ve-thay-doi-GTTSR-quy-mo-PLXXIV-TT98-21112028.pdf,,,data/raw/ssiam/SSIBF_Bao-cao-ve-thay-doi-GTTSR-quy-mo-PLXXIV-TT98-21112028-ecfb4a2600fcec7a.pdf,ParseError: line 2.1 (nav_end) absent; layout is not Appendix XXIV [data/raw/ssiam/SSIBF_Bao-cao-ve-thay-doi-GTTSR-quy-mo-PLXXIV-TT98-21112028-ecfb4a2600fcec7a.pdf]
ssiam,ssibf,SSIBF,https://ssiam.com.vn/upload/files/QuanLyQuy/Quy-ETF-Giao-Dich/SSIBF_Bao-cao-ve-thay-doi-GTTSR-quy-mo-PLXXIV-TT98-24102022.pdf,,SSIBF_Bao-cao-ve-thay-doi-GTTSR-quy-mo-PLXXIV-TT98-24102022.pdf,,,data/raw/ssiam/SSIBF_Bao-cao-ve-thay-doi-GTTSR-quy-mo-PLXXIV-TT98-24102022-70ea53be5c204693.pdf,ParseError: line 2.1 (nav_end) absent; layout is not Appendix XXIV [data/raw/ssiam/SSIBF_Bao-cao-ve-thay-doi-GTTSR-quy-mo-PLXXIV-TT98-24102022-70ea53be5c204693.pdf]
ssiam,ssibf,SSIBF,https://ssiam.com.vn/upload/files/QuanLyQuy/Quy-ETF-Giao-Dich/SSIBF_Bao-cao-ve-thay-doi-GTTSR-quy-mo-PLXXIV-TT98-31102022.pdf,,SSIBF_Bao-cao-ve-thay-doi-GTTSR-quy-mo-PLXXIV-TT98-31102022.pdf,,,data/raw/ssiam/SSIBF_Bao-cao-ve-thay-doi-GTTSR-quy-mo-PLXXIV-TT98-31102022-7079d106f81c24fa.pdf,ParseError: line 2.1 (nav_end) absent; layout is not Appendix XXIV [data/raw/ssiam/SSIBF_Bao-cao-ve-thay-doi-GTTSR-quy-mo-PLXXIV-TT98-31102022-7079d106f81c24fa.pdf]
ssiam,ssibf,SSIBF,https://ssiam.com.vn/upload/files/QuanLyQuy/SSIBF_Bao-cao-ve-thay-doi-GTTSR-quy-mo-PLXXIV-TT98-2020-01062021.pdf,,SSIBF_Bao-cao-ve-thay-doi-GTTSR-quy-mo-PLXXIV-TT98-2020-01062021.pdf,,,data/raw/ssiam/SSIBF_Bao-cao-ve-thay-doi-GTTSR-quy-mo-PLXXIV-TT98-2020-01062021-3716c8e3410b9278.pdf,"ParseError: no section-3 (change in NAV) line present; this is a point-in-time NAV report, not the Appendix XXIV change report [data/raw/ssiam/SSIBF_Bao-cao-ve-thay-doi-GTTSR-quy-mo-PLXXIV-TT98-2020-01062021-3716c8e3410b9278.pdf]"
ssiam,ssibf,SSIBF,https://ssiam.com.vn/upload/files/QuanLyQuy/SSIBF_Bao-cao-ve-thay-doi-GTTSR-quy-mo-PLXXIV-TT98-2020-02062021.pdf,,SSIBF_Bao-cao-ve-thay-doi-GTTSR-quy-mo-PLXXIV-TT98-2020-02062021.pdf,,,data/raw/ssiam/SSIBF_Bao-cao-ve-thay-doi-GTTSR-quy-mo-PLXXIV-TT98-2020-02062021-df23dc327afc166a.pdf,"ParseError: no section-3 (change in NAV) line present; this is a point-in-time NAV report, not the Appendix XXIV change report [data/raw/ssiam/SSIBF_Bao-cao-ve-thay-doi-GTTSR-quy-mo-PLXXIV-TT98-2020-02062021-df23dc327afc166a.pdf]"
ssiam,ssibf,SSIBF,https://ssiam.com.vn/upload/files/QuanLyQuy/SSIBF_Bao-cao-ve-thay-doi-GTTSR-quy-mo-PLXXIV-TT98-2020-03062021.pdf,,SSIBF_Bao-cao-ve-thay-doi-GTTSR-quy-mo-PLXXIV-TT98-2020-03062021.pdf,,,data/raw/ssiam/SSIBF_Bao-cao-ve-thay-doi-GTTSR-quy-mo-PLXXIV-TT98-2020-03062021-b3a5f6f65d59920c.pdf,"ParseError: no section-3 (change in NAV) line present; this is a point-in-time NAV report, not the Appendix XXIV change report [data/raw/ssiam/SSIBF_Bao-cao-ve-thay-doi-GTTSR-quy-mo-PLXXIV-TT98-2020-03062021-b3a5f6f65d59920c.pdf]"
ssiam,ssibf,SSIBF,https://ssiam.com.vn/upload/files/QuanLyQuy/SSIBF_Bao-cao-ve-thay-doi-GTTSR-quy-mo-PLXXIV-TT98-2020-06062021.pdf,,SSIBF_Bao-cao-ve-thay-doi-GTTSR-quy-mo-PLXXIV-TT98-2020-06062021.pdf,,,data/raw/ssiam/SSIBF_Bao-cao-ve-thay-doi-GTTSR-quy-mo-PLXXIV-TT98-2020-06062021-089a02c77a1aca1d.pdf,"ParseError: no section-3 (change in NAV) line present; this is a point-in-time NAV report, not the Appendix XXIV change report [data/raw/ssiam/SSIBF_Bao-cao-ve-thay-doi-GTTSR-quy-mo-PLXXIV-TT98-2020-06062021-089a02c77a1aca1d.pdf]"
ssiam,ssibf,SSIBF,https://ssiam.com.vn/upload/files/QuanLyQuy/SSIBF_Bao-cao-ve-thay-doi-GTTSR-quy-mo-PLXXIV-TT98-2020-07062021.pdf,,SSIBF_Bao-cao-ve-thay-doi-GTTSR-quy-mo-PLXXIV-TT98-2020-07062021.pdf,,,data/raw/ssiam/SSIBF_Bao-cao-ve-thay-doi-GTTSR-quy-mo-PLXXIV-TT98-2020-07062021-f049805e6c892f87.pdf,ParseError: line 2.1 (nav_end) absent; layout is not Appendix XXIV [data/raw/ssiam/SSIBF_Bao-cao-ve-thay-doi-GTTSR-quy-mo-PLXXIV-TT98-2020-07062021-f049805e6c892f87.pdf]
ssiam,ssibf,SSIBF,https://ssiam.com.vn/upload/files/QuanLyQuy/SSIBF_Bao-cao-ve-thay-doi-GTTSR-quy-mo-PLXXIV-TT98-2020-08062021.pdf,,SSIBF_Bao-cao-ve-thay-doi-GTTSR-quy-mo-PLXXIV-TT98-2020-08062021.pdf,,,data/raw/ssiam/SSIBF_Bao-cao-ve-thay-doi-GTTSR-quy-mo-PLXXIV-TT98-2020-08062021-4473e7f322cfb3ee.pdf,"ParseError: no section-3 (change in NAV) line present; this is a point-in-time NAV report, not the Appendix XXIV change report [data/raw/ssiam/SSIBF_Bao-cao-ve-thay-doi-GTTSR-quy-mo-PLXXIV-TT98-2020-08062021-4473e7f322cfb3ee.pdf]"
ssiam,ssibf,SSIBF,https://ssiam.com.vn/upload/files/QuanLyQuy/SSIBF_Bao-cao-ve-thay-doi-GTTSR-quy-mo-PLXXIV-TT98-2020-09062021.pdf,,SSIBF_Bao-cao-ve-thay-doi-GTTSR-quy-mo-PLXXIV-TT98-2020-09062021.pdf,,,data/raw/ssiam/SSIBF_Bao-cao-ve-thay-doi-GTTSR-quy-mo-PLXXIV-TT98-2020-09062021-b6f43c0936e5f12e.pdf,"ParseError: no section-3 (change in NAV) line present; this is a point-in-time NAV report, not the Appendix XXIV change report [data/raw/ssiam/SSIBF_Bao-cao-ve-thay-doi-GTTSR-quy-mo-PLXXIV-TT98-2020-09062021-b6f43c0936e5f12e.pdf]"
ssiam,ssibf,SSIBF,https://ssiam.com.vn/upload/files/QuanLyQuy/SSIBF_Bao-cao-ve-thay-doi-GTTSR-quy-mo-PLXXIV-TT98-2020-10062021.pdf,,SSIBF_Bao-cao-ve-thay-doi-GTTSR-quy-mo-PLXXIV-TT98-2020-10062021.pdf,,,data/raw/ssiam/SSIBF_Bao-cao-ve-thay-doi-GTTSR-quy-mo-PLXXIV-TT98-2020-10062021-6e57ee94b109e9cb.pdf,"ParseError: no section-3 (change in NAV) line present; this is a point-in-time NAV report, not the Appendix XXIV change report [data/raw/ssiam/SSIBF_Bao-cao-ve-thay-doi-GTTSR-quy-mo-PLXXIV-TT98-2020-10062021-6e57ee94b109e9cb.pdf]"
ssiam,ssibf,SSIBF,https://ssiam.com.vn/upload/files/QuanLyQuy/SSIBF_Bao-cao-ve-thay-doi-GTTSR-quy-mo-PLXXIV-TT98-2020-13062021.pdf,,SSIBF_Bao-cao-ve-thay-doi-GTTSR-quy-mo-PLXXIV-TT98-2020-13062021.pdf,,,data/raw/ssiam/SSIBF_Bao-cao-ve-thay-doi-GTTSR-quy-mo-PLXXIV-TT98-2020-13062021-ff4dd1aa3ae8c6ae.pdf,"ParseError: no section-3 (change in NAV) line present; this is a point-in-time NAV report, not the Appendix XXIV change report [data/raw/ssiam/SSIBF_Bao-cao-ve-thay-doi-GTTSR-quy-mo-PLXXIV-TT98-2020-13062021-ff4dd1aa3ae8c6ae.pdf]"
ssiam,ssibf,SSIBF,https://ssiam.com.vn/upload/files/PL%2026_BCThayDoiGiaTriTaiSanrong_tuan_SSIBF%2020181224.pdf,,PL 26_BCThayDoiGiaTriTaiSanrong_tuan_SSIBF 20181224.pdf,,2018-12-24,data/raw/ssiam/PL_2026_BCThayDoiGiaTriTaiSanrong_tuan_SSIBF_2020181224-543a42b44551481d.pdf,ParseError: line 2.1 (nav_end) absent; layout is not Appendix XXIV [data/raw/ssiam/PL_2026_BCThayDoiGiaTriTaiSanrong_tuan_SSIBF_2020181224-543a42b44551481d.pdf]
ssiam,ssibf,SSIBF,https://ssiam.com.vn/upload/files/PL%2026_BCThayDoiGiaTriTaiSanrong_tuan_SSIBF%2020181231.pdf,,PL 26_BCThayDoiGiaTriTaiSanrong_tuan_SSIBF 20181231.pdf,,2018-12-31,data/raw/ssiam/PL_2026_BCThayDoiGiaTriTaiSanrong_tuan_SSIBF_2020181231-b4055a4c296eec7c.pdf,ParseError: line 2.1 (nav_end) absent; layout is not Appendix XXIV [data/raw/ssiam/PL_2026_BCThayDoiGiaTriTaiSanrong_tuan_SSIBF_2020181231-b4055a4c296eec7c.pdf]
ssiam,ssibf,SSIBF,https://ssiam.com.vn/upload/files/QuanLyQuy/SSIBF_Bao-cao-ve-thay-doi-GTTSR-quy-mo-PLXXIV-TT98-2020-02-08_11_2021.pdf,,SSIBF_Bao-cao-ve-thay-doi-GTTSR-quy-mo-PLXXIV-TT98-2020-02-08_11_2021.pdf,,2020-02-08,data/raw/ssiam/SSIBF_Bao-cao-ve-thay-doi-GTTSR-quy-mo-PLXXIV-TT98-2020-02-08_11_2021-603e18d33db7088e.pdf,ParseError: line 2.1 (nav_end) absent; layout is not Appendix XXIV [data/raw/ssiam/SSIBF_Bao-cao-ve-thay-doi-GTTSR-quy-mo-PLXXIV-TT98-2020-02-08_11_2021-603e18d33db7088e.pdf]
ssiam,ssibf,SSIBF,https://ssiam.com.vn/upload/files/QuanLyQuy/SSIBF_Bao-cao-ve-thay-doi-GTTSR-quy-mo-PLXXIV-TT98-2020-03-09_08_2021.pdf,,SSIBF_Bao-cao-ve-thay-doi-GTTSR-quy-mo-PLXXIV-TT98-2020-03-09_08_2021.pdf,,2020-03-09,data/raw/ssiam/SSIBF_Bao-cao-ve-thay-doi-GTTSR-quy-mo-PLXXIV-TT98-2020-03-09_08_2021-5b71bc129961c25d.pdf,ParseError: line 2.1 (nav_end) absent; layout is not Appendix XXIV [data/raw/ssiam/SSIBF_Bao-cao-ve-thay-doi-GTTSR-quy-mo-PLXXIV-TT98-2020-03-09_08_2021-5b71bc129961c25d.pdf]
ssiam,ssibf,SSIBF,https://ssiam.com.vn/upload/files/QuanLyQuy/SSIBF_Bao-cao-ve-thay-doi-GTTSR-quy-mo-PLXXIV-TT98-2020-05-11_10_2021.pdf,,SSIBF_Bao-cao-ve-thay-doi-GTTSR-quy-mo-PLXXIV-TT98-2020-05-11_10_2021.pdf,,2020-05-11,data/raw/ssiam/SSIBF_Bao-cao-ve-thay-doi-GTTSR-quy-mo-PLXXIV-TT98-2020-05-11_10_2021-b55ae8c9d0074427.pdf,ParseError: line 2.1 (nav_end) absent; layout is not Appendix XXIV [data/raw/ssiam/SSIBF_Bao-cao-ve-thay-doi-GTTSR-quy-mo-PLXXIV-TT98-2020-05-11_10_2021-b55ae8c9d0074427.pdf]
ssiam,ssibf,SSIBF,https://ssiam.com.vn/upload/files/QuanLyQuy/PL%2026_BCThayDoiGTTSR_TT183tuan_SSIBF%20%2020200623.pdf,,PL 26_BCThayDoiGTTSR_TT183tuan_SSIBF  20200623.pdf,,2020-06-23,data/raw/ssiam/PL_2026_BCThayDoiGTTSR_TT183tuan_SSIBF_20_2020200623-ef0167192acf4efb.pdf,ParseError: line 2.1 (nav_end) absent; layout is not Appendix XXIV [data/raw/ssiam/PL_2026_BCThayDoiGTTSR_TT183tuan_SSIBF_20_2020200623-ef0167192acf4efb.pdf]
ssiam,ssibf,SSIBF,https://ssiam.com.vn/upload/files/QuanLyQuy/SSIBF_Bao-cao-ve-thay-doi-GTTSR-quy-mo-PLXXIV-TT98-2020-07-13_09_2021.pdf,,SSIBF_Bao-cao-ve-thay-doi-GTTSR-quy-mo-PLXXIV-TT98-2020-07-13_09_2021.pdf,,2020-07-13,data/raw/ssiam/SSIBF_Bao-cao-ve-thay-doi-GTTSR-quy-mo-PLXXIV-TT98-2020-07-13_09_2021-c8433704567749fb.pdf,ParseError: line 2.1 (nav_end) absent; layout is not Appendix XXIV [data/raw/ssiam/SSIBF_Bao-cao-ve-thay-doi-GTTSR-quy-mo-PLXXIV-TT98-2020-07-13_09_2021-c8433704567749fb.pdf]
ssiam,ssibf,SSIBF,https://ssiam.com.vn/upload/files/QuanLyQuy/SSIBF_Bao-cao-ve-thay-doi-GTTSR-quy-mo-PLXXIV-TT98-2020-07-13_12_2021.pdf,,SSIBF_Bao-cao-ve-thay-doi-GTTSR-quy-mo-PLXXIV-TT98-2020-07-13_12_2021.pdf,,2020-07-13,data/raw/ssiam/SSIBF_Bao-cao-ve-thay-doi-GTTSR-quy-mo-PLXXIV-TT98-2020-07-13_12_2021-ddd2f0a1beedf19b.pdf,ParseError: line 2.1 (nav_end) absent; layout is not Appendix XXIV [data/raw/ssiam/SSIBF_Bao-cao-ve-thay-doi-GTTSR-quy-mo-PLXXIV-TT98-2020-07-13_12_2021-ddd2f0a1beedf19b.pdf]
ssiam,ssibf,SSIBF,https://ssiam.com.vn/upload/files/QuanLyQuy/SSIBF_Bao-cao-ve-thay-doi-GTTSR-quy-mo-PLXXIV-TT98-2020-09-15_11_2021.pdf,,SSIBF_Bao-cao-ve-thay-doi-GTTSR-quy-mo-PLXXIV-TT98-2020-09-15_11_2021.pdf,,2020-09-15,data/raw/ssiam/SSIBF_Bao-cao-ve-thay-doi-GTTSR-quy-mo-PLXXIV-TT98-2020-09-15_11_2021-a2e27f82d0996f38.pdf,ParseError: line 2.1 (nav_end) absent; layout is not Appendix XXIV [data/raw/ssiam/SSIBF_Bao-cao-ve-thay-doi-GTTSR-quy-mo-PLXXIV-TT98-2020-09-15_11_2021-a2e27f82d0996f38.pdf]
ssiam,ssibf,SSIBF,https://ssiam.com.vn/upload/files/QuanLyQuy/SSIBF_Bao-cao-ve-thay-doi-GTTSR-quy-mo-PLXXIV-TT98-2020-10-16_08_2021.pdf,,SSIBF_Bao-cao-ve-thay-doi-GTTSR-quy-mo-PLXXIV-TT98-2020-10-16_08_2021.pdf,,2020-10-16,data/raw/ssiam/SSIBF_Bao-cao-ve-thay-doi-GTTSR-quy-mo-PLXXIV-TT98-2020-10-16_08_2021-a1c10ed494ee256a.pdf,ParseError: line 2.1 (nav_end) absent; layout is not Appendix XXIV [data/raw/ssiam/SSIBF_Bao-cao-ve-thay-doi-GTTSR-quy-mo-PLXXIV-TT98-2020-10-16_08_2021-a1c10ed494ee256a.pdf]
ssiam,ssibf,SSIBF,https://ssiam.com.vn/upload/files/QuanLyQuy/SSIBF_Bao-cao-ve-thay-doi-GTTSR-quy-mo-PLXXIV-TT98-2020-12-18_10_2021.pdf,,SSIBF_Bao-cao-ve-thay-doi-GTTSR-quy-mo-PLXXIV-TT98-2020-12-18_10_2021.pdf,,2020-12-18,data/raw/ssiam/SSIBF_Bao-cao-ve-thay-doi-GTTSR-quy-mo-PLXXIV-TT98-2020-12-18_10_2021-4f267c99d1a83a94.pdf,ParseError: line 2.1 (nav_end) absent; layout is not Appendix XXIV [data/raw/ssiam/SSIBF_Bao-cao-ve-thay-doi-GTTSR-quy-mo-PLXXIV-TT98-2020-12-18_10_2021-4f267c99d1a83a94.pdf]
ssiam,ssibf,SSIBF,https://ssiam.com.vn/upload/files/QuanLyQuy/SSIBF_Bao-cao-ve-thay-doi-GTTSR-quy-mo-PLXXIV-TT98-2020-17_05_2021.pdf,,SSIBF_Bao-cao-ve-thay-doi-GTTSR-quy-mo-PLXXIV-TT98-2020-17_05_2021.pdf,,2021-05-17,data/raw/ssiam/SSIBF_Bao-cao-ve-thay-doi-GTTSR-quy-mo-PLXXIV-TT98-2020-17_05_2021-f01953a527fc21b9.pdf,"ParseError: no section-3 (change in NAV) line present; this is a point-in-time NAV report, not the Appendix XXIV change report [data/raw/ssiam/SSIBF_Bao-cao-ve-thay-doi-GTTSR-quy-mo-PLXXIV-TT98-2020-17_05_2021-f01953a527fc21b9.pdf]"
ssiam,ssibf,SSIBF,https://ssiam.com.vn/upload/files/QuanLyQuy/SSIBF_Bao-cao-ve-thay-doi-GTTSR-quy-mo-PLXXIV-TT98-2020-18_05_2021.pdf,,SSIBF_Bao-cao-ve-thay-doi-GTTSR-quy-mo-PLXXIV-TT98-2020-18_05_2021.pdf,,2021-05-18,data/raw/ssiam/SSIBF_Bao-cao-ve-thay-doi-GTTSR-quy-mo-PLXXIV-TT98-2020-18_05_2021-78a1f111e18e4c9c.pdf,"ParseError: no section-3 (change in NAV) line present; this is a point-in-time NAV report, not the Appendix XXIV change report [data/raw/ssiam/SSIBF_Bao-cao-ve-thay-doi-GTTSR-quy-mo-PLXXIV-TT98-2020-18_05_2021-78a1f111e18e4c9c.pdf]"
ssiam,ssibf,SSIBF,https://ssiam.com.vn/upload/files/QuanLyQuy/SSIBF_Bao-cao-ve-thay-doi-GTTSR-quy-mo-PLXXIV-TT98-2020-19_05_2021.pdf,,SSIBF_Bao-cao-ve-thay-doi-GTTSR-quy-mo-PLXXIV-TT98-2020-19_05_2021.pdf,,2021-05-19,data/raw/ssiam/SSIBF_Bao-cao-ve-thay-doi-GTTSR-quy-mo-PLXXIV-TT98-2020-19_05_2021-65b95db26ddb45ae.pdf,"ParseError: no section-3 (change in NAV) line present; this is a point-in-time NAV report, not the Appendix XXIV change report [data/raw/ssiam/SSIBF_Bao-cao-ve-thay-doi-GTTSR-quy-mo-PLXXIV-TT98-2020-19_05_2021-65b95db26ddb45ae.pdf]"
ssiam,ssibf,SSIBF,https://ssiam.com.vn/upload/files/QuanLyQuy/SSIBF_Bao-cao-ve-thay-doi-GTTSR-quy-mo-PLXXIV-TT98-2020-23_05_2021.pdf,,SSIBF_Bao-cao-ve-thay-doi-GTTSR-quy-mo-PLXXIV-TT98-2020-23_05_2021.pdf,,2021-05-23,data/raw/ssiam/SSIBF_Bao-cao-ve-thay-doi-GTTSR-quy-mo-PLXXIV-TT98-2020-23_05_2021-e2977f185fff604c.pdf,"ParseError: no section-3 (change in NAV) line present; this is a point-in-time NAV report, not the Appendix XXIV change report [data/raw/ssiam/SSIBF_Bao-cao-ve-thay-doi-GTTSR-quy-mo-PLXXIV-TT98-2020-23_05_2021-e2977f185fff604c.pdf]"
ssiam,ssibf,SSIBF,https://ssiam.com.vn/upload/files/QuanLyQuy/SSIBF_Bao-cao-ve-thay-doi-GTTSR-quy-mo-PLXXIV-TT98-2020-24_05_2021.pdf,,SSIBF_Bao-cao-ve-thay-doi-GTTSR-quy-mo-PLXXIV-TT98-2020-24_05_2021.pdf,,2021-05-24,data/raw/ssiam/SSIBF_Bao-cao-ve-thay-doi-GTTSR-quy-mo-PLXXIV-TT98-2020-24_05_2021-93fe0eb968667810.pdf,"ParseError: no section-3 (change in NAV) line present; this is a point-in-time NAV report, not the Appendix XXIV change report [data/raw/ssiam/SSIBF_Bao-cao-ve-thay-doi-GTTSR-quy-mo-PLXXIV-TT98-2020-24_05_2021-93fe0eb968667810.pdf]"
ssiam,ssibf,SSIBF,https://ssiam.com.vn/upload/files/QuanLyQuy/SSIBF_Bao-cao-ve-thay-doi-GTTSR-quy-mo-PLXXIV-TT98-2020-25_05_2021.pdf,,SSIBF_Bao-cao-ve-thay-doi-GTTSR-quy-mo-PLXXIV-TT98-2020-25_05_2021.pdf,,2021-05-25,data/raw/ssiam/SSIBF_Bao-cao-ve-thay-doi-GTTSR-quy-mo-PLXXIV-TT98-2020-25_05_2021-ff55ba7fd7c3cb41.pdf,"ParseError: no section-3 (change in NAV) line present; this is a point-in-time NAV report, not the Appendix XXIV change report [data/raw/ssiam/SSIBF_Bao-cao-ve-thay-doi-GTTSR-quy-mo-PLXXIV-TT98-2020-25_05_2021-ff55ba7fd7c3cb41.pdf]"
ssiam,ssibf,SSIBF,https://ssiam.com.vn/upload/files/QuanLyQuy/SSIBF_Bao-cao-ve-thay-doi-GTTSR-quy-mo-PLXXIV-TT98-2020-26_05_2021.pdf,,SSIBF_Bao-cao-ve-thay-doi-GTTSR-quy-mo-PLXXIV-TT98-2020-26_05_2021.pdf,,2021-05-26,data/raw/ssiam/SSIBF_Bao-cao-ve-thay-doi-GTTSR-quy-mo-PLXXIV-TT98-2020-26_05_2021-eccc77532361c633.pdf,"ParseError: no section-3 (change in NAV) line present; this is a point-in-time NAV report, not the Appendix XXIV change report [data/raw/ssiam/SSIBF_Bao-cao-ve-thay-doi-GTTSR-quy-mo-PLXXIV-TT98-2020-26_05_2021-eccc77532361c633.pdf]"
ssiam,ssibf,SSIBF,https://ssiam.com.vn/upload/files/QuanLyQuy/SSIBF_Bao-cao-ve-thay-doi-GTTSR-quy-mo-PLXXIV-TT98-2020-27_05_2021.pdf,,SSIBF_Bao-cao-ve-thay-doi-GTTSR-quy-mo-PLXXIV-TT98-2020-27_05_2021.pdf,,2021-05-27,data/raw/ssiam/SSIBF_Bao-cao-ve-thay-doi-GTTSR-quy-mo-PLXXIV-TT98-2020-27_05_2021-23057c8d9243db8f.pdf,"ParseError: no section-3 (change in NAV) line present; this is a point-in-time NAV report, not the Appendix XXIV change report [data/raw/ssiam/SSIBF_Bao-cao-ve-thay-doi-GTTSR-quy-mo-PLXXIV-TT98-2020-27_05_2021-23057c8d9243db8f.pdf]"
ssiam,ssibf,SSIBF,https://ssiam.com.vn/upload/files/QuanLyQuy/SSIBF_Bao-cao-ve-thay-doi-GTTSR-quy-mo-PLXXIV-TT98-2020-30_05_2021.pdf,,SSIBF_Bao-cao-ve-thay-doi-GTTSR-quy-mo-PLXXIV-TT98-2020-30_05_2021.pdf,,2021-05-30,data/raw/ssiam/SSIBF_Bao-cao-ve-thay-doi-GTTSR-quy-mo-PLXXIV-TT98-2020-30_05_2021-2ff413d2a84738b3.pdf,"ParseError: no section-3 (change in NAV) line present; this is a point-in-time NAV report, not the Appendix XXIV change report [data/raw/ssiam/SSIBF_Bao-cao-ve-thay-doi-GTTSR-quy-mo-PLXXIV-TT98-2020-30_05_2021-2ff413d2a84738b3.pdf]"
ssiam,ssibf,SSIBF,https://ssiam.com.vn/upload/files/QuanLyQuy/SSIBF_Bao-cao-ve-thay-doi-GTTSR-quy-mo-PLXXIV-TT98-2020-25-31_05_2021.pdf,,SSIBF_Bao-cao-ve-thay-doi-GTTSR-quy-mo-PLXXIV-TT98-2020-25-31_05_2021.pdf,,2021-05-31,data/raw/ssiam/SSIBF_Bao-cao-ve-thay-doi-GTTSR-quy-mo-PLXXIV-TT98-2020-25-31_05_2021-e9fb96f17173ac78.pdf,ParseError: line 2.1 (nav_end) absent; layout is not Appendix XXIV [data/raw/ssiam/SSIBF_Bao-cao-ve-thay-doi-GTTSR-quy-mo-PLXXIV-TT98-2020-25-31_05_2021-e9fb96f17173ac78.pdf]
ssiam,ssibf,SSIBF,https://ssiam.com.vn/upload/files/QuanLyQuy/SSIBF_Bao-cao-ve-thay-doi-GTTSR-quy-mo-PLXXIV-TT98-2020-31_05_2021.pdf,,SSIBF_Bao-cao-ve-thay-doi-GTTSR-quy-mo-PLXXIV-TT98-2020-31_05_2021.pdf,,2021-05-31,data/raw/ssiam/SSIBF_Bao-cao-ve-thay-doi-GTTSR-quy-mo-PLXXIV-TT98-2020-31_05_2021-1ac6fae7180bd448.pdf,"ParseError: no section-3 (change in NAV) line present; this is a point-in-time NAV report, not the Appendix XXIV change report [data/raw/ssiam/SSIBF_Bao-cao-ve-thay-doi-GTTSR-quy-mo-PLXXIV-TT98-2020-31_05_2021-1ac6fae7180bd448.pdf]"
ssiam,ssibf,SSIBF,https://ssiam.com.vn/upload/files/QuanLyQuy/BCThayDoiGTTSR_TT98%20tuan_SSIBF%20%2001-07_06_2021_merged.pdf,,BCThayDoiGTTSR_TT98 tuan_SSIBF  01-07_06_2021_merged.pdf,,2021-06-07,data/raw/ssiam/BCThayDoiGTTSR_TT98_20tuan_SSIBF_20_2001-07_06_2021_merged-f02cfcacb53bf0e6.pdf,ParseError: line 2.1 (nav_end) absent; layout is not Appendix XXIV [data/raw/ssiam/BCThayDoiGTTSR_TT98_20tuan_SSIBF_20_2001-07_06_2021_merged-f02cfcacb53bf0e6.pdf]
ssiam,ssibf,SSIBF,https://ssiam.com.vn/upload/files/QuanLyQuy/BCThayDoiGTTSR_TT98%20tuan_SSIBF%20%2008-14_06_2021_merged.pdf,,BCThayDoiGTTSR_TT98 tuan_SSIBF  08-14_06_2021_merged.pdf,,2021-06-14,data/raw/ssiam/BCThayDoiGTTSR_TT98_20tuan_SSIBF_20_2008-14_06_2021_merged-dbdd69b154f87e04.pdf,ParseError: line 2.1 (nav_end) absent; layout is not Appendix XXIV [data/raw/ssiam/BCThayDoiGTTSR_TT98_20tuan_SSIBF_20_2008-14_06_2021_merged-dbdd69b154f87e04.pdf]
ssiam,ssibf,SSIBF,https://ssiam.com.vn/upload/files/QuanLyQuy/BCThayDoiGTTSR_TT98%20tuan_SSIBF%20%2015-21_06_2021_merged.pdf,,BCThayDoiGTTSR_TT98 tuan_SSIBF  15-21_06_2021_merged.pdf,,2021-06-21,data/raw/ssiam/BCThayDoiGTTSR_TT98_20tuan_SSIBF_20_2015-21_06_2021_merged-ddb52aa3ec3308c1.pdf,ParseError: line 2.1 (nav_end) absent; layout is not Appendix XXIV [data/raw/ssiam/BCThayDoiGTTSR_TT98_20tuan_SSIBF_20_2015-21_06_2021_merged-ddb52aa3ec3308c1.pdf]
ssiam,ssibf,SSIBF,https://ssiam.com.vn/upload/files/QuanLyQuy/BCThayDoiGTTSR_TT98%20tuan_SSIBF%20%2022-28_06_2021_merged.pdf,,BCThayDoiGTTSR_TT98 tuan_SSIBF  22-28_06_2021_merged.pdf,,2021-06-28,data/raw/ssiam/BCThayDoiGTTSR_TT98_20tuan_SSIBF_20_2022-28_06_2021_merged-c95f8ca5477f21f8.pdf,ParseError: line 2.1 (nav_end) absent; layout is not Appendix XXIV [data/raw/ssiam/BCThayDoiGTTSR_TT98_20tuan_SSIBF_20_2022-28_06_2021_merged-c95f8ca5477f21f8.pdf]
ssiam,ssibf,SSIBF,https://ssiam.com.vn/upload/files/QuanLyQuy/BCThayDoiGTTSR_TT98%20tuan_SSIBF%20%2029-05_07_2021_merged.pdf,,BCThayDoiGTTSR_TT98 tuan_SSIBF  29-05_07_2021_merged.pdf,,2021-07-05,data/raw/ssiam/BCThayDoiGTTSR_TT98_20tuan_SSIBF_20_2029-05_07_2021_merged-3da9c7806d6160ff.pdf,ParseError: line 2.1 (nav_end) absent; layout is not Appendix XXIV [data/raw/ssiam/BCThayDoiGTTSR_TT98_20tuan_SSIBF_20_2029-05_07_2021_merged-3da9c7806d6160ff.pdf]
ssiam,ssibf,SSIBF,https://ssiam.com.vn/upload/files/QuanLyQuy/SSIBF_Bao-cao-ve-thay-doi-GTTSR-quy-mo-PLXXIV-TT98-2020-13-19_07_2021.pdf,,SSIBF_Bao-cao-ve-thay-doi-GTTSR-quy-mo-PLXXIV-TT98-2020-13-19_07_2021.pdf,,2021-07-19,data/raw/ssiam/SSIBF_Bao-cao-ve-thay-doi-GTTSR-quy-mo-PLXXIV-TT98-2020-13-19_07_2021-46415a7914c45e4d.pdf,ParseError: line 2.1 (nav_end) absent; layout is not Appendix XXIV [data/raw/ssiam/SSIBF_Bao-cao-ve-thay-doi-GTTSR-quy-mo-PLXXIV-TT98-2020-13-19_07_2021-46415a7914c45e4d.pdf]
ssiam,ssibf,SSIBF,https://ssiam.com.vn/upload/files/QuanLyQuy/SSIBF_Bao-cao-ve-thay-doi-GTTSR-quy-mo-PLXXIV-TT98-2020-20-26_07_2021.pdf,,SSIBF_Bao-cao-ve-thay-doi-GTTSR-quy-mo-PLXXIV-TT98-2020-20-26_07_2021.pdf,,2021-07-26,data/raw/ssiam/SSIBF_Bao-cao-ve-thay-doi-GTTSR-quy-mo-PLXXIV-TT98-2020-20-26_07_2021-95f8ca8e59fb9aa4.pdf,ParseError: line 2.1 (nav_end) absent; layout is not Appendix XXIV [data/raw/ssiam/SSIBF_Bao-cao-ve-thay-doi-GTTSR-quy-mo-PLXXIV-TT98-2020-20-26_07_2021-95f8ca8e59fb9aa4.pdf]
ssiam,ssibf,SSIBF,https://ssiam.com.vn/upload/files/QuanLyQuy/SSIBF_Bao-cao-ve-thay-doi-GTTSR-quy-mo-PLXXIV-TT98-2020-27-02_08_2021.pdf,,SSIBF_Bao-cao-ve-thay-doi-GTTSR-quy-mo-PLXXIV-TT98-2020-27-02_08_2021.pdf,,2021-08-02,data/raw/ssiam/SSIBF_Bao-cao-ve-thay-doi-GTTSR-quy-mo-PLXXIV-TT98-2020-27-02_08_2021-e81cc924feb9d840.pdf,ParseError: line 2.1 (nav_end) absent; layout is not Appendix XXIV [data/raw/ssiam/SSIBF_Bao-cao-ve-thay-doi-GTTSR-quy-mo-PLXXIV-TT98-2020-27-02_08_2021-e81cc924feb9d840.pdf]
ssiam,ssibf,SSIBF,https://ssiam.com.vn/upload/files/QuanLyQuy/SSIBF_Bao-cao-ve-thay-doi-GTTSR-quy-mo-PLXXIV-TT98-2020-17-23_08_2021.pdf,,SSIBF_Bao-cao-ve-thay-doi-GTTSR-quy-mo-PLXXIV-TT98-2020-17-23_08_2021.pdf,,2021-08-23,data/raw/ssiam/SSIBF_Bao-cao-ve-thay-doi-GTTSR-quy-mo-PLXXIV-TT98-2020-17-23_08_2021-b5f55cd7a95915e2.pdf,ParseError: line 2.1 (nav_end) absent; layout is not Appendix XXIV [data/raw/ssiam/SSIBF_Bao-cao-ve-thay-doi-GTTSR-quy-mo-PLXXIV-TT98-2020-17-23_08_2021-b5f55cd7a95915e2.pdf]
ssiam,ssibf,SSIBF,https://ssiam.com.vn/upload/files/QuanLyQuy/SSIBF_Bao-cao-ve-thay-doi-GTTSR-quy-mo-PLXXIV-TT98-2020-24-30_08_2021.pdf,,SSIBF_Bao-cao-ve-thay-doi-GTTSR-quy-mo-PLXXIV-TT98-2020-24-30_08_2021.pdf,,2021-08-30,data/raw/ssiam/SSIBF_Bao-cao-ve-thay-doi-GTTSR-quy-mo-PLXXIV-TT98-2020-24-30_08_2021-70b9086172343744.pdf,ParseError: line 2.1 (nav_end) absent; layout is not Appendix XXIV [data/raw/ssiam/SSIBF_Bao-cao-ve-thay-doi-GTTSR-quy-mo-PLXXIV-TT98-2020-24-30_08_2021-70b9086172343744.pdf]
ssiam,ssibf,SSIBF,https://ssiam.com.vn/upload/files/QuanLyQuy/SSIBF_Bao-cao-ve-thay-doi-GTTSR-quy-mo-PLXXIV-TT98-2020-31-06_09_2021.pdf,,SSIBF_Bao-cao-ve-thay-doi-GTTSR-quy-mo-PLXXIV-TT98-2020-31-06_09_2021.pdf,,2021-09-06,data/raw/ssiam/SSIBF_Bao-cao-ve-thay-doi-GTTSR-quy-mo-PLXXIV-TT98-2020-31-06_09_2021-9789e00751e75670.pdf,ParseError: line 2.1 (nav_end) absent; layout is not Appendix XXIV [data/raw/ssiam/SSIBF_Bao-cao-ve-thay-doi-GTTSR-quy-mo-PLXXIV-TT98-2020-31-06_09_2021-9789e00751e75670.pdf]
ssiam,ssibf,SSIBF,https://ssiam.com.vn/upload/files/QuanLyQuy/SSIBF_Bao-cao-ve-thay-doi-GTTSR-quy-mo-PLXXIV-TT98-2020-14-20_09_2021.pdf,,SSIBF_Bao-cao-ve-thay-doi-GTTSR-quy-mo-PLXXIV-TT98-2020-14-20_09_2021.pdf,,2021-09-20,data/raw/ssiam/SSIBF_Bao-cao-ve-thay-doi-GTTSR-quy-mo-PLXXIV-TT98-2020-14-20_09_2021-6df362149a345f08.pdf,ParseError: line 2.1 (nav_end) absent; layout is not Appendix XXIV [data/raw/ssiam/SSIBF_Bao-cao-ve-thay-doi-GTTSR-quy-mo-PLXXIV-TT98-2020-14-20_09_2021-6df362149a345f08.pdf]
ssiam,ssibf,SSIBF,https://ssiam.com.vn/upload/files/QuanLyQuy/SSIBF_Bao-cao-ve-thay-doi-GTTSR-quy-mo-PLXXIV-TT98-2020-21-27_09_2021.pdf,,SSIBF_Bao-cao-ve-thay-doi-GTTSR-quy-mo-PLXXIV-TT98-2020-21-27_09_2021.pdf,,2021-09-27,data/raw/ssiam/SSIBF_Bao-cao-ve-thay-doi-GTTSR-quy-mo-PLXXIV-TT98-2020-21-27_09_2021-4f36f14797c70a0a.pdf,ParseError: line 2.1 (nav_end) absent; layout is not Appendix XXIV [data/raw/ssiam/SSIBF_Bao-cao-ve-thay-doi-GTTSR-quy-mo-PLXXIV-TT98-2020-21-27_09_2021-4f36f14797c70a0a.pdf]
ssiam,ssibf,SSIBF,https://ssiam.com.vn/upload/files/QuanLyQuy/SSIBF_Bao-cao-ve-thay-doi-GTTSR-quy-mo-PLXXIV-TT98-2020-28-04_10_2021.pdf,,SSIBF_Bao-cao-ve-thay-doi-GTTSR-quy-mo-PLXXIV-TT98-2020-28-04_10_2021.pdf,,2021-10-04,data/raw/ssiam/SSIBF_Bao-cao-ve-thay-doi-GTTSR-quy-mo-PLXXIV-TT98-2020-28-04_10_2021-c407f694c4142372.pdf,ParseError: line 2.1 (nav_end) absent; layout is not Appendix XXIV [data/raw/ssiam/SSIBF_Bao-cao-ve-thay-doi-GTTSR-quy-mo-PLXXIV-TT98-2020-28-04_10_2021-c407f694c4142372.pdf]
ssiam,ssibf,SSIBF,https://ssiam.com.vn/upload/files/QuanLyQuy/SSIBF_Bao-cao-ve-thay-doi-GTTSR-quy-mo-PLXXIV-TT98-2020-19-25_10_2021.pdf,,SSIBF_Bao-cao-ve-thay-doi-GTTSR-quy-mo-PLXXIV-TT98-2020-19-25_10_2021.pdf,,2021-10-25,data/raw/ssiam/SSIBF_Bao-cao-ve-thay-doi-GTTSR-quy-mo-PLXXIV-TT98-2020-19-25_10_2021-bcaec701d834e34b.pdf,ParseError: line 2.1 (nav_end) absent; layout is not Appendix XXIV [data/raw/ssiam/SSIBF_Bao-cao-ve-thay-doi-GTTSR-quy-mo-PLXXIV-TT98-2020-19-25_10_2021-bcaec701d834e34b.pdf]
ssiam,ssibf,SSIBF,https://ssiam.com.vn/upload/files/QuanLyQuy/SSIBF_Bao-cao-ve-thay-doi-GTTSR-quy-mo-PLXXIV-TT98-2020-26-01_11_2021.pdf,,SSIBF_Bao-cao-ve-thay-doi-GTTSR-quy-mo-PLXXIV-TT98-2020-26-01_11_2021.pdf,,2021-11-01,data/raw/ssiam/SSIBF_Bao-cao-ve-thay-doi-GTTSR-quy-mo-PLXXIV-TT98-2020-26-01_11_2021-b8d13f6ca017b5ab.pdf,ParseError: line 2.1 (nav_end) absent; layout is not Appendix XXIV [data/raw/ssiam/SSIBF_Bao-cao-ve-thay-doi-GTTSR-quy-mo-PLXXIV-TT98-2020-26-01_11_2021-b8d13f6ca017b5ab.pdf]
ssiam,ssibf,SSIBF,https://ssiam.com.vn/upload/files/QuanLyQuy/SSIBF_Bao-cao-ve-thay-doi-GTTSR-quy-mo-PLXXIV-TT98-2020-16-22_11_2021.pdf,,SSIBF_Bao-cao-ve-thay-doi-GTTSR-quy-mo-PLXXIV-TT98-2020-16-22_11_2021.pdf,,2021-11-22,data/raw/ssiam/SSIBF_Bao-cao-ve-thay-doi-GTTSR-quy-mo-PLXXIV-TT98-2020-16-22_11_2021-a25fa0b856329da2.pdf,ParseError: line 2.1 (nav_end) absent; layout is not Appendix XXIV [data/raw/ssiam/SSIBF_Bao-cao-ve-thay-doi-GTTSR-quy-mo-PLXXIV-TT98-2020-16-22_11_2021-a25fa0b856329da2.pdf]
ssiam,ssibf,SSIBF,https://ssiam.com.vn/upload/files/QuanLyQuy/SSIBF_Bao-cao-ve-thay-doi-GTTSR-quy-mo-PLXXIV-TT98-2020-23-29_11_2021.pdf,,SSIBF_Bao-cao-ve-thay-doi-GTTSR-quy-mo-PLXXIV-TT98-2020-23-29_11_2021.pdf,,2021-11-29,data/raw/ssiam/SSIBF_Bao-cao-ve-thay-doi-GTTSR-quy-mo-PLXXIV-TT98-2020-23-29_11_2021-6090a32cd1c84b01.pdf,ParseError: line 2.1 (nav_end) absent; layout is not Appendix XXIV [data/raw/ssiam/SSIBF_Bao-cao-ve-thay-doi-GTTSR-quy-mo-PLXXIV-TT98-2020-23-29_11_2021-6090a32cd1c84b01.pdf]
ssiam,ssibf,SSIBF,https://ssiam.com.vn/upload/files/QuanLyQuy/SSIBF_Bao-cao-ve-thay-doi-GTTSR-quy-mo-PLXXIV-TT98-2020-30-06_12_2021.pdf,,SSIBF_Bao-cao-ve-thay-doi-GTTSR-quy-mo-PLXXIV-TT98-2020-30-06_12_2021.pdf,,2021-12-06,data/raw/ssiam/SSIBF_Bao-cao-ve-thay-doi-GTTSR-quy-mo-PLXXIV-TT98-2020-30-06_12_2021-8a8032b5ce3d2ca6.pdf,ParseError: line 2.1 (nav_end) absent; layout is not Appendix XXIV [data/raw/ssiam/SSIBF_Bao-cao-ve-thay-doi-GTTSR-quy-mo-PLXXIV-TT98-2020-30-06_12_2021-8a8032b5ce3d2ca6.pdf]
ssiam,ssibf,SSIBF,https://ssiam.com.vn/upload/files/QuanLyQuy/SSIBF_Bao-cao-ve-thay-doi-GTTSR-quy-mo-PLXXIV-TT98-2020-14-20_12_2021.pdf,,SSIBF_Bao-cao-ve-thay-doi-GTTSR-quy-mo-PLXXIV-TT98-2020-14-20_12_2021.pdf,,2021-12-20,data/raw/ssiam/SSIBF_Bao-cao-ve-thay-doi-GTTSR-quy-mo-PLXXIV-TT98-2020-14-20_12_2021-f6d1a6377aa319c0.pdf,ParseError: line 2.1 (nav_end) absent; layout is not Appendix XXIV [data/raw/ssiam/SSIBF_Bao-cao-ve-thay-doi-GTTSR-quy-mo-PLXXIV-TT98-2020-14-20_12_2021-f6d1a6377aa319c0.pdf]
ssiam,ssibf,SSIBF,https://ssiam.com.vn/upload/files/QuanLyQuy/Cong-bo-thong-tin-Quy/SSIBF_Bao-cao-ve-thay-doi-GTTSR-quy-mo-PLXXIV-TT98-2020-21-27_12_2021.pdf,,SSIBF_Bao-cao-ve-thay-doi-GTTSR-quy-mo-PLXXIV-TT98-2020-21-27_12_2021.pdf,,2021-12-27,data/raw/ssiam/SSIBF_Bao-cao-ve-thay-doi-GTTSR-quy-mo-PLXXIV-TT98-2020-21-27_12_2021-693cbbbe5a3568f8.pdf,ParseError: line 2.1 (nav_end) absent; layout is not Appendix XXIV [data/raw/ssiam/SSIBF_Bao-cao-ve-thay-doi-GTTSR-quy-mo-PLXXIV-TT98-2020-21-27_12_2021-693cbbbe5a3568f8.pdf]
ssiam,ssibf,SSIBF,https://ssiam.com.vn/upload/files/QuanLyQuy/SSIBF_Bao-cao-ve-thay-doi-GTTSR-quy-mo-PLXXIV-TT98-2020-28-03_01_2022.pdf,,SSIBF_Bao-cao-ve-thay-doi-GTTSR-quy-mo-PLXXIV-TT98-2020-28-03_01_2022.pdf,,2022-01-03,data/raw/ssiam/SSIBF_Bao-cao-ve-thay-doi-GTTSR-quy-mo-PLXXIV-TT98-2020-28-03_01_2022-2a799fe6d217fa42.pdf,ParseError: line 2.1 (nav_end) absent; layout is not Appendix XXIV [data/raw/ssiam/SSIBF_Bao-cao-ve-thay-doi-GTTSR-quy-mo-PLXXIV-TT98-2020-28-03_01_2022-2a799fe6d217fa42.pdf]
ssiam,ssibf,SSIBF,https://ssiam.com.vn/upload/files/QuanLyQuy/SSIBF_Bao-cao-ve-thay-doi-GTTSR-quy-mo-PLXXIV-TT98-2020-10_01_2022.pdf,,SSIBF_Bao-cao-ve-thay-doi-GTTSR-quy-mo-PLXXIV-TT98-2020-10_01_2022.pdf,,2022-01-10,data/raw/ssiam/SSIBF_Bao-cao-ve-thay-doi-GTTSR-quy-mo-PLXXIV-TT98-2020-10_01_2022-3e3b7ed5dba08bd5.pdf,ParseError: line 2.1 (nav_end) absent; layout is not Appendix XXIV [data/raw/ssiam/SSIBF_Bao-cao-ve-thay-doi-GTTSR-quy-mo-PLXXIV-TT98-2020-10_01_2022-3e3b7ed5dba08bd5.pdf]
ssiam,ssibf,SSIBF,https://ssiam.com.vn/upload/files/QuanLyQuy/SSIBF_Bao-cao-ve-thay-doi-GTTSR-quy-mo-PLXXIV-TT98-2020-17_01_2022.pdf,,SSIBF_Bao-cao-ve-thay-doi-GTTSR-quy-mo-PLXXIV-TT98-2020-17_01_2022.pdf,,2022-01-17,data/raw/ssiam/SSIBF_Bao-cao-ve-thay-doi-GTTSR-quy-mo-PLXXIV-TT98-2020-17_01_2022-fa32468757dff16e.pdf,ParseError: line 2.1 (nav_end) absent; layout is not Appendix XXIV [data/raw/ssiam/SSIBF_Bao-cao-ve-thay-doi-GTTSR-quy-mo-PLXXIV-TT98-2020-17_01_2022-fa32468757dff16e.pdf]
ssiam,ssibf,SSIBF,https://ssiam.com.vn/upload/files/QuanLyQuy/SSIBF_Bao-cao-ve-thay-doi-GTTSR-quy-mo-PLXXIV-TT98-2020-25_01_2022.pdf,,SSIBF_Bao-cao-ve-thay-doi-GTTSR-quy-mo-PLXXIV-TT98-2020-25_01_2022.pdf,,2022-01-25,data/raw/ssiam/SSIBF_Bao-cao-ve-thay-doi-GTTSR-quy-mo-PLXXIV-TT98-2020-25_01_2022-1e91a5f8f98544da.pdf,ParseError: line 2.1 (nav_end) absent; layout is not Appendix XXIV [data/raw/ssiam/SSIBF_Bao-cao-ve-thay-doi-GTTSR-quy-mo-PLXXIV-TT98-2020-25_01_2022-1e91a5f8f98544da.pdf]
ssiam,ssibf,SSIBF,https://ssiam.com.vn/upload/files/QuanLyQuy/SSIBF_Bao-cao-ve-thay-doi-GTTSR-quy-mo-PLXXIV-TT98-2020-31_01_2022.pdf,,SSIBF_Bao-cao-ve-thay-doi-GTTSR-quy-mo-PLXXIV-TT98-2020-31_01_2022.pdf,,2022-01-31,data/raw/ssiam/SSIBF_Bao-cao-ve-thay-doi-GTTSR-quy-mo-PLXXIV-TT98-2020-31_01_2022-1d0b67a05f419321.pdf,ParseError: line 2.1 (nav_end) absent; layout is not Appendix XXIV [data/raw/ssiam/SSIBF_Bao-cao-ve-thay-doi-GTTSR-quy-mo-PLXXIV-TT98-2020-31_01_2022-1d0b67a05f419321.pdf]
ssiam,ssibf,SSIBF,https://ssiam.com.vn/upload/files/QuanLyQuy/SSIBF_Bao-cao-ve-thay-doi-GTTSR-quy-mo-PLXXIV-TT98-2020-07_02_2022.pdf,,SSIBF_Bao-cao-ve-thay-doi-GTTSR-quy-mo-PLXXIV-TT98-2020-07_02_2022.pdf,,2022-02-07,data/raw/ssiam/SSIBF_Bao-cao-ve-thay-doi-GTTSR-quy-mo-PLXXIV-TT98-2020-07_02_2022-b28f10430fc765d8.pdf,ParseError: line 2.1 (nav_end) absent; layout is not Appendix XXIV [data/raw/ssiam/SSIBF_Bao-cao-ve-thay-doi-GTTSR-quy-mo-PLXXIV-TT98-2020-07_02_2022-b28f10430fc765d8.pdf]
ssiam,ssibf,SSIBF,https://ssiam.com.vn/upload/files/QuanLyQuy/SSIBF_Bao-cao-ve-thay-doi-GTTSR-quy-mo-PLXXIV-TT98-2020-14_02_2022.pdf,,SSIBF_Bao-cao-ve-thay-doi-GTTSR-quy-mo-PLXXIV-TT98-2020-14_02_2022.pdf,,2022-02-14,data/raw/ssiam/SSIBF_Bao-cao-ve-thay-doi-GTTSR-quy-mo-PLXXIV-TT98-2020-14_02_2022-94151615daae45fd.pdf,ParseError: line 2.1 (nav_end) absent; layout is not Appendix XXIV [data/raw/ssiam/SSIBF_Bao-cao-ve-thay-doi-GTTSR-quy-mo-PLXXIV-TT98-2020-14_02_2022-94151615daae45fd.pdf]
ssiam,ssibf,SSIBF,https://ssiam.com.vn/upload/files/QuanLyQuy/SSIBF_Bao-cao-ve-thay-doi-GTTSR-quy-mo-PLXXIV-TT98-2020-21_02_2022.pdf,,SSIBF_Bao-cao-ve-thay-doi-GTTSR-quy-mo-PLXXIV-TT98-2020-21_02_2022.pdf,,2022-02-21,data/raw/ssiam/SSIBF_Bao-cao-ve-thay-doi-GTTSR-quy-mo-PLXXIV-TT98-2020-21_02_2022-2d1edcaaa802c0bf.pdf,ParseError: line 2.1 (nav_end) absent; layout is not Appendix XXIV [data/raw/ssiam/SSIBF_Bao-cao-ve-thay-doi-GTTSR-quy-mo-PLXXIV-TT98-2020-21_02_2022-2d1edcaaa802c0bf.pdf]
ssiam,ssibf,SSIBF,https://ssiam.com.vn/upload/files/QuanLyQuy/SSIBF_Bao-cao-ve-thay-doi-GTTSR-quy-mo-PLXXIV-TT98-2020-28_02_2022.pdf,,SSIBF_Bao-cao-ve-thay-doi-GTTSR-quy-mo-PLXXIV-TT98-2020-28_02_2022.pdf,,2022-02-28,data/raw/ssiam/SSIBF_Bao-cao-ve-thay-doi-GTTSR-quy-mo-PLXXIV-TT98-2020-28_02_2022-3ff1dc0c54d38f47.pdf,ParseError: line 2.1 (nav_end) absent; layout is not Appendix XXIV [data/raw/ssiam/SSIBF_Bao-cao-ve-thay-doi-GTTSR-quy-mo-PLXXIV-TT98-2020-28_02_2022-3ff1dc0c54d38f47.pdf]
ssiam,ssibf,SSIBF,https://ssiam.com.vn/upload/files/QuanLyQuy/SSIBF_Bao-cao-ve-thay-doi-GTTSR-quy-mo-PLXXIV-TT98-2020-07_03_2022.pdf,,SSIBF_Bao-cao-ve-thay-doi-GTTSR-quy-mo-PLXXIV-TT98-2020-07_03_2022.pdf,,2022-03-07,data/raw/ssiam/SSIBF_Bao-cao-ve-thay-doi-GTTSR-quy-mo-PLXXIV-TT98-2020-07_03_2022-21681b18f7c9fbd5.pdf,ParseError: line 2.1 (nav_end) absent; layout is not Appendix XXIV [data/raw/ssiam/SSIBF_Bao-cao-ve-thay-doi-GTTSR-quy-mo-PLXXIV-TT98-2020-07_03_2022-21681b18f7c9fbd5.pdf]
ssiam,ssibf,SSIBF,https://ssiam.com.vn/upload/files/QuanLyQuy/SSIBF_Bao-cao-ve-thay-doi-GTTSR-quy-mo-PLXXIV-TT98-2020-14_03_2022.pdf,,SSIBF_Bao-cao-ve-thay-doi-GTTSR-quy-mo-PLXXIV-TT98-2020-14_03_2022.pdf,,2022-03-14,data/raw/ssiam/SSIBF_Bao-cao-ve-thay-doi-GTTSR-quy-mo-PLXXIV-TT98-2020-14_03_2022-153520cd554e2f8b.pdf,ParseError: line 2.1 (nav_end) absent; layout is not Appendix XXIV [data/raw/ssiam/SSIBF_Bao-cao-ve-thay-doi-GTTSR-quy-mo-PLXXIV-TT98-2020-14_03_2022-153520cd554e2f8b.pdf]
ssiam,ssibf,SSIBF,https://ssiam.com.vn/upload/files/QuanLyQuy/SSIBF_Bao-cao-ve-thay-doi-GTTSR-quy-mo-PLXXIV-TT98-2020-21_03_2022.pdf,,SSIBF_Bao-cao-ve-thay-doi-GTTSR-quy-mo-PLXXIV-TT98-2020-21_03_2022.pdf,,2022-03-21,data/raw/ssiam/SSIBF_Bao-cao-ve-thay-doi-GTTSR-quy-mo-PLXXIV-TT98-2020-21_03_2022-64946fdbe8dc653d.pdf,ParseError: line 2.1 (nav_end) absent; layout is not Appendix XXIV [data/raw/ssiam/SSIBF_Bao-cao-ve-thay-doi-GTTSR-quy-mo-PLXXIV-TT98-2020-21_03_2022-64946fdbe8dc653d.pdf]
ssiam,ssibf,SSIBF,https://ssiam.com.vn/upload/files/QuanLyQuy/SSIBF_Bao-cao-ve-thay-doi-GTTSR-quy-mo-PLXXIV-TT98-2020-28_03_2022.pdf,,SSIBF_Bao-cao-ve-thay-doi-GTTSR-quy-mo-PLXXIV-TT98-2020-28_03_2022.pdf,,2022-03-28,data/raw/ssiam/SSIBF_Bao-cao-ve-thay-doi-GTTSR-quy-mo-PLXXIV-TT98-2020-28_03_2022-0bf8c6b9eefb08c6.pdf,ParseError: line 2.1 (nav_end) absent; layout is not Appendix XXIV [data/raw/ssiam/SSIBF_Bao-cao-ve-thay-doi-GTTSR-quy-mo-PLXXIV-TT98-2020-28_03_2022-0bf8c6b9eefb08c6.pdf]
ssiam,ssibf,SSIBF,https://ssiam.com.vn/upload/files/QuanLyQuy/SSIBF_Bao-cao-ve-thay-doi-GTTSR-quy-mo-PLXXIV-TT98-04_04_2022.pdf,,SSIBF_Bao-cao-ve-thay-doi-GTTSR-quy-mo-PLXXIV-TT98-04_04_2022.pdf,,2022-04-04,data/raw/ssiam/SSIBF_Bao-cao-ve-thay-doi-GTTSR-quy-mo-PLXXIV-TT98-04_04_2022-db8ace3c95ac7b6d.pdf,ParseError: line 2.1 (nav_end) absent; layout is not Appendix XXIV [data/raw/ssiam/SSIBF_Bao-cao-ve-thay-doi-GTTSR-quy-mo-PLXXIV-TT98-04_04_2022-db8ace3c95ac7b6d.pdf]
ssiam,ssibf,SSIBF,https://ssiam.com.vn/upload/files/QuanLyQuy/SSIBF_Bao-cao-ve-thay-doi-GTTSR-quy-mo-PLXXIV-TT98-11_04_2022.pdf,,SSIBF_Bao-cao-ve-thay-doi-GTTSR-quy-mo-PLXXIV-TT98-11_04_2022.pdf,,2022-04-11,data/raw/ssiam/SSIBF_Bao-cao-ve-thay-doi-GTTSR-quy-mo-PLXXIV-TT98-11_04_2022-30447b3858fab411.pdf,ParseError: line 2.1 (nav_end) absent; layout is not Appendix XXIV [data/raw/ssiam/SSIBF_Bao-cao-ve-thay-doi-GTTSR-quy-mo-PLXXIV-TT98-11_04_2022-30447b3858fab411.pdf]
ssiam,ssibf,SSIBF,https://ssiam.com.vn/upload/files/QuanLyQuy/SSIBF_Bao-cao-ve-thay-doi-GTTSR-quy-mo-PLXXIV-TT98-18_04_2022.pdf,,SSIBF_Bao-cao-ve-thay-doi-GTTSR-quy-mo-PLXXIV-TT98-18_04_2022.pdf,,2022-04-18,data/raw/ssiam/SSIBF_Bao-cao-ve-thay-doi-GTTSR-quy-mo-PLXXIV-TT98-18_04_2022-ba6ba1e2fa2d5d9c.pdf,ParseError: line 2.1 (nav_end) absent; layout is not Appendix XXIV [data/raw/ssiam/SSIBF_Bao-cao-ve-thay-doi-GTTSR-quy-mo-PLXXIV-TT98-18_04_2022-ba6ba1e2fa2d5d9c.pdf]
ssiam,ssibf,SSIBF,https://ssiam.com.vn/upload/files/QuanLyQuy/SSIBF_Bao-cao-ve-thay-doi-GTTSR-quy-mo-PLXXIV-TT98-25_04_2022.pdf,,SSIBF_Bao-cao-ve-thay-doi-GTTSR-quy-mo-PLXXIV-TT98-25_04_2022.pdf,,2022-04-25,data/raw/ssiam/SSIBF_Bao-cao-ve-thay-doi-GTTSR-quy-mo-PLXXIV-TT98-25_04_2022-10df83bbf4dd4b0d.pdf,ParseError: line 2.1 (nav_end) absent; layout is not Appendix XXIV [data/raw/ssiam/SSIBF_Bao-cao-ve-thay-doi-GTTSR-quy-mo-PLXXIV-TT98-25_04_2022-10df83bbf4dd4b0d.pdf]
ssiam,ssibf,SSIBF,https://ssiam.com.vn/upload/files/QuanLyQuy/SSIBF_Bao-cao-ve-thay-doi-GTTSR-quy-mo-PLXXIV-TT98-02_05_2022.pdf,,SSIBF_Bao-cao-ve-thay-doi-GTTSR-quy-mo-PLXXIV-TT98-02_05_2022.pdf,,2022-05-02,data/raw/ssiam/SSIBF_Bao-cao-ve-thay-doi-GTTSR-quy-mo-PLXXIV-TT98-02_05_2022-d63f7874eb090389.pdf,ParseError: line 2.1 (nav_end) absent; layout is not Appendix XXIV [data/raw/ssiam/SSIBF_Bao-cao-ve-thay-doi-GTTSR-quy-mo-PLXXIV-TT98-02_05_2022-d63f7874eb090389.pdf]
ssiam,ssibf,SSIBF,https://ssiam.com.vn/upload/files/QuanLyQuy/SSIBF_Bao-cao-ve-thay-doi-GTTSR-quy-mo-PLXXIV-TT98-10_05_2022.pdf,,SSIBF_Bao-cao-ve-thay-doi-GTTSR-quy-mo-PLXXIV-TT98-10_05_2022.pdf,,2022-05-10,data/raw/ssiam/SSIBF_Bao-cao-ve-thay-doi-GTTSR-quy-mo-PLXXIV-TT98-10_05_2022-80ce48ab44b6001d.pdf,ParseError: line 2.1 (nav_end) absent; layout is not Appendix XXIV [data/raw/ssiam/SSIBF_Bao-cao-ve-thay-doi-GTTSR-quy-mo-PLXXIV-TT98-10_05_2022-80ce48ab44b6001d.pdf]
ssiam,ssibf,SSIBF,https://ssiam.com.vn/upload/files/QuanLyQuy/SSIBF_Bao-cao-ve-thay-doi-GTTSR-quy-mo-PLXXIV-TT98-17_05_2022.pdf,,SSIBF_Bao-cao-ve-thay-doi-GTTSR-quy-mo-PLXXIV-TT98-17_05_2022.pdf,,2022-05-17,data/raw/ssiam/SSIBF_Bao-cao-ve-thay-doi-GTTSR-quy-mo-PLXXIV-TT98-17_05_2022-c7d74f6e06f88149.pdf,ParseError: line 2.1 (nav_end) absent; layout is not Appendix XXIV [data/raw/ssiam/SSIBF_Bao-cao-ve-thay-doi-GTTSR-quy-mo-PLXXIV-TT98-17_05_2022-c7d74f6e06f88149.pdf]
ssiam,ssibf,SSIBF,https://ssiam.com.vn/upload/files/QuanLyQuy/SSIBF_Bao-cao-ve-thay-doi-GTTSR-quy-mo-PLXXIV-TT98-23_05_2022.pdf,,SSIBF_Bao-cao-ve-thay-doi-GTTSR-quy-mo-PLXXIV-TT98-23_05_2022.pdf,,2022-05-23,data/raw/ssiam/SSIBF_Bao-cao-ve-thay-doi-GTTSR-quy-mo-PLXXIV-TT98-23_05_2022-ae455470278f028e.pdf,ParseError: line 2.1 (nav_end) absent; layout is not Appendix XXIV [data/raw/ssiam/SSIBF_Bao-cao-ve-thay-doi-GTTSR-quy-mo-PLXXIV-TT98-23_05_2022-ae455470278f028e.pdf]
ssiam,ssibf,SSIBF,https://ssiam.com.vn/upload/files/QuanLyQuy/SSIBF_Bao-cao-ve-thay-doi-GTTSR-quy-mo-PLXXIV-TT98-30_05_2022.pdf,,SSIBF_Bao-cao-ve-thay-doi-GTTSR-quy-mo-PLXXIV-TT98-30_05_2022.pdf,,2022-05-30,data/raw/ssiam/SSIBF_Bao-cao-ve-thay-doi-GTTSR-quy-mo-PLXXIV-TT98-30_05_2022-49eef9d50b3b2d05.pdf,ParseError: line 2.1 (nav_end) absent; layout is not Appendix XXIV [data/raw/ssiam/SSIBF_Bao-cao-ve-thay-doi-GTTSR-quy-mo-PLXXIV-TT98-30_05_2022-49eef9d50b3b2d05.pdf]
ssiam,ssibf,SSIBF,https://ssiam.com.vn/upload/files/QuanLyQuy/SSIBF_Bao-cao-ve-thay-doi-GTTSR-quy-mo-PLXXIV-TT98-06_06_2022.pdf,,SSIBF_Bao-cao-ve-thay-doi-GTTSR-quy-mo-PLXXIV-TT98-06_06_2022.pdf,,2022-06-06,data/raw/ssiam/SSIBF_Bao-cao-ve-thay-doi-GTTSR-quy-mo-PLXXIV-TT98-06_06_2022-7cae48af88998886.pdf,ParseError: line 2.1 (nav_end) absent; layout is not Appendix XXIV [data/raw/ssiam/SSIBF_Bao-cao-ve-thay-doi-GTTSR-quy-mo-PLXXIV-TT98-06_06_2022-7cae48af88998886.pdf]
ssiam,ssibf,SSIBF,https://ssiam.com.vn/upload/files/QuanLyQuy/SSIBF_Bao-cao-ve-thay-doi-GTTSR-quy-mo-PLXXIV-TT98-13_06_2022.pdf,,SSIBF_Bao-cao-ve-thay-doi-GTTSR-quy-mo-PLXXIV-TT98-13_06_2022.pdf,,2022-06-13,data/raw/ssiam/SSIBF_Bao-cao-ve-thay-doi-GTTSR-quy-mo-PLXXIV-TT98-13_06_2022-a5495ad1655922e7.pdf,ParseError: line 2.1 (nav_end) absent; layout is not Appendix XXIV [data/raw/ssiam/SSIBF_Bao-cao-ve-thay-doi-GTTSR-quy-mo-PLXXIV-TT98-13_06_2022-a5495ad1655922e7.pdf]
ssiam,ssibf,SSIBF,https://ssiam.com.vn/upload/files/QuanLyQuy/SSIBF_Bao-cao-ve-thay-doi-GTTSR-quy-mo-PLXXIV-TT98-20_06_2022.pdf,,SSIBF_Bao-cao-ve-thay-doi-GTTSR-quy-mo-PLXXIV-TT98-20_06_2022.pdf,,2022-06-20,data/raw/ssiam/SSIBF_Bao-cao-ve-thay-doi-GTTSR-quy-mo-PLXXIV-TT98-20_06_2022-7a34beafda5d701f.pdf,ParseError: line 2.1 (nav_end) absent; layout is not Appendix XXIV [data/raw/ssiam/SSIBF_Bao-cao-ve-thay-doi-GTTSR-quy-mo-PLXXIV-TT98-20_06_2022-7a34beafda5d701f.pdf]
ssiam,ssibf,SSIBF,https://ssiam.com.vn/upload/files/QuanLyQuy/SSIBF_Bao-cao-ve-thay-doi-GTTSR-quy-mo-PLXXIV-TT98-27_06_2022.pdf,,SSIBF_Bao-cao-ve-thay-doi-GTTSR-quy-mo-PLXXIV-TT98-27_06_2022.pdf,,2022-06-27,data/raw/ssiam/SSIBF_Bao-cao-ve-thay-doi-GTTSR-quy-mo-PLXXIV-TT98-27_06_2022-54efe9413f3ee092.pdf,ParseError: line 2.1 (nav_end) absent; layout is not Appendix XXIV [data/raw/ssiam/SSIBF_Bao-cao-ve-thay-doi-GTTSR-quy-mo-PLXXIV-TT98-27_06_2022-54efe9413f3ee092.pdf]
ssiam,ssibf,SSIBF,https://ssiam.com.vn/upload/files/QuanLyQuy/Quy-ETF-Giao-Dich/SSIBF_Bao-cao-ve-thay-doi-GTTSR-quy-mo-PLXXIV-TT98-04_07_2022.pdf,,SSIBF_Bao-cao-ve-thay-doi-GTTSR-quy-mo-PLXXIV-TT98-04_07_2022.pdf,,2022-07-04,data/raw/ssiam/SSIBF_Bao-cao-ve-thay-doi-GTTSR-quy-mo-PLXXIV-TT98-04_07_2022-9d6dd41fd8683434.pdf,ParseError: line 2.1 (nav_end) absent; layout is not Appendix XXIV [data/raw/ssiam/SSIBF_Bao-cao-ve-thay-doi-GTTSR-quy-mo-PLXXIV-TT98-04_07_2022-9d6dd41fd8683434.pdf]
ssiam,ssibf,SSIBF,https://ssiam.com.vn/upload/files/QuanLyQuy/Quy-ETF-Giao-Dich/SSIBF_Bao-cao-ve-thay-doi-GTTSR-quy-mo-PLXXIV-TT98-11_07_2022.pdf,,SSIBF_Bao-cao-ve-thay-doi-GTTSR-quy-mo-PLXXIV-TT98-11_07_2022.pdf,,2022-07-11,data/raw/ssiam/SSIBF_Bao-cao-ve-thay-doi-GTTSR-quy-mo-PLXXIV-TT98-11_07_2022-db41f2a1fbab4671.pdf,ParseError: line 2.1 (nav_end) absent; layout is not Appendix XXIV [data/raw/ssiam/SSIBF_Bao-cao-ve-thay-doi-GTTSR-quy-mo-PLXXIV-TT98-11_07_2022-db41f2a1fbab4671.pdf]
ssiam,ssibf,SSIBF,https://ssiam.com.vn/upload/files/QuanLyQuy/Quy-ETF-Giao-Dich/SSIBF_Bao-cao-ve-thay-doi-GTTSR-quy-mo-PLXXIV-TT98-18_07_2022.pdf,,SSIBF_Bao-cao-ve-thay-doi-GTTSR-quy-mo-PLXXIV-TT98-18_07_2022.pdf,,2022-07-18,data/raw/ssiam/SSIBF_Bao-cao-ve-thay-doi-GTTSR-quy-mo-PLXXIV-TT98-18_07_2022-797726a47e0316b3.pdf,ParseError: line 2.1 (nav_end) absent; layout is not Appendix XXIV [data/raw/ssiam/SSIBF_Bao-cao-ve-thay-doi-GTTSR-quy-mo-PLXXIV-TT98-18_07_2022-797726a47e0316b3.pdf]
ssiam,ssibf,SSIBF,https://ssiam.com.vn/upload/files/QuanLyQuy/Quy-ETF-Giao-Dich/SSIBF_Bao-cao-ve-thay-doi-GTTSR-quy-mo-PLXXIV-TT98-25_07_2022.pdf,,SSIBF_Bao-cao-ve-thay-doi-GTTSR-quy-mo-PLXXIV-TT98-25_07_2022.pdf,,2022-07-25,data/raw/ssiam/SSIBF_Bao-cao-ve-thay-doi-GTTSR-quy-mo-PLXXIV-TT98-25_07_2022-78013e688c2d183f.pdf,ParseError: line 2.1 (nav_end) absent; layout is not Appendix XXIV [data/raw/ssiam/SSIBF_Bao-cao-ve-thay-doi-GTTSR-quy-mo-PLXXIV-TT98-25_07_2022-78013e688c2d183f.pdf]
ssiam,ssibf,SSIBF,https://ssiam.com.vn/upload/files/QuanLyQuy/Quy-ETF-Giao-Dich/SSIBF_Bao-cao-ve-thay-doi-GTTSR-quy-mo-PLXXIV-TT98-01_08_2022.pdf,,SSIBF_Bao-cao-ve-thay-doi-GTTSR-quy-mo-PLXXIV-TT98-01_08_2022.pdf,,2022-08-01,data/raw/ssiam/SSIBF_Bao-cao-ve-thay-doi-GTTSR-quy-mo-PLXXIV-TT98-01_08_2022-74468b340afe48ee.pdf,ParseError: line 2.1 (nav_end) absent; layout is not Appendix XXIV [data/raw/ssiam/SSIBF_Bao-cao-ve-thay-doi-GTTSR-quy-mo-PLXXIV-TT98-01_08_2022-74468b340afe48ee.pdf]
ssiam,ssibf,SSIBF,https://ssiam.com.vn/upload/files/QuanLyQuy/Quy-ETF-Giao-Dich/SSIBF_Bao-cao-ve-thay-doi-GTTSR-quy-mo-PLXXIV-TT98-08_08_2022.pdf,,SSIBF_Bao-cao-ve-thay-doi-GTTSR-quy-mo-PLXXIV-TT98-08_08_2022.pdf,,2022-08-08,data/raw/ssiam/SSIBF_Bao-cao-ve-thay-doi-GTTSR-quy-mo-PLXXIV-TT98-08_08_2022-302eb5484e3df9ca.pdf,ParseError: line 2.1 (nav_end) absent; layout is not Appendix XXIV [data/raw/ssiam/SSIBF_Bao-cao-ve-thay-doi-GTTSR-quy-mo-PLXXIV-TT98-08_08_2022-302eb5484e3df9ca.pdf]
ssiam,ssibf,SSIBF,https://ssiam.com.vn/upload/files/QuanLyQuy/Quy-ETF-Giao-Dich/SSIBF_Bao-cao-ve-thay-doi-GTTSR-quy-mo-PLXXIV-TT98-15_08_2022.pdf,,SSIBF_Bao-cao-ve-thay-doi-GTTSR-quy-mo-PLXXIV-TT98-15_08_2022.pdf,,2022-08-15,data/raw/ssiam/SSIBF_Bao-cao-ve-thay-doi-GTTSR-quy-mo-PLXXIV-TT98-15_08_2022-d165b944cf988595.pdf,ParseError: line 2.1 (nav_end) absent; layout is not Appendix XXIV [data/raw/ssiam/SSIBF_Bao-cao-ve-thay-doi-GTTSR-quy-mo-PLXXIV-TT98-15_08_2022-d165b944cf988595.pdf]
ssiam,ssibf,SSIBF,https://ssiam.com.vn/upload/files/QuanLyQuy/Quy-ETF-Giao-Dich/SSIBF_Bao-cao-ve-thay-doi-GTTSR-quy-mo-PLXXIV-TT98-22_08_2022.pdf,,SSIBF_Bao-cao-ve-thay-doi-GTTSR-quy-mo-PLXXIV-TT98-22_08_2022.pdf,,2022-08-22,data/raw/ssiam/SSIBF_Bao-cao-ve-thay-doi-GTTSR-quy-mo-PLXXIV-TT98-22_08_2022-b0330e8a341642bf.pdf,ParseError: line 2.1 (nav_end) absent; layout is not Appendix XXIV [data/raw/ssiam/SSIBF_Bao-cao-ve-thay-doi-GTTSR-quy-mo-PLXXIV-TT98-22_08_2022-b0330e8a341642bf.pdf]
ssiam,ssibf,SSIBF,https://ssiam.com.vn/upload/files/QuanLyQuy/Quy-ETF-Giao-Dich/SSIBF_Bao-cao-ve-thay-doi-GTTSR-quy-mo-PLXXIV-TT98-29_08_2022.pdf,,SSIBF_Bao-cao-ve-thay-doi-GTTSR-quy-mo-PLXXIV-TT98-29_08_2022.pdf,,2022-08-29,data/raw/ssiam/SSIBF_Bao-cao-ve-thay-doi-GTTSR-quy-mo-PLXXIV-TT98-29_08_2022-fa5310cd32184ee4.pdf,ParseError: line 2.1 (nav_end) absent; layout is not Appendix XXIV [data/raw/ssiam/SSIBF_Bao-cao-ve-thay-doi-GTTSR-quy-mo-PLXXIV-TT98-29_08_2022-fa5310cd32184ee4.pdf]
ssiam,ssibf,SSIBF,https://ssiam.com.vn/upload/files/QuanLyQuy/Quy-ETF-Giao-Dich/SSIBF_Bao-cao-ve-thay-doi-GTTSR-quy-mo-PLXXIV-TT98-05_09_2022.pdf,,SSIBF_Bao-cao-ve-thay-doi-GTTSR-quy-mo-PLXXIV-TT98-05_09_2022.pdf,,2022-09-05,data/raw/ssiam/SSIBF_Bao-cao-ve-thay-doi-GTTSR-quy-mo-PLXXIV-TT98-05_09_2022-f8641218bf898b03.pdf,ParseError: line 2.1 (nav_end) absent; layout is not Appendix XXIV [data/raw/ssiam/SSIBF_Bao-cao-ve-thay-doi-GTTSR-quy-mo-PLXXIV-TT98-05_09_2022-f8641218bf898b03.pdf]
ssiam,ssibf,SSIBF,https://ssiam.com.vn/upload/files/QuanLyQuy/Quy-ETF-Giao-Dich/SSIBF_Bao-cao-ve-thay-doi-GTTSR-quy-mo-PLXXIV-TT98-12_09_2022.pdf,,SSIBF_Bao-cao-ve-thay-doi-GTTSR-quy-mo-PLXXIV-TT98-12_09_2022.pdf,,2022-09-12,data/raw/ssiam/SSIBF_Bao-cao-ve-thay-doi-GTTSR-quy-mo-PLXXIV-TT98-12_09_2022-67dfeac1b3a4bdd7.pdf,ParseError: line 2.1 (nav_end) absent; layout is not Appendix XXIV [data/raw/ssiam/SSIBF_Bao-cao-ve-thay-doi-GTTSR-quy-mo-PLXXIV-TT98-12_09_2022-67dfeac1b3a4bdd7.pdf]
ssiam,ssibf,SSIBF,https://ssiam.com.vn/upload/files/QuanLyQuy/Quy-ETF-Giao-Dich/SSIBF_Bao-cao-ve-thay-doi-GTTSR-quy-mo-PLXXIV-TT98-19_09_2022.pdf,,SSIBF_Bao-cao-ve-thay-doi-GTTSR-quy-mo-PLXXIV-TT98-19_09_2022.pdf,,2022-09-19,data/raw/ssiam/SSIBF_Bao-cao-ve-thay-doi-GTTSR-quy-mo-PLXXIV-TT98-19_09_2022-4f5561794116eb45.pdf,ParseError: line 2.1 (nav_end) absent; layout is not Appendix XXIV [data/raw/ssiam/SSIBF_Bao-cao-ve-thay-doi-GTTSR-quy-mo-PLXXIV-TT98-19_09_2022-4f5561794116eb45.pdf]
ssiam,ssibf,SSIBF,https://ssiam.com.vn/upload/files/QuanLyQuy/Quy-ETF-Giao-Dich/SSIBF_Bao-cao-ve-thay-doi-GTTSR-quy-mo-PLXXIV-TT98-26_09_2022.pdf,,SSIBF_Bao-cao-ve-thay-doi-GTTSR-quy-mo-PLXXIV-TT98-26_09_2022.pdf,,2022-09-26,data/raw/ssiam/SSIBF_Bao-cao-ve-thay-doi-GTTSR-quy-mo-PLXXIV-TT98-26_09_2022-1c8f76fab81d609b.pdf,ParseError: line 2.1 (nav_end) absent; layout is not Appendix XXIV [data/raw/ssiam/SSIBF_Bao-cao-ve-thay-doi-GTTSR-quy-mo-PLXXIV-TT98-26_09_2022-1c8f76fab81d609b.pdf]
ssiam,ssibf,SSIBF,https://ssiam.com.vn/upload/files/QuanLyQuy/Quy-ETF-Giao-Dich/SSIBF_Bao-cao-ve-thay-doi-GTTSR-quy-mo-PLXXIV-TT98-20221208.pdf,,SSIBF_Bao-cao-ve-thay-doi-GTTSR-quy-mo-PLXXIV-TT98-20221208.pdf,,2022-12-08,data/raw/ssiam/SSIBF_Bao-cao-ve-thay-doi-GTTSR-quy-mo-PLXXIV-TT98-20221208-8e27681831ba7a4c.pdf,ParseError: line 2.1 (nav_end) absent; layout is not Appendix XXIV [data/raw/ssiam/SSIBF_Bao-cao-ve-thay-doi-GTTSR-quy-mo-PLXXIV-TT98-20221208-8e27681831ba7a4c.pdf]
ssiam,ssibf,SSIBF,https://ssiam.com.vn/upload/files/QuanLyQuy/Quy-ETF-Giao-Dich/SSIBF_Bao-cao-ve-thay-doi-GTTSR-quy-mo-PLXXIV-TT98-20221212.pdf,,SSIBF_Bao-cao-ve-thay-doi-GTTSR-quy-mo-PLXXIV-TT98-20221212.pdf,,2022-12-12,data/raw/ssiam/SSIBF_Bao-cao-ve-thay-doi-GTTSR-quy-mo-PLXXIV-TT98-20221212-b220b7db9095e352.pdf,ParseError: line 2.1 (nav_end) absent; layout is not Appendix XXIV [data/raw/ssiam/SSIBF_Bao-cao-ve-thay-doi-GTTSR-quy-mo-PLXXIV-TT98-20221212-b220b7db9095e352.pdf]
ssiam,ssibf,SSIBF,https://ssiam.com.vn/upload/files/QuanLyQuy/Quy-ETF-Giao-Dich/SSIBF_Bao-cao-ve-thay-doi-GTTSR-quy-mo-PLXXIV-TT98-20221219.pdf,,SSIBF_Bao-cao-ve-thay-doi-GTTSR-quy-mo-PLXXIV-TT98-20221219.pdf,,2022-12-19,data/raw/ssiam/SSIBF_Bao-cao-ve-thay-doi-GTTSR-quy-mo-PLXXIV-TT98-20221219-9b3ab34511005dfd.pdf,ParseError: line 2.1 (nav_end) absent; layout is not Appendix XXIV [data/raw/ssiam/SSIBF_Bao-cao-ve-thay-doi-GTTSR-quy-mo-PLXXIV-TT98-20221219-9b3ab34511005dfd.pdf]
ssiam,ssibf,SSIBF,https://ssiam.com.vn/upload/files/QuanLyQuy/Quy-ETF-Giao-Dich/SSIBF_Bao-cao-ve-thay-doi-GTTSR-quy-mo-PLXXIV-TT98-20221226.pdf,,SSIBF_Bao-cao-ve-thay-doi-GTTSR-quy-mo-PLXXIV-TT98-20221226.pdf,,2022-12-26,data/raw/ssiam/SSIBF_Bao-cao-ve-thay-doi-GTTSR-quy-mo-PLXXIV-TT98-20221226-3fbc1a6e67774d9c.pdf,ParseError: line 2.1 (nav_end) absent; layout is not Appendix XXIV [data/raw/ssiam/SSIBF_Bao-cao-ve-thay-doi-GTTSR-quy-mo-PLXXIV-TT98-20221226-3fbc1a6e67774d9c.pdf]
ssiam,ssibf,SSIBF,https://ssiam.com.vn/upload/files/QuanLyQuy/Quy-ETF-Giao-Dich/SSIBF_Bao-cao-ve-thay-doi-GTTSR-quy-mo-PLXXIV-TT98-20230102.pdf,,SSIBF_Bao-cao-ve-thay-doi-GTTSR-quy-mo-PLXXIV-TT98-20230102.pdf,,2023-01-02,data/raw/ssiam/SSIBF_Bao-cao-ve-thay-doi-GTTSR-quy-mo-PLXXIV-TT98-20230102-f30d3c487a313957.pdf,ParseError: line 2.1 (nav_end) absent; layout is not Appendix XXIV [data/raw/ssiam/SSIBF_Bao-cao-ve-thay-doi-GTTSR-quy-mo-PLXXIV-TT98-20230102-f30d3c487a313957.pdf]
ssiam,ssibf,SSIBF,https://ssiam.com.vn/upload/files/QuanLyQuy/Quy-ETF-Giao-Dich/SSIBF_Bao-cao-ve-thay-doi-GTTSR-quy-mo-PLXXIV-TT98-20230109.pdf,,SSIBF_Bao-cao-ve-thay-doi-GTTSR-quy-mo-PLXXIV-TT98-20230109.pdf,,2023-01-09,data/raw/ssiam/SSIBF_Bao-cao-ve-thay-doi-GTTSR-quy-mo-PLXXIV-TT98-20230109-8c9cde132ac99f74.pdf,ParseError: line 2.1 (nav_end) absent; layout is not Appendix XXIV [data/raw/ssiam/SSIBF_Bao-cao-ve-thay-doi-GTTSR-quy-mo-PLXXIV-TT98-20230109-8c9cde132ac99f74.pdf]
ssiam,ssibf,SSIBF,https://ssiam.com.vn/upload/files/QuanLyQuy/Quy-ETF-Giao-Dich/SSIBF_Bao-cao-ve-thay-doi-GTTSR-quy-mo-PLXXIV-TT98-20230116.pdf,,SSIBF_Bao-cao-ve-thay-doi-GTTSR-quy-mo-PLXXIV-TT98-20230116.pdf,,2023-01-16,data/raw/ssiam/SSIBF_Bao-cao-ve-thay-doi-GTTSR-quy-mo-PLXXIV-TT98-20230116-6f13d1f74392a250.pdf,ParseError: line 2.1 (nav_end) absent; layout is not Appendix XXIV [data/raw/ssiam/SSIBF_Bao-cao-ve-thay-doi-GTTSR-quy-mo-PLXXIV-TT98-20230116-6f13d1f74392a250.pdf]
ssiam,ssibf,SSIBF,https://ssiam.com.vn/upload/files/QuanLyQuy/SSIBF_Bao-cao-ve-thay-doi-GTTSR-quy-mo-PLXXIV-TT98-20230522.pdf,,SSIBF_Bao-cao-ve-thay-doi-GTTSR-quy-mo-PLXXIV-TT98-20230522.pdf,,2023-05-22,data/raw/ssiam/SSIBF_Bao-cao-ve-thay-doi-GTTSR-quy-mo-PLXXIV-TT98-20230522-4006c531a00de8c1.pdf,ParseError: line 2.1 (nav_end) absent; layout is not Appendix XXIV [data/raw/ssiam/SSIBF_Bao-cao-ve-thay-doi-GTTSR-quy-mo-PLXXIV-TT98-20230522-4006c531a00de8c1.pdf]
ssiam,ssibf,SSIBF,https://ssiam.com.vn/upload/files/QuanLyQuy/SSIBF_Bao-cao-ve-thay-doi-GTTSR-quy-mo-PLXXIV-TT98-20230731.pdf,,SSIBF_Bao-cao-ve-thay-doi-GTTSR-quy-mo-PLXXIV-TT98-20230731.pdf,,2023-07-31,data/raw/ssiam/SSIBF_Bao-cao-ve-thay-doi-GTTSR-quy-mo-PLXXIV-TT98-20230731-2f4e32053085d3a5.pdf,ParseError: line 2.1 (nav_end) absent; layout is not Appendix XXIV [data/raw/ssiam/SSIBF_Bao-cao-ve-thay-doi-GTTSR-quy-mo-PLXXIV-TT98-20230731-2f4e32053085d3a5.pdf]
ssiam,ssibf,SSIBF,https://ssiam.com.vn/upload/files/QuanLyQuy/SSIBF_Bao-cao-tuan-ve-thay-doi-GTTSR-quy-mo-PLXXIV-TT98-20240101.pdf,,SSIBF_Bao-cao-tuan-ve-thay-doi-GTTSR-quy-mo-PLXXIV-TT98-20240101.pdf,,2024-01-01,data/raw/ssiam/SSIBF_Bao-cao-tuan-ve-thay-doi-GTTSR-quy-mo-PLXXIV-TT98-20240101-429559a357e39c6b.pdf,ParseError: line 2.1 (nav_end) absent; layout is not Appendix XXIV [data/raw/ssiam/SSIBF_Bao-cao-tuan-ve-thay-doi-GTTSR-quy-mo-PLXXIV-TT98-20240101-429559a357e39c6b.pdf]
ssiam,ssibf,SSIBF,https://ssiam.com.vn/upload/files/QuanLyQuy/SSIBF_Bao-cao-ve-thay-doi-GTTSR-quy-mo-PLXXIV-TT98%2020250106.pdf,,SSIBF_Bao-cao-ve-thay-doi-GTTSR-quy-mo-PLXXIV-TT98 20250106.pdf,,2025-01-06,data/raw/ssiam/SSIBF_Bao-cao-ve-thay-doi-GTTSR-quy-mo-PLXXIV-TT98_2020250106-6e2e576d4689b683.pdf,"ParseError: no section-3 (change in NAV) line present; this is a point-in-time NAV report, not the Appendix XXIV change report [data/raw/ssiam/SSIBF_Bao-cao-ve-thay-doi-GTTSR-quy-mo-PLXXIV-TT98_2020250106-6e2e576d4689b683.pdf]"
ssiam,ssibf,SSIBF,https://ssiam.com.vn/upload/files/QuanLyQuy/BCThayDoiGTTSR_TT98%20tuan_SSIBF%2020251103.pdf,,BCThayDoiGTTSR_TT98 tuan_SSIBF 20251103.pdf,,2025-11-03,data/raw/ssiam/BCThayDoiGTTSR_TT98_20tuan_SSIBF_2020251103-2042df488432b45c.pdf,ParseError: line 2.1 (nav_end) absent; layout is not Appendix XXIV [data/raw/ssiam/BCThayDoiGTTSR_TT98_20tuan_SSIBF_2020251103-2042df488432b45c.pdf]
ssiam,ssibf,SSIBF,https://ssiam.com.vn/upload/files/QuanLyQuy/BCThayDoiGTTSR_TT98%20tuan_SSIBF%2020251110.pdf,,BCThayDoiGTTSR_TT98 tuan_SSIBF 20251110.pdf,,2025-11-10,data/raw/ssiam/BCThayDoiGTTSR_TT98_20tuan_SSIBF_2020251110-016f7605f1f099f9.pdf,ParseError: line 2.1 (nav_end) absent; layout is not Appendix XXIV [data/raw/ssiam/BCThayDoiGTTSR_TT98_20tuan_SSIBF_2020251110-016f7605f1f099f9.pdf]
ssiam,ssibf,SSIBF,https://ssiam.com.vn/upload/files/QuanLyQuy/BCThayDoiGTTSR_TT98%20tuan_SSIBF%2020251117.pdf,,BCThayDoiGTTSR_TT98 tuan_SSIBF 20251117.pdf,,2025-11-17,data/raw/ssiam/BCThayDoiGTTSR_TT98_20tuan_SSIBF_2020251117-e971db1c45ffaa27.pdf,ParseError: line 2.1 (nav_end) absent; layout is not Appendix XXIV [data/raw/ssiam/BCThayDoiGTTSR_TT98_20tuan_SSIBF_2020251117-e971db1c45ffaa27.pdf]
ssiam,ssibf,SSIBF,https://ssiam.com.vn/upload/files/QuanLyQuy/BCThayDoiGTTSR_TT98%20tuan_SSIBF%2020251124.pdf,,BCThayDoiGTTSR_TT98 tuan_SSIBF 20251124.pdf,,2025-11-24,data/raw/ssiam/BCThayDoiGTTSR_TT98_20tuan_SSIBF_2020251124-ff54a4da79af10eb.pdf,ParseError: line 2.1 (nav_end) absent; layout is not Appendix XXIV [data/raw/ssiam/BCThayDoiGTTSR_TT98_20tuan_SSIBF_2020251124-ff54a4da79af10eb.pdf]
ssiam,ssibf,SSIBF,https://ssiam.com.vn/upload/files/QuanLyQuy/BCThayDoiGTTSR_TT98%20tuan_SSIBF%2020251201.pdf,,BCThayDoiGTTSR_TT98 tuan_SSIBF 20251201.pdf,,2025-12-01,data/raw/ssiam/BCThayDoiGTTSR_TT98_20tuan_SSIBF_2020251201-766368ec198a6c95.pdf,ParseError: line 2.1 (nav_end) absent; layout is not Appendix XXIV [data/raw/ssiam/BCThayDoiGTTSR_TT98_20tuan_SSIBF_2020251201-766368ec198a6c95.pdf]
ssiam,ssibf,SSIBF,https://ssiam.com.vn/upload/files/QuanLyQuy/BCThayDoiGTTSR_TT98%20tuan_SSIBF%2020251208.pdf,,BCThayDoiGTTSR_TT98 tuan_SSIBF 20251208.pdf,,2025-12-08,data/raw/ssiam/BCThayDoiGTTSR_TT98_20tuan_SSIBF_2020251208-d26afe75ca736d71.pdf,ParseError: line 2.1 (nav_end) absent; layout is not Appendix XXIV [data/raw/ssiam/BCThayDoiGTTSR_TT98_20tuan_SSIBF_2020251208-d26afe75ca736d71.pdf]
ssiam,ssibf,SSIBF,https://ssiam.com.vn/upload/files/QuanLyQuy/BCThayDoiGTTSR_TT98%20tuan_SSIBF%2020251215.pdf,,BCThayDoiGTTSR_TT98 tuan_SSIBF 20251215.pdf,,2025-12-15,data/raw/ssiam/BCThayDoiGTTSR_TT98_20tuan_SSIBF_2020251215-2d6a569e94be34bc.pdf,ParseError: line 2.1 (nav_end) absent; layout is not Appendix XXIV [data/raw/ssiam/BCThayDoiGTTSR_TT98_20tuan_SSIBF_2020251215-2d6a569e94be34bc.pdf]
ssiam,ssibf,SSIBF,https://ssiam.com.vn/upload/files/QuanLyQuy/BCThayDoiGTTSR_TT98%20tuan_SSIBF%2020251229.pdf,,BCThayDoiGTTSR_TT98 tuan_SSIBF 20251229.pdf,,2025-12-29,data/raw/ssiam/BCThayDoiGTTSR_TT98_20tuan_SSIBF_2020251229-9d8bd6ce55e2b6df.pdf,ParseError: line 2.1 (nav_end) absent; layout is not Appendix XXIV [data/raw/ssiam/BCThayDoiGTTSR_TT98_20tuan_SSIBF_2020251229-9d8bd6ce55e2b6df.pdf]
ssiam,ssibf,SSIBF,https://ssiam.com.vn/upload/files/QuanLyQuy/BCThayDoiGTTSR_TT98%20tuan_SSIBF%2020260105.pdf,,BCThayDoiGTTSR_TT98 tuan_SSIBF 20260105.pdf,,2026-01-05,data/raw/ssiam/BCThayDoiGTTSR_TT98_20tuan_SSIBF_2020260105-620814cad5abb5cb.pdf,ParseError: line 2.1 (nav_end) absent; layout is not Appendix XXIV [data/raw/ssiam/BCThayDoiGTTSR_TT98_20tuan_SSIBF_2020260105-620814cad5abb5cb.pdf]
ssiam,ssibf,SSIBF,https://ssiam.com.vn/upload/files/QuanLyQuy/BCThayDoiGTTSR_TT98%20tuan_SSIBF%2020260112.pdf,,BCThayDoiGTTSR_TT98 tuan_SSIBF 20260112.pdf,,2026-01-12,data/raw/ssiam/BCThayDoiGTTSR_TT98_20tuan_SSIBF_2020260112-d2acb8d2071d86d1.pdf,ParseError: line 2.1 (nav_end) absent; layout is not Appendix XXIV [data/raw/ssiam/BCThayDoiGTTSR_TT98_20tuan_SSIBF_2020260112-d2acb8d2071d86d1.pdf]
ssiam,ssibf,SSIBF,https://ssiam.com.vn/upload/files/QuanLyQuy/BCThayDoiGTTSR_TT98%20tuan_SSIBF%2020260803.pdf,,BCThayDoiGTTSR_TT98 tuan_SSIBF 20260803.pdf,,2026-08-03,data/raw/ssiam/BCThayDoiGTTSR_TT98_20tuan_SSIBF_2020260803-ace6dc0e1a72a5ba.pdf,ParseError: line 2.1 (nav_end) absent; layout is not Appendix XXIV [data/raw/ssiam/BCThayDoiGTTSR_TT98_20tuan_SSIBF_2020260803-ace6dc0e1a72a5ba.pdf]
ssiam,ssibf,SSIBF,https://ssiam.com.vn/upload/files/QuanLyQuy/BCThayDoiGTTSR_TT98%20tuan_SSIBF%2020260810.pdf,,BCThayDoiGTTSR_TT98 tuan_SSIBF 20260810.pdf,,2026-08-10,data/raw/ssiam/BCThayDoiGTTSR_TT98_20tuan_SSIBF_2020260810-2cb212b25c6724a6.pdf,ParseError: line 2.1 (nav_end) absent; layout is not Appendix XXIV [data/raw/ssiam/BCThayDoiGTTSR_TT98_20tuan_SSIBF_2020260810-2cb212b25c6724a6.pdf]
ssiam,vlgf,VLGF,https://ssiam.com.vn/upload/files/QuanLyQuy/Bao-cao-ve-thay-doi-gia-tri-tai-san-rong-quy-mo-PLXXIV-TT98-2020-TT-BTC_VLGF_TUAN_211215(1).pdf,,Bao-cao-ve-thay-doi-gia-tri-tai-san-rong-quy-mo-PLXXIV-TT98-2020-TT-BTC_VLGF_TUAN_211215(1).pdf,,,data/raw/ssiam/Bao-cao-ve-thay-doi-gia-tri-tai-san-rong-quy-mo-PLXXIV-TT98-2020-TT-BTC_VLGF_TUA-108b41d3791bef57.pdf,ParseError: line 2.1 (nav_end) absent; layout is not Appendix XXIV [data/raw/ssiam/Bao-cao-ve-thay-doi-gia-tri-tai-san-rong-quy-mo-PLXXIV-TT98-2020-TT-BTC_VLGF_TUA-108b41d3791bef57.pdf]
ssiam,vlgf,VLGF,https://ssiam.com.vn/upload/files/QuanLyQuy/Bao-cao-ve-thay-doi-gia-tri-tai-san-rong-quy-mo-PLXXIV-TT98-2020-TT-BTC_VLGF_TUAN_211222(1).pdf,,Bao-cao-ve-thay-doi-gia-tri-tai-san-rong-quy-mo-PLXXIV-TT98-2020-TT-BTC_VLGF_TUAN_211222(1).pdf,,,data/raw/ssiam/Bao-cao-ve-thay-doi-gia-tri-tai-san-rong-quy-mo-PLXXIV-TT98-2020-TT-BTC_VLGF_TUA-98ff7cd819c508b3.pdf,ParseError: line 2.1 (nav_end) absent; layout is not Appendix XXIV [data/raw/ssiam/Bao-cao-ve-thay-doi-gia-tri-tai-san-rong-quy-mo-PLXXIV-TT98-2020-TT-BTC_VLGF_TUA-98ff7cd819c508b3.pdf]
ssiam,vlgf,VLGF,https://ssiam.com.vn/upload/files/QuanLyQuy/Bao-cao-ve-thay-doi-gia-tri-tai-san-rong-quy-mo-PLXXIV-TT98-2020-TT-BTC_VLGF_TUAN_211222.pdf,,Bao-cao-ve-thay-doi-gia-tri-tai-san-rong-quy-mo-PLXXIV-TT98-2020-TT-BTC_VLGF_TUAN_211222.pdf,,,data/raw/ssiam/Bao-cao-ve-thay-doi-gia-tri-tai-san-rong-quy-mo-PLXXIV-TT98-2020-TT-BTC_VLGF_TUA-98ff7cd819c508b3.pdf,ParseError: line 2.1 (nav_end) absent; layout is not Appendix XXIV [data/raw/ssiam/Bao-cao-ve-thay-doi-gia-tri-tai-san-rong-quy-mo-PLXXIV-TT98-2020-TT-BTC_VLGF_TUA-98ff7cd819c508b3.pdf]
ssiam,vlgf,VLGF,https://ssiam.com.vn/upload/files/QuanLyQuy/Bao-cao-ve-thay-doi-gia-tri-tai-san-rong-quy-mo-PLXXIV-TT98-2020-TT-BTC_VLGF_TUAN_211229(1).pdf,,Bao-cao-ve-thay-doi-gia-tri-tai-san-rong-quy-mo-PLXXIV-TT98-2020-TT-BTC_VLGF_TUAN_211229(1).pdf,,,data/raw/ssiam/Bao-cao-ve-thay-doi-gia-tri-tai-san-rong-quy-mo-PLXXIV-TT98-2020-TT-BTC_VLGF_TUA-1746302e545c1e68.pdf,ParseError: line 2.1 (nav_end) absent; layout is not Appendix XXIV [data/raw/ssiam/Bao-cao-ve-thay-doi-gia-tri-tai-san-rong-quy-mo-PLXXIV-TT98-2020-TT-BTC_VLGF_TUA-1746302e545c1e68.pdf]
ssiam,vlgf,VLGF,https://ssiam.com.vn/upload/files/QuanLyQuy/Bao-cao-ve-thay-doi-gia-tri-tai-san-rong-quy-mo-PLXXIV-TT98-2020-TT-BTC_VLGF_TUAN_231004.pdf,,Bao-cao-ve-thay-doi-gia-tri-tai-san-rong-quy-mo-PLXXIV-TT98-2020-TT-BTC_VLGF_TUAN_231004.pdf,,,data/raw/ssiam/Bao-cao-ve-thay-doi-gia-tri-tai-san-rong-quy-mo-PLXXIV-TT98-2020-TT-BTC_VLGF_TUA-397d87c137d327f5.pdf,ParseError: line 2.1 (nav_end) absent; layout is not Appendix XXIV [data/raw/ssiam/Bao-cao-ve-thay-doi-gia-tri-tai-san-rong-quy-mo-PLXXIV-TT98-2020-TT-BTC_VLGF_TUA-397d87c137d327f5.pdf]
ssiam,vlgf,VLGF,https://ssiam.com.vn/upload/files/QuanLyQuy/Bao-cao-ve-thay-doi-gia-tri-tai-san-rong-quy-mo-PLXXIV-TT98-2020-TT-BTC_VLGF_TUAN_231025.pdf,,Bao-cao-ve-thay-doi-gia-tri-tai-san-rong-quy-mo-PLXXIV-TT98-2020-TT-BTC_VLGF_TUAN_231025.pdf,,,data/raw/ssiam/Bao-cao-ve-thay-doi-gia-tri-tai-san-rong-quy-mo-PLXXIV-TT98-2020-TT-BTC_VLGF_TUA-493a55cf92fb276d.pdf,ParseError: line 2.1 (nav_end) absent; layout is not Appendix XXIV [data/raw/ssiam/Bao-cao-ve-thay-doi-gia-tri-tai-san-rong-quy-mo-PLXXIV-TT98-2020-TT-BTC_VLGF_TUA-493a55cf92fb276d.pdf]
ssiam,vlgf,VLGF,https://ssiam.com.vn/upload/files/QuanLyQuy/Bao-cao-ve-thay-doi-gia-tri-tai-san-rong-quy-mo-PLXXIV-TT98-2020-TT-BTC_VLGF_TUAN_231227.pdf,,Bao-cao-ve-thay-doi-gia-tri-tai-san-rong-quy-mo-PLXXIV-TT98-2020-TT-BTC_VLGF_TUAN_231227.pdf,,,data/raw/ssiam/Bao-cao-ve-thay-doi-gia-tri-tai-san-rong-quy-mo-PLXXIV-TT98-2020-TT-BTC_VLGF_TUA-7457c9fd5ff0d1d4.pdf,ParseError: line 2.1 (nav_end) absent; layout is not Appendix XXIV [data/raw/ssiam/Bao-cao-ve-thay-doi-gia-tri-tai-san-rong-quy-mo-PLXXIV-TT98-2020-TT-BTC_VLGF_TUA-7457c9fd5ff0d1d4.pdf]
ssiam,vlgf,VLGF,https://ssiam.com.vn/upload/files/QuanLyQuy/Bao-cao-ve-thay-doi-gia-tri-tai-san-rong-quy-mo-PLXXIV-TT98-2020-TT-BTC_VLGF_TUAN_240214.pdf,,Bao-cao-ve-thay-doi-gia-tri-tai-san-rong-quy-mo-PLXXIV-TT98-2020-TT-BTC_VLGF_TUAN_240214.pdf,,,data/raw/ssiam/Bao-cao-ve-thay-doi-gia-tri-tai-san-rong-quy-mo-PLXXIV-TT98-2020-TT-BTC_VLGF_TUA-2a79b45d21df7843.pdf,ParseError: line 2.1 (nav_end) absent; layout is not Appendix XXIV [data/raw/ssiam/Bao-cao-ve-thay-doi-gia-tri-tai-san-rong-quy-mo-PLXXIV-TT98-2020-TT-BTC_VLGF_TUA-2a79b45d21df7843.pdf]
ssiam,vlgf,VLGF,https://ssiam.com.vn/upload/files/QuanLyQuy/Bao-cao-ve-thay-doi-gia-tri-tai-san-rong-quy-mo-PLXXIV-TT98-2020-TT-BTC_VLGF_TUAN_240221.pdf,,Bao-cao-ve-thay-doi-gia-tri-tai-san-rong-quy-mo-PLXXIV-TT98-2020-TT-BTC_VLGF_TUAN_240221.pdf,,,data/raw/ssiam/Bao-cao-ve-thay-doi-gia-tri-tai-san-rong-quy-mo-PLXXIV-TT98-2020-TT-BTC_VLGF_TUA-ba18f92f78ae093f.pdf,ParseError: line 2.1 (nav_end) absent; layout is not Appendix XXIV [data/raw/ssiam/Bao-cao-ve-thay-doi-gia-tri-tai-san-rong-quy-mo-PLXXIV-TT98-2020-TT-BTC_VLGF_TUA-ba18f92f78ae093f.pdf]
ssiam,vlgf,VLGF,https://ssiam.com.vn/upload/files/QuanLyQuy/giaythaydoichitiet%20(Bi%CC%80nh)(1).pdf,,giaythaydoichitiet (Bình)(1).pdf,,,data/raw/ssiam/giaythaydoichitiet_20_Bi_CC_80nh__1_-fa006f53476d6205.pdf,ParseError: line 2.1 (nav_end) absent; layout is not Appendix XXIV [data/raw/ssiam/giaythaydoichitiet_20_Bi_CC_80nh__1_-fa006f53476d6205.pdf]
dcvfm,dcbc,DCBC,https://vfmcomvnaz.azureedge.net/dcvfmcomvn/uploads/vfm_files/report/2022/12/DCBC_BC_TUAN_20221208.xlsx,,DCBC_BC_TUAN_20221208.xlsx,,2022-12-08,,not fetched
dcvfm,dcip,DCIP,https://vfmcomvnaz.azureedge.net/dcvfmcomvn/uploads/vfm_files/report/2022/07/DCIP_BC_TUAN_20220714.xlsx,,DCIP_BC_TUAN_20220714.xlsx,,2022-07-14,,not fetched
dcvfm,dcip,DCIP,https://vfmcomvnaz.azureedge.net/dcvfmcomvn/uploads/vfm_files/report/2023/02/DCIP_BC_TUAN_20230209.xlsx,,DCIP_BC_TUAN_20230209.xlsx,,2023-02-09,,not fetched
