fund_code,month,period_start,period_end,n_periods,nav_begin,nav_end,nav_per_unit_begin,nav_per_unit_end,subscriptions,redemptions,net_flow,chg_investment,chg_distribution,period_days,gross_return,total_return,reconcile_residual_vnd,market_return,excess_return,excess_return_gross,deposit_rate_pct,deposit_rate_provenance,asset_class,fund_name,manager_id,gross_subscription_rate,gross_redemption_rate,net_flow_rate,churn_rate,gross_legs_disclosed,gross_legs_inferred_zero,flow_asymmetry
DCBF,2021-06,2021-06-11,2021-06-24,2,832051859752.0,816952718106.0,21412.45,21466.89,13554067681.0,-30734041250.0,-17179973569.0,2080831923.0,0.0,12,0.002542446100282758,0.002542446100282758,0.0,0.020699246896592527,-0.01815680079630977,-0.01815680079630977,,,bond,DC Bond Fund,dcvfm,0.0162899313572112,0.03693765104877061,-0.020647719691559412,0.05322758240598181,True,False,-0.387913911514399
DCBF,2021-07,2021-06-25,2021-07-29,4,816952718106.0,860632006408.0,21466.89,21604.43,49557999296.0,-25004039126.0,24553960170.0,3835769984.0,0.0,24,0.004602180428982416,0.004602180428982416,15289558148.0,-0.013741670301336661,0.018343850730319078,0.018343850730319078,,,bond,DC Bond Fund,dcvfm,0.060662016537375456,0.030606470327889546,0.03005554620948591,0.091268486865265,True,False,0.3293091322293463
DCBF,2021-08,2021-07-30,2021-08-26,4,860632006408.0,889013233193.0,21604.43,21717.6,60718305498.0,-36861256552.0,23857048946.0,4524177839.0,0.0,24,0.005238277519934442,0.005238277519934442,0.0,0.00581323438466308,-0.0005749568647286374,-0.0005749568647286374,,,bond,DC Bond Fund,dcvfm,0.07055083362681176,0.042830450503284184,0.027720383123527575,0.11338128413009595,True,False,0.24448817400692566
DCBF,2021-09,2021-08-27,2021-09-30,5,889013233193.0,954535534631.0,21717.6,21839.46,111714788737.0,-51397086262.0,60317702475.0,5204598963.0,0.0,30,0.0056111172505250995,0.0056111172505250995,0.0,0.03146519921298574,-0.02585408196246064,-0.02585408196246064,,,bond,DC Bond Fund,dcvfm,0.1256615588676477,0.05781363464906036,0.06784792421858736,0.18347519351670807,True,False,0.3697934468313223
DCBF,2021-10,2021-10-01,2021-10-28,4,954535534631.0,956625611039.0,21839.46,21955.38,59838568800.0,-62722418905.0,-2883850105.0,4973926513.0,0.0,24,0.005307823545087409,0.005307823545087409,0.0,0.07149456805209886,-0.06618674450701145,-0.06618674450701145,,,bond,DC Bond Fund,dcvfm,0.06268867593612648,0.06570988363387326,-0.003021207697746764,0.12839855956999974,True,False,-0.02352991893261603
DCBF,2021-11,2021-10-29,2021-11-25,4,956625611039.0,889525582559.0,21955.38,22070.14,7458992184.0,-79306604869.0,-71847612685.0,4747584205.0,0.0,24,0.00522696487148,0.00522696487148,0.0,0.043671462646295955,-0.038444497774815956,-0.038444497774815956,,,bond,DC Bond Fund,dcvfm,0.007797190560159391,0.08290244788958175,-0.07510525732942236,0.09069963844974115,True,False,-0.8280656749369514
DCBF,2021-12,2021-11-25,2021-12-30,5,889525582559.0,843040291793.0,22070.14,22269.94,16851898378.0,-71144621101.0,-54292722723.0,7807431957.0,0.0,31,0.009052955713012789,0.009052955713012789,0.0,-0.009887993816672158,0.018940949529684947,0.018940949529684947,,,bond,DC Bond Fund,dcvfm,0.018944815875357082,0.07998041034000408,-0.061035594464647,0.09892522621536116,True,False,-0.6169871609064803
DCBF,2022-01,2021-12-31,2022-01-27,4,843040291793.0,916285985746.0,22269.94,22361.58,120356405447.0,-50738706124.0,69617699323.0,3627994630.0,0.0,24,0.004114963937936089,0.004114963937936089,0.0,-0.010235738271970551,0.01435070220990664,0.01435070220990664,,,bond,DC Bond Fund,dcvfm,0.14276471316812495,0.06018538688831539,0.08257932627980956,0.20295010005644032,True,False,0.4068947305610802
DCBF,2022-02,2022-01-28,2022-02-24,4,916285985746.0,907237090160.0,22361.58,22481.33,14773729934.0,-28697695257.0,-13923965323.0,4875069737.0,0.0,24,0.0053551672109037884,0.0053551672109037884,0.0,0.016379286899290246,-0.011024119688386458,-0.011024119688386458,,,bond,DC Bond Fund,dcvfm,0.016123492188928192,0.031319583299787776,-0.015196091110859582,0.047443075488715965,True,False,-0.3203015604347546
DCBF,2022-03,2022-02-25,2022-03-31,5,907237090160.0,849594844142.0,22481.33,22646.6,27954270525.0,-91989690952.0,-64035420427.0,6393174409.0,0.0,30,0.007351433389394257,0.007351433389394257,0.0,-0.0018062012910992076,0.009157634680493465,0.009157634680493465,,,bond,DC Bond Fund,dcvfm,0.03081253051511595,0.1013954256828022,-0.07058289516768625,0.13220795619791814,True,False,-0.5338778179281597
DCBF,2022-04,2022-04-01,2022-04-28,4,849594844142.0,840103559641.0,22646.6,22812.21,16292583715.0,-31900104711.0,-15607520996.0,6116236495.0,0.0,24,0.007312797506027202,0.007312797506027202,0.0,-0.09460174915390551,0.10191454665993271,0.10191454665993271,,,bond,DC Bond Fund,dcvfm,0.01917688628566687,0.03754743208595586,-0.018370545800288993,0.05672431837162273,True,False,-0.32385661613307565
DCBF,2022-05,2022-04-29,2022-05-26,4,840103559641.0,822107778113.0,22812.21,22944.82,15206641961.0,-38015192649.0,-22808550688.0,4812769160.0,0.0,25,0.00581311499411985,0.00581311499411985,0.0,-0.06100711330209707,0.06682022829621692,0.06682022829621692,,,bond,DC Bond Fund,dcvfm,0.01810091361533836,0.04525060299142759,-0.027149689376089227,0.06335151660676595,True,False,-0.4285562655841713
DCBF,2022-06,2022-05-27,2022-06-30,5,822107778113.0,814536621585.0,22944.82,23101.37,14638354827.0,-27769139645.0,-13130784818.0,5559628290.0,0.0,30,0.006822890743967136,0.006822890743967136,0.0,-0.055944882820814,0.06276777356478114,0.06276777356478114,,,bond,DC Bond Fund,dcvfm,0.017805882898468253,0.03377797946242407,-0.015972096563955818,0.051583862360892324,True,False,-0.3096335914556268
DCBF,2022-07,2022-07-01,2022-07-28,4,814536621585.0,816301008134.0,23101.37,23258.9,6739028086.0,-10502251029.0,-3763222943.0,5527609492.0,0.0,24,0.006819076098084409,0.006819076098084409,0.0,0.008784235136940488,-0.001965159038856079,-0.001965159038856079,5.5,"Press report, article dated 02/08/2022 reporting the increase: ""for a 12-month term, the interest rate increases from 5.5%/year to 5.6%/year"". 5.5% is the pre-increase level, so it is the July level; the month is inferred from the increase date, the level is stated (https://en.baoquocte.vn/the-trend-of-race-to-increase-interest-rates-continues-to-be-hot-192920.html)",bond,DC Bond Fund,dcvfm,0.008273450091030385,0.012893528357956156,-0.004620078266925772,0.021166978448986542,True,False,-0.21826819912253362
DCBF,2022-08,2022-07-29,2022-08-25,4,816301008134.0,821719663560.0,23258.9,23409.49,15129339649.0,-15005448741.0,123890908.0,5294764518.0,0.0,24,0.006474510832412683,0.006474510832412683,0.0,0.06684766413932453,-0.06037315330691184,-0.06037315330691184,5.6,"Press report, article dated 02/08/2022: ""for a 12-month term, the interest rate increases from 5.5%/year to 5.6%/year"". Sits just above the SBV's 5.5-6.6% band for 12-to-24-month terms that month (https://en.baoquocte.vn/the-trend-of-race-to-increase-interest-rates-continues-to-be-hot-192920.html)",bond,DC Bond Fund,dcvfm,0.018534020536841528,0.018382249429412415,0.00015177110742911477,0.036916269966253946,True,False,0.004111225418165281
DCBF,2022-09,2022-08-26,2022-09-29,5,821719663560.0,820464114199.0,23409.49,23584.48,9232299966.0,-16598201318.0,-7365901352.0,6110351991.0,0.0,30,0.007475173530051116,0.007475173530051116,0.0,-0.12631897461361807,0.1337941481436692,0.1337941481436692,5.6,"Agribank published board rate, 12 months VND retail term deposit, read from Wayback Machine snapshot 20220926055710 of https://www.agribank.com.vn/vn/lai-suat",bond,DC Bond Fund,dcvfm,0.011235340196195608,0.020199347848255597,-0.008964007652059989,0.03143468804445121,True,False,-0.28516292699912127
DCBF,2022-10,2022-09-30,2022-10-27,4,820464114199.0,638456930131.0,23584.48,23687.0,9106207142.0,-194159615918.0,-185053408776.0,3046224708.0,0.0,24,0.004346926453328459,0.004346926453328459,0.0,-0.08708162014794818,0.09142854660127664,0.09142854660127664,6.4,"Agribank published board rate, 12 months VND retail term deposit, read from Wayback Machine snapshot 20221020012153 of https://www.agribank.com.vn/vn/lai-suat",bond,DC Bond Fund,dcvfm,0.011098848791077448,0.2366460794053784,-0.22554723061430096,0.24774492819645583,True,False,-0.910401000965991
DCBF,2022-11,2022-10-28,2022-11-24,4,638456930131.0,594614481971.0,23687.0,23498.3,7512040126.0,-46667905837.0,-39155865711.0,-4686582449.0,0.0,24,-0.00796639506902519,-0.00796639506902519,0.0,-0.07811208062178365,0.07014568555275846,0.07014568555275846,7.4,"Agribank published board rate, 12 months VND retail term deposit, read from Wayback Machine snapshot 20221128042309 of https://www.agribank.com.vn/vn/lai-suat",bond,DC Bond Fund,dcvfm,0.011765930905407609,0.07309483793593496,-0.06132890703052736,0.08486076884134258,True,False,-0.7227003463189113
DCBF,2022-12,2022-11-25,2022-12-29,5,594614481971.0,437788990122.0,23498.3,23256.88,5327547467.0,-156452339005.0,-151124791538.0,-5700700311.0,0.0,30,-0.010273934710170463,-0.010273934710170463,0.0,0.06497768304650164,-0.0752516177566721,-0.0752516177566721,7.4,"Agribank published board rate, 12 months VND retail term deposit, read from Wayback Machine snapshot 20221225030309 of https://www.agribank.com.vn/vn/lai-suat",bond,DC Bond Fund,dcvfm,0.00895966652097086,0.26311558791235484,-0.254155921391384,0.27207525443332575,True,False,-0.934138321108019
DCBF,2023-01,2022-12-30,2023-01-26,2,437788990122.0,431866364606.0,23256.88,23318.3,2538974846.0,-7124096411.0,-4585121565.0,468602231.0,0.0,19,0.0010798199323991398,0.0010798199323991398,-1806106182.0,0.09337595709317514,-0.092296137160776,-0.092296137160776,7.4,"bridged between observations at 2022-12 and 2023-02, which agree at 7.4%",bond,DC Bond Fund,dcvfm,0.005799540196962139,0.0162728998941127,-0.010473359697150561,0.02207244009107484,True,False,-0.47449940531883217
DCBF,2023-02,2023-01-27,2023-02-23,4,431866364606.0,410939282398.0,23318.3,23453.4,1523103689.0,-24864462133.0,-23341358444.0,2414276236.0,0.0,24,0.005793732819288078,0.005793732819288078,0.0,-0.04911197747455043,0.054905710293838506,0.054905710293838506,7.4,"Agribank published board rate, 12 months VND retail term deposit, read from Wayback Machine snapshot 20230227065357 of https://www.agribank.com.vn/vn/lai-suat",bond,DC Bond Fund,dcvfm,0.003526793966438106,0.05757443545223608,-0.05404764148579798,0.061101229418674186,True,False,-0.8845589851466975
DCBF,2023-03,2023-02-24,2023-03-30,5,410939282398.0,390737695583.0,23453.4,23666.17,1511642338.0,-25273255793.0,-23761613455.0,3560026640.0,0.0,30,0.009072032200021951,0.009072032200021951,0.0,0.005485640529202751,0.0035863916708192,0.0035863916708192,7.2,"Agribank published board rate, 12 months VND retail term deposit, read from Wayback Machine snapshot 20230327002150 of https://www.agribank.com.vn/vn/lai-suat",bond,DC Bond Fund,dcvfm,0.0036785053236549794,0.06150119220902937,-0.0578226868853744,0.06517969753268435,True,False,-0.8871272662224187
DCBF,2023-04,2023-03-31,2023-04-27,4,390737695583.0,387047998507.0,23666.17,23804.53,1248913512.0,-7196742448.0,-5947828936.0,2258131860.0,0.0,24,0.005846319873473282,0.005846319873473282,0.0,-0.018698557728611065,0.024544877602084347,0.024544877602084347,7.2,"Agribank published board rate, 12 months VND retail term deposit, read from Wayback Machine snapshot 20230422161036 of https://www.agribank.com.vn/vn/lai-suat",bond,DC Bond Fund,dcvfm,0.0031962964569787903,0.018418346961027406,-0.015222050504048616,0.0216146434180062,True,False,-0.704247125879847
DCBF,2023-05,2023-04-28,2023-05-25,4,387047998507.0,388493863889.0,23804.53,23982.38,1032954715.0,-2469194724.0,-1436240009.0,2882105391.0,0.0,24,0.0074712670235455025,0.0074712670235455025,0.0,0.024047016727104964,-0.01657574970355946,-0.01657574970355946,6.8,"Shinhan Securities Vietnam, Vietnam Economic Update (25 Mar 2024), indicator table row ""Avg. Deposit rate 12M term of SCBs"", column 05/23 = 6.8% (https://shinhansec.com.vn/uploads/report/Vietnam_economic_update_2402_E.pdf)",bond,DC Bond Fund,dcvfm,0.0026688026265076228,0.006379556885773027,-0.003710754259265404,0.009048359512280649,True,False,-0.4101024339527049
DCBF,2023-06,2023-05-26,2023-06-29,5,388493863889.0,390283530039.0,23982.38,24198.08,1939408505.0,-3628512948.0,-1689104443.0,3478770593.0,0.0,30,0.00899410317074456,0.00899410317074456,0.0,0.057071470839634486,-0.048077367668889925,-0.048077367668889925,6.8,"Agribank published board rate, 12 months VND retail term deposit, read from Wayback Machine snapshot 20230606055027 of https://www.agribank.com.vn/vn/lai-suat",bond,DC Bond Fund,dcvfm,0.004992121331301453,0.00933994918652495,-0.0043478278552234965,0.014332070517826402,True,False,-0.3033635544714643
DCBF,2023-07,2023-06-30,2023-07-27,4,390283530039.0,391215469346.0,24198.08,24382.76,1565194073.0,-3603875434.0,-2038681361.0,2970620668.0,0.0,24,0.007632010473558326,0.007632010473558326,0.0,0.06392450617119372,-0.05629249569763539,-0.05629249569763539,6.4,"VNDIRECT Research, average 12-month term deposit rate across commercial banks: ""the average 12-month deposit interest rate of commercial banks fell to 6.40% p.a at the end of July 2023"" (https://www.vndirect.com.vn/cmsupload/beta/Vietnam-Money-market-chartbook_August_20230809.pdf)",bond,DC Bond Fund,dcvfm,0.004010402572825951,0.009233993127098841,-0.00522359055427289,0.013244395699924793,True,False,-0.39440006721503734
DCBF,2023-08,2023-07-28,2023-08-24,4,391215469346.0,393716627277.0,24382.76,24536.65,3746296610.0,-3704445909.0,41850701.0,2459307230.0,0.0,24,0.006311426598137659,0.006311426598137659,0.0,-0.006631421579681551,0.01294284817781921,0.01294284817781921,5.9,"VNDIRECT Research, average 12-month term deposit rate across commercial banks: ""decreased to 5.4%/year on October 10, down 0.5% points compared to the end of August (corroborated by the 25 Sep report's 0.3pp decline from end-August)"" (https://www.vndirect.com.vn/cmsupload/beta/Econ_Update_20231017.pdf)",bond,DC Bond Fund,dcvfm,0.009576044158639056,0.009469068069298923,0.00010697608934013361,0.019045112227937977,True,False,0.005616983930564948
DCBF,2023-09,2023-08-25,2023-09-28,5,393716627277.0,400369435488.0,24536.65,24751.71,,,3186913036.0,3465895175.0,0.0,30,0.00876484768703123,0.00876484768703123,0.0,-0.031074752604276057,0.03983960029130729,0.03983960029130729,5.6,"VNDIRECT Research, average 12-month term deposit rate across commercial banks: ""decreased to 5.6%/year on 25 Sep 2023, down 0.3% points compared to the end of Aug 2023"" (https://www.vndirect.com.vn/Market-Strategy_October_20231005.pdf)",bond,DC Bond Fund,dcvfm,,,0.008094433445803755,,False,False,
DCBF,2023-10,2023-09-29,2023-10-26,4,400369435488.0,402342351381.0,24751.71,24903.15,3307218595.0,-3781443049.0,-474224454.0,2447140347.0,0.0,24,0.0061183651553771146,0.0061183651553771146,0.0,-0.08415261664482898,0.0902709818002061,0.0902709818002061,5.3,"VNDIRECT Research, average 12-month term deposit rate across commercial banks: ""As of October 26, 2023, the average 12-month deposit interest rate of commercial banks has decreased to 5.3%/year"" (https://www.vndirect.com.vn/Market-Strategy_November_20231106.pdf)",bond,DC Bond Fund,dcvfm,0.008260417259296821,0.009444884433775261,-0.0011844671744784415,0.017705301693072082,True,False,-0.06689901109913944
DCBF,2023-11,2023-10-27,2023-11-30,5,402342351381.0,415129565645.0,24903.15,25118.29,14369214043.0,-5109059557.0,9260154486.0,3527059778.0,0.0,30,0.008639067748457574,0.008639067748457574,0.0,0.03664787531384728,-0.028008807565389704,-0.028008807565389704,5.18,"Shinhan Securities Vietnam, Vietnam Economic Update (25 Mar 2024), indicator table row ""Avg. Deposit rate 12M term of SCBs"", column 11/23 = 5.18% (https://shinhansec.com.vn/uploads/report/Vietnam_economic_update_2402_E.pdf)",bond,DC Bond Fund,dcvfm,0.03571389885673011,0.012698289254073458,0.02301560960265665,0.04841218811080357,True,False,0.4754094062011738
DCBF,2023-12,2023-12-01,2023-12-28,4,415129565645.0,431704387168.0,25118.29,25356.26,35617970532.0,-23018426983.0,12599543549.0,3975277974.0,0.0,24,0.009473972949591403,0.009473972949591403,0.0,0.03180609251185862,-0.022332119562267216,-0.022332119562267216,5.3,"Agribank published board rate, 12 months VND retail term deposit, read from Wayback Machine snapshot 20231204024251 of https://www.agribank.com.vn/vn/lai-suat",bond,DC Bond Fund,dcvfm,0.08579964781997454,0.05544877765387666,0.030350870166097877,0.1412484254738512,True,False,0.21487581234465952
DCBF,2024-01,2023-12-29,2024-01-25,4,431704387168.0,527388801026.0,25356.26,25503.69,94979030283.0,-2111125523.0,92867904760.0,2816509098.0,0.0,24,0.005814343282487089,0.005814343282487089,0.0,0.03670732463483106,-0.030892981352343973,-0.030892981352343973,5.14,"VNDIRECT Research, average 12-month term deposit rate across commercial banks: ""As of January 31, 2024, the average 12-month term deposit interest rate of commercial banks has decreased to 5.14%/year"" (https://www.vndirect.com.vn/cmsupload/beta/Market-Strategy_Feb_20240206.pdf)",bond,DC Bond Fund,dcvfm,0.22000941641123145,0.004890210953956427,0.21511920545727503,0.2248996273651879,True,False,0.9565120581901562
DCBF,2024-02,2024-01-26,2024-02-29,5,527388801026.0,765980853687.0,25503.69,25655.25,,,234664601599.0,3927451062.0,0.0,30,0.005942669472534856,0.005942669472534856,0.0,0.07037090834522419,-0.06442823887268934,-0.06442823887268934,4.78,"Shinhan Securities Vietnam, Vietnam Economic Update (25 Mar 2024), indicator table row ""Avg. Deposit rate 12M term of SCBs"", column 02/24 = 4.78% (https://shinhansec.com.vn/uploads/report/Vietnam_economic_update_2402_E.pdf)",bond,DC Bond Fund,dcvfm,,,0.44495560228521264,,False,False,
DCBF,2024-03,2024-03-01,2024-03-28,4,765980853687.0,1115036564724.0,25655.25,25778.64,368345060812.0,-24339578216.0,344005482596.0,5050228441.0,0.0,24,0.0048095419066274125,0.0048095419066274125,0.0,0.029894709953461662,-0.02508516804683425,-0.02508516804683425,4.7,"Shinhan Securities Vietnam, Vietnam Economic Update (25 Mar 2024): ""Deposit interest rates 12M term at State-owned commercial banks (SCBs) continue to decrease, reaching 4.7% on March 22, 2024"" (https://shinhansec.com.vn/uploads/report/Vietnam_economic_update_2402_E.pdf)",bond,DC Bond Fund,dcvfm,0.48088024529463697,0.03177570052677295,0.44910454476786404,0.5126559458214099,True,False,0.8760349868726874
DCBF,2024-04,2024-03-29,2024-04-25,4,1115036564724.0,1047064571451.0,25778.64,25926.98,137883656175.0,-212126279373.0,-74242623198.0,6270629925.0,0.0,24,0.005754376491544866,0.005754376491544866,0.0,-0.06604504797780164,0.0717994244693465,0.0717994244693465,4.61,"VNDIRECT Research, average 12-month term deposit rate across commercial banks: ""As of April 27, 2024, the average 12-month term deposit interest rate of commercial banks plateaued at around 4.61%"" (https://www.vndirect.com.vn/cmsupload/beta/Econ_Update_20240520.pdf)",bond,DC Bond Fund,dcvfm,0.12365841671670177,0.1902415455097714,-0.06658312879306962,0.31389996222647315,True,False,-0.21211575917626613
DCBF,2024-05,2024-04-26,2024-05-30,5,1047064571451.0,1200231301710.0,25926.98,26103.44,212098561109.0,-66678953537.0,145419607572.0,7747122687.0,0.0,30,0.00680603757167253,0.00680603757167253,0.0,0.050914130642256916,-0.04410809307058439,-0.04410809307058439,4.7,"Agribank published board rate, 12 months VND retail term deposit, read from Wayback Machine snapshot 20240526204434 of https://www.agribank.com.vn/vn/lai-suat",bond,DC Bond Fund,dcvfm,0.20256492951058241,0.06368179704962963,0.1388831324609528,0.26624672656021203,True,False,0.5216332018622741
DCBF,2024-06,2024-05-31,2024-06-27,4,1200231301710.0,1333449334114.0,26103.44,26282.14,155006327191.0,-30581461497.0,124424865694.0,8793166710.0,0.0,24,0.006845841007928621,0.006845841007928621,0.0,-0.0057094573251628145,0.012555298333091436,0.012555298333091436,4.7,"Agribank published board rate, 12 months VND retail term deposit, read from Wayback Machine snapshot 20240626111100 of https://www.agribank.com.vn/vn/lai-suat",bond,DC Bond Fund,dcvfm,0.12914704604867291,0.025479640010579473,0.10366740603809343,0.1546266860592524,True,False,0.6704367058501691
DCBF,2024-07,2024-06-28,2024-07-25,4,1333449334114.0,1401949083018.0,26282.14,26358.48,84563766335.0,-20094504104.0,64469262231.0,4030486673.0,0.0,24,0.002904634097527836,0.002904634097527836,0.0,-0.020570411964196178,0.023475046061724014,0.023475046061724014,4.7,"bridged between observations at 2024-06 and 2024-09, which agree at 4.7%",bond,DC Bond Fund,dcvfm,0.06341730740837463,0.015069567016846303,0.04834774039152834,0.07848687442522094,True,False,0.6159977798274038
DCBF,2024-08,2024-07-26,2024-08-29,5,1401949083018.0,1450874207703.0,26358.48,26498.97,168529752590.0,-127224989772.0,41304762818.0,7620361867.0,0.0,30,0.005329973503783059,0.005329973503783059,0.0,0.03915049586843877,-0.033820522364655714,-0.033820522364655714,4.7,"bridged between observations at 2024-06 and 2024-09, which agree at 4.7%",bond,DC Bond Fund,dcvfm,0.12021103664278812,0.09074865222502985,0.029462384417758256,0.210959688867818,True,False,0.1396588351825767
DCBF,2024-09,2024-08-30,2024-09-26,4,1450874207703.0,1469548046863.0,26498.97,26635.49,163324244127.0,-152121023196.0,11203220931.0,7470618229.0,0.0,24,0.005151898356804185,0.005151898356804185,0.0,0.007819145200433697,-0.0026672468436295116,-0.0026672468436295116,4.7,"Agribank published board rate, 12 months VND retail term deposit, read from Wayback Machine snapshot 20240906234432 of https://www.agribank.com.vn/vn/lai-suat",bond,DC Bond Fund,dcvfm,0.11256954135642967,0.10484783752330637,0.00772170383312331,0.21741737887973606,True,False,0.035515577792861505
DCBF,2024-10,2024-09-27,2024-10-31,5,1469548046863.0,1586926568438.0,26635.49,26804.11,241181218798.0,-133488771584.0,107692447214.0,9686074361.0,0.0,30,0.006330651322727698,0.006330651322727698,0.0,-0.020913828213923513,0.02724447953665121,0.02724447953665121,4.7,"Agribank published board rate, 12 months VND retail term deposit, read from Wayback Machine snapshot 20241008043404 of https://www.agribank.com.vn/vn/lai-suat",bond,DC Bond Fund,dcvfm,0.1641193149913283,0.09083661597111742,0.0732826990202109,0.25495593096244573,True,False,0.2874328074799924
DCBF,2024-11,2024-11-01,2024-11-28,4,1586926568438.0,1601611957703.0,26804.11,26961.23,111545897502.0,-106240560639.0,5305336863.0,9380052402.0,0.0,24,0.0058617876139142044,0.0058617876139142044,0.0,-0.017691066683538148,0.023552854297452352,0.023552854297452352,4.7,"Agribank published board rate, 12 months VND retail term deposit, read from Wayback Machine snapshot 20241128101714 of https://www.agribank.com.vn/vn/lai-suat",bond,DC Bond Fund,dcvfm,0.0702905223975132,0.06694737031441335,0.0033431520830998524,0.13723789271192655,True,False,0.024360269726069018
DCBF,2024-12,2024-11-29,2024-12-26,4,1601611957703.0,1641476991031.0,26961.23,27118.72,158306110195.0,-127879664073.0,30426446122.0,9438587206.0,0.0,24,0.005841350709889781,0.005841350709889781,0.0,0.02476431233948695,-0.018922961629597168,-0.018922961629597168,4.7,"Agribank published board rate, 12 months VND retail term deposit, read from Wayback Machine snapshot 20241217044809 of https://www.agribank.com.vn/vn/lai-suat",bond,DC Bond Fund,dcvfm,0.09884173843334654,0.07984434897476819,0.018997389458578345,0.17868608740811473,True,False,0.10631711586581873
DCBF,2025-01,2024-12-27,2025-01-23,4,1641476991031.0,1676864367163.0,27118.72,27212.53,123839578436.0,-94232897985.0,29606680451.0,5780695681.0,0.0,24,0.003459234064144834,0.003459234064144834,0.0,-0.01040169066754637,0.013860924731691204,0.013860924731691204,4.7,"bridged between observations at 2024-12 and 2025-02, which agree at 4.7%",bond,DC Bond Fund,dcvfm,0.0754439928872943,0.05740738280212687,0.018036610085167416,0.13285137568942118,True,False,0.13576532415692294
DCBF,2025-02,2025-01-24,2025-02-27,5,1676864367163.0,1659581190755.0,27212.53,27397.54,101076649516.0,-129499435510.0,-28422785994.0,11139609586.0,0.0,30,0.006798706331237803,0.006798706331237803,0.0,0.03824138834419588,-0.03144268201295808,-0.03144268201295808,4.7,"Agribank published board rate, 12 months VND retail term deposit, read from Wayback Machine snapshot 20250207105719 of https://www.agribank.com.vn/vn/lai-suat",bond,DC Bond Fund,dcvfm,0.06027717655364479,0.07722713777327941,-0.016949961219634622,0.1375043143269242,True,False,-0.12326857744503303
DCBF,2025-03,2025-02-28,2025-03-27,4,1659581190755.0,1608446587477.0,27397.54,27512.23,123345966142.0,-181255505503.0,-57909539361.0,6774936083.0,0.0,24,0.004186142259487546,0.004186142259487546,0.0,0.012241933017281159,-0.008055790757793613,-0.008055790757793613,4.7,"Agribank published board rate, 12 months VND retail term deposit, read from Wayback Machine snapshot 20250323005822 of https://www.agribank.com.vn/vn/lai-suat",bond,DC Bond Fund,dcvfm,0.07432355032047919,0.10921761858516889,-0.03489406826468971,0.18354116890564806,True,False,-0.19011575698652924
DCBF,2025-04,2025-03-28,2025-04-24,4,1608446587477.0,1542233085742.0,27512.23,27703.59,171267327857.0,-248257357728.0,-76990029871.0,10776528136.0,0.0,24,0.00695545217526905,0.00695545217526905,0.0,-0.07588702306222195,0.082842475237491,0.082842475237491,4.7,"Agribank published board rate, 12 months VND retail term deposit, read from Wayback Machine snapshot 20250404031732 of https://www.agribank.com.vn/vn/lai-suat",bond,DC Bond Fund,dcvfm,0.10647995972663844,0.15434603776144973,-0.047866078034811285,0.26082599748808816,True,False,-0.18351728161989417
DCBF,2025-05,2025-04-25,2025-05-29,5,1542233085742.0,1556970767583.0,27703.59,27848.68,199543506408.0,-192681419279.0,6862087129.0,7875594712.0,0.0,30,0.005237227377390408,0.005237227377390408,0.0,0.09687333960027789,-0.09163611222288748,-0.09163611222288748,4.7,"Agribank published board rate, 12 months VND retail term deposit, read from Wayback Machine snapshot 20250531072021 of https://www.agribank.com.vn/vn/lai-suat",bond,DC Bond Fund,dcvfm,0.12938608842773952,0.12493663964309067,0.004449448784648858,0.2543227280708302,True,False,0.017495285688385914
DCBF,2025-06,2025-05-30,2025-06-26,4,1556970767583.0,1613315647189.0,27848.68,27983.85,127921108471.0,-79212462316.0,48708646155.0,7636233451.0,0.0,24,0.004853730948827906,0.004853730948827906,0.0,0.017744026947670077,-0.012890295998842172,-0.012890295998842172,4.7,"Agribank published board rate, 12 months VND retail term deposit, read from Wayback Machine snapshot 20250613002901 of https://www.agribank.com.vn/vn/lai-suat",bond,DC Bond Fund,dcvfm,0.08216025061895113,0.05087601126832157,0.03128423935062956,0.13303626188727272,True,False,0.23515573052659905
DCBF,2025-07,2025-06-27,2025-07-31,5,1613315647189.0,1756723520438.0,27983.85,28190.83,299580603063.0,-168679773333.0,130900829730.0,12507043519.0,0.0,30,0.007396409000191229,0.007396409000191229,0.0,0.1002072242928378,-0.09281081529264656,-0.09281081529264656,4.7,"Agribank published board rate, 12 months VND retail term deposit, read from Wayback Machine snapshot 20250722154555 of https://www.agribank.com.vn/vn/lai-suat",bond,DC Bond Fund,dcvfm,0.18569249209538233,0.10455472469191217,0.08113776740347016,0.2902472167872945,True,False,0.2795470988544616
DCBF,2025-08,2025-08-01,2025-08-28,4,1756723520438.0,1885134748077.0,28190.83,28324.02,174769479172.0,-55009235577.0,119760243595.0,8650984044.0,0.0,24,0.004724585973523876,0.004724585973523876,0.0,0.11869392753507446,-0.11396934156155059,-0.11396934156155059,4.7,"bridged between observations at 2025-07 and 2025-10, which agree at 4.7%",bond,DC Bond Fund,dcvfm,0.09948604725712622,0.03131354190742813,0.06817250534969808,0.13079958916455436,True,False,0.5211981611343798
DCBF,2025-09,2025-08-29,2025-09-25,4,1885134748077.0,1949109654352.0,28324.02,28452.84,240490919652.0,-185050353270.0,55440566382.0,8534339893.0,0.0,24,0.004548083217000842,0.004548083217000842,0.0,-0.008787168473281315,0.013335251690282157,0.013335251690282157,4.7,"bridged between observations at 2025-07 and 2025-10, which agree at 4.7%",bond,DC Bond Fund,dcvfm,0.12757227030975982,0.09816293156697012,0.02940933874278969,0.22573520187672994,True,False,0.13028246590821763
DCBF,2025-10,2025-09-26,2025-10-30,5,1949109654352.0,1953756110311.0,28452.84,28643.19,189221449234.0,-197635635711.0,-8414186477.0,13060642436.0,0.0,30,0.0066900175869961664,0.0066900175869961664,0.0,0.002088722698053491,0.004601294888942675,0.004601294888942675,4.7,"Press report, ""Bank interest rates started to rise from the end of October. The average for a 12-month term was 5.34% at private banks and 4.7% at state-owned banks"" (https://vcdn.vietnam.vn/en/lai-suat-ngan-hang-dong-loat-tang-gui-100-trieu-dong-nhan-duoc-bao-nhieu-tien-lai)",bond,DC Bond Fund,dcvfm,0.0970809665897984,0.10139790507410207,-0.004316938484303684,0.19847887166390046,True,False,-0.0217501160104028
DCBF,2025-11,2025-10-31,2025-11-27,4,1953756110311.0,1921392377140.0,28643.19,28800.67,91852495788.0,-134822345428.0,-42969849640.0,10606116469.0,0.0,24,0.005497990970978028,0.005497990970978028,0.0,0.008834610109189844,-0.003336619138211816,-0.003336619138211816,,"no observation: bracketing observations 2025-10 at 4.7% and 2026-03 at 5.9% disagree, so the rate moved somewhere in this gap; left missing rather than picking a side",bond,DC Bond Fund,dcvfm,0.04701328651168178,0.06900674281527334,-0.021993456303591567,0.11602002932695513,True,False,-0.18956602951385212
DCBF,2025-12,2025-11-28,2025-12-25,4,1921392377140.0,1791800573662.0,28800.67,28939.65,61907735415.0,-200532423300.0,-138624687885.0,9032884407.0,0.0,24,0.004825582182636845,0.004825582182636845,0.0,0.03474992875463068,-0.029924346571993832,-0.029924346571993832,,"no observation: bracketing observations 2025-10 at 4.7% and 2026-03 at 5.9% disagree, so the rate moved somewhere in this gap; left missing rather than picking a side",bond,DC Bond Fund,dcvfm,0.03222024618789729,0.10436828296284452,-0.07214803677494723,0.13658852915074182,True,False,-0.5282144644468879
DCBF,2026-01,2025-12-26,2026-01-29,5,1791800573662.0,1696454698027.0,28939.65,29115.26,153217518451.0,-259248356488.0,-106030838037.0,10684962402.0,0.0,30,0.006068145260913482,0.006068145260913482,0.0,0.04138623518948825,-0.03531808992857477,-0.03531808992857477,,"no observation: bracketing observations 2025-10 at 4.7% and 2026-03 at 5.9% disagree, so the rate moved somewhere in this gap; left missing rather than picking a side",bond,DC Bond Fund,dcvfm,0.08551036354333845,0.1446859434575133,-0.05917557991417484,0.23019630700085172,True,False,-0.2570657222313992
DCBF,2026-02,2026-01-30,2026-02-26,4,1696454698027.0,1671082242507.0,29115.26,29310.56,39325398945.0,-75997305137.0,-36671906192.0,11299450672.0,0.0,24,0.006707822633217342,0.006707822633217342,0.0,0.035625736922721085,-0.028917914289503743,-0.028917914289503743,,"no observation: bracketing observations 2025-10 at 4.7% and 2026-03 at 5.9% disagree, so the rate moved somewhere in this gap; left missing rather than picking a side",bond,DC Bond Fund,dcvfm,0.023180930790981907,0.04479772152205768,-0.02161679073107577,0.0679786523130396,True,False,-0.3179938112266645
DCBF,2026-03,2026-02-27,2026-03-26,4,1671082242507.0,1405157064610.0,29310.56,29460.98,43634546237.0,-317313531350.0,-273678985113.0,7753807216.0,0.0,24,0.005131938796119728,0.005131938796119728,0.0,-0.12502926092230426,0.130161199718424,0.130161199718424,5.9,"mean of big-four published 12-month VND board rates (Agribank 5.9, BIDV 5.9, Vietcombank 5.9, VietinBank 5.9), read from Wayback Machine snapshot 20260331012516 of https://cafefnew.mediacdn.vn/Images/Uploaded/DuLieuDownload/Liveboard/all_banks_interest_rates.json",bond,DC Bond Fund,dcvfm,0.02611154922664868,0.189885047712528,-0.16377349848587933,0.2159965969391767,True,False,-0.7582225868678706
DCBF,2026-04,2026-03-27,2026-04-23,4,1405157064610.0,1232900249768.0,29460.98,29550.58,51785261888.0,-228054475302.0,-176269213414.0,4012398572.0,0.0,24,0.0030413109136222527,0.0030413109136222527,0.0,0.13725275593902553,-0.13421144502540328,-0.13421144502540328,5.9,"bridged between observations at 2026-03 and 2026-08, which agree at 5.9%",bond,DC Bond Fund,dcvfm,0.03685371777451295,0.16229820925057678,-0.12544449147606382,0.19915192702508971,True,False,-0.6298934353784083
DCBF,2026-05,2026-04-24,2026-05-28,5,1232900249768.0,1030452062736.0,29550.58,29800.07,44020858728.0,-255968657843.0,-211947799115.0,9499612083.0,0.0,30,0.008442812289978674,0.008442812289978674,0.0,-0.0035768515152160285,0.012019663805194702,0.012019663805194702,5.9,"bridged between observations at 2026-03 and 2026-08, which agree at 5.9%",bond,DC Bond Fund,dcvfm,0.03570512597128891,0.20761505879422662,-0.1719099328229377,0.24332018476551553,True,False,-0.7065173527983512
DCBF,2026-06,2026-05-29,2026-06-25,4,1030452062736.0,972268174390.0,29800.07,29950.99,32249050618.0,-95401419985.0,-63152369367.0,4968481021.0,0.0,24,0.0050644176339182945,0.0050644176339182945,0.0,-0.00032194540879026956,0.005386363042708564,0.005386363042708564,5.9,"bridged between observations at 2026-03 and 2026-08, which agree at 5.9%",bond,DC Bond Fund,dcvfm,0.03129602218697499,0.09258210394736399,-0.06128608176038901,0.12387812613433899,True,False,-0.49472884094103614
DCBF,2026-07,2026-06-26,2026-07-30,5,972268174390.0,979832370877.0,29950.99,30168.48,158224142377.0,-157411356082.0,812786295.0,6751410192.0,0.0,30,0.0072615295854994155,0.0072615295854994155,0.0,-0.06355638811209441,0.07081791769759382,0.07081791769759382,5.9,"bridged between observations at 2026-03 and 2026-08, which agree at 5.9%",bond,DC Bond Fund,dcvfm,0.16273714037412534,0.16190117112571303,0.0008359692484122925,0.32463831149983835,True,False,0.002575078845593086
DCBF,2026-08,2026-07-31,2026-08-13,2,979832370877.0,973342951209.0,30168.48,30233.07,14804692549.0,-23389422223.0,-8584729674.0,2095310006.0,0.0,12,0.0021409762772270913,0.0021409762772270913,0.0,0.012019533891990397,-0.009878557614763306,-0.009878557614763306,5.9,"mean of big-four published 12-month VND board rates (Agribank 5.9, BIDV 5.9, Vietcombank 5.9, VietinBank 5.9), read live from https://cafefnew.mediacdn.vn/Images/Uploaded/DuLieuDownload/Liveboard/all_banks_interest_rates.json on 2026-08-15",bond,DC Bond Fund,dcvfm,0.015109413598725101,0.023870840480668416,-0.008761426881943314,0.03898025407939352,True,False,-0.22476577151340188
DCDE,2021-06,2021-06-11,2021-06-24,2,466914397670.0,497069285788.0,27021.15,28036.81,13988320021.0,-1541842448.0,12446477573.0,17708410545.0,0.0,12,0.037587593422189425,0.037587593422189425,0.0,0.020699246896592527,0.016888346525596898,0.016888346525596898,,,equity,DC Dividend Focus Equity Fund,dcvfm,0.029959067638103746,0.0033021951254750648,0.02665687251262868,0.03326126276357881,True,False,0.8014389802968648
DCDE,2021-07,2021-06-25,2021-07-29,5,497069285788.0,375843007998.0,28036.81,26797.61,51890455276.0,-152334620987.0,-100444165711.0,-20782112079.0,0.0,30,-0.04419903690897775,-0.04419903690897775,0.0,-0.06241846171687038,0.018219424807892626,0.018219424807892626,,,equity,DC Dividend Focus Equity Fund,dcvfm,0.10439280148589039,0.30646556796504765,-0.20207276647915726,0.410858369450938,True,False,-0.4918307171135464
DCDE,2021-08,2021-07-30,2021-08-26,4,375843007998.0,405185581462.0,26797.61,26756.72,41134852501.0,-10469229323.0,30665623178.0,-1323049714.0,0.0,24,-0.0015258823454776804,-0.0015258823454776804,0.0,0.00581323438466308,-0.00733911673014076,-0.00733911673014076,,,equity,DC Dividend Focus Equity Fund,dcvfm,0.1094469010348568,0.02785532549552102,0.08159157553933578,0.13730222653037782,True,False,0.5942480147711503
DCDE,2021-09,2021-08-27,2021-09-30,5,405185581462.0,433851752510.0,26756.72,27974.14,14515843346.0,-5593036884.0,8922806462.0,19743364586.0,0.0,30,0.04549959785803326,0.04549959785803326,0.0,0.03146519921298574,0.014034398645047519,0.014034398645047519,,,equity,DC Dividend Focus Equity Fund,dcvfm,0.03582517248916804,0.013803642429276666,0.022021530059891378,0.04962881491844471,True,False,0.44372468083470207
DCDE,2021-10,2021-10-01,2021-10-28,4,433851752510.0,447936030496.0,27974.14,29721.51,25740965874.0,-38844252886.0,-13103287012.0,27187564998.0,0.0,24,0.06246376117371244,0.06246376117371244,0.0,0.07149456805209886,-0.009030806878386421,-0.009030806878386421,,,equity,DC Dividend Focus Equity Fund,dcvfm,0.0593312478861237,0.08953347004194634,-0.030202222155822633,0.14886471792807004,True,False,-0.20288368242108282
DCDE,2021-11,2021-10-29,2021-11-25,4,447936030496.0,487639885445.0,29721.51,31054.88,39858842763.0,-20705770673.0,19153072090.0,20550782859.0,0.0,24,0.04486212174280513,0.04486212174280513,0.0,0.043671462646295955,0.0011906590965091723,0.0011906590965091723,,,equity,DC Dividend Focus Equity Fund,dcvfm,0.08898333701547577,0.046224838511142945,0.04275849850433283,0.1352081755266187,True,False,0.3162419605012337
DCDE,2021-12,2021-11-26,2021-12-30,5,487639885445.0,510050896054.0,31054.88,30018.4,49251067521.0,-11073247837.0,38177819684.0,-15766809075.0,0.0,30,-0.033375752860742125,-0.033375752860742125,0.0,-0.009887993816672158,-0.023487759044069967,-0.023487759044069967,,,equity,DC Dividend Focus Equity Fund,dcvfm,0.10099884974760732,0.02270783864797075,0.07829101109963657,0.12370668839557807,True,False,0.632876137216483
DCDE,2022-01,2021-12-31,2022-01-27,4,510050896054.0,608554830650.0,30018.4,28489.56,139626291653.0,-7027654746.0,132598636907.0,-34094702311.0,0.0,24,-0.050930096207659314,-0.050930096207659314,0.0,-0.010235738271970551,-0.04069435793568876,-0.04069435793568876,,,equity,DC Dividend Focus Equity Fund,dcvfm,0.2737497232790226,0.013778340162460904,0.25997138311656165,0.28752806344148346,True,False,0.9041600322587988
DCDE,2022-02,2022-01-28,2022-02-24,4,608554830650.0,639746928790.0,28489.56,29420.68,15903249040.0,-4634944062.0,11268304978.0,19923793162.0,0.0,24,0.03268284943677613,0.03268284943677613,0.0,0.016379286899290246,0.016303562537485883,0.016303562537485883,,,equity,DC Dividend Focus Equity Fund,dcvfm,0.02613281209683879,0.007616312990317399,0.018516499106521388,0.03374912508715619,True,False,0.548651233437994
DCDE,2022-03,2022-02-25,2022-03-31,5,639746928790.0,658788863942.0,29420.68,29556.51,24521416547.0,-8543655786.0,15977760761.0,3064174391.0,0.0,30,0.004616820549354861,0.004616820549354861,0.0,-0.0018062012910992076,0.006423021840454068,0.006423021840454068,,,equity,DC Dividend Focus Equity Fund,dcvfm,0.03832986989617776,0.013354742948370598,0.024975126947807163,0.05168461284454836,True,False,0.4832217090011832
DCDE,2022-04,2022-04-01,2022-04-28,4,658788863942.0,614228797634.0,29556.51,26970.24,23332068242.0,-9759504304.0,13572563938.0,-58132630246.0,0.0,24,-0.08750255019960063,-0.08750255019960063,0.0,-0.09460174915390551,0.007099198954304886,0.007099198954304886,,,equity,DC Dividend Focus Equity Fund,dcvfm,0.03541660996269385,0.014814312806688898,0.02060229715600495,0.05023092276938275,True,False,0.4101516759027702
DCDE,2022-05,2022-04-29,2022-05-26,4,614228797634.0,570298360618.0,26970.24,24709.68,17437300240.0,-9416016862.0,8021283378.0,-51951720394.0,0.0,24,-0.08381682921620293,-0.08381682921620293,0.0,-0.06100711330209707,-0.022809715914105855,-0.022809715914105855,,,equity,DC Dividend Focus Equity Fund,dcvfm,0.028388933093284156,0.015329819927477112,0.013059113165807044,0.04371875302076127,True,False,0.2987073569917582
DCDE,2022-06,2022-05-27,2022-06-30,5,570298360618.0,555033538055.0,24709.68,23633.44,26361207067.0,-15598927885.0,10762279182.0,-26027101745.0,0.0,30,-0.043555400150872,-0.043555400150872,0.0,-0.055944882820814,0.012389482669941998,0.012389482669941998,,,equity,DC Dividend Focus Equity Fund,dcvfm,0.04622353646332396,0.027352222910296157,0.0188713135530278,0.07357575937362011,True,False,0.2564881927646666
DCDE,2022-07,2022-07-01,2022-07-28,4,555033538055.0,530203530801.0,23633.44,23461.69,6776990444.0,-26991126939.0,-20214136495.0,-4615870759.0,0.0,24,-0.007267245056157723,-0.007267245056157723,0.0,0.008784235136940488,-0.01605148019309821,-0.01605148019309821,5.5,"Press report, article dated 02/08/2022 reporting the increase: ""for a 12-month term, the interest rate increases from 5.5%/year to 5.6%/year"". 5.5% is the pre-increase level, so it is the July level; the month is inferred from the increase date, the level is stated (https://en.baoquocte.vn/the-trend-of-race-to-increase-interest-rates-continues-to-be-hot-192920.html)",equity,DC Dividend Focus Equity Fund,dcvfm,0.012210055752213747,0.04862972250935468,-0.03641966675714093,0.060839778261568424,True,False,-0.5986160337495294
DCDE,2022-08,2022-07-29,2022-08-25,4,530203530801.0,507264107414.0,23461.69,25199.96,10077551911.0,-69614281168.0,-59536729257.0,36597305870.0,0.0,24,0.07408971817460697,0.07408971817460697,0.0,0.06684766413932453,0.007242054035282441,0.007242054035282441,5.6,"Press report, article dated 02/08/2022: ""for a 12-month term, the interest rate increases from 5.5%/year to 5.6%/year"". Sits just above the SBV's 5.5-6.6% band for 12-to-24-month terms that month (https://en.baoquocte.vn/the-trend-of-race-to-increase-interest-rates-continues-to-be-hot-192920.html)",equity,DC Dividend Focus Equity Fund,dcvfm,0.019006949832596237,0.13129727948591907,-0.11229032965332283,0.1503042293185153,True,False,-0.7470869593121309
DCDE,2022-09,2022-08-26,2022-09-29,5,507264107414.0,396422362108.0,25199.96,21533.77,11189921076.0,-51470610865.0,-40280689789.0,-70561055517.0,0.0,30,-0.14548396108565242,-0.14548396108565242,0.0,-0.12631897461361807,-0.01916498647203435,-0.01916498647203435,5.6,"Agribank published board rate, 12 months VND retail term deposit, read from Wayback Machine snapshot 20220926055710 of https://www.agribank.com.vn/vn/lai-suat",equity,DC Dividend Focus Equity Fund,dcvfm,0.022059359044828742,0.10146708610509401,-0.07940772706026528,0.12352644514992277,True,False,-0.6428398952458232
DCDE,2022-10,2022-09-30,2022-10-27,4,396422362108.0,372828921639.0,21533.77,20527.02,7760025891.0,-13159973627.0,-5399947736.0,-18193492733.0,0.0,24,-0.04675214790535975,-0.04675214790535975,0.0,-0.08708162014794818,0.04032947224258843,0.04032947224258843,6.4,"Agribank published board rate, 12 months VND retail term deposit, read from Wayback Machine snapshot 20221020012153 of https://www.agribank.com.vn/vn/lai-suat",equity,DC Dividend Focus Equity Fund,dcvfm,0.019575146693883744,0.03319684983718133,-0.013621703143297593,0.052771996531065075,True,False,-0.25812370269673157
DCDE,2022-11,2022-10-28,2022-11-24,4,372828921639.0,341139755774.0,20527.02,18866.8,4247284992.0,-5799109320.0,-1551824328.0,-30137341537.0,0.0,24,-0.0808797380233468,-0.0808797380233468,0.0,-0.07811208062178365,-0.0027676574015631505,-0.0027676574015631505,7.4,"Agribank published board rate, 12 months VND retail term deposit, read from Wayback Machine snapshot 20221128042309 of https://www.agribank.com.vn/vn/lai-suat",equity,DC Dividend Focus Equity Fund,dcvfm,0.011392048056058616,0.015554344052780106,-0.004162295996721491,0.026946392108838722,True,False,-0.1544657993511573
DCDE,2022-12,2022-11-25,2022-12-29,4,341139755774.0,368919788904.0,18866.8,20404.69,4781468912.0,-5678145795.0,-896676883.0,15937690778.0,0.0,24,0.04794399827080298,0.04794399827080298,12739019235.0,0.04925326188896162,-0.0013092636181586403,-0.0013092636181586403,7.4,"Agribank published board rate, 12 months VND retail term deposit, read from Wayback Machine snapshot 20221225030309 of https://www.agribank.com.vn/vn/lai-suat",equity,DC Dividend Focus Equity Fund,dcvfm,0.01401615857158452,0.016644632291880068,-0.002628473720295547,0.03066079086346459,True,False,-0.08572752516399168
DCDE,2023-01,2022-12-30,2023-01-26,3,368919788904.0,403164947718.0,20404.69,22414.42,3059825240.0,-5053086411.0,-1993261171.0,36238419985.0,0.0,25,0.09849353261431548,0.09849353261431548,0.0,0.09788068840472053,0.0006128442095949538,0.0006128442095949538,7.4,"bridged between observations at 2022-12 and 2023-02, which agree at 7.4%",equity,DC Dividend Focus Equity Fund,dcvfm,0.008294012227130014,0.013696978484162882,-0.005402966257032866,0.021990990711292895,True,False,-0.24568998859420713
DCDE,2023-02,2023-01-27,2023-02-23,4,403164947718.0,359445725194.0,22414.42,21201.29,5925494168.0,-28152100148.0,-22226605980.0,-21492616544.0,0.0,24,-0.05412274776683945,-0.05412274776683945,0.0,-0.04911197747455043,-0.005010770292289024,-0.005010770292289024,7.4,"Agribank published board rate, 12 months VND retail term deposit, read from Wayback Machine snapshot 20230227065357 of https://www.agribank.com.vn/vn/lai-suat",equity,DC Dividend Focus Equity Fund,dcvfm,0.014697443816828736,0.06982774744517578,-0.05513030362834704,0.08452519126200451,True,False,-0.6522351834432232
DCDE,2023-03,2023-02-24,2023-03-30,5,359445725194.0,354532475525.0,21201.29,21044.37,3689387594.0,-5933934677.0,-2244547083.0,-2668702586.0,0.0,30,-0.007401436422028951,-0.007401436422028951,0.0,0.005485640529202751,-0.012887076951231702,-0.012887076951231702,7.2,"Agribank published board rate, 12 months VND retail term deposit, read from Wayback Machine snapshot 20230327002150 of https://www.agribank.com.vn/vn/lai-suat",equity,DC Dividend Focus Equity Fund,dcvfm,0.01026410201987731,0.016508569336295034,-0.0062444673164177246,0.026772671356172346,True,False,-0.2332403529458813
DCDE,2023-04,2023-03-31,2023-04-27,4,354532475525.0,346812750580.0,21044.37,20716.43,4039399601.0,-6332632645.0,-2293233044.0,-5426491901.0,0.0,24,-0.015583265262870682,-0.015583265262870682,0.0,-0.018698557728611065,0.0031152924657403824,0.0031152924657403824,7.2,"Agribank published board rate, 12 months VND retail term deposit, read from Wayback Machine snapshot 20230422161036 of https://www.agribank.com.vn/vn/lai-suat",equity,DC Dividend Focus Equity Fund,dcvfm,0.011393595452767373,0.017861925443141673,-0.0064683299903743,0.029255520895909045,True,False,-0.22109775496353581
DCDE,2023-05,2023-04-28,2023-05-25,4,346812750580.0,354320469977.0,20716.43,21346.23,3025697965.0,-6059674333.0,-3033976368.0,10541695765.0,0.0,24,0.030400990904321024,0.030400990904321024,0.0,0.024047016727104964,0.00635397417721606,0.00635397417721606,6.8,"Shinhan Securities Vietnam, Vietnam Economic Update (25 Mar 2024), indicator table row ""Avg. Deposit rate 12M term of SCBs"", column 05/23 = 6.8% (https://shinhansec.com.vn/uploads/report/Vietnam_economic_update_2402_E.pdf)",equity,DC Dividend Focus Equity Fund,dcvfm,0.008724298515380148,0.017472466980715008,-0.00874816846533486,0.02619676549609516,True,False,-0.3339407861874721
DCDE,2023-06,2023-05-26,2023-06-29,5,354320469977.0,364253850675.0,21346.23,22858.09,5099205005.0,-19853497722.0,-14754292717.0,24687673415.0,0.0,30,0.07082562119868441,0.07082562119868441,0.0,0.057071470839634486,0.013754150359049921,0.013754150359049921,6.8,"Agribank published board rate, 12 months VND retail term deposit, read from Wayback Machine snapshot 20230606055027 of https://www.agribank.com.vn/vn/lai-suat",equity,DC Dividend Focus Equity Fund,dcvfm,0.014391505535457786,0.056032601569107054,-0.04164109603364927,0.07042410710456484,True,False,-0.5912903655536744
DCDE,2023-07,2023-06-30,2023-07-27,4,364253850675.0,385434913045.0,22858.09,24733.72,6444108562.0,-15093139301.0,-8649030739.0,29830093109.0,0.0,24,0.08205541232885172,0.08205541232885172,0.0,0.06392450617119372,0.018130906157658,0.018130906157658,6.4,"VNDIRECT Research, average 12-month term deposit rate across commercial banks: ""the average 12-month deposit interest rate of commercial banks fell to 6.40% p.a at the end of July 2023"" (https://www.vndirect.com.vn/cmsupload/beta/Vietnam-Money-market-chartbook_August_20230809.pdf)",equity,DC Dividend Focus Equity Fund,dcvfm,0.017691257209933132,0.041435771435307696,-0.023744514225374564,0.05912702864524083,True,False,-0.40158477044128915
DCDE,2023-08,2023-07-28,2023-08-24,4,385434913045.0,384267625999.0,24733.72,24614.03,10842006247.0,-10167517325.0,674488922.0,-1841775968.0,0.0,24,-0.004839142676475894,-0.004839142676475894,0.0,-0.006631421579681551,0.0017922789032056574,0.0017922789032056574,5.9,"VNDIRECT Research, average 12-month term deposit rate across commercial banks: ""decreased to 5.4%/year on October 10, down 0.5% points compared to the end of August (corroborated by the 25 Sep report's 0.3pp decline from end-August)"" (https://www.vndirect.com.vn/cmsupload/beta/Econ_Update_20231017.pdf)",equity,DC Dividend Focus Equity Fund,dcvfm,0.028129279107972718,0.026379336642534324,0.0017499424654383931,0.05450861575050704,True,False,0.03210396083892692
DCDE,2023-09,2023-08-25,2023-09-28,5,384267625999.0,389651470035.0,24614.03,24840.05,11598731944.0,-9731485625.0,1867246319.0,3516597717.0,0.0,30,0.009182567828185828,0.009182567828185828,0.0,-0.031074752604276057,0.040257320432461885,0.040257320432461885,5.6,"VNDIRECT Research, average 12-month term deposit rate across commercial banks: ""decreased to 5.6%/year on 25 Sep 2023, down 0.3% points compared to the end of Aug 2023"" (https://www.vndirect.com.vn/Market-Strategy_October_20231005.pdf)",equity,DC Dividend Focus Equity Fund,dcvfm,0.03018399458930788,0.025324760574614018,0.004859234014693861,0.0555087551639219,True,False,0.08753995654098432
DCDE,2023-10,2023-09-29,2023-10-26,4,389651470035.0,358638652419.0,24840.05,22695.58,8386757125.0,-5635669496.0,2751087629.0,-33763905245.0,0.0,24,-0.0863311466764356,-0.0863311466764356,0.0,-0.08415261664482898,-0.002178530031606618,-0.002178530031606618,5.3,"VNDIRECT Research, average 12-month term deposit rate across commercial banks: ""As of October 26, 2023, the average 12-month deposit interest rate of commercial banks has decreased to 5.3%/year"" (https://www.vndirect.com.vn/Market-Strategy_November_20231106.pdf)",equity,DC Dividend Focus Equity Fund,dcvfm,0.021523740496209778,0.01446336002657396,0.007060380469635818,0.035987100522783734,True,False,0.1961919789888555
DCDE,2023-11,2023-10-27,2023-11-30,5,358638652419.0,388390706414.0,22695.58,24365.29,10907662839.0,-7742235943.0,3165426896.0,26586627099.0,0.0,30,0.07356983165885134,0.07356983165885134,0.0,0.03664787531384728,0.03692195634500406,0.03692195634500406,5.18,"Shinhan Securities Vietnam, Vietnam Economic Update (25 Mar 2024), indicator table row ""Avg. Deposit rate 12M term of SCBs"", column 11/23 = 5.18% (https://shinhansec.com.vn/uploads/report/Vietnam_economic_update_2402_E.pdf)",equity,DC Dividend Focus Equity Fund,dcvfm,0.030414074906394927,0.021587845846450182,0.008826229059944743,0.05200192075284511,True,False,0.1697289048589969
DCDE,2023-12,2023-12-01,2023-12-28,4,388390706414.0,399962176150.0,24365.29,25266.06,7193717421.0,-9957247096.0,-2763529675.0,14334999411.0,0.0,24,0.036969393756446145,0.036969393756446145,0.0,0.03180609251185862,0.005163301244587526,0.005163301244587526,5.3,"Agribank published board rate, 12 months VND retail term deposit, read from Wayback Machine snapshot 20231204024251 of https://www.agribank.com.vn/vn/lai-suat",equity,DC Dividend Focus Equity Fund,dcvfm,0.018521857763846572,0.025637191960474467,-0.007115334196627897,0.04415904972432104,True,False,-0.16112969461634621
DCDE,2024-01,2023-12-29,2024-01-25,4,399962176150.0,413417904220.0,25266.06,25777.36,13222804503.0,-7903359455.0,5319445048.0,8136283022.0,0.0,24,0.0202366336500428,0.0202366336500428,0.0,0.03670732463483106,-0.01647069098478826,-0.01647069098478826,5.14,"VNDIRECT Research, average 12-month term deposit rate across commercial banks: ""As of January 31, 2024, the average 12-month term deposit interest rate of commercial banks has decreased to 5.14%/year"" (https://www.vndirect.com.vn/cmsupload/beta/Market-Strategy_Feb_20240206.pdf)",equity,DC Dividend Focus Equity Fund,dcvfm,0.0330601374116961,0.019760267160952638,0.013299870250743459,0.052820404572648735,True,False,0.2517941761019821
DCDE,2024-02,2024-01-26,2024-02-29,5,413417904220.0,461845042841.0,25777.36,27730.12,29740564534.0,-13391803623.0,16348760911.0,32078377710.0,0.0,30,0.07575484844064717,0.07575484844064717,0.0,0.07037090834522419,0.005383940095422979,0.005383940095422979,4.78,"Shinhan Securities Vietnam, Vietnam Economic Update (25 Mar 2024), indicator table row ""Avg. Deposit rate 12M term of SCBs"", column 02/24 = 4.78% (https://shinhansec.com.vn/uploads/report/Vietnam_economic_update_2402_E.pdf)",equity,DC Dividend Focus Equity Fund,dcvfm,0.07193825964096026,0.032392897081384174,0.03954536255957609,0.10433115672234443,True,False,0.37903694161867485
DCDE,2024-03,2024-03-01,2024-03-28,4,461845042841.0,502089836168.0,27730.12,28868.62,52176010338.0,-31623311543.0,20552698795.0,19692094532.0,0.0,24,0.04105643971248574,0.04105643971248574,0.0,0.029894709953461662,0.011161729759024075,0.011161729759024075,4.7,"Shinhan Securities Vietnam, Vietnam Economic Update (25 Mar 2024): ""Deposit interest rates 12M term at State-owned commercial banks (SCBs) continue to decrease, reaching 4.7% on March 22, 2024"" (https://shinhansec.com.vn/uploads/report/Vietnam_economic_update_2402_E.pdf)",equity,DC Dividend Focus Equity Fund,dcvfm,0.11297297902570042,0.06847169203868017,0.044501286987020244,0.18144467106438059,True,False,0.24526092018007078
DCDE,2024-04,2024-03-29,2024-04-25,4,502089836168.0,466680679033.0,28868.62,27061.12,50033037676.0,-53353016419.0,-3319978743.0,-32089178392.0,0.0,24,-0.06261123669922564,-0.06261123669922564,0.0,-0.06604504797780164,0.0034338112785760044,0.0034338112785760044,4.61,"VNDIRECT Research, average 12-month term deposit rate across commercial banks: ""As of April 27, 2024, the average 12-month term deposit interest rate of commercial banks plateaued at around 4.61%"" (https://www.vndirect.com.vn/cmsupload/beta/Econ_Update_20240520.pdf)",equity,DC Dividend Focus Equity Fund,dcvfm,0.09964957278931827,0.10626189294369226,-0.006612320154373988,0.20591146573301053,True,False,-0.03211244274734886
DCDE,2024-05,2024-04-26,2024-05-30,5,466680679033.0,521758219289.0,27061.12,29111.21,43374115171.0,-23896888382.0,19477226789.0,35600313467.0,0.0,30,0.07575776612350116,0.07575776612350116,0.0,0.050914130642256916,0.02484363548124424,0.02484363548124424,4.7,"Agribank published board rate, 12 months VND retail term deposit, read from Wayback Machine snapshot 20240526204434 of https://www.agribank.com.vn/vn/lai-suat",equity,DC Dividend Focus Equity Fund,dcvfm,0.09294174179414212,0.051206080422091356,0.041735661372050765,0.14414782221623348,True,False,0.2895337628441162
DCDE,2024-06,2024-05-31,2024-06-27,4,521758219289.0,543987171613.0,29111.21,28072.87,72613027915.0,-30710838532.0,41902189383.0,-19673237059.0,0.0,24,-0.035668046776482276,-0.035668046776482276,0.0,-0.0057094573251628145,-0.02995858945131946,-0.02995858945131946,4.7,"Agribank published board rate, 12 months VND retail term deposit, read from Wayback Machine snapshot 20240626111100 of https://www.agribank.com.vn/vn/lai-suat",equity,DC Dividend Focus Equity Fund,dcvfm,0.13916987836617079,0.05886028700007767,0.08030959136609313,0.19803016536624846,True,False,0.40554221230671555
DCDE,2024-07,2024-06-28,2024-07-25,4,543987171613.0,531371018941.0,28072.87,27107.69,29131946066.0,-23144872785.0,5987073281.0,-18603225953.0,0.0,24,-0.03438123711611951,-0.03438123711611951,0.0,-0.020570411964196178,-0.013810825151923334,-0.013810825151923334,4.7,"bridged between observations at 2024-06 and 2024-09, which agree at 4.7%",equity,DC Dividend Focus Equity Fund,dcvfm,0.05355263430131928,0.04254672535084262,0.011005908950476661,0.09609935965216189,True,False,0.11452635054295147
DCDE,2024-08,2024-07-26,2024-08-29,5,531371018941.0,556365300242.0,27107.69,28148.94,30147482327.0,-26360487223.0,3786995104.0,21207286197.0,0.0,30,0.03841160939939914,0.03841160939939914,0.0,0.03915049586843877,-0.0007388864690396346,-0.0007388864690396346,4.7,"bridged between observations at 2024-06 and 2024-09, which agree at 4.7%",equity,DC Dividend Focus Equity Fund,dcvfm,0.056735277710633636,0.0496084398346288,0.0071268378760048325,0.10634371754526244,True,False,0.06701700900169753
DCDE,2024-09,2024-08-30,2024-09-26,4,556365300242.0,571072032739.0,28148.94,28531.61,20257146343.0,-13203338125.0,7053808218.0,7652924279.0,0.0,24,0.013594472829172366,0.013594472829172366,0.0,0.007819145200433697,0.005775327628738669,0.005775327628738669,4.7,"Agribank published board rate, 12 months VND retail term deposit, read from Wayback Machine snapshot 20240906234432 of https://www.agribank.com.vn/vn/lai-suat",equity,DC Dividend Focus Equity Fund,dcvfm,0.036409794669417433,0.02373141912203546,0.012678375547381968,0.060141213791452895,True,False,0.21081010422147126
DCDE,2024-10,2024-09-27,2024-10-31,5,571072032739.0,566200163257.0,28531.61,27974.2,24416577765.0,-18144190006.0,6272387759.0,-11144257241.0,0.0,30,-0.019536577150746526,-0.019536577150746526,0.0,-0.020913828213923513,0.0013772510631769874,0.0013772510631769874,4.7,"Agribank published board rate, 12 months VND retail term deposit, read from Wayback Machine snapshot 20241008043404 of https://www.agribank.com.vn/vn/lai-suat",equity,DC Dividend Focus Equity Fund,dcvfm,0.042755688188567335,0.03177215651583577,0.01098353167273156,0.07452784470440312,True,False,0.14737487332815155
DCDE,2024-11,2024-11-01,2024-11-28,4,566200163257.0,550141586446.0,27974.2,27477.33,20155372775.0,-26333188733.0,-6177815958.0,-9880760853.0,0.0,24,-0.017761723302185506,-0.017761723302185506,0.0,-0.017691066683538148,-7.065661864735784e-05,-7.065661864735784e-05,4.7,"Agribank published board rate, 12 months VND retail term deposit, read from Wayback Machine snapshot 20241128101714 of https://www.agribank.com.vn/vn/lai-suat",equity,DC Dividend Focus Equity Fund,dcvfm,0.03559761032045378,0.046508620876266484,-0.010911010555812698,0.08210623119672027,True,False,-0.13288894639032633
DCDE,2024-12,2024-11-29,2024-12-26,4,550141586446.0,563212147234.0,27477.33,28459.1,12205053421.0,-18696686541.0,-6491633120.0,19562193908.0,0.0,24,0.03573018193543542,0.03573018193543542,0.0,0.02476431233948695,0.010965869595948474,0.010965869595948474,4.7,"Agribank published board rate, 12 months VND retail term deposit, read from Wayback Machine snapshot 20241217044809 of https://www.agribank.com.vn/vn/lai-suat",equity,DC Dividend Focus Equity Fund,dcvfm,0.022185295061670468,0.033985226715514266,-0.011799931653843798,0.056170521777184734,True,False,-0.2100733851227403
DCDE,2025-01,2024-12-27,2025-01-23,4,563212147234.0,563406883002.0,28459.1,28114.27,22343900404.0,-15588746389.0,6755154015.0,-6560418247.0,0.0,24,-0.01211668675397326,-0.01211668675397326,0.0,-0.01040169066754637,-0.0017149960864268898,-0.0017149960864268898,4.7,"bridged between observations at 2024-12 and 2025-02, which agree at 4.7%",equity,DC Dividend Focus Equity Fund,dcvfm,0.0396722629540813,0.027678285110784875,0.011993977843296425,0.06735054806486618,True,False,0.17808285437773827
DCDE,2025-02,2025-01-24,2025-02-27,5,563406883002.0,564659257858.0,28114.27,28622.62,14891465444.0,-23723723385.0,-8832257941.0,10084632797.0,0.0,30,0.018081564984614884,0.018081564984614884,0.0,0.03824138834419588,-0.020159823359580997,-0.020159823359580997,4.7,"Agribank published board rate, 12 months VND retail term deposit, read from Wayback Machine snapshot 20250207105719 of https://www.agribank.com.vn/vn/lai-suat",equity,DC Dividend Focus Equity Fund,dcvfm,0.026431103157018295,0.042107620799009274,-0.01567651764199098,0.06853872395602757,True,False,-0.22872497089453506
DCDE,2025-03,2025-02-28,2025-03-27,4,564659257858.0,542383024784.0,28622.62,28014.02,20275173106.0,-30675467428.0,-10400294322.0,-11875938752.0,0.0,24,-0.0212629032562357,-0.0212629032562357,0.0,0.012241933017281159,-0.03350483627351686,-0.03350483627351686,4.7,"Agribank published board rate, 12 months VND retail term deposit, read from Wayback Machine snapshot 20250323005822 of https://www.agribank.com.vn/vn/lai-suat",equity,DC Dividend Focus Equity Fund,dcvfm,0.03590691700143661,0.05432562558943156,-0.01841870858799495,0.09023254259086817,True,False,-0.20412489839180242
DCDE,2025-04,2025-03-28,2025-04-24,4,542383024784.0,545704630884.0,28014.02,26501.24,54463213362.0,-23286301779.0,31176911583.0,-27855305483.0,0.0,24,-0.05400081816176305,-0.05400081816176305,0.0,-0.07588702306222195,0.021886204900458894,0.021886204900458894,4.7,"Agribank published board rate, 12 months VND retail term deposit, read from Wayback Machine snapshot 20250404031732 of https://www.agribank.com.vn/vn/lai-suat",equity,DC Dividend Focus Equity Fund,dcvfm,0.10041467168647022,0.04293331596849587,0.057481355717974345,0.1433479876549661,True,False,0.4009917171375303
DCDE,2025-05,2025-04-25,2025-05-29,5,545704630884.0,577378910332.0,26501.24,27320.39,39104048228.0,-24183359036.0,14920689192.0,46532960604.0,-29779370348.0,30,0.030909874405877336,0.08586288655918795,0.0,0.09687333960027789,-0.01101045304108994,-0.06596346519440055,4.7,"Agribank published board rate, 12 months VND retail term deposit, read from Wayback Machine snapshot 20250531072021 of https://www.agribank.com.vn/vn/lai-suat",equity,DC Dividend Focus Equity Fund,dcvfm,0.07165790065709066,0.04431583986528536,0.0273420607918053,0.11597374052237602,True,False,0.23576079092257882
DCDE,2025-06,2025-05-30,2025-06-26,4,577378910332.0,588303844510.0,27320.39,28073.4,22492554200.0,-27638313741.0,-5145759541.0,16070693719.0,0.0,24,0.02756219805061355,0.02756219805061355,0.0,0.017744026947670077,0.009818171102943474,0.009818171102943474,4.7,"Agribank published board rate, 12 months VND retail term deposit, read from Wayback Machine snapshot 20250613002901 of https://www.agribank.com.vn/vn/lai-suat",equity,DC Dividend Focus Equity Fund,dcvfm,0.038956314124924486,0.0478685889741065,-0.008912274849182012,0.08682490309903099,True,False,-0.10264652802453261
DCDE,2025-07,2025-06-27,2025-07-31,5,588303844510.0,616228771544.0,28073.4,30606.89,45451443410.0,-70312303205.0,-24860859795.0,52785786829.0,0.0,30,0.09024521433100374,0.09024521433100374,0.0,0.1002072242928378,-0.00996200996183405,-0.00996200996183405,4.7,"Agribank published board rate, 12 months VND retail term deposit, read from Wayback Machine snapshot 20250722154555 of https://www.agribank.com.vn/vn/lai-suat",equity,DC Dividend Focus Equity Fund,dcvfm,0.07725845043194753,0.1195169874566489,-0.042258537024701386,0.19677543788859644,True,False,-0.2147551415874672
DCDE,2025-08,2025-08-01,2025-08-28,4,616228771544.0,760725044645.0,30606.89,34247.94,138367677993.0,-69896629718.0,68471048275.0,76025224826.0,0.0,24,0.11896177625364768,0.11896177625364768,0.0,0.11869392753507446,0.0002678487185732159,0.0002678487185732159,4.7,"bridged between observations at 2025-07 and 2025-10, which agree at 4.7%",equity,DC Dividend Focus Equity Fund,dcvfm,0.2245394638849969,0.11342643015980833,0.11111303372518858,0.33796589404480526,True,False,0.32876996076550247
DCDE,2025-09,2025-08-29,2025-09-25,4,760725044645.0,781583296021.0,34247.94,33324.26,64791533420.0,-23188871433.0,41602661987.0,-20744410611.0,0.0,24,-0.02697038128424667,-0.02697038128424667,0.0,-0.008787168473281315,-0.018183212810965355,-0.018183212810965355,4.7,"bridged between observations at 2025-07 and 2025-10, which agree at 4.7%",equity,DC Dividend Focus Equity Fund,dcvfm,0.0851707642282707,0.03048259235874286,0.05468817186952784,0.11565335658701356,True,False,0.472862815947606
DCDE,2025-10,2025-09-26,2025-10-30,5,781583296021.0,833067952611.0,33324.26,32023.58,129167313067.0,-45327268739.0,83840044328.0,-32355387738.0,0.0,30,-0.03903102424479954,-0.03903102424479954,0.0,0.002088722698053491,-0.04111974694285303,-0.04111974694285303,4.7,"Press report, ""Bank interest rates started to rise from the end of October. The average for a 12-month term was 5.34% at private banks and 4.7% at state-owned banks"" (https://vcdn.vietnam.vn/en/lai-suat-ngan-hang-dong-loat-tang-gui-100-trieu-dong-nhan-duoc-bao-nhieu-tien-lai)",equity,DC Dividend Focus Equity Fund,dcvfm,0.16526365612543678,0.05799416257967484,0.10726949354576193,0.2232578187051116,True,False,0.4804736253714278
DCDE,2025-11,2025-10-31,2025-11-27,4,833067952611.0,848797532176.0,32023.58,30863.69,60180583185.0,-14123716499.0,46056866686.0,-30327287121.0,0.0,24,-0.03621987298109719,-0.03621987298109719,0.0,0.008834610109189844,-0.045054483090287034,-0.045054483090287034,,"no observation: bracketing observations 2025-10 at 4.7% and 2026-03 at 5.9% disagree, so the rate moved somewhere in this gap; left missing rather than picking a side",equity,DC Dividend Focus Equity Fund,dcvfm,0.07223970505212945,0.01695385887157641,0.055285846180553044,0.08919356392370587,True,False,0.6198412054466541
DCDE,2025-12,2025-11-28,2025-12-25,4,848797532176.0,857166069028.0,30863.69,30594.54,32971334891.0,-17586180251.0,15385154640.0,-7016617788.0,0.0,24,-0.008720603401602411,-0.008720603401602411,0.0,0.03474992875463068,-0.04347053215623309,-0.04347053215623309,,"no observation: bracketing observations 2025-10 at 4.7% and 2026-03 at 5.9% disagree, so the rate moved somewhere in this gap; left missing rather than picking a side",equity,DC Dividend Focus Equity Fund,dcvfm,0.03884475819159583,0.020718934238552273,0.018125823953043557,0.0595636924301481,True,False,0.30430994475871664
DCDE,2026-01,2025-12-26,2026-01-29,5,857166069028.0,931655758181.0,30594.54,32226.18,76927841902.0,-48086533412.0,28841308490.0,45648380663.0,0.0,30,0.0533310845660695,0.0533310845660695,0.0,0.04138623518948825,0.011944849376581246,0.011944849376581246,,"no observation: bracketing observations 2025-10 at 4.7% and 2026-03 at 5.9% disagree, so the rate moved somewhere in this gap; left missing rather than picking a side",equity,DC Dividend Focus Equity Fund,dcvfm,0.08974671849672469,0.05609943644471211,0.03364728205201258,0.1458461549414368,True,False,0.2307039363877871
DCDE,2026-02,2026-01-30,2026-02-26,4,931655758181.0,1004839326289.0,32226.18,33461.15,60250976808.0,-23547985969.0,36702990839.0,36480577269.0,0.0,24,0.038321948180020105,0.038321948180020105,0.0,0.035625736922721085,0.0026962112572990193,0.0026962112572990193,,"no observation: bracketing observations 2025-10 at 4.7% and 2026-03 at 5.9% disagree, so the rate moved somewhere in this gap; left missing rather than picking a side",equity,DC Dividend Focus Equity Fund,dcvfm,0.06467085753394182,0.02527541504705126,0.03939544248689055,0.08994627258099308,True,False,0.4379886053801341
DCDE,2026-03,2026-02-27,2026-03-26,4,1004839326289.0,954097641582.0,33461.15,30279.58,83412306276.0,-37777170664.0,45635135612.0,-96376820319.0,0.0,24,-0.0950825061302436,-0.0950825061302436,0.0,-0.12502926092230426,0.02994675479206066,0.02994675479206066,5.9,"mean of big-four published 12-month VND board rates (Agribank 5.9, BIDV 5.9, Vietcombank 5.9, VietinBank 5.9), read from Wayback Machine snapshot 20260331012516 of https://cafefnew.mediacdn.vn/Images/Uploaded/DuLieuDownload/Liveboard/all_banks_interest_rates.json",equity,DC Dividend Focus Equity Fund,dcvfm,0.08301059094099382,0.03759523505465886,0.04541535588633497,0.12060582599565269,True,False,0.37656021598800704
DCDE,2026-04,2026-03-27,2026-04-23,4,954097641582.0,971541438655.0,30279.58,30118.45,33633912171.0,-11053020484.0,22580891687.0,-5137094614.0,0.0,24,-0.005321408024814178,-0.005321408024814178,0.0,0.13725275593902553,-0.1425741639638397,-0.1425741639638397,5.9,"bridged between observations at 2026-03 and 2026-08, which agree at 5.9%",equity,DC Dividend Focus Equity Fund,dcvfm,0.03525206509810802,0.011584789650745664,0.023667275447362357,0.046836854748853685,True,False,0.5053130824917659
DCDE,2026-05,2026-04-24,2026-05-28,5,971541438655.0,954032619264.0,30118.45,29365.53,22744978021.0,-15850947665.0,6894030356.0,-24402849747.0,0.0,30,-0.024998630407607192,-0.024998630407607192,0.0,-0.0035768515152160285,-0.021421778892391163,-0.021421778892391163,5.9,"bridged between observations at 2026-03 and 2026-08, which agree at 5.9%",equity,DC Dividend Focus Equity Fund,dcvfm,0.023411227885954202,0.016315256389829363,0.00709597149612484,0.03972648427578356,True,False,0.17862067649541283
DCDE,2026-06,2026-05-29,2026-06-25,4,954032619264.0,944991453880.0,29365.53,28457.62,32701769618.0,-11986092611.0,20715677007.0,-29756842391.0,0.0,24,-0.030917541757291556,-0.030917541757291556,0.0,-0.00032194540879026956,-0.030595596348501286,-0.030595596348501286,5.9,"bridged between observations at 2026-03 and 2026-08, which agree at 5.9%",equity,DC Dividend Focus Equity Fund,dcvfm,0.03427741248850398,0.012563608800133916,0.02171380368837007,0.0468410212886379,True,False,0.46356383979264615
DCDE,2026-07,2026-06-26,2026-07-30,5,944991453880.0,845343000598.0,28457.62,24704.44,43703301603.0,-16267109186.0,27436192417.0,-62825148746.0,-64259496953.0,30,-0.13188664406932127,-0.06735362685745272,0.0,-0.06355638811209441,-0.003797238745358311,-0.06833025595722686,5.9,"bridged between observations at 2026-03 and 2026-08, which agree at 5.9%",equity,DC Dividend Focus Equity Fund,dcvfm,0.04624729824122798,0.017214027829785733,0.02903327041144225,0.06346132607101372,True,False,0.4574954891259883
DCDE,2026-08,2026-07-31,2026-08-13,2,845343000598.0,870636514330.0,24704.44,25079.07,16297702279.0,-3860954757.0,12436747522.0,12856766210.0,0.0,12,0.015164480554912485,0.015164480554912485,0.0,0.012019533891990397,0.003144946662922088,0.003144946662922088,5.9,"mean of big-four published 12-month VND board rates (Agribank 5.9, BIDV 5.9, Vietcombank 5.9, VietinBank 5.9), read live from https://cafefnew.mediacdn.vn/Images/Uploaded/DuLieuDownload/Liveboard/all_banks_interest_rates.json on 2026-08-15",equity,DC Dividend Focus Equity Fund,dcvfm,0.019279395780731515,0.004567323269097563,0.014712072511633954,0.023846719049829077,True,False,0.6169432566757816
DCDS,2021-06,2021-06-11,2021-06-17,1,808566245657.0,851876301188.0,65453.08,66705.5,30888550064.0,-3027660344.0,27860889720.0,15449165811.0,0.0,6,0.019134622847389204,0.019134622847389204,0.0,0.006051459600219022,0.013083163247170182,0.013083163247170182,,,equity,DC Dynamic Securities Fund,dcvfm,0.03820163187606419,0.003744480257817189,0.034457151618247,0.04194611213388138,True,False,0.8214623445497997
DCDS,2021-07,2021-06-25,2021-07-29,5,873558956629.0,842289268537.0,67410.66,66871.57,83853094183.0,-109676481686.0,-25823387503.0,-5446300589.0,0.0,30,-0.007997103128793093,-0.007997103128793093,0.0,-0.06943285471757854,0.06143575158878545,0.06143575158878545,,,equity,DC Dynamic Securities Fund,dcvfm,0.09599019453315773,0.12555132181259238,-0.02956112727943465,0.2215415163457501,True,False,-0.1334338040428499
DCDS,2021-08,2021-07-30,2021-08-26,4,842289268537.0,922441206018.0,66871.57,69126.8,108807430306.0,-57531881316.0,51275548990.0,28876388491.0,0.0,24,0.033724795155848586,0.033724795155848586,0.0,0.00581323438466308,0.027911560771185506,0.027911560771185506,,,equity,DC Dynamic Securities Fund,dcvfm,0.12918059670283014,0.06830418416220478,0.060876412540625376,0.19748478086503493,True,False,0.3082587542896763
DCDS,2021-09,2021-08-27,2021-09-30,5,922441206018.0,1115046527364.0,69126.8,72792.01,166938445875.0,-25219425287.0,141719020588.0,50886300758.0,0.0,30,0.053021548805962215,0.053021548805962215,0.0,0.03146519921298574,0.021556349592976476,0.021556349592976476,,,equity,DC Dynamic Securities Fund,dcvfm,0.18097461907154055,0.0273398728531083,0.15363474621843223,0.20831449192464885,True,False,0.7375134816544819
DCDS,2021-10,2021-10-01,2021-10-28,3,1115046527364.0,1302181929871.0,72792.01,78567.96,107067504761.0,-29524255457.0,77543249304.0,75766984814.0,0.0,18,0.06519681645254227,0.06519681645254227,33825168389.0,0.07350761174693643,-0.008310795294394158,-0.008310795294394158,,,equity,DC Dynamic Securities Fund,dcvfm,0.09602066114147763,0.026478047984953717,0.06954261315652391,0.12249870912643133,True,False,0.5677007835629413
DCDS,2021-11,2021-10-29,2021-11-25,4,1302181929871.0,1583101921247.0,78567.96,80499.98,281291575419.0,-38416369435.0,242875205984.0,38044785392.0,0.0,24,0.024590431010299785,0.024590431010299785,0.0,0.043671462646295955,-0.01908103163599617,-0.01908103163599617,,,equity,DC Dynamic Securities Fund,dcvfm,0.21601557276014882,0.029501537806476626,0.1865140349536722,0.24551711056662545,True,False,0.7596783561162768
DCDS,2021-12,2021-11-26,2021-12-30,5,1583101921247.0,1630752957003.0,80499.98,78132.88,174346194148.0,-81615564997.0,92730629151.0,-45079593395.0,0.0,30,-0.029404976249683412,-0.029404976249683412,0.0,-0.009887993816672158,-0.019516982433011254,-0.019516982433011254,,,equity,DC Dynamic Securities Fund,dcvfm,0.11012948175229838,0.051554207534984166,0.05857527421731422,0.16168368928728255,True,False,0.3622831373747082
DCDS,2022-01,2021-12-31,2022-01-27,4,1630752957003.0,1692070814674.0,78132.88,74400.27,190313131238.0,-44987377998.0,145325753240.0,-84007895569.0,0.0,24,-0.04777258946553631,-0.04777258946553631,0.0,-0.010235738271970551,-0.03753685119356576,-0.03753685119356576,,,equity,DC Dynamic Securities Fund,dcvfm,0.11670261299894114,0.02758687501059502,0.08911573798834611,0.14428948800953614,True,False,0.6176176741472422
DCDS,2022-02,2022-01-28,2022-02-24,4,1692070814674.0,1798323149025.0,74400.27,77094.54,78785452808.0,-34058607023.0,44726845785.0,61525488566.0,0.0,24,0.03621317503283228,0.03621317503283228,0.0,0.016379286899290246,0.019833888133542033,0.019833888133542033,,,equity,DC Dynamic Securities Fund,dcvfm,0.0465615576634002,0.02012835794319982,0.026433199720200376,0.06668991560660002,True,False,0.3963597716351645
DCDS,2022-03,2022-02-25,2022-03-31,5,1798323149025.0,1840024386720.0,77094.54,77555.66,107775751704.0,-77416272942.0,30359478762.0,11341758933.0,0.0,30,0.005981227723779181,0.005981227723779181,0.0,-0.0018062012910992076,0.007787429014878389,0.007787429014878389,,,equity,DC Dynamic Securities Fund,dcvfm,0.05993124859813597,0.04304914441210019,0.016882104186035782,0.10298039301023616,True,False,0.16393513068412657
DCDS,2022-04,2022-04-01,2022-04-28,4,1840024386720.0,1690118189844.0,77555.66,68602.13,104216678985.0,-37429065077.0,66787613908.0,-216693810784.0,0.0,24,-0.11544650641874499,-0.11544650641874499,0.0,-0.09460174915390551,-0.020844757264839475,-0.020844757264839475,,,equity,DC Dynamic Securities Fund,dcvfm,0.056638748778093696,0.020341613593350516,0.03629713518474318,0.0769803623714442,True,False,0.47151161759414584
DCDS,2022-05,2022-04-29,2022-05-26,4,1690118189844.0,1586365046041.0,68602.13,63065.51,62189574413.0,-28153253953.0,34036320460.0,-137789464263.0,0.0,24,-0.08070624046221309,-0.08070624046221309,0.0,-0.06100711330209707,-0.019699127160116015,-0.019699127160116015,,,equity,DC Dynamic Securities Fund,dcvfm,0.0367959914204226,0.016657565205897572,0.02013842621452503,0.05345355662632017,True,False,0.3767462351533968
DCDS,2022-06,2022-05-27,2022-06-30,5,1586365046041.0,1561678860275.0,63065.51,60564.74,60174913631.0,-20691928323.0,39482985308.0,-64169171074.0,0.0,30,-0.039653528529302484,-0.039653528529302484,0.0,-0.055944882820814,0.016291354291511517,0.016291354291511517,,,equity,DC Dynamic Securities Fund,dcvfm,0.03793257660408937,0.013043610847729944,0.02488896575635943,0.05097618745181932,True,False,0.48824690508452595
DCDS,2022-07,2022-07-01,2022-07-28,4,1561678860275.0,1527778938115.0,60564.74,59754.62,23243431902.0,-36022416528.0,-12778984626.0,-21120937534.0,0.0,24,-0.01337609969100817,-0.01337609969100817,0.0,0.008784235136940488,-0.022160334827948658,-0.022160334827948658,5.5,"Press report, article dated 02/08/2022 reporting the increase: ""for a 12-month term, the interest rate increases from 5.5%/year to 5.6%/year"". 5.5% is the pre-increase level, so it is the July level; the month is inferred from the increase date, the level is stated (https://en.baoquocte.vn/the-trend-of-race-to-increase-interest-rates-continues-to-be-hot-192920.html)",equity,DC Dynamic Securities Fund,dcvfm,0.014883618196577884,0.02306646868592223,-0.008182850489344343,0.03795008688250011,True,False,-0.21562139013488513
DCDS,2022-08,2022-07-29,2022-08-25,4,1527778938115.0,1612183630210.0,59754.62,63839.5,25684123988.0,-44722012183.0,-19037888195.0,103442580290.0,0.0,24,0.06836090665458161,0.06836090665458161,0.0,0.06684766413932453,0.001513242515257085,0.001513242515257085,5.6,"Press report, article dated 02/08/2022: ""for a 12-month term, the interest rate increases from 5.5%/year to 5.6%/year"". Sits just above the SBV's 5.5-6.6% band for 12-to-24-month terms that month (https://en.baoquocte.vn/the-trend-of-race-to-increase-interest-rates-continues-to-be-hot-192920.html)",equity,DC Dynamic Securities Fund,dcvfm,0.0168114138421685,0.02927256756018563,-0.012461153718017133,0.04608398140235413,True,False,-0.2704009796640655
DCDS,2022-09,2022-08-26,2022-09-29,5,1612183630210.0,1380793893771.0,63839.5,55268.09,30040202153.0,-45835578116.0,-15795375963.0,-215594360476.0,0.0,30,-0.1342649926769478,-0.1342649926769478,0.0,-0.12631897461361807,-0.00794601806332973,-0.00794601806332973,5.6,"Agribank published board rate, 12 months VND retail term deposit, read from Wayback Machine snapshot 20220926055710 of https://www.agribank.com.vn/vn/lai-suat",equity,DC Dynamic Securities Fund,dcvfm,0.01863323854062891,0.028430742787054316,-0.009797504246425405,0.047063981327683226,True,False,-0.208174148680925
DCDS,2022-10,2022-09-30,2022-10-27,4,1380793893771.0,1304816661906.0,55268.09,52597.99,18508467582.0,-27757418099.0,-9248950517.0,-66728281348.0,0.0,24,-0.04831178352644361,-0.04831178352644361,0.0,-0.08708162014794818,0.03876983662150457,0.03876983662150457,6.4,"Agribank published board rate, 12 months VND retail term deposit, read from Wayback Machine snapshot 20221020012153 of https://www.agribank.com.vn/vn/lai-suat",equity,DC Dynamic Securities Fund,dcvfm,0.01340422177813423,0.020102506408971325,-0.006698284630837097,0.03350672818710555,True,False,-0.19990864501699715
DCDS,2022-11,2022-10-28,2022-11-24,4,1304816661906.0,1172043587333.0,52597.99,47934.2,11579735578.0,-29229375457.0,-17649639879.0,-115123434694.0,0.0,24,-0.08866859741218247,-0.08866859741218247,0.0,-0.07811208062178365,-0.010556516790398818,-0.010556516790398818,7.4,"Agribank published board rate, 12 months VND retail term deposit, read from Wayback Machine snapshot 20221128042309 of https://www.agribank.com.vn/vn/lai-suat",equity,DC Dynamic Securities Fund,dcvfm,0.008874607380538043,0.022401135968254295,-0.013526528587716252,0.03127574334879234,True,False,-0.432492632928533
DCDS,2022-12,2022-11-25,2022-12-29,5,1172043587333.0,1252805677983.0,47934.2,51200.28,25198858281.0,-24078117189.0,1120741092.0,79641349558.0,0.0,30,0.06813673744424631,0.06813673744424631,0.0,0.06497768304650164,0.003159054397744665,0.003159054397744665,7.4,"Agribank published board rate, 12 months VND retail term deposit, read from Wayback Machine snapshot 20221225030309 of https://www.agribank.com.vn/vn/lai-suat",equity,DC Dynamic Securities Fund,dcvfm,0.02149993272719517,0.02054370455947808,0.0009562281677170903,0.042043637286673256,True,False,0.022743707001301475
DCDS,2023-01,2022-12-30,2023-01-26,3,1252805677983.0,1363912898706.0,51200.28,55716.22,9185733946.0,-8626982266.0,558751680.0,110548469043.0,0.0,25,0.08820147077320661,0.08820147077320661,0.0,0.09788068840472053,-0.009679217631513914,-0.009679217631513914,7.4,"bridged between observations at 2022-12 and 2023-02, which agree at 7.4%",equity,DC Dynamic Securities Fund,dcvfm,0.007332129880500626,0.00688612960302776,0.00044600027747286597,0.014218259483528386,True,False,0.03136813461517915
DCDS,2023-02,2023-01-27,2023-02-23,4,1363912898706.0,1254637020735.0,55716.22,53442.19,14471741238.0,-68687593220.0,-54215851982.0,-55060025989.0,0.0,24,-0.04081450608099402,-0.04081450608099402,0.0,-0.04911197747455043,0.00829747139355641,0.00829747139355641,7.4,"Agribank published board rate, 12 months VND retail term deposit, read from Wayback Machine snapshot 20230227065357 of https://www.agribank.com.vn/vn/lai-suat",equity,DC Dynamic Securities Fund,dcvfm,0.010610458521016946,0.05036068893047843,-0.03975023040946148,0.06097114745149537,True,False,-0.6519514896957475
DCDS,2023-03,2023-02-24,2023-03-30,5,1254637020735.0,1237387342141.0,53442.19,53350.36,11120270237.0,-26046985710.0,-14926715473.0,-2322963121.0,0.0,30,-0.0017183053314242525,-0.0017183053314242525,0.0,0.005485640529202751,-0.0072039458606270035,-0.0072039458606270035,7.2,"Agribank published board rate, 12 months VND retail term deposit, read from Wayback Machine snapshot 20230327002150 of https://www.agribank.com.vn/vn/lai-suat",equity,DC Dynamic Securities Fund,dcvfm,0.008863336609089893,0.020760574795362707,-0.011897238186272816,0.0296239114044526,True,False,-0.40160929540467805
DCDS,2023-04,2023-03-31,2023-04-27,4,1237387342141.0,1216020364417.0,53350.36,53135.97,8736081254.0,-25353409181.0,-16617327927.0,-4749649797.0,0.0,24,-0.004018529584430164,-0.004018529584430164,0.0,-0.018698557728611065,0.014680028144180901,0.014680028144180901,7.2,"Agribank published board rate, 12 months VND retail term deposit, read from Wayback Machine snapshot 20230422161036 of https://www.agribank.com.vn/vn/lai-suat",equity,DC Dynamic Securities Fund,dcvfm,0.007060102327282838,0.020489468671250545,-0.013429366343967708,0.027549570998533383,True,False,-0.4874619043861927
DCDS,2023-05,2023-04-28,2023-05-25,4,1216020364417.0,1241383475437.0,53135.97,54610.51,7489080722.0,-15803627738.0,-8314547016.0,33677658036.0,0.0,24,0.02775031678164508,0.02775031678164508,0.0,0.024047016727104964,0.003703300054540115,0.003703300054540115,6.8,"Shinhan Securities Vietnam, Vietnam Economic Update (25 Mar 2024), indicator table row ""Avg. Deposit rate 12M term of SCBs"", column 05/23 = 6.8% (https://shinhansec.com.vn/uploads/report/Vietnam_economic_update_2402_E.pdf)",equity,DC Dynamic Securities Fund,dcvfm,0.006158680348737836,0.012996186741968566,-0.00683750639323073,0.019154867090706403,True,False,-0.3569592188164107
DCDS,2023-06,2023-05-26,2023-06-29,5,1241383475437.0,1318812964508.0,54610.51,59027.43,20912185418.0,-43981333296.0,-23069147878.0,100498636949.0,0.0,30,0.08088040195925683,0.08088040195925683,0.0,0.057071470839634486,0.023808931119622345,0.023808931119622345,6.8,"Agribank published board rate, 12 months VND retail term deposit, read from Wayback Machine snapshot 20230606055027 of https://www.agribank.com.vn/vn/lai-suat",equity,DC Dynamic Securities Fund,dcvfm,0.016845870620791334,0.03542928850451904,-0.018583417883727707,0.052275159125310375,True,False,-0.35549232550743326
DCDS,2023-07,2023-06-30,2023-07-27,4,1318812964508.0,1445022683931.0,59027.43,64493.46,23800249588.0,-19947042161.0,3853207427.0,122356511996.0,0.0,24,0.09260152440992253,0.09260152440992253,0.0,0.06392450617119372,0.028677018238728813,0.028677018238728813,6.4,"VNDIRECT Research, average 12-month term deposit rate across commercial banks: ""the average 12-month deposit interest rate of commercial banks fell to 6.40% p.a at the end of July 2023"" (https://www.vndirect.com.vn/cmsupload/beta/Vietnam-Money-market-chartbook_August_20230809.pdf)",equity,DC Dynamic Securities Fund,dcvfm,0.018046720974477973,0.015124997022183126,0.0029217239522948486,0.0331717179966611,True,False,0.08807876494635988
DCDS,2023-08,2023-07-28,2023-08-24,4,1445022683931.0,1443287076125.0,64493.46,64179.56,39396617568.0,-33994639722.0,5401977846.0,-7137585652.0,0.0,24,-0.004867160174070517,-0.004867160174070517,0.0,-0.006631421579681551,0.001764261405611034,0.001764261405611034,5.9,"VNDIRECT Research, average 12-month term deposit rate across commercial banks: ""decreased to 5.4%/year on October 10, down 0.5% points compared to the end of August (corroborated by the 25 Sep report's 0.3pp decline from end-August)"" (https://www.vndirect.com.vn/cmsupload/beta/Econ_Update_20231017.pdf)",equity,DC Dynamic Securities Fund,dcvfm,0.027263667211663782,0.023525332923855505,0.003738334287808277,0.050789000135519284,True,False,0.07360519557056358
DCDS,2023-09,2023-08-25,2023-09-28,5,1443287076125.0,1469255351718.0,64179.56,65235.03,40055302569.0,-38056320713.0,1998981856.0,23969293737.0,0.0,30,0.01644557862347429,0.01644557862347429,0.0,-0.031074752604276057,0.047520331227750345,0.047520331227750345,5.6,"VNDIRECT Research, average 12-month term deposit rate across commercial banks: ""decreased to 5.6%/year on 25 Sep 2023, down 0.3% points compared to the end of Aug 2023"" (https://www.vndirect.com.vn/Market-Strategy_October_20231005.pdf)",equity,DC Dynamic Securities Fund,dcvfm,0.027752831180711614,0.026367810910616112,0.0013850202700955055,0.05412064209132773,True,False,0.025591349558608447
DCDS,2023-10,2023-09-29,2023-10-26,4,1469255351718.0,1344025288971.0,65235.03,59074.37,32698918695.0,-18187682282.0,14511236413.0,-139741299160.0,0.0,24,-0.09443791165574678,-0.09443791165574678,0.0,-0.08415261664482898,-0.010285295010917794,-0.010285295010917794,5.3,"VNDIRECT Research, average 12-month term deposit rate across commercial banks: ""As of October 26, 2023, the average 12-month deposit interest rate of commercial banks has decreased to 5.3%/year"" (https://www.vndirect.com.vn/Market-Strategy_November_20231106.pdf)",equity,DC Dynamic Securities Fund,dcvfm,0.022255436168236626,0.012378843650787555,0.00987659251744907,0.03463427981902418,True,False,0.2851681215563772
DCDS,2023-11,2023-10-27,2023-11-30,5,1344025288971.0,1448622382868.0,59074.37,63068.47,33314434532.0,-20560751447.0,12753683085.0,91843410812.0,0.0,30,0.06761138544516032,0.06761138544516032,0.0,0.03664787531384728,0.030963510131313043,0.030963510131313043,5.18,"Shinhan Securities Vietnam, Vietnam Economic Update (25 Mar 2024), indicator table row ""Avg. Deposit rate 12M term of SCBs"", column 11/23 = 5.18% (https://shinhansec.com.vn/uploads/report/Vietnam_economic_update_2402_E.pdf)",equity,DC Dynamic Securities Fund,dcvfm,0.024787059295220466,0.015297890311827041,0.009489168983393427,0.04008494960704751,True,False,0.23672647905050864
DCDS,2023-12,2023-12-01,2023-12-28,4,1448622382868.0,1503956494692.0,63068.47,65607.01,22152224267.0,-25168420150.0,-3016195883.0,58350307707.0,0.0,24,0.04025054040473797,0.04025054040473797,0.0,0.03180609251185862,0.008444447892879348,0.008444447892879348,5.3,"Agribank published board rate, 12 months VND retail term deposit, read from Wayback Machine snapshot 20231204024251 of https://www.agribank.com.vn/vn/lai-suat",equity,DC Dynamic Securities Fund,dcvfm,0.015291924609878497,0.017374037877401327,-0.0020821132675228303,0.03266596248727983,True,False,-0.06373953525274537
DCDS,2024-01,2023-12-29,2024-01-25,4,1503956494692.0,1508545141379.0,65607.01,66546.0,25475819650.0,-42447542167.0,-16971722517.0,21560369204.0,0.0,24,0.014312342537786682,0.014312342537786682,0.0,0.03670732463483106,-0.02239498209704438,-0.02239498209704438,5.14,"VNDIRECT Research, average 12-month term deposit rate across commercial banks: ""As of January 31, 2024, the average 12-month term deposit interest rate of commercial banks has decreased to 5.14%/year"" (https://www.vndirect.com.vn/cmsupload/beta/Market-Strategy_Feb_20240206.pdf)",equity,DC Dynamic Securities Fund,dcvfm,0.016939199863768184,0.028223916261416168,-0.011284716397647988,0.04516311612518435,True,False,-0.24986576139628416
DCDS,2024-02,2024-01-26,2024-02-29,5,1508545141379.0,1653815522444.0,66546.0,72191.61,70784681705.0,-54239798512.0,16544883193.0,128725497872.0,0.0,30,0.08483770624830944,0.08483770624830944,0.0,0.07037090834522419,0.014466797903085249,0.014466797903085249,4.78,"Shinhan Securities Vietnam, Vietnam Economic Update (25 Mar 2024), indicator table row ""Avg. Deposit rate 12M term of SCBs"", column 02/24 = 4.78% (https://shinhansec.com.vn/uploads/report/Vietnam_economic_update_2402_E.pdf)",equity,DC Dynamic Securities Fund,dcvfm,0.04692248164366755,0.0359550384169598,0.01096744322670775,0.08287752006062736,True,False,0.1323331491903322
DCDS,2024-03,2024-03-01,2024-03-28,4,1653815522444.0,1796366754561.0,72191.61,76579.99,117291331948.0,-77339833375.0,39951498573.0,102599733544.0,0.0,24,0.060787950289514114,0.060787950289514114,0.0,0.029894709953461662,0.030893240336052452,0.030893240336052452,4.7,"Shinhan Securities Vietnam, Vietnam Economic Update (25 Mar 2024): ""Deposit interest rates 12M term at State-owned commercial banks (SCBs) continue to decrease, reaching 4.7% on March 22, 2024"" (https://shinhansec.com.vn/uploads/report/Vietnam_economic_update_2402_E.pdf)",equity,DC Dynamic Securities Fund,dcvfm,0.07092165380977165,0.04676448631991771,0.024157167489853935,0.11768614012968936,True,False,0.2052677355484078
DCDS,2024-04,2024-03-29,2024-04-25,4,1796366754561.0,1791635306562.0,76579.99,72496.89,152713435158.0,-61391143253.0,91322291905.0,-96053739904.0,0.0,24,-0.05331810568269868,-0.05331810568269868,0.0,-0.06604504797780164,0.012726942295102961,0.012726942295102961,4.61,"VNDIRECT Research, average 12-month term deposit rate across commercial banks: ""As of April 27, 2024, the average 12-month term deposit interest rate of commercial banks plateaued at around 4.61%"" (https://www.vndirect.com.vn/cmsupload/beta/Econ_Update_20240520.pdf)",equity,DC Dynamic Securities Fund,dcvfm,0.08501239224688303,0.03417517224538198,0.05083722000150105,0.11918756449226502,True,False,0.4265312427354807
DCDS,2024-05,2024-04-26,2024-05-30,5,1791635306562.0,1929028992578.0,72496.89,79079.32,147968824646.0,-172919290372.0,-24950465726.0,162344151742.0,0.0,30,0.09079603276775039,0.09079603276775039,0.0,0.050914130642256916,0.039881902125493474,0.039881902125493474,4.7,"Agribank published board rate, 12 months VND retail term deposit, read from Wayback Machine snapshot 20240526204434 of https://www.agribank.com.vn/vn/lai-suat",equity,DC Dynamic Securities Fund,dcvfm,0.08258869654111692,0.0965147816292021,-0.013926085088085186,0.17910347817031902,True,False,-0.07775440896151738
DCDS,2024-06,2024-05-31,2024-06-27,4,1929028992578.0,1995617832263.0,79079.32,80756.01,190396934190.0,-164842758636.0,25554175554.0,41034664131.0,0.0,24,0.02120263553100843,0.02120263553100843,0.0,-0.0057094573251628145,0.026912092856171244,0.026912092856171244,4.7,"Agribank published board rate, 12 months VND retail term deposit, read from Wayback Machine snapshot 20240626111100 of https://www.agribank.com.vn/vn/lai-suat",equity,DC Dynamic Securities Fund,dcvfm,0.0987009189196006,0.08545374863220705,0.013247170287393552,0.18415466755180765,True,False,0.0719350232253373
DCDS,2024-07,2024-06-28,2024-07-25,4,1995617832263.0,2129210583713.0,80756.01,77572.64,281840318936.0,-63695076592.0,218145242344.0,-84552490894.0,0.0,24,-0.03941960480712203,-0.03941960480712203,0.0,-0.020570411964196178,-0.018849192842925855,-0.018849192842925855,4.7,"bridged between observations at 2024-06 and 2024-09, which agree at 4.7%",equity,DC Dynamic Securities Fund,dcvfm,0.14122960537809856,0.03191747215436072,0.10931213322373785,0.17314707753245928,True,False,0.6313253147645271
DCDS,2024-08,2024-07-26,2024-08-29,5,2129210583713.0,2268601958107.0,77572.64,80254.43,242903072171.0,-183722651816.0,59180420355.0,80210954039.0,0.0,30,0.03457133855441796,0.03457133855441796,0.0,0.03915049586843877,-0.00457915731402081,-0.00457915731402081,4.7,"bridged between observations at 2024-06 and 2024-09, which agree at 4.7%",equity,DC Dynamic Securities Fund,dcvfm,0.11408128159283155,0.0862867455297058,0.027794536063125746,0.20036802712253737,True,False,0.13871742144832158
DCDS,2024-09,2024-08-30,2024-09-26,4,2268601958107.0,2579945813476.0,80254.43,81237.04,345931885158.0,-69750218629.0,276181666529.0,35162188840.0,0.0,24,0.012243685488763756,0.012243685488763756,0.0,0.007819145200433697,0.004424540288330059,0.004424540288330059,4.7,"Agribank published board rate, 12 months VND retail term deposit, read from Wayback Machine snapshot 20240906234432 of https://www.agribank.com.vn/vn/lai-suat",equity,DC Dynamic Securities Fund,dcvfm,0.15248681414639065,0.030745904269254002,0.12174090987713664,0.18323271841564465,True,False,0.6644059583342526
DCDS,2024-10,2024-09-27,2024-10-31,5,2579945813476.0,2613534019879.0,81237.04,80184.75,230830330203.0,-164723946004.0,66106384199.0,-32518177796.0,0.0,30,-0.012953327693869698,-0.012953327693869698,0.0,-0.020913828213923513,0.007960500520053815,0.007960500520053815,4.7,"Agribank published board rate, 12 months VND retail term deposit, read from Wayback Machine snapshot 20241008043404 of https://www.agribank.com.vn/vn/lai-suat",equity,DC Dynamic Securities Fund,dcvfm,0.08947099935095103,0.06384783166514064,0.025623167685810373,0.15331883101609167,True,False,0.16712342193061125
DCDS,2024-11,2024-11-01,2024-11-28,4,2613534019879.0,2770021138573.0,80184.75,78447.36,257371042154.0,-45297627101.0,212073415053.0,-55586296359.0,0.0,24,-0.021667336993630437,-0.021667336993630437,0.0,-0.017691066683538148,-0.003976270310092289,-0.003976270310092289,4.7,"Agribank published board rate, 12 months VND retail term deposit, read from Wayback Machine snapshot 20241128101714 of https://www.agribank.com.vn/vn/lai-suat",equity,DC Dynamic Securities Fund,dcvfm,0.09847625483211259,0.017331944698809457,0.08114431013330313,0.11580819953092204,True,False,0.7006784533562904
DCDS,2024-12,2024-11-29,2024-12-26,4,2770021138573.0,2858990511401.0,78447.36,81600.04,125992148033.0,-148444911956.0,-22452763923.0,111422136751.0,0.0,24,0.040188477980648285,0.040188477980648285,0.0,0.02476431233948695,0.015424165641161336,0.015424165641161336,4.7,"Agribank published board rate, 12 months VND retail term deposit, read from Wayback Machine snapshot 20241217044809 of https://www.agribank.com.vn/vn/lai-suat",equity,DC Dynamic Securities Fund,dcvfm,0.0454841828744693,0.05358981196528798,-0.008105629090818684,0.09907399483975729,True,False,-0.0818138917677516
DCDS,2025-01,2024-12-27,2025-01-23,4,2858990511401.0,2956059094381.0,81600.04,80461.81,209578776311.0,-75415061142.0,134163715169.0,-37095132189.0,0.0,24,-0.013948890221132104,-0.013948890221132104,0.0,-0.01040169066754637,-0.0035471995535857337,-0.0035471995535857337,4.7,"bridged between observations at 2024-12 and 2025-02, which agree at 4.7%",equity,DC Dynamic Securities Fund,dcvfm,0.0733051667975979,0.026378213163444228,0.04692695363415367,0.09968337996104212,True,False,0.4707600570174635
DCDS,2025-02,2025-01-24,2025-02-27,5,2956059094381.0,2866718318538.0,80461.81,81829.15,85010902541.0,-223166530230.0,-138155627689.0,48814851846.0,0.0,30,0.01699365201951064,0.01699365201951064,0.0,0.03824138834419588,-0.02124773632468524,-0.02124773632468524,4.7,"Agribank published board rate, 12 months VND retail term deposit, read from Wayback Machine snapshot 20250207105719 of https://www.agribank.com.vn/vn/lai-suat",equity,DC Dynamic Securities Fund,dcvfm,0.028758187785417503,0.07549461059631866,-0.046736422810901165,0.10425279838173616,True,False,-0.4482989764914437
DCDS,2025-03,2025-02-28,2025-03-27,4,2866718318538.0,2807391246248.0,81829.15,80273.65,149042025378.0,-155485721861.0,-6443696483.0,-52883375807.0,0.0,24,-0.01900911838874031,-0.01900911838874031,0.0,0.012241933017281159,-0.03125105140602147,-0.03125105140602147,4.7,"Agribank published board rate, 12 months VND retail term deposit, read from Wayback Machine snapshot 20250323005822 of https://www.agribank.com.vn/vn/lai-suat",equity,DC Dynamic Securities Fund,dcvfm,0.05199046743246475,0.05423822803082247,-0.002247760598357716,0.10622869546328721,True,False,-0.021159636655187438
DCDS,2025-04,2025-03-28,2025-04-24,4,2807391246248.0,2849602890712.0,80273.65,76403.9,374369840391.0,-206912920877.0,167456919514.0,-125245275050.0,0.0,24,-0.04820697700926757,-0.04820697700926757,0.0,-0.07588702306222195,0.027680046052954377,0.027680046052954377,4.7,"Agribank published board rate, 12 months VND retail term deposit, read from Wayback Machine snapshot 20250404031732 of https://www.agribank.com.vn/vn/lai-suat",equity,DC Dynamic Securities Fund,dcvfm,0.13335150235697815,0.0737029158844651,0.059648586472513046,0.20705441824144324,True,False,0.28808168876144274
DCDS,2025-05,2025-04-25,2025-05-29,5,2849602890712.0,3026396095931.0,76403.9,86034.54,103120396828.0,-280107918790.0,-176987521962.0,353780727181.0,0.0,30,0.12604906294050444,0.12604906294050444,0.0,0.09687333960027789,0.029175723340226556,0.029175723340226556,4.7,"Agribank published board rate, 12 months VND retail term deposit, read from Wayback Machine snapshot 20250531072021 of https://www.agribank.com.vn/vn/lai-suat",equity,DC Dynamic Securities Fund,dcvfm,0.03618763764035711,0.09829717667082111,-0.062109539030464,0.13448481431117823,True,False,-0.4618331024850999
DCDS,2025-06,2025-05-30,2025-06-26,4,3026396095931.0,3116273619986.0,86034.54,88192.47,199866112097.0,-186898772979.0,12967339118.0,76910184937.0,0.0,24,0.025082135616695478,0.025082135616695478,0.0,0.017744026947670077,0.0073381086690254005,0.0073381086690254005,4.7,"Agribank published board rate, 12 months VND retail term deposit, read from Wayback Machine snapshot 20250613002901 of https://www.agribank.com.vn/vn/lai-suat",equity,DC Dynamic Securities Fund,dcvfm,0.06604096283553917,0.06175621665329467,0.004284746182244496,0.12779717948883385,True,False,0.03352770537959229
DCDS,2025-07,2025-06-27,2025-07-31,5,3116273619986.0,3397281062763.0,88192.47,97608.26,406974787032.0,-459725968935.0,-52751181903.0,333758624680.0,0.0,30,0.10676410355668664,0.10676410355668664,0.0,0.1002072242928378,0.006556879263848847,0.006556879263848847,4.7,"Agribank published board rate, 12 months VND retail term deposit, read from Wayback Machine snapshot 20250722154555 of https://www.agribank.com.vn/vn/lai-suat",equity,DC Dynamic Securities Fund,dcvfm,0.13059661527213015,0.14752426294872828,-0.01692764767659811,0.27812087822085846,True,False,-0.060864354322783726
DCDS,2025-08,2025-08-01,2025-08-28,4,3397281062763.0,4024878450023.0,97608.26,109388.2,664448103644.0,-459987869042.0,204460234602.0,423137152658.0,0.0,24,0.12068589277177999,0.12068589277177999,0.0,0.11869392753507446,0.0019919652367055285,0.0019919652367055285,4.7,"bridged between observations at 2025-07 and 2025-10, which agree at 4.7%",equity,DC Dynamic Securities Fund,dcvfm,0.1955823175559122,0.13539882645679396,0.06018349109911825,0.3309811440127062,True,False,0.18183359441409097
DCDS,2025-09,2025-08-29,2025-09-25,4,4024878450023.0,4363031168076.0,109388.2,107819.3,625476514023.0,-232163255208.0,393313258815.0,-55160540762.0,0.0,24,-0.014342497636856577,-0.014342497636856577,0.0,-0.008787168473281315,-0.005555329163575262,-0.005555329163575262,4.7,"bridged between observations at 2025-07 and 2025-10, which agree at 4.7%",equity,DC Dynamic Securities Fund,dcvfm,0.15540258464685455,0.05768205377895904,0.0977205308678955,0.2130846384258136,True,False,0.4585996043159975
DCDS,2025-10,2025-09-26,2025-10-30,5,4363031168076.0,5052957013881.0,107819.3,105718.25,1204579353230.0,-414259322944.0,790320030286.0,-100394184481.0,0.0,30,-0.019486770921346985,-0.019486770921346985,0.0,0.002088722698053491,-0.021575493619400476,-0.021575493619400476,4.7,"Press report, ""Bank interest rates started to rise from the end of October. The average for a 12-month term was 5.34% at private banks and 4.7% at state-owned banks"" (https://vcdn.vietnam.vn/en/lai-suat-ngan-hang-dong-loat-tang-gui-100-trieu-dong-nhan-duoc-bao-nhieu-tien-lai)",equity,DC Dynamic Securities Fund,dcvfm,0.27608772590116354,0.09494759651847254,0.18114012938269097,0.37103532241963605,True,False,0.4882018461245689
DCDS,2025-11,2025-10-31,2025-11-27,4,5052957013881.0,5444487437635.0,105718.25,103398.79,606970804415.0,-109935362894.0,497035441521.0,-105505017767.0,0.0,24,-0.021940015087271947,-0.021940015087271947,0.0,0.008834610109189844,-0.03077462519646179,-0.03077462519646179,,"no observation: bracketing observations 2025-10 at 4.7% and 2026-03 at 5.9% disagree, so the rate moved somewhere in this gap; left missing rather than picking a side",equity,DC Dynamic Securities Fund,dcvfm,0.12012190144257864,0.021756639249452567,0.09836526219312608,0.1418785406920312,True,False,0.6933061315216282
DCDS,2025-12,2025-11-28,2025-12-25,4,5444487437635.0,5694025046515.0,103398.79,105647.17,323464003048.0,-198451335887.0,125012667161.0,124524941719.0,0.0,24,0.02174474188721165,0.02174474188721165,0.0,0.03474992875463068,-0.013005186867419027,-0.013005186867419027,,"no observation: bracketing observations 2025-10 at 4.7% and 2026-03 at 5.9% disagree, so the rate moved somewhere in this gap; left missing rather than picking a side",equity,DC Dynamic Securities Fund,dcvfm,0.059411286508268206,0.036449957532311644,0.022961328975956558,0.09586124404057984,True,False,0.23952671599209166
DCDS,2026-01,2025-12-26,2026-01-29,5,5694025046515.0,5791229651054.0,105647.17,108628.58,473260708574.0,-536541488702.0,-63280780128.0,160485384667.0,0.0,30,0.0282204435764819,0.0282204435764819,0.0,0.04138623518948825,-0.01316579161300635,-0.01316579161300635,,"no observation: bracketing observations 2025-10 at 4.7% and 2026-03 at 5.9% disagree, so the rate moved somewhere in this gap; left missing rather than picking a side",equity,DC Dynamic Securities Fund,dcvfm,0.0831153190770836,0.09422885995740177,-0.011113540880318165,0.17734417903448535,True,False,-0.0626665106282236
DCDS,2026-02,2026-01-30,2026-02-26,4,5791229651054.0,6344419577092.0,108628.58,112345.79,466354489267.0,-124719893779.0,341634595488.0,211555330550.0,0.0,24,0.03421944758920703,0.03421944758920703,0.0,0.035625736922721085,-0.0014062893335140547,-0.0014062893335140547,,"no observation: bracketing observations 2025-10 at 4.7% and 2026-03 at 5.9% disagree, so the rate moved somewhere in this gap; left missing rather than picking a side",equity,DC Dynamic Securities Fund,dcvfm,0.08052771472844697,0.021535995167503166,0.0589917195609438,0.10206370989595014,True,False,0.5779891757911161
DCDS,2026-03,2026-02-27,2026-03-26,4,6344419577092.0,5734658173462.0,112345.79,99362.73,688817243621.0,-567261538553.0,121555705068.0,-731317108698.0,0.0,24,-0.11556338693243418,-0.11556338693243418,0.0,-0.12502926092230426,0.009465873989870088,0.009465873989870088,5.9,"mean of big-four published 12-month VND board rates (Agribank 5.9, BIDV 5.9, Vietcombank 5.9, VietinBank 5.9), read from Wayback Machine snapshot 20260331012516 of https://cafefnew.mediacdn.vn/Images/Uploaded/DuLieuDownload/Liveboard/all_banks_interest_rates.json",equity,DC Dynamic Securities Fund,dcvfm,0.10857056902543687,0.08941110083595818,0.01915946818947869,0.19798166986139507,True,False,0.09677394984541768
DCDS,2026-04,2026-03-27,2026-04-23,4,5734658173462.0,6154144389967.0,99362.73,104502.12,271261915681.0,-150218280559.0,121043635122.0,298442581383.0,0.0,24,0.051723518466129104,0.051723518466129104,0.0,0.13725275593902553,-0.08552923747289642,-0.08552923747289642,5.9,"bridged between observations at 2026-03 and 2026-08, which agree at 5.9%",equity,DC Dynamic Securities Fund,dcvfm,0.047302194389947365,0.026194809876229044,0.021107384513718318,0.0734970042661764,True,False,0.28718700475567566
DCDS,2026-05,2026-04-24,2026-05-28,5,6154144389967.0,6000434927069.0,104502.12,101408.24,238037794214.0,-208871742804.0,29166051410.0,-182875514308.0,0.0,30,-0.029605906559598938,-0.029605906559598938,0.0,-0.0035768515152160285,-0.02602905504438291,-0.02602905504438291,5.9,"bridged between observations at 2026-03 and 2026-08, which agree at 5.9%",equity,DC Dynamic Securities Fund,dcvfm,0.038679267032159514,0.03394001335823712,0.004739253673922395,0.07261928039039663,True,False,0.0652616446823002
DCDS,2026-06,2026-05-29,2026-06-25,4,6000434927069.0,6031840742473.0,101408.24,100143.04,225579280005.0,-120689987778.0,104889292227.0,-73483476823.0,0.0,24,-0.012476303700764246,-0.012476303700764246,0.0,-0.00032194540879026956,-0.012154358291973977,-0.012154358291973977,5.9,"bridged between observations at 2026-03 and 2026-08, which agree at 5.9%",equity,DC Dynamic Securities Fund,dcvfm,0.037593821572395165,0.020113539975835183,0.017480281596559986,0.05770736154823035,True,False,0.30291250765208544
DCDS,2026-07,2026-06-26,2026-07-30,5,6031840742473.0,5734531806657.0,100143.04,93288.23,233443257583.0,-115338639976.0,118104617607.0,-415413553423.0,0.0,30,-0.06845018884986909,-0.06845018884986909,0.0,-0.06355638811209441,-0.004893800737774678,-0.004893800737774678,5.9,"bridged between observations at 2026-03 and 2026-08, which agree at 5.9%",equity,DC Dynamic Securities Fund,dcvfm,0.03870182711211476,0.01912163216841037,0.019580194943704395,0.05782345928052513,True,False,0.3386202622142148
DCDS,2026-08,2026-07-31,2026-08-13,2,5734531806657.0,5818659772312.0,93288.23,93969.17,73807483567.0,-31501399632.0,42306083935.0,41821881720.0,0.0,12,0.007299313107344885,0.007299313107344885,0.0,0.012019533891990397,-0.004720220784645512,-0.004720220784645512,5.9,"mean of big-four published 12-month VND board rates (Agribank 5.9, BIDV 5.9, Vietcombank 5.9, VietinBank 5.9), read live from https://cafefnew.mediacdn.vn/Images/Uploaded/DuLieuDownload/Liveboard/all_banks_interest_rates.json on 2026-08-15",equity,DC Dynamic Securities Fund,dcvfm,0.012870707854705715,0.005493281874455944,0.007377425980249769,0.01836398972916166,True,False,0.4017332883025174
DCIP,2021-06,2021-06-11,2021-06-24,2,211385625581.0,211344999043.0,9308.02,9314.76,1600000.0,-195317301.0,-193717301.0,153090763.0,0.0,12,0.0007241067380601152,0.0007241067380601152,0.0,0.020699246896592527,-0.019975140158532412,-0.019975140158532412,,,bond,DC Income Plus Bond Fund,dcvfm,7.569105021225308e-06,0.0009239857273320468,-0.0009164166223108214,0.000931554832353272,True,False,-0.9837495233595549
DCIP,2021-07,2021-06-25,2021-07-29,5,211344999043.0,213150004652.0,9314.76,9376.48,455540000.0,-52722190.0,402817810.0,1402187799.0,0.0,30,0.006626042968364443,0.006626042968364443,0.0,-0.06241846171687038,0.06904450468523482,0.06904450468523482,,,bond,DC Income Plus Bond Fund,dcvfm,0.0021554330694492393,0.0002494603148346709,0.0019059727546145682,0.00240489338428391,True,False,0.7925393978253625
DCIP,2021-08,2021-07-30,2021-08-26,4,213150004652.0,217077282012.0,9376.48,9421.68,2943255143.0,-49347649.0,2893907494.0,1033369866.0,0.0,24,0.00482057232564892,0.00482057232564892,0.0,0.00581323438466308,-0.00099266205901416,-0.00099266205901416,,,bond,DC Income Plus Bond Fund,dcvfm,0.013808374753757638,0.00023151605875199293,0.013576858695005646,0.014039890812509632,True,False,0.9670202479714856
DCIP,2021-09,2021-08-27,2021-09-30,5,217077282012.0,275800235445.0,9421.68,9467.25,58587486162.0,-981230158.0,57606256004.0,1116697429.0,0.0,30,0.004836717018621206,0.004836717018621206,0.0,0.03146519921298574,-0.026628482194364533,-0.026628482194364533,,,bond,DC Income Plus Bond Fund,dcvfm,0.26989229650830665,0.004520188150991119,0.2653721083573155,0.27441248465929774,True,False,0.9670555211319686
DCIP,2021-10,2021-10-01,2021-10-28,4,275800235445.0,268742672246.0,9467.25,9499.11,1364121393.0,-9341860720.0,-7977739327.0,920176128.0,0.0,24,0.0033652855897965406,0.0033652855897965406,0.0,0.07149456805209886,-0.06812928246230232,-0.06812928246230232,,,bond,DC Income Plus Bond Fund,dcvfm,0.004946048689186245,0.03387183736419598,-0.028925788675009736,0.038817886053382225,True,False,-0.7451665099750947
DCIP,2021-11,2021-10-29,2021-11-25,4,268742672246.0,269844101184.0,9499.11,9551.69,2218887190.0,-2604292743.0,-385405553.0,1486834491.0,0.0,24,0.00553525540813804,0.00553525540813804,0.0,0.043671462646295955,-0.038136207238157915,-0.038136207238157915,,,bond,DC Income Plus Bond Fund,dcvfm,0.008256549551493962,0.00969065582787723,-0.0014341062763832677,0.01794720537937119,True,False,-0.07990694072246216
DCIP,2021-12,2021-11-26,2021-12-30,5,269844101184.0,271255566431.0,9551.69,9661.96,2320886848.0,-4025316596.0,-1704429748.0,3115894995.0,0.0,30,0.011544553895698195,0.011544553895698195,0.0,-0.009887993816672158,0.021432547712370353,0.021432547712370353,,,bond,DC Income Plus Bond Fund,dcvfm,0.008600843367769024,0.01491719321763212,-0.006316349849863095,0.023518036585401143,True,False,-0.2685747097520878
DCIP,2022-01,2021-12-31,2022-01-27,4,271255566431.0,274292670039.0,9661.96,9697.74,4377262510.0,-2345859805.0,2031402705.0,1005700903.0,0.0,24,0.0037031823770750094,0.0037031823770750094,0.0,-0.010235738271970551,0.01393892064904556,0.01393892064904556,,,bond,DC Income Plus Bond Fund,dcvfm,0.016137042153984538,0.00864815360608175,0.007488888547902788,0.024785195760066287,True,False,0.3021516803982169
DCIP,2022-02,2022-01-28,2022-02-24,4,274292670039.0,277141440954.0,9697.74,9743.42,3392807704.0,-1838254429.0,1554553275.0,1294217640.0,0.0,24,0.004710375819520829,0.004710375819520829,0.0,0.016379286899290246,-0.011668911079769417,-0.011668911079769417,,,bond,DC Income Plus Bond Fund,dcvfm,0.012369297741414662,0.006701799318000841,0.005667498423413821,0.019071097059415502,True,False,0.2971773677076299
DCIP,2022-03,2022-02-25,2022-03-31,5,277141440954.0,280164586481.0,9743.42,9816.6,7877479833.0,-6928774047.0,948705786.0,2074439741.0,0.0,30,0.00751070979183921,0.00751070979183921,0.0,-0.0018062012910992076,0.009316911082938417,0.009316911082938417,,,bond,DC Income Plus Bond Fund,dcvfm,0.028424041550348677,0.025000858850806218,0.0034231826995424564,0.05342490040115489,True,False,0.06407466694066981
DCIP,2022-04,2022-04-01,2022-04-28,4,280164586481.0,293687508001.0,9816.6,9860.48,18580872044.0,-6339482472.0,12241389572.0,1281531948.0,0.0,24,0.004469979422610404,0.004469979422610404,0.0,-0.09460174915390551,0.09907172857651592,0.09907172857651592,,,bond,DC Income Plus Bond Fund,dcvfm,0.06632127306803676,0.022627708061275356,0.0436935650067614,0.08894898112931211,True,False,0.49122052273134686
DCIP,2022-05,2022-04-29,2022-05-26,4,293687508001.0,302268103223.0,9860.48,9907.04,11559526133.0,-4377834522.0,7181691611.0,1398903611.0,0.0,24,0.004721879665087636,0.004721879665087636,0.0,-0.06100711330209707,0.06572899296718471,0.06572899296718471,,,bond,DC Income Plus Bond Fund,dcvfm,0.03935995171085261,0.014906437634334429,0.024453514076518183,0.05426638934518704,True,False,0.45061988408644693
DCIP,2022-06,2022-05-27,2022-06-30,5,302268103223.0,361357528100.0,9907.04,9965.27,68100796500.0,-10958189523.0,57142606977.0,1946817900.0,0.0,30,0.0058776385277539145,0.0058776385277539145,0.0,-0.055944882820814,0.061822521348567916,0.061822521348567916,,,bond,DC Income Plus Bond Fund,dcvfm,0.2252993146609262,0.036253211655996445,0.18904610300492977,0.26155252631692266,True,False,0.7227844657706077
DCIP,2022-07,2022-07-01,2022-07-28,3,361357528100.0,465255360989.0,9965.27,10016.07,108682270619.0,-10975060238.0,97707210381.0,1570419235.0,0.0,18,0.003909347036365807,0.003909347036365807,4620203273.0,-0.0021398052978262028,0.0060491523341920095,0.0060491523341920095,5.5,"Press report, article dated 02/08/2022 reporting the increase: ""for a 12-month term, the interest rate increases from 5.5%/year to 5.6%/year"". 5.5% is the pre-increase level, so it is the July level; the month is inferred from the increase date, the level is stated (https://en.baoquocte.vn/the-trend-of-race-to-increase-interest-rates-continues-to-be-hot-192920.html)",bond,DC Income Plus Bond Fund,dcvfm,0.3007610528842335,0.030371749263689962,0.27038930362054353,0.33113280214792346,True,False,0.8165584981815102
DCIP,2022-08,2022-07-29,2022-08-25,4,465255360989.0,766456653357.0,10016.07,10063.12,351116223084.0,-52682090052.0,298434133032.0,2767159336.0,0.0,24,0.004697451195928348,0.004697451195928348,0.0,0.06684766413932453,-0.06215021294339618,-0.06215021294339618,5.6,"Press report, article dated 02/08/2022: ""for a 12-month term, the interest rate increases from 5.5%/year to 5.6%/year"". Sits just above the SBV's 5.5-6.6% band for 12-to-24-month terms that month (https://en.baoquocte.vn/the-trend-of-race-to-increase-interest-rates-continues-to-be-hot-192920.html)",bond,DC Income Plus Bond Fund,dcvfm,0.7546742123242325,0.11323263409584991,0.6414415782283825,0.8679068464200823,True,False,0.7390673099010368
DCIP,2022-09,2022-08-26,2022-09-29,5,766456653357.0,1015498379036.0,10063.12,10112.17,472683378166.0,-227940391044.0,244742987122.0,4298738557.0,0.0,30,0.004874233836027031,0.004874233836027031,0.0,-0.12631897461361807,0.1311932084496451,0.1311932084496451,5.6,"Agribank published board rate, 12 months VND retail term deposit, read from Wayback Machine snapshot 20220926055710 of https://www.agribank.com.vn/vn/lai-suat",bond,DC Income Plus Bond Fund,dcvfm,0.6167124730350976,0.29739501907334864,0.31931745396174893,0.9141074921084462,True,False,0.34932155869899195
DCIP,2022-10,2022-09-30,2022-10-27,4,1015498379036.0,764389742660.0,10112.17,10158.74,143252509149.0,-398792327925.0,-255539818776.0,4431182400.0,0.0,24,0.00460534188013062,0.00460534188013062,0.0,-0.08708162014794818,0.0916869620280788,0.0916869620280788,6.4,"Agribank published board rate, 12 months VND retail term deposit, read from Wayback Machine snapshot 20221020012153 of https://www.agribank.com.vn/vn/lai-suat",bond,DC Income Plus Bond Fund,dcvfm,0.14106621153348156,0.39270602115935294,-0.25163980962587135,0.5337722326928345,True,False,-0.47143668069125744
DCIP,2022-11,2022-10-28,2022-11-24,4,764389742660.0,377271364045.0,10158.74,9900.51,7711728021.0,-384634450224.0,-376922722203.0,-10195656412.0,0.0,24,-0.025419490999868066,-0.025419490999868066,0.0,-0.07811208062178365,0.052692589621915586,0.052692589621915586,7.4,"Agribank published board rate, 12 months VND retail term deposit, read from Wayback Machine snapshot 20221128042309 of https://www.agribank.com.vn/vn/lai-suat",bond,DC Income Plus Bond Fund,dcvfm,0.010088738232101279,0.5031915379784015,-0.4931027997463003,0.5132802762105029,True,False,-0.9606891645765724
DCIP,2022-12,2022-11-25,2022-12-29,5,377271364045.0,296494190049.0,9900.51,9945.37,848026240.0,-82989624013.0,-82141597773.0,1364423777.0,0.0,30,0.0045310797120554636,0.0045310797120554636,0.0,0.06497768304650164,-0.06044660333444618,-0.06044660333444618,7.4,"Agribank published board rate, 12 months VND retail term deposit, read from Wayback Machine snapshot 20221225030309 of https://www.agribank.com.vn/vn/lai-suat",bond,DC Income Plus Bond Fund,dcvfm,0.0022477885172828794,0.21997329222978398,-0.2177255037125011,0.22222108074706687,True,False,-0.979769799429233
DCIP,2023-01,2022-12-30,2023-01-26,3,296494190049.0,291572282204.0,9945.37,9911.94,322645643.0,-4258763275.0,-3936117632.0,-985790213.0,0.0,25,-0.0033613631267614963,-0.0033613631267614963,0.0,0.09788068840472053,-0.10124205153148202,-0.10124205153148202,7.4,"bridged between observations at 2022-12 and 2023-02, which agree at 7.4%",bond,DC Income Plus Bond Fund,dcvfm,0.001088202244187915,0.014363732639402401,-0.013275530395214487,0.015451934883590316,True,False,-0.8591500349456472
DCIP,2023-02,2023-01-27,2023-02-23,3,291572282204.0,290856048765.0,9911.94,9961.94,519664324.0,-1686942184.0,-1167277860.0,1108620560.0,0.0,18,0.003818500672641445,0.003818500672641445,-657576139.0,-0.02902736265213779,0.032845863324779234,0.032845863324779234,7.4,"Agribank published board rate, 12 months VND retail term deposit, read from Wayback Machine snapshot 20230227065357 of https://www.agribank.com.vn/vn/lai-suat",bond,DC Income Plus Bond Fund,dcvfm,0.001782283007396479,0.005785674040235836,-0.0040033910328393565,0.007567957047632315,True,False,-0.5289923036880665
DCIP,2023-03,2023-02-24,2023-03-30,5,290856048765.0,293175370965.0,9961.94,10036.88,1341074244.0,-1207814560.0,133259684.0,2186062516.0,0.0,30,0.007522631134096125,0.007522631134096125,0.0,0.005485640529202751,0.002036990604893374,0.002036990604893374,7.2,"Agribank published board rate, 12 months VND retail term deposit, read from Wayback Machine snapshot 20230327002150 of https://www.agribank.com.vn/vn/lai-suat",bond,DC Income Plus Bond Fund,dcvfm,0.004610783408817928,0.004152619706994183,0.00045816370182374467,0.00876340311581211,True,False,0.0522814819504382
DCIP,2023-04,2023-03-31,2023-04-27,4,293175370965.0,294178832195.0,10036.88,10103.01,637123729.0,-1562879136.0,-925755407.0,1929216637.0,0.0,24,0.006588700871186903,0.006588700871186903,0.0,-0.018698557728611065,0.025287258599797968,0.025287258599797968,7.2,"Agribank published board rate, 12 months VND retail term deposit, read from Wayback Machine snapshot 20230422161036 of https://www.agribank.com.vn/vn/lai-suat",bond,DC Income Plus Bond Fund,dcvfm,0.0021731829890856056,0.005330867769880235,-0.0031576847807946286,0.00750405075896584,True,False,-0.4207973642797961
DCIP,2023-05,2023-04-28,2023-05-25,4,294178832195.0,296637572946.0,10103.01,10167.25,1844189923.0,-1261873380.0,582316543.0,1876424208.0,0.0,24,0.0063585010803708375,0.0063585010803708375,0.0,0.024047016727104964,-0.017688515646734126,-0.017688515646734126,6.8,"Shinhan Securities Vietnam, Vietnam Economic Update (25 Mar 2024), indicator table row ""Avg. Deposit rate 12M term of SCBs"", column 05/23 = 6.8% (https://shinhansec.com.vn/uploads/report/Vietnam_economic_update_2402_E.pdf)",bond,DC Income Plus Bond Fund,dcvfm,0.006268941613642535,0.004289477154371025,0.0019794644592715104,0.01055841876801356,True,False,0.18747735837758617
DCIP,2023-06,2023-05-26,2023-06-29,5,296637572946.0,288801805880.0,10167.25,10250.39,1126500879.0,-11321129488.0,-10194628609.0,2358861543.0,0.0,30,0.00817723573237572,0.00817723573237572,0.0,0.057071470839634486,-0.048894235107258766,-0.048894235107258766,6.8,"Agribank published board rate, 12 months VND retail term deposit, read from Wayback Machine snapshot 20230606055027 of https://www.agribank.com.vn/vn/lai-suat",bond,DC Income Plus Bond Fund,dcvfm,0.003797566396638057,0.038164853412082436,-0.03436728701544438,0.041962419808720494,True,False,-0.8190015535830057
DCIP,2023-07,2023-06-30,2023-07-27,4,288801805880.0,291530282309.0,10250.39,10330.05,1867307649.0,-1383400400.0,483907249.0,2244569180.0,0.0,24,0.007771411624338143,0.007771411624338143,0.0,0.06392450617119372,-0.056153094546855575,-0.056153094546855575,6.4,"VNDIRECT Research, average 12-month term deposit rate across commercial banks: ""the average 12-month deposit interest rate of commercial banks fell to 6.40% p.a at the end of July 2023"" (https://www.vndirect.com.vn/cmsupload/beta/Vietnam-Money-market-chartbook_August_20230809.pdf)",bond,DC Income Plus Bond Fund,dcvfm,0.006465706276697884,0.004790137637071482,0.0016755686396264025,0.011255843913769367,True,False,0.1488621068720281
DCIP,2023-08,2023-07-28,2023-08-24,4,291530282309.0,415156694266.0,10330.05,10392.71,127998704724.0,-6454795475.0,121543909249.0,2082502708.0,0.0,24,0.006065798326242433,0.006065798326242433,0.0,-0.006631421579681551,0.012697219905923984,0.012697219905923984,5.9,"VNDIRECT Research, average 12-month term deposit rate across commercial banks: ""decreased to 5.4%/year on October 10, down 0.5% points compared to the end of August (corroborated by the 25 Sep report's 0.3pp decline from end-August)"" (https://www.vndirect.com.vn/cmsupload/beta/Econ_Update_20231017.pdf)",bond,DC Income Plus Bond Fund,dcvfm,0.43905800697689124,0.022141080589900455,0.4169169263869908,0.46119908756679173,True,False,0.9039847164194836
DCIP,2023-09,2023-08-25,2023-09-28,5,415156694266.0,491629453183.0,10392.71,10461.62,204526725082.0,-130989096365.0,73537628717.0,2935130200.0,0.0,30,0.006630609340586124,0.006630609340586124,0.0,-0.031074752604276057,0.03770536194486218,0.03770536194486218,5.6,"VNDIRECT Research, average 12-month term deposit rate across commercial banks: ""decreased to 5.6%/year on 25 Sep 2023, down 0.3% points compared to the end of Aug 2023"" (https://www.vndirect.com.vn/Market-Strategy_October_20231005.pdf)",bond,DC Income Plus Bond Fund,dcvfm,0.4926494692410168,0.31551724487205884,0.17713222436895798,0.8081667141130757,True,False,0.21917782714344047
DCIP,2023-10,2023-09-29,2023-10-26,4,491629453183.0,611596239945.0,10461.62,10515.39,189918397271.0,-72709987997.0,117208409274.0,2758377488.0,0.0,24,0.0051397393520313805,0.0051397393520313805,0.0,-0.08415261664482898,0.08929235599686036,0.08929235599686036,5.3,"VNDIRECT Research, average 12-month term deposit rate across commercial banks: ""As of October 26, 2023, the average 12-month deposit interest rate of commercial banks has decreased to 5.3%/year"" (https://www.vndirect.com.vn/Market-Strategy_November_20231106.pdf)",bond,DC Income Plus Bond Fund,dcvfm,0.38630394505738935,0.1478959153611471,0.23840802969624225,0.5341998604185364,True,False,0.4462899513104583
DCIP,2023-11,2023-10-27,2023-11-30,5,611596239945.0,1120115101686.0,10515.39,10606.34,651462743940.0,-150308544247.0,501154199693.0,7364662048.0,0.0,30,0.008649227465648224,0.008649227465648224,0.0,0.03664787531384728,-0.027998647848199054,-0.027998647848199054,5.18,"Shinhan Securities Vietnam, Vietnam Economic Update (25 Mar 2024), indicator table row ""Avg. Deposit rate 12M term of SCBs"", column 11/23 = 5.18% (https://shinhansec.com.vn/uploads/report/Vietnam_economic_update_2402_E.pdf)",bond,DC Income Plus Bond Fund,dcvfm,1.0651843510329382,0.24576433671423004,0.8194200143187083,1.3109486877471683,True,False,0.6250588005293025
DCIP,2023-12,2023-12-01,2023-12-28,4,1120115101686.0,1459851078077.0,10606.34,10660.44,678038180700.0,-344860663365.0,333177517335.0,6558459056.0,0.0,24,0.0051007227752462025,0.0051007227752462025,0.0,0.03180609251185862,-0.026705369736612417,-0.026705369736612417,5.3,"Agribank published board rate, 12 months VND retail term deposit, read from Wayback Machine snapshot 20231204024251 of https://www.agribank.com.vn/vn/lai-suat",bond,DC Income Plus Bond Fund,dcvfm,0.6053290234900103,0.3078796659788935,0.29744935751111684,0.9132086894689038,True,False,0.32571893034012295
DCIP,2024-01,2023-12-29,2024-01-25,4,1459851078077.0,2130508923675.0,10660.44,10713.17,1007966158792.0,-346383675388.0,661582483404.0,9075362194.0,0.0,24,0.004946324917170397,0.004946324917170397,0.0,0.03670732463483106,-0.031760999717660665,-0.031760999717660665,5.14,"VNDIRECT Research, average 12-month term deposit rate across commercial banks: ""As of January 31, 2024, the average 12-month term deposit interest rate of commercial banks has decreased to 5.14%/year"" (https://www.vndirect.com.vn/cmsupload/beta/Market-Strategy_Feb_20240206.pdf)",bond,DC Income Plus Bond Fund,dcvfm,0.6904582076411185,0.23727329492010688,0.45318491272101163,0.9277315025612254,True,False,0.488487144685597
DCIP,2024-02,2024-01-26,2024-02-29,5,2130508923675.0,2248982381258.0,10713.17,10756.82,743968942572.0,-634772870925.0,109196071647.0,9277385936.0,0.0,30,0.0040744242833821165,0.0040744242833821165,0.0,0.07037090834522419,-0.06629648406184208,-0.06629648406184208,4.78,"Shinhan Securities Vietnam, Vietnam Economic Update (25 Mar 2024), indicator table row ""Avg. Deposit rate 12M term of SCBs"", column 02/24 = 4.78% (https://shinhansec.com.vn/uploads/report/Vietnam_economic_update_2402_E.pdf)",bond,DC Income Plus Bond Fund,dcvfm,0.34919775942017567,0.29794424415273274,0.05125351526744292,0.6471420035729084,True,False,0.07919979692937455
DCIP,2024-03,2024-03-01,2024-03-28,4,2248982381258.0,2388752039677.0,10756.82,10793.1,921517885613.0,-789684804827.0,131833080786.0,7936577633.0,0.0,24,0.0033727439893946887,0.0033727439893946887,0.0,0.029894709953461662,-0.026521965964066974,-0.026521965964066974,4.7,"Shinhan Securities Vietnam, Vietnam Economic Update (25 Mar 2024): ""Deposit interest rates 12M term at State-owned commercial banks (SCBs) continue to decrease, reaching 4.7% on March 22, 2024"" (https://shinhansec.com.vn/uploads/report/Vietnam_economic_update_2402_E.pdf)",bond,DC Income Plus Bond Fund,dcvfm,0.4097488238647454,0.3511298316108989,0.05861899225384652,0.7608786554756444,True,False,0.0770411836788907
DCIP,2024-04,2024-03-29,2024-04-25,4,2388752039677.0,2046463731856.0,10793.1,10832.74,655236408611.0,-1005705422951.0,-350469014340.0,8180706519.0,0.0,24,0.0036727168283439138,0.0036727168283439138,0.0,-0.06604504797780164,0.06971776480614555,0.06971776480614555,4.61,"VNDIRECT Research, average 12-month term deposit rate across commercial banks: ""As of April 27, 2024, the average 12-month term deposit interest rate of commercial banks plateaued at around 4.61%"" (https://www.vndirect.com.vn/cmsupload/beta/Econ_Update_20240520.pdf)",bond,DC Income Plus Bond Fund,dcvfm,0.2743007217691792,0.42101708601240523,-0.1467163642432261,0.6953178077815844,True,False,-0.21100619400404186
DCIP,2024-05,2024-04-26,2024-05-30,5,2046463731856.0,1878154001010.0,10832.74,10891.23,621387930427.0,-800213311585.0,-178825381158.0,10515650312.0,0.0,30,0.005399372642563183,0.005399372642563183,0.0,0.050914130642256916,-0.045514757999693733,-0.045514757999693733,4.7,"Agribank published board rate, 12 months VND retail term deposit, read from Wayback Machine snapshot 20240526204434 of https://www.agribank.com.vn/vn/lai-suat",bond,DC Income Plus Bond Fund,dcvfm,0.3036398450430609,0.3910224740993882,-0.08738262905632725,0.694662319142449,True,False,-0.12579152006430963
DCIP,2024-06,2024-05-31,2024-06-27,4,1878154001010.0,1669720628041.0,10891.23,10953.81,474920054224.0,-693428040508.0,-218507986284.0,10074613315.0,0.0,24,0.005745907487033408,0.005745907487033408,0.0,-0.0057094573251628145,0.011455364812196223,0.011455364812196223,4.7,"Agribank published board rate, 12 months VND retail term deposit, read from Wayback Machine snapshot 20240626111100 of https://www.agribank.com.vn/vn/lai-suat",bond,DC Income Plus Bond Fund,dcvfm,0.2528653422289152,0.36920723227972824,-0.11634189005081302,0.6220725745086434,True,False,-0.18702301760000917
DCIP,2024-07,2024-06-28,2024-07-25,4,1669720628041.0,1734713770166.0,10953.81,10984.91,573711481459.0,-513550486043.0,60160995416.0,4832146709.0,0.0,24,0.002839194764196362,0.002839194764196362,0.0,-0.020570411964196178,0.02340960672839254,0.02340960672839254,4.7,"bridged between observations at 2024-06 and 2024-09, which agree at 4.7%",bond,DC Income Plus Bond Fund,dcvfm,0.34359728916573734,0.3075667135079496,0.036030575657787674,0.651164002673687,True,False,0.05533256677249619
DCIP,2024-08,2024-07-26,2024-08-29,5,1734713770166.0,1356975004119.0,10984.91,11029.99,628086725381.0,-1012593916863.0,-384507191482.0,6768425435.0,0.0,30,0.004103811501414034,0.004103811501414034,0.0,0.03915049586843877,-0.03504668436702474,-0.03504668436702474,4.7,"bridged between observations at 2024-06 and 2024-09, which agree at 4.7%",bond,DC Income Plus Bond Fund,dcvfm,0.36206937200994055,0.5837239170391216,-0.221654545029181,0.9457932890490621,True,False,-0.23435833981444426
DCIP,2024-09,2024-08-30,2024-09-26,4,1356975004119.0,1138185159806.0,11029.99,11076.68,417694434181.0,-641818191622.0,-224123757441.0,5333913128.0,0.0,24,0.004233004744337965,0.004233004744337965,0.0,0.007819145200433697,-0.003586140456095732,-0.003586140456095732,4.7,"Agribank published board rate, 12 months VND retail term deposit, read from Wayback Machine snapshot 20240906234432 of https://www.agribank.com.vn/vn/lai-suat",bond,DC Income Plus Bond Fund,dcvfm,0.30781291690202,0.472977165882796,-0.16516424898077597,0.780790082784816,True,False,-0.21153476795157355
DCIP,2024-10,2024-09-27,2024-10-31,5,1138185159806.0,1204691095638.0,11076.68,11138.63,691411784998.0,-631402644358.0,60009140640.0,6496795192.0,0.0,30,0.005592831064903825,0.005592831064903825,0.0,-0.020913828213923513,0.026506659278827338,0.026506659278827338,4.7,"Agribank published board rate, 12 months VND retail term deposit, read from Wayback Machine snapshot 20241008043404 of https://www.agribank.com.vn/vn/lai-suat",bond,DC Income Plus Bond Fund,dcvfm,0.6074686346427579,0.5547451035696341,0.05272353107312378,1.162213738212392,True,False,0.04536474603562867
DCIP,2024-11,2024-11-01,2024-11-28,4,1204691095638.0,1118935715689.0,11138.63,11191.75,505916012040.0,-596898262068.0,-90982250028.0,5226870079.0,0.0,24,0.004768988645821093,0.004768988645821093,0.0,-0.017691066683538148,0.02246005532935924,0.02246005532935924,4.7,"Agribank published board rate, 12 months VND retail term deposit, read from Wayback Machine snapshot 20241128101714 of https://www.agribank.com.vn/vn/lai-suat",bond,DC Income Plus Bond Fund,dcvfm,0.4199549692629451,0.4954782717571967,-0.07552330249425156,0.9154332410201419,True,False,-0.08250006566299667
DCIP,2024-12,2024-11-29,2024-12-26,4,1118935715689.0,979892625924.0,11191.75,11233.93,461119123745.0,-604067947773.0,-142948824028.0,3905734263.0,0.0,24,0.0037688475886252792,0.0037688475886252792,0.0,0.02476431233948695,-0.02099546475086167,-0.02099546475086167,4.7,"Agribank published board rate, 12 months VND retail term deposit, read from Wayback Machine snapshot 20241217044809 of https://www.agribank.com.vn/vn/lai-suat",bond,DC Income Plus Bond Fund,dcvfm,0.4121051078086819,0.5398593853991307,-0.1277542775904488,0.9519644932078126,True,False,-0.1342006750272357
DCIP,2025-01,2024-12-27,2025-01-23,4,979892625924.0,1151691363046.0,11233.93,11275.12,588428147815.0,-420879505359.0,167548642456.0,4250094666.0,0.0,24,0.003666570826060145,0.003666570826060145,0.0,-0.01040169066754637,0.014068261493606515,0.014068261493606515,4.7,"bridged between observations at 2024-12 and 2025-02, which agree at 4.7%",bond,DC Income Plus Bond Fund,dcvfm,0.600502679832023,0.42951594309848723,0.17098673673353573,1.0300186229305102,True,False,0.16600353908850762
DCIP,2025-02,2025-01-24,2025-02-27,5,1151691363046.0,1204801838985.0,11275.12,11335.72,534603982394.0,-487950807481.0,46653174913.0,6457301026.0,0.0,30,0.005374665635487386,0.005374665635487386,0.0,0.03824138834419588,-0.032866722708708496,-0.032866722708708496,4.7,"Agribank published board rate, 12 months VND retail term deposit, read from Wayback Machine snapshot 20250207105719 of https://www.agribank.com.vn/vn/lai-suat",bond,DC Income Plus Bond Fund,dcvfm,0.4641903200351145,0.42368191959907114,0.040508400436043396,0.8878722396341856,True,False,0.0456241321980439
DCIP,2025-03,2025-02-28,2025-03-27,4,1204801838985.0,1197553442583.0,11335.72,11374.17,621243335553.0,-632711867048.0,-11468531495.0,4220135093.0,0.0,24,0.0033919327576901193,0.0033919327576901193,0.0,0.012241933017281159,-0.00885000025959104,-0.00885000025959104,4.7,"Agribank published board rate, 12 months VND retail term deposit, read from Wayback Machine snapshot 20250323005822 of https://www.agribank.com.vn/vn/lai-suat",bond,DC Income Plus Bond Fund,dcvfm,0.5156394316897573,0.5251584506054836,-0.009519018915726261,1.040797882295241,True,False,-0.009145886129912417
DCIP,2025-04,2025-03-28,2025-04-24,4,1197553442583.0,1102356130695.0,11374.17,11433.19,639153748266.0,-740287906439.0,-101134158173.0,5936846285.0,0.0,24,0.005188950050861063,0.005188950050861063,0.0,-0.07588702306222195,0.08107597311308301,0.08107597311308301,4.7,"Agribank published board rate, 12 months VND retail term deposit, read from Wayback Machine snapshot 20250404031732 of https://www.agribank.com.vn/vn/lai-suat",bond,DC Income Plus Bond Fund,dcvfm,0.5337162631234318,0.6181669060566306,-0.08445064293319886,1.1518831691800624,True,False,-0.07331528508512962
DCIP,2025-05,2025-04-25,2025-05-29,5,1102356130695.0,1257625568438.0,11433.19,11490.74,840570877833.0,-690931488918.0,149639388915.0,5630048828.0,0.0,30,0.005033590800118226,0.005033590800118226,0.0,0.09687333960027789,-0.09183974880015966,-0.09183974880015966,4.7,"Agribank published board rate, 12 months VND retail term deposit, read from Wayback Machine snapshot 20250531072021 of https://www.agribank.com.vn/vn/lai-suat",bond,DC Income Plus Bond Fund,dcvfm,0.7625220692545586,0.6267770184961823,0.13574505075837623,1.389299087750741,True,False,0.09770757927880447
DCIP,2025-06,2025-05-30,2025-06-26,4,1257625568438.0,1477559622123.0,11490.74,11534.19,716452037938.0,-501566049213.0,214885988725.0,5048064960.0,0.0,24,0.0037813056426303504,0.0037813056426303504,0.0,0.017744026947670077,-0.013962721305039727,-0.013962721305039727,4.7,"Agribank published board rate, 12 months VND retail term deposit, read from Wayback Machine snapshot 20250613002901 of https://www.agribank.com.vn/vn/lai-suat",bond,DC Income Plus Bond Fund,dcvfm,0.5696862849471563,0.3988198568799429,0.1708664280672135,0.9685061418270993,True,False,0.17642265824445033
DCIP,2025-07,2025-06-27,2025-07-31,5,1477559622123.0,1855526544015.0,11534.19,11591.77,1229276013839.0,-859026066364.0,370249947475.0,7716974417.0,0.0,30,0.004992114747546461,0.004992114747546461,0.0,0.1002072242928378,-0.09521510954529133,-0.09521510954529133,4.7,"Agribank published board rate, 12 months VND retail term deposit, read from Wayback Machine snapshot 20250722154555 of https://www.agribank.com.vn/vn/lai-suat",bond,DC Income Plus Bond Fund,dcvfm,0.8319637295398888,0.5813816603418864,0.25058206919800247,1.4133453898817754,True,False,0.1772971214198133
DCIP,2025-08,2025-08-01,2025-08-28,4,1855526544015.0,1920670572023.0,11591.77,11635.89,821820976303.0,-764123992257.0,57696984046.0,7447043962.0,0.0,24,0.0038061486727221094,0.0038061486727221094,0.0,0.11869392753507446,-0.11488777886235235,-0.11488777886235235,4.7,"bridged between observations at 2025-07 and 2025-10, which agree at 4.7%",bond,DC Income Plus Bond Fund,dcvfm,0.4429044569336845,0.41180978775091176,0.031094669182772726,0.8547142446845962,True,False,0.036380193001518506
DCIP,2025-09,2025-08-29,2025-09-25,4,1920670572023.0,2005102512306.0,11635.89,11681.74,771279736309.0,-694673597043.0,76606139266.0,7825801017.0,0.0,24,0.003940394761380528,0.003940394761380528,0.0,-0.008787168473281315,0.012727563234661843,0.012727563234661843,4.7,"bridged between observations at 2025-07 and 2025-10, which agree at 4.7%",bond,DC Income Plus Bond Fund,dcvfm,0.401567945874564,0.3616828451280511,0.03988510074651294,0.7632507910026152,True,False,0.052256874433263815
DCIP,2025-10,2025-09-26,2025-10-30,5,2005102512306.0,1922529251425.0,11681.74,11745.04,880984866956.0,-974237104594.0,-93252237638.0,10678976757.0,0.0,30,0.005418713308120271,0.005418713308120271,0.0,0.002088722698053491,0.0033299906100667798,0.0033299906100667798,4.7,"Press report, ""Bank interest rates started to rise from the end of October. The average for a 12-month term was 5.34% at private banks and 4.7% at state-owned banks"" (https://vcdn.vietnam.vn/en/lai-suat-ngan-hang-dong-loat-tang-gui-100-trieu-dong-nhan-duoc-bao-nhieu-tien-lai)",bond,DC Income Plus Bond Fund,dcvfm,0.43937148427528994,0.48587895063458036,-0.04650746635929042,0.9252504349098702,True,False,-0.05026473331387384
DCIP,2025-11,2025-10-31,2025-11-27,4,1922529251425.0,1810132682787.0,11745.04,11795.6,557421615021.0,-677757942329.0,-120336327308.0,7939758670.0,0.0,24,0.004304795896821201,0.004304795896821201,0.0,0.008834610109189844,-0.004529814212368644,-0.004529814212368644,,"no observation: bracketing observations 2025-10 at 4.7% and 2026-03 at 5.9% disagree, so the rate moved somewhere in this gap; left missing rather than picking a side",bond,DC Income Plus Bond Fund,dcvfm,0.2899418121247481,0.3525345280580976,-0.06259271593334946,0.6424763401828457,True,False,-0.09742415715345389
DCIP,2025-12,2025-11-28,2025-12-25,4,1810132682787.0,1559093838877.0,11795.6,11851.68,557866949980.0,-817273861242.0,-259406911262.0,8368067352.0,0.0,24,0.004754315168367773,0.004754315168367773,0.0,0.03474992875463068,-0.029995613586262904,-0.029995613586262904,,"no observation: bracketing observations 2025-10 at 4.7% and 2026-03 at 5.9% disagree, so the rate moved somewhere in this gap; left missing rather than picking a side",bond,DC Income Plus Bond Fund,dcvfm,0.3081911924384853,0.4514994226741827,-0.1433082302356974,0.759690615112668,True,False,-0.18864025352536923
DCIP,2026-01,2025-12-26,2026-01-29,5,1559093838877.0,1232052897747.0,11851.68,11934.04,608903659784.0,-944690834129.0,-335787174345.0,8746233215.0,0.0,30,0.006949225763773326,0.006949225763773326,0.0,0.04138623518948825,-0.034437009425714926,-0.034437009425714926,,"no observation: bracketing observations 2025-10 at 4.7% and 2026-03 at 5.9% disagree, so the rate moved somewhere in this gap; left missing rather than picking a side",bond,DC Income Plus Bond Fund,dcvfm,0.390549718432976,0.6059230115420452,-0.2153732931090692,0.9964727299750212,True,False,-0.21613566195079717
DCIP,2026-02,2026-01-30,2026-02-26,4,1232052897747.0,1132427894910.0,11934.04,11997.12,309241441140.0,-414861946467.0,-105620505327.0,5995502490.0,0.0,24,0.005285720510405545,0.005285720510405545,0.0,0.035625736922721085,-0.03034001641231554,-0.03034001641231554,,"no observation: bracketing observations 2025-10 at 4.7% and 2026-03 at 5.9% disagree, so the rate moved somewhere in this gap; left missing rather than picking a side",bond,DC Income Plus Bond Fund,dcvfm,0.25099688633945505,0.33672413516143623,-0.08572724882198117,0.5877210215008913,True,False,-0.14586384642675432
DCIP,2026-03,2026-02-27,2026-03-26,4,1132427894910.0,968181356120.0,11997.12,12026.94,484246006934.0,-650935078180.0,-166689071246.0,2442532456.0,0.0,24,0.0024855965431702653,0.0024855965431702653,0.0,-0.12502926092230426,0.12751485746547453,0.12751485746547453,5.9,"mean of big-four published 12-month VND board rates (Agribank 5.9, BIDV 5.9, Vietcombank 5.9, VietinBank 5.9), read from Wayback Machine snapshot 20260331012516 of https://cafefnew.mediacdn.vn/Images/Uploaded/DuLieuDownload/Liveboard/all_banks_interest_rates.json",bond,DC Income Plus Bond Fund,dcvfm,0.42761751905845236,0.5748137087630937,-0.14719618970464132,1.002431227821546,True,False,-0.146839190180182
DCIP,2026-04,2026-03-27,2026-04-23,4,968181356120.0,832024074343.0,12026.94,12065.59,335668685692.0,-474742810035.0,-139074124343.0,2916842566.0,0.0,24,0.0032136187592186616,0.0032136187592186616,0.0,0.13725275593902553,-0.13403913717980687,-0.13403913717980687,5.9,"bridged between observations at 2026-03 and 2026-08, which agree at 5.9%",bond,DC Income Plus Bond Fund,dcvfm,0.3467002164111038,0.49034492043674366,-0.14364470402563984,0.8370451368478475,True,False,-0.1716092689655643
DCIP,2026-05,2026-04-24,2026-05-28,5,832024074343.0,777668458976.0,12065.59,12153.13,361344614867.0,-421569114869.0,-60224500002.0,5868884635.0,0.0,30,0.007255343501643807,0.007255343501643807,0.0,-0.0035768515152160285,0.010832195016859836,0.010832195016859836,5.9,"bridged between observations at 2026-03 and 2026-08, which agree at 5.9%",bond,DC Income Plus Bond Fund,dcvfm,0.43429586475888016,0.506678986665005,-0.07238312190612478,0.9409748514238852,True,False,-0.07692354561505495
DCIP,2026-06,2026-05-29,2026-06-25,4,777668458976.0,745735353635.0,12153.13,12207.97,186051507106.0,-221357376345.0,-35305869239.0,3372763898.0,0.0,24,0.004512417788668399,0.004512417788668399,0.0,-0.00032194540879026956,0.004834363197458669,0.004834363197458669,5.9,"bridged between observations at 2026-03 and 2026-08, which agree at 5.9%",bond,DC Income Plus Bond Fund,dcvfm,0.23924270678405105,0.28464234827843443,-0.04539964149438339,0.5238850550624855,True,False,-0.08665954689043082
DCIP,2026-07,2026-06-26,2026-07-30,5,745735353635.0,577126823165.0,12207.97,12275.89,271527403761.0,-443617240467.0,-172089836706.0,3481306236.0,0.0,30,0.005563578547457038,0.005563578547457038,0.0,-0.06355638811209441,0.06911996665955145,0.06911996665955145,5.9,"bridged between observations at 2026-03 and 2026-08, which agree at 5.9%",bond,DC Income Plus Bond Fund,dcvfm,0.36410692135952966,0.594872213452989,-0.2307652920934594,0.9589791348125187,True,False,-0.24063640564877795
DCIP,2026-08,2026-07-31,2026-08-13,2,577126823165.0,580961876610.0,12275.89,12296.47,63104791825.0,-60239675303.0,2865116522.0,969936923.0,0.0,12,0.0016764568597471552,0.0016764568597471552,0.0,0.012019533891990397,-0.010343077032243242,-0.010343077032243242,5.9,"mean of big-four published 12-month VND board rates (Agribank 5.9, BIDV 5.9, Vietcombank 5.9, VietinBank 5.9), read live from https://cafefnew.mediacdn.vn/Images/Uploaded/DuLieuDownload/Liveboard/all_banks_interest_rates.json on 2026-08-15",bond,DC Income Plus Bond Fund,dcvfm,0.10934302356443829,0.1043785748384416,0.004964448725996688,0.21372159840287988,True,False,0.023228577565840403
SSI-EF,2025-10,2025-10-16,2025-10-29,2,72813939367.0,74898995913.0,9976.64,9857.88,,,2937433184.0,-852376638.0,0.0,12,-0.011903807293838553,-0.011903807293838553,0.0,-0.04585561875654409,0.03395181146270554,0.03395181146270554,4.7,"Press report, ""Bank interest rates started to rise from the end of October. The average for a 12-month term was 5.34% at private banks and 4.7% at state-owned banks"" (https://vcdn.vietnam.vn/en/lai-suat-ngan-hang-dong-loat-tang-gui-100-trieu-dong-nhan-duoc-bao-nhieu-tien-lai)",equity,SSI Enhanced Fund,ssiam,,,0.04034163251619475,,False,False,
SSI-EF,2025-11,2025-10-30,2025-11-26,4,74898995913.0,86303505296.0,9744.09,9715.21,,,12335265097.0,-930755714.0,0.0,24,-0.002963847829812849,-0.002963847829812849,0.0,-0.003244692525343651,0.00028084469553080194,0.00028084469553080194,,"no observation: bracketing observations 2025-10 at 4.7% and 2026-03 at 5.9% disagree, so the rate moved somewhere in this gap; left missing rather than picking a side",equity,SSI Enhanced Fund,ssiam,,,0.16469199548854038,,False,False,
SSI-EF,2025-12,2025-11-27,2025-12-31,4,86303505296.0,89431135163.0,,,,,1504321425.0,-1087235703.0,0.0,24,,,2710544145.0,0.019809397603029577,,,,"no observation: bracketing observations 2025-10 at 4.7% and 2026-03 at 5.9% disagree, so the rate moved somewhere in this gap; left missing rather than picking a side",equity,SSI Enhanced Fund,ssiam,,,0.017430594734716094,,False,False,
SSI-EF,2026-01,2026-01-01,2026-01-28,4,89431135163.0,84168271989.0,9853.1,10005.33,,,-6720190087.0,1457326913.0,0.0,24,0.006694530684377309,0.006694530684377309,0.0,0.01032227695307908,-0.0036277462687017703,-0.0036277462687017703,,"no observation: bracketing observations 2025-10 at 4.7% and 2026-03 at 5.9% disagree, so the rate moved somewhere in this gap; left missing rather than picking a side",equity,SSI Enhanced Fund,ssiam,,,-0.0751437413239983,,False,False,
SSI-EF,2026-02,2026-01-29,2026-02-25,4,84168271989.0,88208069533.0,10005.33,10238.22,,,2051592384.0,1988205160.0,0.0,24,0.02327659357562406,0.02327659357562406,0.0,0.032170213710057904,-0.008893620134433844,-0.008893620134433844,,"no observation: bracketing observations 2025-10 at 4.7% and 2026-03 at 5.9% disagree, so the rate moved somewhere in this gap; left missing rather than picking a side",equity,SSI Enhanced Fund,ssiam,,,0.024374890151815445,,False,False,
SSI-EF,2026-03,2026-02-26,2026-03-25,3,88208069533.0,85004403368.0,10238.22,9772.15,,,376912933.0,-3553660170.0,0.0,18,-0.040492183348921795,-0.040492183348921795,-26918928.0,-0.0936175342774962,0.0531253509285744,0.0531253509285744,5.9,"mean of big-four published 12-month VND board rates (Agribank 5.9, BIDV 5.9, Vietcombank 5.9, VietinBank 5.9), read from Wayback Machine snapshot 20260331012516 of https://cafefnew.mediacdn.vn/Images/Uploaded/DuLieuDownload/Liveboard/all_banks_interest_rates.json",equity,SSI Enhanced Fund,ssiam,,,0.004272998320850804,,False,False,
SSI-EF,2026-04,2026-03-26,2026-04-22,4,85004403368.0,90156366552.0,9772.15,9965.54,,,3473211938.0,1678751246.0,0.0,24,0.019789913171615492,0.019789913171615492,0.0,0.12007671014781174,-0.10028679697619625,-0.10028679697619625,5.9,"bridged between observations at 2026-03 and 2026-08, which agree at 5.9%",equity,SSI Enhanced Fund,ssiam,,,0.040859200234178626,,False,False,
SSI-EF,2026-05,2026-05-01,2026-05-27,4,89166905641.0,93119611956.0,9904.53,9857.07,,,4420410447.0,-467704132.0,0.0,23,-0.00479174680676453,-0.00479174680676453,0.0,0.010964888625208946,-0.015756635431973476,-0.015756635431973476,5.9,"bridged between observations at 2026-03 and 2026-08, which agree at 5.9%",equity,SSI Enhanced Fund,ssiam,,,0.049574563737775856,,False,False,
SSI-EF,2026-06,2026-05-27,2026-06-24,4,93119611956.0,91393372809.0,9857.07,9778.77,,,-978602401.0,-747636746.0,0.0,25,-0.00794353697396899,-0.00794353697396899,0.0,0.0019152489023328556,-0.009858785876301845,-0.009858785876301845,5.9,"bridged between observations at 2026-03 and 2026-08, which agree at 5.9%",equity,SSI Enhanced Fund,ssiam,,,-0.010509090195332858,,False,False,
SSI-EF,2026-07,2026-06-25,2026-07-29,5,91393372809.0,86091834687.0,9778.77,9175.66,,,345269190.0,-5646807312.0,0.0,30,-0.06167544588941154,-0.06167544588941154,0.0,-0.09229933653528699,0.03062389064587545,0.03062389064587545,5.9,"bridged between observations at 2026-03 and 2026-08, which agree at 5.9%",equity,SSI Enhanced Fund,ssiam,,,0.0037778361755131493,,False,False,
SSI-EF,2026-08,2026-07-30,2026-08-12,2,86091834687.0,89039266837.0,,,,,-41432512.0,2988864662.0,0.0,12,,,0.0,0.05191590210479391,,,5.9,"mean of big-four published 12-month VND board rates (Agribank 5.9, BIDV 5.9, Vietcombank 5.9, VietinBank 5.9), read live from https://cafefnew.mediacdn.vn/Images/Uploaded/DuLieuDownload/Liveboard/all_banks_interest_rates.json on 2026-08-15",equity,SSI Enhanced Fund,ssiam,,,-0.0004812594847192445,,False,False,
SSI-SCA,2021-07,2021-07-08,2021-07-28,3,582608098277.0,573819857111.0,28780.92,28263.44,16556981967.0,-14788123202.0,1768858765.0,-10557099931.0,0.0,18,-0.017979967283881182,-0.017979967283881182,0.0,-0.07100561585241683,0.053025648568535644,0.053025648568535644,,,equity,SSI Sustainable Competitive Advantage Fund,ssiam,0.028418729530134357,0.025382625551780457,0.0030361039783539006,0.05380135508191482,True,False,0.056431738080412755
SSI-SCA,2021-08,2021-07-29,2021-08-25,4,573819857111.0,593972566462.0,28263.44,29021.8,17030988964.0,-12039537980.0,4991450984.0,15161258367.0,0.0,24,0.02683183646435139,0.02683183646435139,0.0,0.025433218226095455,0.0013986182382559331,0.0013986182382559331,,,equity,SSI Sustainable Competitive Advantage Fund,ssiam,0.029680027194851008,0.02098138959605761,0.008698637598793399,0.05066141679090862,True,False,0.1717014278280982
SSI-SCA,2021-09,2021-08-26,2021-09-29,5,593972566462.0,654825506580.0,29021.8,30140.44,44368825490.0,-7320038318.0,37048787172.0,23804152946.0,0.0,30,0.03854481803334009,0.03854481803334009,0.0,0.022649001565423266,0.015895816467916823,0.015895816467916823,,,equity,SSI Sustainable Competitive Advantage Fund,ssiam,0.07469844231069979,0.012323866002098107,0.06237457630860168,0.08702230831279789,True,False,0.7167653618701884
SSI-SCA,2021-10,2021-09-30,2021-10-27,4,654825506580.0,704487732491.0,30140.44,31555.44,22637181798.0,-4080251422.0,18556930376.0,31105295535.0,0.0,24,0.04694689261337892,0.04694689261337892,0.0,0.06258167128381653,-0.01563477867043761,-0.01563477867043761,,,equity,SSI Sustainable Competitive Advantage Fund,ssiam,0.03456979236534125,0.006231051449584174,0.028338740915757075,0.04080084381492542,True,False,0.6945626184669846
SSI-SCA,2021-11,2021-10-28,2021-11-24,4,704487732491.0,745466366824.0,31555.44,32502.56,28251166314.0,-8686961795.0,19564204519.0,21414429814.0,0.0,24,0.030014476109349042,0.030014476109349042,0.0,0.04627482396593163,-0.01626034785658259,-0.01626034785658259,,,equity,SSI Sustainable Competitive Advantage Fund,ssiam,0.04010171506337893,0.012330891503651525,0.027770823559727403,0.05243260656703046,True,False,0.5296479686590607
SSI-SCA,2021-12,2021-11-25,2021-12-29,5,745466366824.0,676145048744.0,32502.56,31753.05,16750734250.0,-68897013899.0,-52146279649.0,-17175038431.0,0.0,30,-0.023060029733042775,-0.023060029733042775,0.0,-0.002048533451543655,-0.02101149628149912,-0.02101149628149912,,,equity,SSI Sustainable Competitive Advantage Fund,ssiam,0.022470140834609572,0.09242135791119623,-0.06995121707658665,0.1148914987458058,True,False,-0.6088458923436254
SSI-SCA,2022-01,2021-12-30,2022-01-26,4,676145048744.0,630921089275.0,31753.05,31357.74,11386916730.0,-47458160605.0,-36071243875.0,-9152715594.0,0.0,24,-0.012449512723974654,-0.012449512723974654,0.0,-0.0028536431061636502,-0.009595869617811004,-0.009595869617811004,,,equity,SSI Sustainable Competitive Advantage Fund,ssiam,0.016840937830059122,0.07018931913079565,-0.05334838130073653,0.08703025696085478,True,False,-0.6129865998756274
SSI-SCA,2022-02,2022-01-27,2022-02-23,4,630921089275.0,645795624102.0,31357.74,32399.47,7134355604.0,-13170587634.0,-6036232030.0,20910766857.0,0.0,24,0.03322082522528702,0.03322082522528702,0.0,0.020734621147693755,0.012486204077593266,0.012486204077593266,,,equity,SSI Sustainable Competitive Advantage Fund,ssiam,0.011307841385042598,0.02087517418245521,-0.009567332797412615,0.03218301556749781,True,False,-0.29727894135174926
SSI-SCA,2022-03,2022-02-24,2022-03-30,5,645795624102.0,655203487824.0,32399.47,33529.11,11766051788.0,-24407290432.0,-12641238644.0,22049102366.0,0.0,30,0.034866002437694554,0.034866002437694554,0.0,-0.014408516828671503,0.04927451926636606,0.04927451926636606,,,equity,SSI Sustainable Competitive Advantage Fund,ssiam,0.01821946657560754,0.03779414031480802,-0.019574673739200472,0.056013606890415554,True,False,-0.34946283279875484
SSI-SCA,2022-04,2022-03-31,2022-04-27,4,655203487824.0,601073526455.0,33529.11,30952.33,17523481195.0,-21261851336.0,-3738370141.0,-50391591228.0,0.0,24,-0.07685202500155819,-0.07685202500155819,0.0,-0.09174041100026165,0.014888385998703457,0.014888385998703457,,,equity,SSI Sustainable Competitive Advantage Fund,ssiam,0.026745097547019068,0.03245076030747769,-0.005705662760458621,0.059195857854496756,True,False,-0.09638618253464833
SSI-SCA,2022-05,2022-04-28,2022-05-25,4,601073526455.0,556450851098.0,30952.33,29186.93,10404521246.0,-20160468538.0,-9755947292.0,-34866728065.0,0.0,24,-0.05703609389018549,-0.05703609389018549,0.0,-0.06303877320371976,0.006002679313534265,0.006002679313534265,,,equity,SSI Sustainable Competitive Advantage Fund,ssiam,0.01730989768816402,0.0335407693912291,-0.016230871703065083,0.050850667079393126,True,False,-0.31918699665677597
SSI-SCA,2022-06,2022-05-26,2022-06-29,5,556450851098.0,558450341342.0,29186.93,29035.97,13611881260.0,-8478427668.0,5133453592.0,-3133963348.0,0.0,30,-0.005172178094784208,-0.005172178094784208,0.0,-0.039686856980676755,0.03451467888589255,0.03451467888589255,,,equity,SSI Sustainable Competitive Advantage Fund,ssiam,0.024461965029149945,0.015236615509294659,0.009225349519855286,0.039698580538444606,True,False,0.2323848710641264
SSI-SCA,2022-07,2022-06-30,2022-07-27,4,558450341342.0,530689392948.0,29035.97,27912.08,6130715386.0,-12275154836.0,-6144439450.0,-21616508944.0,0.0,24,-0.03870681778497509,-0.03870681778497509,0.0,-0.02220689768407913,-0.01649992010089596,-0.01649992010089596,5.5,"Press report, article dated 02/08/2022 reporting the increase: ""for a 12-month term, the interest rate increases from 5.5%/year to 5.6%/year"". 5.5% is the pre-increase level, so it is the July level; the month is inferred from the increase date, the level is stated (https://en.baoquocte.vn/the-trend-of-race-to-increase-interest-rates-continues-to-be-hot-192920.html)",equity,SSI Sustainable Competitive Advantage Fund,ssiam,0.010978085126185812,0.021980745515352073,-0.01100266038916626,0.03295883064153789,True,False,-0.3338304234404375
SSI-SCA,2022-08,2022-07-28,2022-08-31,5,530689392948.0,574598777337.0,27912.08,30157.56,7817750526.0,-6651219409.0,1166531117.0,42742853272.0,0.0,30,0.08044832201684726,0.08044832201684726,0.0,0.07511922353573364,0.0053290984811136255,0.0053290984811136255,5.6,"Press report, article dated 02/08/2022: ""for a 12-month term, the interest rate increases from 5.5%/year to 5.6%/year"". Sits just above the SBV's 5.5-6.6% band for 12-to-24-month terms that month (https://en.baoquocte.vn/the-trend-of-race-to-increase-interest-rates-continues-to-be-hot-192920.html)",equity,SSI Sustainable Competitive Advantage Fund,ssiam,0.014731311064221757,0.012533168172162289,0.0021981428920594677,0.027264479236384045,True,False,0.08062295534792678
SSI-SCA,2022-09,2022-09-01,2022-09-28,4,574598777337.0,513839324299.0,30157.56,27340.33,3823177460.0,-11237574524.0,-7414397064.0,-53345055974.0,0.0,24,-0.09341704037064014,-0.09341704037064014,0.0,-0.10690271844811838,0.013485678077478247,0.013485678077478247,5.6,"Agribank published board rate, 12 months VND retail term deposit, read from Wayback Machine snapshot 20220926055710 of https://www.agribank.com.vn/vn/lai-suat",equity,SSI Sustainable Competitive Advantage Fund,ssiam,0.006653647050414312,0.01955725450040282,-0.012903607449988506,0.02621090155081713,True,False,-0.4922992604802727
SSI-SCA,2022-10,2022-09-29,2022-10-26,4,513839324299.0,421796474275.0,27340.33,23035.91,6604622339.0,-19013143113.0,-12408520774.0,-79634329250.0,0.0,24,-0.15743848007686811,-0.15743848007686811,0.0,-0.1313897973102952,-0.026048682766572906,-0.026048682766572906,6.4,"Agribank published board rate, 12 months VND retail term deposit, read from Wayback Machine snapshot 20221020012153 of https://www.agribank.com.vn/vn/lai-suat",equity,SSI Sustainable Competitive Advantage Fund,ssiam,0.012853477783177237,0.03700211761514844,-0.024148639831971203,0.04985559539832568,True,False,-0.48437170670681023
SSI-SCA,2022-11,2022-10-27,2022-11-30,5,421796474275.0,423630477780.0,23035.91,23243.62,12463700488.0,-13699753832.0,-1236053344.0,3070056849.0,0.0,30,0.009016791609274266,0.009016791609274266,0.0,0.05542804220020958,-0.046411250590935316,-0.046411250590935316,7.4,"Agribank published board rate, 12 months VND retail term deposit, read from Wayback Machine snapshot 20221128042309 of https://www.agribank.com.vn/vn/lai-suat",equity,SSI Sustainable Competitive Advantage Fund,ssiam,0.02954908646266683,0.03247953614488519,-0.0029304496822183637,0.06202862260755202,True,False,-0.04724350725565813
SSI-SCA,2022-12,2022-12-01,2022-12-28,4,423630477780.0,428339532997.0,23243.62,23855.85,5428765039.0,-12076222930.0,-6647457891.0,11356513108.0,0.0,24,0.026339700958800893,0.026339700958800893,0.0,-0.031247019324316616,0.05758672028311751,0.05758672028311751,7.4,"Agribank published board rate, 12 months VND retail term deposit, read from Wayback Machine snapshot 20221225030309 of https://www.agribank.com.vn/vn/lai-suat",equity,SSI Sustainable Competitive Advantage Fund,ssiam,0.012814859467734682,0.028506501688179836,-0.015691642220445154,0.04132136115591452,True,False,-0.379746498699236
SSI-SCA,2023-01,2022-12-29,2023-01-25,4,428339532997.0,466166500416.0,23855.85,25985.72,8645526400.0,-8995431805.0,-349905405.0,38176872824.0,0.0,24,0.08928082629627543,0.08928082629627543,0.0,0.09099501801784093,-0.0017141917215655056,-0.0017141917215655056,7.4,"bridged between observations at 2022-12 and 2023-02, which agree at 7.4%",equity,SSI Sustainable Competitive Advantage Fund,ssiam,0.020183816187847765,0.02100070414248456,-0.0008168879546367967,0.041184520330332326,True,False,-0.019834829884740945
SSI-SCA,2023-02,2023-01-26,2023-02-22,4,466166500416.0,455472509609.0,25985.72,25424.77,5041378158.0,-5657596115.0,-616217957.0,-10077772850.0,0.0,24,-0.021586856165617174,-0.021586856165617174,0.0,-0.04855245108656414,0.026965594920946967,0.026965594920946967,7.4,"Agribank published board rate, 12 months VND retail term deposit, read from Wayback Machine snapshot 20230227065357 of https://www.agribank.com.vn/vn/lai-suat",equity,SSI Sustainable Competitive Advantage Fund,ssiam,0.01081454405990381,0.012136427885640101,-0.0013218838257362902,0.02295097194554391,True,False,-0.0575959845566777
SSI-SCA,2023-03,2023-02-23,2023-03-29,5,455472509609.0,435834354627.0,25424.77,24727.91,2845973710.0,-10003457102.0,-7157483392.0,-12480671590.0,0.0,30,-0.02740870418886776,-0.02740870418886776,0.0,0.0019444549834959357,-0.029353159172363696,-0.029353159172363696,7.2,"Agribank published board rate, 12 months VND retail term deposit, read from Wayback Machine snapshot 20230327002150 of https://www.agribank.com.vn/vn/lai-suat",equity,SSI Sustainable Competitive Advantage Fund,ssiam,0.006248398421329805,0.021962812005026297,-0.01571441358369649,0.0282112104263561,True,False,-0.557027272003027
SSI-SCA,2023-04,2023-03-30,2023-04-26,4,435834354627.0,441219778787.0,24727.91,25107.02,7181267805.0,-8496448945.0,-1315181140.0,6700605300.0,0.0,24,0.015331259293648536,0.015331259293648536,0.0,-0.014701845067355834,0.03003310436100437,0.03003310436100437,7.2,"Agribank published board rate, 12 months VND retail term deposit, read from Wayback Machine snapshot 20230422161036 of https://www.agribank.com.vn/vn/lai-suat",equity,SSI Sustainable Competitive Advantage Fund,ssiam,0.01647705769120918,0.01949467465058259,-0.0030176169593734096,0.03597173234179177,True,False,-0.08388856368386678
SSI-SCA,2023-05,2023-04-27,2023-05-31,5,441219778787.0,471308384185.0,25107.02,26414.27,13000091950.0,-6267021083.0,6733070867.0,23355534531.0,0.0,30,0.05206711111075735,0.05206711111075735,0.0,0.033022674865488266,0.01904443624526908,0.01904443624526908,6.8,"Shinhan Securities Vietnam, Vietnam Economic Update (25 Mar 2024), indicator table row ""Avg. Deposit rate 12M term of SCBs"", column 05/23 = 6.8% (https://shinhansec.com.vn/uploads/report/Vietnam_economic_update_2402_E.pdf)",equity,SSI Sustainable Competitive Advantage Fund,ssiam,0.029463982747418557,0.01420385346329957,0.015260129284118986,0.043667836210718125,True,False,0.3494592498350866
SSI-SCA,2023-06,2023-06-01,2023-06-28,4,471308384185.0,519227274791.0,26414.27,28064.32,26522064892.0,-8483325784.0,18038739108.0,29880151498.0,0.0,24,0.06246812802322377,0.06246812802322377,0.0,0.058762800301347395,0.0037053277218763725,0.0037053277218763725,6.8,"Agribank published board rate, 12 months VND retail term deposit, read from Wayback Machine snapshot 20230606055027 of https://www.agribank.com.vn/vn/lai-suat",equity,SSI Sustainable Competitive Advantage Fund,ssiam,0.05627327198488675,0.017999522326914704,0.03827374965797204,0.07427279431180145,True,False,0.5153131777605761
SSI-SCA,2023-07,2023-06-29,2023-07-26,4,519227274791.0,572228370388.0,28064.32,29923.63,25399958419.0,-7425476463.0,17974481956.0,35026613641.0,0.0,24,0.06625173886272684,0.06625173886272684,0.0,0.05489524311503513,0.011356495747691708,0.011356495747691708,6.4,"VNDIRECT Research, average 12-month term deposit rate across commercial banks: ""the average 12-month deposit interest rate of commercial banks fell to 6.40% p.a at the end of July 2023"" (https://www.vndirect.com.vn/cmsupload/beta/Vietnam-Money-market-chartbook_August_20230809.pdf)",equity,SSI Sustainable Competitive Advantage Fund,ssiam,0.0489187676614716,0.014301013878727599,0.034617753782744,0.06321978154019921,True,False,0.5475778773568176
SSI-SCA,2023-08,2023-07-27,2023-08-30,5,572228370388.0,590984121192.0,29923.63,31387.79,6349059825.0,-15295509190.0,-8946449365.0,27702200169.0,0.0,30,0.048929892529749885,0.048929892529749885,0.0,0.010259485027147575,0.03867040750260231,0.03867040750260231,5.9,"VNDIRECT Research, average 12-month term deposit rate across commercial banks: ""decreased to 5.4%/year on October 10, down 0.5% points compared to the end of August (corroborated by the 25 Sep report's 0.3pp decline from end-August)"" (https://www.vndirect.com.vn/cmsupload/beta/Econ_Update_20231017.pdf)",equity,SSI Sustainable Competitive Advantage Fund,ssiam,0.01109532514211942,0.026729728866167306,-0.015634403724047886,0.03782505400828672,True,False,-0.41333460411246725
SSI-SCA,2023-09,2023-08-31,2023-09-27,4,590984121192.0,576850959532.0,31387.79,31025.65,6366450456.0,-13806604462.0,-7440154006.0,-6693007654.0,0.0,24,-0.01153760745818655,-0.01153760745818655,0.0,-0.04888885225361883,0.03735124479543228,0.03735124479543228,5.6,"VNDIRECT Research, average 12-month term deposit rate across commercial banks: ""decreased to 5.6%/year on 25 Sep 2023, down 0.3% points compared to the end of Aug 2023"" (https://www.vndirect.com.vn/Market-Strategy_October_20231005.pdf)",equity,SSI Sustainable Competitive Advantage Fund,ssiam,0.010772625232568061,0.023362056554332506,-0.012589431321764447,0.034134681786900566,True,False,-0.3688164254865189
SSI-SCA,2023-10,2023-09-28,2023-10-25,4,576850959532.0,539356007201.0,31025.65,29362.35,5014795986.0,-11888401794.0,-6873605808.0,-30621346523.0,0.0,24,-0.053610480360605006,-0.053610480360605006,0.0,-0.045231182562724515,-0.008379297797880492,-0.008379297797880492,5.3,"VNDIRECT Research, average 12-month term deposit rate across commercial banks: ""As of October 26, 2023, the average 12-month deposit interest rate of commercial banks has decreased to 5.3%/year"" (https://www.vndirect.com.vn/Market-Strategy_November_20231106.pdf)",equity,SSI Sustainable Competitive Advantage Fund,ssiam,0.008693399747602935,0.0206091393236913,-0.011915739576088364,0.029302539071294237,True,False,-0.4066452926518381
SSI-SCA,2023-11,2023-10-26,2023-11-29,5,539356007201.0,535569415260.0,29362.35,29363.14,4575221141.0,-8328293043.0,-3753071902.0,-33520039.0,0.0,30,2.690520343207048e-05,2.690520343207048e-05,0.0,0.0010348020260331214,-0.001007896822601051,-0.001007896822601051,5.18,"Shinhan Securities Vietnam, Vietnam Economic Update (25 Mar 2024), indicator table row ""Avg. Deposit rate 12M term of SCBs"", column 11/23 = 5.18% (https://shinhansec.com.vn/uploads/report/Vietnam_economic_update_2402_E.pdf)",equity,SSI Sustainable Competitive Advantage Fund,ssiam,0.008482748092012939,0.015441179725094492,-0.006958431633081553,0.02392392781710743,True,False,-0.2908565719758502
SSI-SCA,2023-12,2023-11-30,2023-12-27,4,535569415260.0,438218536618.0,29363.14,30432.6,16157363317.0,-130932305715.0,-114774942398.0,17424063756.0,0.0,24,0.03642185406601639,0.03642185406601639,0.0,0.017401160681900674,0.019020693384115717,0.019020693384115717,5.3,"Agribank published board rate, 12 months VND retail term deposit, read from Wayback Machine snapshot 20231204024251 of https://www.agribank.com.vn/vn/lai-suat",equity,SSI Sustainable Competitive Advantage Fund,ssiam,0.03016856985598435,0.24447308226411135,-0.214304512408127,0.2746416521200957,True,False,-0.7803059395900211
SSI-SCA,2024-01,2023-12-28,2024-01-31,5,438218536618.0,481744825381.0,30432.6,32013.33,33566910685.0,-13428178750.0,20138731935.0,23387556828.0,0.0,30,0.05194199641174291,0.05194199641174291,0.0,0.03771869624506441,0.014223300166678499,0.014223300166678499,5.14,"VNDIRECT Research, average 12-month term deposit rate across commercial banks: ""As of January 31, 2024, the average 12-month term deposit interest rate of commercial banks has decreased to 5.14%/year"" (https://www.vndirect.com.vn/cmsupload/beta/Market-Strategy_Feb_20240206.pdf)",equity,SSI Sustainable Competitive Advantage Fund,ssiam,0.0765985641412076,0.030642653443264757,0.04595591069794284,0.10724121758447235,True,False,0.4285284308875366
SSI-SCA,2024-02,2024-02-01,2024-02-28,4,481744825381.0,525078132832.0,32013.33,34430.13,,,6873406667.0,36459900784.0,0.0,24,0.07549355221715426,0.07549355221715426,0.0,0.07750513179479657,-0.0020115795776423084,-0.0020115795776423084,4.78,"Shinhan Securities Vietnam, Vietnam Economic Update (25 Mar 2024), indicator table row ""Avg. Deposit rate 12M term of SCBs"", column 02/24 = 4.78% (https://shinhansec.com.vn/uploads/report/Vietnam_economic_update_2402_E.pdf)",equity,SSI Sustainable Competitive Advantage Fund,ssiam,,,0.014267733258087398,,False,False,
SSI-SCA,2024-03,2024-02-29,2024-03-27,3,525078132832.0,564408436702.0,34430.13,36221.08,25532011259.0,-11064451424.0,14467559835.0,32385647406.0,0.0,18,0.060917919698946,0.060917919698946,-7522903371.0,0.018013723632727352,0.04290419606621865,0.04290419606621865,4.7,"Shinhan Securities Vietnam, Vietnam Economic Update (25 Mar 2024): ""Deposit interest rates 12M term at State-owned commercial banks (SCBs) continue to decrease, reaching 4.7% on March 22, 2024"" (https://shinhansec.com.vn/uploads/report/Vietnam_economic_update_2402_E.pdf)",equity,SSI Sustainable Competitive Advantage Fund,ssiam,0.04862516578493477,0.02107200953946429,0.027553156245470483,0.06969717532439905,True,False,0.3953267276216986
SSI-SCA,2024-04,2024-03-28,2024-04-24,4,564408436702.0,559329360286.0,36221.08,35183.48,23933293921.0,-12891340269.0,11041953652.0,-16121030068.0,0.0,24,-0.02864630209811514,-0.02864630209811514,0.0,-0.06038547568759789,0.03173917358948275,0.03173917358948275,4.61,"VNDIRECT Research, average 12-month term deposit rate across commercial banks: ""As of April 27, 2024, the average 12-month term deposit interest rate of commercial banks plateaued at around 4.61%"" (https://www.vndirect.com.vn/cmsupload/beta/Econ_Update_20240520.pdf)",equity,SSI Sustainable Competitive Advantage Fund,ssiam,0.042404210080290584,0.022840445731689963,0.019563764348600625,0.06524465581198055,True,False,0.29985236499643286
SSI-SCA,2024-05,2024-04-25,2024-05-29,5,559329360286.0,619791262979.0,35183.48,38155.02,28505919456.0,-15582493177.0,12923426279.0,47538476414.0,0.0,30,0.08445838785702864,0.08445838785702864,0.0,0.05559841076301675,0.02885997709401189,0.02885997709401189,4.7,"Agribank published board rate, 12 months VND retail term deposit, read from Wayback Machine snapshot 20240526204434 of https://www.agribank.com.vn/vn/lai-suat",equity,SSI Sustainable Competitive Advantage Fund,ssiam,0.050964461156525316,0.027859244093734425,0.023105217062790888,0.07882370525025974,True,False,0.2931252342101078
SSI-SCA,2024-06,2024-05-30,2024-06-26,4,619791262979.0,667236920687.0,38155.02,39321.39,47264924015.0,-18554541752.0,28710382263.0,18735275445.0,0.0,24,0.03056924095440161,0.03056924095440161,0.0,-0.008957757103344233,0.039526998057745844,0.039526998057745844,4.7,"Agribank published board rate, 12 months VND retail term deposit, read from Wayback Machine snapshot 20240626111100 of https://www.agribank.com.vn/vn/lai-suat",equity,SSI Sustainable Competitive Advantage Fund,ssiam,0.07625942287056965,0.029936759132128444,0.046322663738441204,0.10619618200269809,True,False,0.4361989561664684
SSI-SCA,2024-07,2024-06-27,2024-07-31,5,667236920687.0,684028296539.0,39321.39,38913.74,47136845135.0,-23300469909.0,23836375226.0,-7044999374.0,0.0,30,-0.010367130968666038,-0.010367130968666038,0.0,-0.007714630046620874,-0.0026525009220451645,-0.0026525009220451645,4.7,"bridged between observations at 2024-06 and 2024-09, which agree at 4.7%",equity,SSI Sustainable Competitive Advantage Fund,ssiam,0.07064483944693438,0.034920834244318175,0.0357240052026162,0.10556567369125255,True,False,0.3384055058190415
SSI-SCA,2024-08,2024-08-01,2024-08-28,4,684028296539.0,715637419840.0,38913.74,39605.19,36277264245.0,-17621655582.0,18655608663.0,12953514638.0,0.0,24,0.01776878809387128,0.01776878809387128,0.0,0.023915110546459672,-0.006146322452588393,-0.006146322452588393,4.7,"bridged between observations at 2024-06 and 2024-09, which agree at 4.7%",equity,SSI Sustainable Competitive Advantage Fund,ssiam,0.053034742025371236,0.025761588623103543,0.02727315340226769,0.07879633064847477,True,False,0.34612212494942624
SSI-SCA,2024-09,2024-08-29,2024-09-25,4,715637419840.0,735806008596.0,39605.19,40261.13,25510878443.0,-17563063476.0,7947814967.0,12220773789.0,0.0,24,0.016561970792211778,0.016561970792211778,0.0,0.004713447371706758,0.01184852342050502,0.01184852342050502,4.7,"Agribank published board rate, 12 months VND retail term deposit, read from Wayback Machine snapshot 20240906234432 of https://www.agribank.com.vn/vn/lai-suat",equity,SSI Sustainable Competitive Advantage Fund,ssiam,0.03564777041522457,0.02454184617669475,0.011105924238529824,0.06018961659191933,True,False,0.18451561693484578
SSI-SCA,2024-10,2024-09-26,2024-10-30,5,735806008596.0,738600563692.0,40261.13,39419.95,32879553821.0,-14604992545.0,18274561276.0,-15480006180.0,0.0,30,-0.02089310458996052,-0.02089310458996052,0.0,-0.022408115077515722,0.0015150104875552017,0.0015150104875552017,4.7,"Agribank published board rate, 12 months VND retail term deposit, read from Wayback Machine snapshot 20241008043404 of https://www.agribank.com.vn/vn/lai-suat",equity,SSI Sustainable Competitive Advantage Fund,ssiam,0.044685084705597684,0.01984897156910686,0.02483611313649083,0.06453405627470454,True,False,0.38485281369529933
SSI-SCA,2024-11,2024-10-31,2024-11-27,4,738600563692.0,769633406940.0,39419.95,39234.77,48290357607.0,-13965909693.0,34324447914.0,-3291604666.0,0.0,24,-0.004697621382066752,-0.004697621382066752,0.0,-0.013236614414085301,0.00853899303201855,0.00853899303201855,4.7,"Agribank published board rate, 12 months VND retail term deposit, read from Wayback Machine snapshot 20241128101714 of https://www.agribank.com.vn/vn/lai-suat",equity,SSI Sustainable Competitive Advantage Fund,ssiam,0.06538088376972498,0.018908609578077513,0.04647227419164746,0.08428949334780249,True,False,0.5513412448677275
SSI-SCA,2024-12,2024-11-28,2024-12-25,4,769633406940.0,796679211830.0,39234.77,40904.88,30268420824.0,-35652491830.0,-5384071006.0,32429875896.0,0.0,24,0.042567090363980764,0.042567090363980764,0.0,0.025821879755549837,0.016745210608430927,0.016745210608430927,4.7,"Agribank published board rate, 12 months VND retail term deposit, read from Wayback Machine snapshot 20241217044809 of https://www.agribank.com.vn/vn/lai-suat",equity,SSI Sustainable Competitive Advantage Fund,ssiam,0.03932836146542129,0.046323992057142396,-0.006995630591721102,0.08565235352256369,True,False,-0.08167470365981502
SSI-SCA,2025-01,2024-12-26,2025-01-22,4,796679211830.0,795776756685.0,40904.88,39963.38,37747083832.0,-20509571970.0,17237511862.0,-18139967007.0,-480.93,24,-0.02301681364179542,-0.023016813034957173,480.9300537109375,-0.02473234749301434,0.0017155344580571663,0.00171553385121892,4.7,"bridged between observations at 2024-12 and 2025-02, which agree at 4.7%",equity,SSI Sustainable Competitive Advantage Fund,ssiam,0.04738053067218063,0.02574382720855587,0.021636703463624753,0.0731243578807365,True,False,0.29588914132980876
SSI-SCA,2025-02,2025-01-30,2025-02-26,4,814755625411.0,846767622044.0,40712.0,41405.3,46623140290.0,-28982462342.0,17640677948.0,14371318685.0,0.0,24,0.017029377087836695,0.017029377087836695,0.0,0.029967194972530864,-0.01293781788469417,-0.01293781788469417,4.7,"Agribank published board rate, 12 months VND retail term deposit, read from Wayback Machine snapshot 20250207105719 of https://www.agribank.com.vn/vn/lai-suat",equity,SSI Sustainable Competitive Advantage Fund,ssiam,0.057223465338433414,0.03557196960423553,0.02165149573419789,0.09279543494266895,True,False,0.23332500944227114
SSI-SCA,2025-03,2025-02-27,2025-03-26,4,846767622044.0,869213243716.0,41405.3,41029.52,58992209129.0,-28439549279.0,30552659850.0,-8107038178.0,0.0,24,-0.009075649735661995,-0.009075649735661995,0.0,0.0177518880088412,-0.026827537744503194,-0.026827537744503194,4.7,"Agribank published board rate, 12 months VND retail term deposit, read from Wayback Machine snapshot 20250323005822 of https://www.agribank.com.vn/vn/lai-suat",equity,SSI Sustainable Competitive Advantage Fund,ssiam,0.06966753049272192,0.033586014083002116,0.0360815164097198,0.10325354457572404,True,False,0.34944578956568756
SSI-SCA,2025-04,2025-03-27,2025-04-30,5,869213243716.0,816920561776.0,41029.52,36792.62,102840781952.0,-64768360122.0,38072421830.0,-90365103770.0,0.0,30,-0.10326467382508964,-0.10326467382508964,0.0,-0.07525130270192826,-0.02801337112316138,-0.02801337112316138,4.7,"Agribank published board rate, 12 months VND retail term deposit, read from Wayback Machine snapshot 20250404031732 of https://www.agribank.com.vn/vn/lai-suat",equity,SSI Sustainable Competitive Advantage Fund,ssiam,0.11831478948979451,0.07451377506065923,0.04380101442913528,0.19282856455045375,True,False,0.22715003107163986
SSI-SCA,2025-05,2025-05-01,2025-05-28,4,816920561776.0,894126529105.0,36792.62,39401.76,41240463574.0,-22441489957.0,18798973617.0,58406993712.0,0.0,24,0.07091476497188842,0.07091476497188842,0.0,0.09424284432846775,-0.023328079356579323,-0.023328079356579323,4.7,"Agribank published board rate, 12 months VND retail term deposit, read from Wayback Machine snapshot 20250531072021 of https://www.agribank.com.vn/vn/lai-suat",equity,SSI Sustainable Competitive Advantage Fund,ssiam,0.050482832118146824,0.027470834995524898,0.023011997122621926,0.07795366711367173,True,False,0.2952009568589753
SSI-SCA,2025-06,2025-05-29,2025-06-25,4,894126529105.0,925356320399.0,39401.76,40587.23,22877936988.0,-18774148137.0,4103788851.0,27126002443.0,0.0,24,0.03008672709036353,0.03008672709036353,0.0,0.01854128939465083,0.011545437695712701,0.011545437695712701,4.7,"Agribank published board rate, 12 months VND retail term deposit, read from Wayback Machine snapshot 20250613002901 of https://www.agribank.com.vn/vn/lai-suat",equity,SSI Sustainable Competitive Advantage Fund,ssiam,0.025586912191164136,0.020997193938303665,0.0045897182528604735,0.0465841061294678,True,False,0.09852541208163586
SSI-SCA,2025-07,2025-06-26,2025-07-23,4,925356320399.0,974752283412.0,,,47078962409.0,-55256715806.0,-8177753397.0,57573716410.0,0.0,24,,,0.0,0.10650082312054154,,,4.7,"Agribank published board rate, 12 months VND retail term deposit, read from Wayback Machine snapshot 20250722154555 of https://www.agribank.com.vn/vn/lai-suat",equity,SSI Sustainable Competitive Advantage Fund,ssiam,0.05087657734774022,0.05971398756121763,-0.008837410213477413,0.11059056490895784,True,False,-0.07991106855049243
SSIBF,2021-05,2021-05-11,2021-05-31,3,1770231527591.0,1674096093082.0,12444.27,12490.93,,,-102499494595.0,6364060086.0,0.0,18,0.0037495168459056316,0.0037495168459056316,0.0,0.05733097672048637,-0.05358145987458074,-0.05358145987458074,,,bond,SSI Bond Fund,ssiam,,,-0.05790174505279844,,False,False,
SSIBF,2021-06,2021-06-01,2021-06-28,4,1674096093082.0,1533206100265.0,12490.93,12550.76,,,-148703459005.0,7813466188.0,0.0,24,0.004789875533687482,0.004789875533687482,0.0,0.0585520123489327,-0.05376213681524522,-0.05376213681524522,,,bond,SSI Bond Fund,ssiam,,,-0.0888261191334829,,False,False,
SSIBF,2021-07,2021-06-29,2021-07-26,4,1533206100265.0,1626488705481.0,12550.76,12612.91,,,85408649316.0,7873955900.0,0.0,24,0.004951891359567195,0.004951891359567195,0.0,-0.09467851274354289,0.09963040410311008,0.09963040410311008,,,bond,SSI Bond Fund,ssiam,,,0.05570591540252673,,False,False,
SSIBF,2021-08,2021-07-27,2021-08-30,5,1626488705481.0,1969020670780.0,12612.91,12687.39,,,331991968856.0,10539996443.0,0.0,30,0.005905060767102954,0.005905060767102954,0.0,0.04355273392996062,-0.037647673162857664,-0.037647673162857664,,,bond,SSI Bond Fund,ssiam,,,0.20411575422395592,,False,False,
SSIBF,2021-09,2021-08-31,2021-09-27,4,1969020670780.0,1852696202954.0,12687.39,12745.17,,,-125178368542.0,8853900716.0,0.0,24,0.004554128154017345,0.004554128154017345,0.0,-0.002371737919195427,0.006925866073212772,0.006925866073212772,,,bond,SSI Bond Fund,ssiam,,,-0.06357392301646704,,False,False,
SSIBF,2021-10,2021-09-28,2021-10-25,4,1852696202954.0,1752756123618.0,12745.17,12804.75,,,-108382486839.0,8442407503.0,0.0,24,0.004674712067395115,0.004674712067395115,0.0,0.04559279692676932,-0.040918084859374204,-0.040918084859374204,,,bond,SSI Bond Fund,ssiam,,,-0.0584998699010617,,False,False,
SSIBF,2021-11,2021-10-26,2021-11-29,5,1752756123618.0,1572815689244.0,12804.75,12879.43,,,-189594763964.0,10473482872.0,0.0,30,0.006323034585835385,0.006323034585835385,-819153282.0,0.07177710408546267,-0.06545406949962729,-0.06545406949962729,,,bond,SSI Bond Fund,ssiam,,,-0.10816950596221152,,False,False,
SSIBF,2021-12,2021-11-30,2021-12-27,4,1572815689244.0,1392943244322.0,12879.43,12939.18,,,-186786672777.0,6914227855.0,0.0,24,0.004639180460625836,0.004639180460625836,0.0,0.002720831874141627,0.0019183485864842087,0.0019183485864842087,,,bond,SSI Bond Fund,ssiam,,,-0.11875941602972064,,False,False,
SSIBF,2022-01,2021-12-28,2022-01-31,5,1392943244322.0,1251932944985.0,12939.18,13013.06,,,-148512605484.0,7502306147.0,0.0,30,0.005709789955777644,0.005709789955777644,0.0,-0.006662726344634939,0.012372516300412584,0.012372516300412584,,,bond,SSI Bond Fund,ssiam,,,-0.10661784397130042,,False,False,
SSIBF,2022-02,2022-02-01,2022-02-28,4,1251932944985.0,1281144751768.0,13013.06,13061.83,,,24467913106.0,4743893677.0,0.0,24,0.0037477733907318456,0.0037477733907318456,0.0,0.007552604532915286,-0.00380483114218344,-0.00380483114218344,,,bond,SSI Bond Fund,ssiam,,,0.019544108335844745,,False,False,
SSIBF,2022-03,2022-03-01,2022-03-28,4,1281144751768.0,1207059279737.0,13061.83,13143.61,,,-81806895149.0,7721423118.0,0.0,24,0.006260990994370941,0.006260990994370941,0.0,-0.004664022602055118,0.010925013596426059,0.010925013596426059,,,bond,SSI Bond Fund,ssiam,,,-0.06385452934659037,,False,False,
SSIBF,2022-04,2022-03-29,2022-04-25,4,1207059279737.0,1215018289227.0,13143.61,13192.17,,,3571707143.0,4387302347.0,0.0,24,0.003694570974032363,0.003694570974032363,0.0,-0.11614234280397517,0.11983691377800754,0.11983691377800754,,,bond,SSI Bond Fund,ssiam,,,0.002959015520578427,,False,False,
SSIBF,2022-05,2022-04-26,2022-05-30,5,1215018289227.0,1234105056412.0,13192.17,13295.26,,,9340882133.0,9745885052.0,0.0,30,0.00781448389461259,0.00781448389461259,0.0,-0.01296799194458853,0.02078247583920112,0.02078247583920112,,,bond,SSI Bond Fund,ssiam,,,0.00768785310955501,,False,False,
SSIBF,2022-06,2022-05-31,2022-06-27,4,1234105056412.0,1476687790733.0,13295.26,13361.59,,,235670718782.0,6912015539.0,0.0,24,0.004988996078301389,0.004988996078301389,0.0,-0.07040620749350812,0.07539520357180951,0.07539520357180951,,,bond,SSI Bond Fund,ssiam,,,0.19096487576769353,,False,False,
SSIBF,2022-07,2022-06-28,2022-07-18,3,1476687790733.0,1551964007237.0,13361.59,13408.16,,,69937137460.0,5339079044.0,0.0,18,0.0034853636430993706,0.0034853636430993706,0.0,-0.021890224638765332,0.025375588281864703,0.025375588281864703,5.5,"Press report, article dated 02/08/2022 reporting the increase: ""for a 12-month term, the interest rate increases from 5.5%/year to 5.6%/year"". 5.5% is the pre-increase level, so it is the July level; the month is inferred from the increase date, the level is stated (https://en.baoquocte.vn/the-trend-of-race-to-increase-interest-rates-continues-to-be-hot-192920.html)",bond,SSI Bond Fund,ssiam,,,0.047360815128893646,,False,False,
SSIBF,2022-08,2022-07-26,2022-08-29,5,1600692248758.0,1598212138512.0,13420.62,13505.44,,,-13065302283.0,10585192037.0,0.0,30,0.006320125299725365,0.006320125299725365,0.0,0.07234171821073843,-0.06602159291101306,-0.06602159291101306,5.6,"Press report, article dated 02/08/2022: ""for a 12-month term, the interest rate increases from 5.5%/year to 5.6%/year"". Sits just above the SBV's 5.5-6.6% band for 12-to-24-month terms that month (https://en.baoquocte.vn/the-trend-of-race-to-increase-interest-rates-continues-to-be-hot-192920.html)",bond,SSI Bond Fund,ssiam,,,-0.008162282470685765,,False,False,
SSIBF,2022-09,2022-08-30,2022-09-26,4,1598212138512.0,1488955915881.0,13505.44,13592.2,,,-118908549941.0,9652327310.0,0.0,24,0.006424078001161071,0.006424078001161071,0.0,-0.07589707271010393,0.082321150711265,0.082321150711265,5.6,"Agribank published board rate, 12 months VND retail term deposit, read from Wayback Machine snapshot 20220926055710 of https://www.agribank.com.vn/vn/lai-suat",bond,SSI Bond Fund,ssiam,,,-0.07440098036779313,,False,False,
SSIBF,2022-10,2022-09-27,2022-10-31,5,1488955915881.0,579922769697.0,13592.2,13374.52,,,-900457165326.0,-8575980858.0,0.0,30,-0.0160150674651639,-0.0160150674651639,0.0,-0.12467322348533216,0.10865815602016826,0.10865815602016826,6.4,"Agribank published board rate, 12 months VND retail term deposit, read from Wayback Machine snapshot 20221020012153 of https://www.agribank.com.vn/vn/lai-suat",bond,SSI Bond Fund,ssiam,,,-0.6047574382302707,,False,False,
SSIBF,2022-11,2022-11-01,2022-11-28,4,579922769697.0,450080271347.0,13374.52,13410.73,,,-131085174823.0,1242676473.0,0.0,24,0.002707386881921625,0.002707386881921625,0.0,-0.021645232211996768,0.024352619093918393,0.024352619093918393,7.4,"Agribank published board rate, 12 months VND retail term deposit, read from Wayback Machine snapshot 20221128042309 of https://www.agribank.com.vn/vn/lai-suat",bond,SSI Bond Fund,ssiam,,,-0.22603902049145239,,False,False,
SSIBF,2022-12,2022-11-29,2022-12-26,4,450080271347.0,447861563347.0,13410.73,13404.35,,,-2002953132.0,-215754868.0,0.0,24,-0.00047573845719073304,-0.00047573845719073304,0.0,-0.020364128111048374,0.01988838965385764,0.01988838965385764,7.4,"Agribank published board rate, 12 months VND retail term deposit, read from Wayback Machine snapshot 20221225030309 of https://www.agribank.com.vn/vn/lai-suat",bond,SSI Bond Fund,ssiam,,,-0.004450213127550699,,False,False,
SSIBF,2023-01,2022-12-27,2023-01-30,5,447861563347.0,448861817381.0,13404.35,13429.93,,,251324231.0,748929803.0,0.0,30,0.0019083357268352419,0.0019083357268352419,0.0,0.11912181159346713,-0.11721347586663189,-0.11721347586663189,7.4,"bridged between observations at 2022-12 and 2023-02, which agree at 7.4%",bond,SSI Bond Fund,ssiam,,,0.0005611649928647164,,False,False,
SSIBF,2023-02,2023-02-07,2023-02-27,3,446700790602.0,446776913584.0,13468.88,13541.94,,,-2336796981.0,2412919963.0,0.0,18,0.005424355996935359,0.005424355996935359,0.0,-0.041835547549350705,0.047259903546286064,0.047259903546286064,7.4,"Agribank published board rate, 12 months VND retail term deposit, read from Wayback Machine snapshot 20230227065357 of https://www.agribank.com.vn/vn/lai-suat",bond,SSI Bond Fund,ssiam,,,-0.005231235382079347,,False,False,
SSIBF,2023-03,2023-02-28,2023-03-27,4,446776913584.0,448197326370.0,13541.94,13600.59,,,-511491980.0,1931904766.0,0.0,24,0.004330989503719351,0.004330989503719351,0.0,0.030354957160342977,-0.026023967656623626,-0.026023967656623626,7.2,"Agribank published board rate, 12 months VND retail term deposit, read from Wayback Machine snapshot 20230327002150 of https://www.agribank.com.vn/vn/lai-suat",bond,SSI Bond Fund,ssiam,,,-0.0011448487252773698,,False,False,
SSIBF,2023-04,2023-03-28,2023-04-24,4,448197326370.0,452360811173.0,13600.59,13780.2,,,-1858492728.0,6021977531.0,0.0,24,0.013206044737764877,0.013206044737764877,0.0,-0.010349251603706366,0.023555296341471244,0.023555296341471244,7.2,"Agribank published board rate, 12 months VND retail term deposit, read from Wayback Machine snapshot 20230422161036 of https://www.agribank.com.vn/vn/lai-suat",bond,SSI Bond Fund,ssiam,,,-0.004146594856002688,,False,False,
SSIBF,2023-05,2023-04-25,2023-05-29,5,452360811173.0,455032095816.0,13780.2,13913.83,,,-1704185816.0,4375470459.0,0.0,30,0.009697246774357016,0.009697246774357016,0.0,0.03228470461703914,-0.022587457842682124,-0.022587457842682124,6.8,"Shinhan Securities Vietnam, Vietnam Economic Update (25 Mar 2024), indicator table row ""Avg. Deposit rate 12M term of SCBs"", column 05/23 = 6.8% (https://shinhansec.com.vn/uploads/report/Vietnam_economic_update_2402_E.pdf)",bond,SSI Bond Fund,ssiam,,,-0.0037673153242009164,,False,False,
SSIBF,2023-06,2023-05-30,2023-06-26,3,455032095816.0,455624746350.0,13913.83,14036.4,,,-1708898851.0,2301549385.0,0.0,18,0.008809220753739133,0.008809220753739133,0.0,0.05714390653868473,-0.0483346857849456,-0.0483346857849456,6.8,"Agribank published board rate, 12 months VND retail term deposit, read from Wayback Machine snapshot 20230606055027 of https://www.agribank.com.vn/vn/lai-suat",bond,SSI Bond Fund,ssiam,,,-0.003755556732620071,,False,False,
SSIBF,2023-07,2023-06-27,2023-07-31,5,455624746350.0,455631821266.0,14036.4,14089.97,,,-1899649487.0,1906724403.0,0.0,30,0.003816505656720981,0.003816505656720981,0.0,0.08027172424759055,-0.07645521859086957,-0.07645521859086957,6.4,"VNDIRECT Research, average 12-month term deposit rate across commercial banks: ""the average 12-month deposit interest rate of commercial banks fell to 6.40% p.a at the end of July 2023"" (https://www.vndirect.com.vn/cmsupload/beta/Vietnam-Money-market-chartbook_August_20230809.pdf)",bond,SSI Bond Fund,ssiam,,,-0.0041693290415370345,,False,False,
SSIBF,2023-08,2023-08-01,2023-08-28,4,455631821266.0,458606395527.0,14095.3,14225.95,,,-1242039055.0,4216613316.0,0.0,24,0.00926904712918497,0.00926904712918497,0.0,-0.01731948646659598,0.02658853359578095,0.02658853359578095,5.9,"VNDIRECT Research, average 12-month term deposit rate across commercial banks: ""decreased to 5.4%/year on October 10, down 0.5% points compared to the end of August (corroborated by the 25 Sep report's 0.3pp decline from end-August)"" (https://www.vndirect.com.vn/cmsupload/beta/Econ_Update_20231017.pdf)",bond,SSI Bond Fund,ssiam,,,-0.0027259708322147497,,False,False,
SSIBF,2023-09,2023-08-29,2023-09-25,4,458606395527.0,461435883859.0,14225.95,14397.46,,,-2678875784.0,5508364116.0,0.0,24,0.012056136848505705,0.012056136848505705,0.0,-0.04037546183803198,0.052431598686537684,0.052431598686537684,5.6,"VNDIRECT Research, average 12-month term deposit rate across commercial banks: ""decreased to 5.6%/year on 25 Sep 2023, down 0.3% points compared to the end of Aug 2023"" (https://www.vndirect.com.vn/Market-Strategy_October_20231005.pdf)",bond,SSI Bond Fund,ssiam,,,-0.005841339785332941,,False,False,
SSIBF,2023-10,2023-09-26,2023-10-30,5,461435883859.0,465946970769.0,14397.46,14530.78,,,232950616.0,4278136294.0,0.0,30,0.009259966688568655,0.009259966688568655,0.0,-0.096080471730836,0.10534043841940466,0.10534043841940466,5.3,"VNDIRECT Research, average 12-month term deposit rate across commercial banks: ""As of October 26, 2023, the average 12-month deposit interest rate of commercial banks has decreased to 5.3%/year"" (https://www.vndirect.com.vn/Market-Strategy_November_20231106.pdf)",bond,SSI Bond Fund,ssiam,,,0.0005048385358586075,,False,False,
SSIBF,2023-11,2023-10-31,2023-11-27,4,465946970769.0,286347712249.0,14530.78,14665.28,,,-182931815776.0,3332557256.0,0.0,24,0.009256213362255794,0.009256213362255794,0.0,0.04380276285495022,-0.03454654949269442,-0.03454654949269442,5.18,"Shinhan Securities Vietnam, Vietnam Economic Update (25 Mar 2024), indicator table row ""Avg. Deposit rate 12M term of SCBs"", column 11/23 = 5.18% (https://shinhansec.com.vn/uploads/report/Vietnam_economic_update_2402_E.pdf)",bond,SSI Bond Fund,ssiam,,,-0.39260222139461254,,False,False,
SSIBF,2023-12,2023-11-28,2023-12-25,4,286347712249.0,143895639465.0,14665.28,14727.0,,,-143172135548.0,720062764.0,0.0,24,0.004208579720264449,0.004208579720264449,0.0,0.027204382111280845,-0.022995802391016396,-0.022995802391016396,5.3,"Agribank published board rate, 12 months VND retail term deposit, read from Wayback Machine snapshot 20231204024251 of https://www.agribank.com.vn/vn/lai-suat",bond,SSI Bond Fund,ssiam,,,-0.4999939913034873,,False,False,
SSIBF,2024-01,2023-12-26,2024-01-29,5,143895639465.0,115803112567.0,14727.0,14818.72,,,-28896014094.0,803487196.0,0.0,30,0.006199477685129295,0.006199477685129295,0.0,0.051920977757099696,-0.0457215000719704,-0.0457215000719704,5.14,"VNDIRECT Research, average 12-month term deposit rate across commercial banks: ""As of January 31, 2024, the average 12-month term deposit interest rate of commercial banks has decreased to 5.14%/year"" (https://www.vndirect.com.vn/cmsupload/beta/Market-Strategy_Feb_20240206.pdf)",bond,SSI Bond Fund,ssiam,,,-0.20081229842290274,,False,False,
SSIBF,2024-02,2024-01-30,2024-02-26,4,115803112567.0,120414316506.0,14818.72,14940.48,,,3648697442.0,962506497.0,0.0,24,0.008216634095252306,0.008216634095252306,0.0,0.04123535966113523,-0.03301872556588292,-0.03301872556588292,4.78,"Shinhan Securities Vietnam, Vietnam Economic Update (25 Mar 2024), indicator table row ""Avg. Deposit rate 12M term of SCBs"", column 02/24 = 4.78% (https://shinhansec.com.vn/uploads/report/Vietnam_economic_update_2402_E.pdf)",bond,SSI Bond Fund,ssiam,,,0.03150776659728364,,False,False,
SSIBF,2024-03,2024-02-27,2024-03-25,4,120414316506.0,142967089266.0,14940.48,15005.22,,,21980502102.0,572270658.0,0.0,25,0.004333194114245487,0.004333194114245487,0.0,0.03568948757117041,-0.03135629345692492,-0.03135629345692492,4.7,"Shinhan Securities Vietnam, Vietnam Economic Update (25 Mar 2024): ""Deposit interest rates 12M term at State-owned commercial banks (SCBs) continue to decrease, reaching 4.7% on March 22, 2024"" (https://shinhansec.com.vn/uploads/report/Vietnam_economic_update_2402_E.pdf)",bond,SSI Bond Fund,ssiam,,,0.18254060430517627,,False,False,
SSIBF,2024-04,2024-03-26,2024-04-22,4,142967089266.0,192401003827.0,15005.22,15083.92,,,48560862945.0,873051616.0,0.0,24,0.00524484146183779,0.00524484146183779,0.0,-0.06123704509961658,0.06648188656145437,0.06648188656145437,4.61,"VNDIRECT Research, average 12-month term deposit rate across commercial banks: ""As of April 27, 2024, the average 12-month term deposit interest rate of commercial banks plateaued at around 4.61%"" (https://www.vndirect.com.vn/cmsupload/beta/Econ_Update_20240520.pdf)",bond,SSI Bond Fund,ssiam,,,0.33966462627387767,,False,False,
SSIBF,2025-08,2025-07-29,2025-08-25,4,118911565525.0,125547018941.0,16140.91,16214.23,,,6077739574.0,557713842.0,0.0,24,0.004542494815967579,0.004542494815967579,0.0,0.08076817484816634,-0.07622568003219876,-0.07622568003219876,4.7,"bridged between observations at 2025-07 and 2025-10, which agree at 4.7%",bond,SSI Bond Fund,ssiam,,,0.051111425092811635,,False,False,
SSIBF,2025-09,2025-08-26,2025-09-29,5,125547018941.0,108966316601.0,16214.23,16312.43,,,-17289089910.0,708387570.0,0.0,30,0.006056408475765052,0.006056408475765052,0.0,0.03249629808615673,-0.026439889610391676,-0.026439889610391676,4.7,"bridged between observations at 2025-07 and 2025-10, which agree at 4.7%",bond,SSI Bond Fund,ssiam,,,-0.13771007910689537,,False,False,
SSIBF,2025-10,2025-09-30,2025-10-27,4,108966316601.0,103228319952.0,16312.43,16368.68,,,-6099940710.0,361944061.0,0.0,24,0.003448290659331388,0.003448290659331388,0.0,-0.008364936872929718,0.011813227532261106,0.011813227532261106,4.7,"Press report, ""Bank interest rates started to rise from the end of October. The average for a 12-month term was 5.34% at private banks and 4.7% at state-owned banks"" (https://vcdn.vietnam.vn/en/lai-suat-ngan-hang-dong-loat-tang-gui-100-trieu-dong-nhan-duoc-bao-nhieu-tien-lai)",bond,SSI Bond Fund,ssiam,,,-0.055980057877298386,,False,False,
SSIBF,2025-11,2025-10-28,2025-11-24,4,103228319952.0,99831822013.0,16368.68,16358.25,,,-3322872544.0,-73625395.0,0.0,24,-0.0006371924920028915,-0.0006371924920028915,0.0,0.009343192903046305,-0.009980385395049196,-0.009980385395049196,,"no observation: bracketing observations 2025-10 at 4.7% and 2026-03 at 5.9% disagree, so the rate moved somewhere in this gap; left missing rather than picking a side",bond,SSI Bond Fund,ssiam,,,-0.03218954396957248,,False,False,
SSIBF,2025-12,2025-11-25,2025-12-29,5,99831822013.0,85058669090.0,16358.25,16500.85,,,-15591764242.0,818611319.0,0.0,30,0.008717313893600975,0.008717313893600975,0.0,0.052074964927636636,-0.04335765103403566,-0.04335765103403566,,"no observation: bracketing observations 2025-10 at 4.7% and 2026-03 at 5.9% disagree, so the rate moved somewhere in this gap; left missing rather than picking a side",bond,SSI Bond Fund,ssiam,,,-0.15618030331019758,,False,False,
SSIBF,2026-01,2025-12-30,2026-01-26,3,85058669090.0,81022692321.0,16500.85,16542.87,,,-3613047081.0,151797997.0,0.0,18,0.00183905930097783,0.00183905930097783,-574727685.0,0.04152221155885649,-0.03968315225787866,-0.03968315225787866,,"no observation: bracketing observations 2025-10 at 4.7% and 2026-03 at 5.9% disagree, so the rate moved somewhere in this gap; left missing rather than picking a side",bond,SSI Bond Fund,ssiam,,,-0.042477117496125635,,False,False,
SSIBF,2026-02,2026-01-27,2026-02-23,4,81022692321.0,86426651028.0,16542.87,16568.38,,,5276118140.0,127840567.0,0.0,24,0.0015420540692157036,0.0015420540692157036,0.0,0.008905907621547637,-0.007363853552331934,-0.007363853552331934,,"no observation: bracketing observations 2025-10 at 4.7% and 2026-03 at 5.9% disagree, so the rate moved somewhere in this gap; left missing rather than picking a side",bond,SSI Bond Fund,ssiam,,,0.06511901775735611,,False,False,
SSIBF,2026-03,2026-02-24,2026-03-30,5,86426651028.0,82231105190.0,16568.38,16651.93,,,-4615689387.0,420143549.0,0.0,30,0.005042738034738425,0.005042738034738425,0.0,-0.10622856344146159,0.11127130147620001,0.11127130147620001,5.9,"mean of big-four published 12-month VND board rates (Agribank 5.9, BIDV 5.9, Vietcombank 5.9, VietinBank 5.9), read from Wayback Machine snapshot 20260331012516 of https://cafefnew.mediacdn.vn/Images/Uploaded/DuLieuDownload/Liveboard/all_banks_interest_rates.json",bond,SSI Bond Fund,ssiam,,,-0.05340585724540728,,False,False,
SSIBF,2026-04,2026-03-31,2026-04-27,4,82231105190.0,78475359196.0,16651.93,16741.92,,,-4189152692.0,433406698.0,0.0,24,0.0054041783745186756,0.0054041783745186756,0.0,0.11473408158600673,-0.10932990321148806,-0.10932990321148806,5.9,"bridged between observations at 2026-03 and 2026-08, which agree at 5.9%",bond,SSI Bond Fund,ssiam,,,-0.05094365060910596,,False,False,
SSIBF,2026-05,2026-04-28,2026-05-25,4,78475359196.0,76930724373.0,16741.92,16764.16,,,-1649181918.0,104547095.0,0.0,24,0.0013284019992929608,0.0013284019992929608,0.0,0.017665880677066426,-0.016337478677773465,-0.016337478677773465,5.9,"bridged between observations at 2026-03 and 2026-08, which agree at 5.9%",bond,SSI Bond Fund,ssiam,,,-0.02101528345835289,,False,False,
SSIBF,2026-06,2026-05-26,2026-06-29,5,76930724373.0,73343176961.0,16764.16,16880.52,,,-4101526368.0,513978956.0,0.0,30,0.00694099793845937,0.00694099793845937,0.0,-0.01646845490262605,0.02340945284108542,0.02340945284108542,5.9,"bridged between observations at 2026-03 and 2026-08, which agree at 5.9%",bond,SSI Bond Fund,ssiam,,,-0.05331454242018671,,False,False,
SSIBF,2026-07,2026-06-30,2026-07-27,4,73343176961.0,72145860439.0,16880.52,16951.68,,,-1500319428.0,303002906.0,0.0,24,0.004215509948745533,0.004215509948745533,0.0,-0.10024959972398484,0.10446510967273037,0.10446510967273037,5.9,"bridged between observations at 2026-03 and 2026-08, which agree at 5.9%",bond,SSI Bond Fund,ssiam,,,-0.020456155434851016,,False,False,
SSIBF,2026-08,2026-07-28,2026-08-03,1,72145860439.0,70889397746.0,16951.68,16936.69,,,-1193764096.0,-62698597.0,0.0,6,-0.0008842781364444274,-0.0008842781364444274,0.0,0.05621895614765626,-0.05710323428410069,-0.05710323428410069,5.9,"mean of big-four published 12-month VND board rates (Agribank 5.9, BIDV 5.9, Vietcombank 5.9, VietinBank 5.9), read live from https://cafefnew.mediacdn.vn/Images/Uploaded/DuLieuDownload/Liveboard/all_banks_interest_rates.json on 2026-08-15",bond,SSI Bond Fund,ssiam,,,-0.016546536263287604,,False,False,
VCBF-AIF,2025-02,2025-02-05,2025-02-26,3,96007250859.0,139558617930.0,10000.0,10145.02,,,41657591538.0,1893775533.0,0.0,19,0.014502000000000237,0.014502000000000237,0.0,0.026267909042934523,-0.011765909042934286,-0.011765909042934286,4.7,"Agribank published board rate, 12 months VND retail term deposit, read from Wayback Machine snapshot 20250207105719 of https://www.agribank.com.vn/vn/lai-suat",bond,VCBF Active Income Fund,vcbf,,,0.43390047277970667,,False,False,
VCBF-AIF,2025-03,2025-02-27,2025-03-26,4,139558617930.0,198612356313.0,10145.02,9838.7,65307653581.0,-635318462.0,64672335119.0,-5618596736.0,0.0,24,-0.03019412480211947,-0.03019412480211947,0.0,0.0177518880088412,-0.04794601281096067,-0.04794601281096067,4.7,"Agribank published board rate, 12 months VND retail term deposit, read from Wayback Machine snapshot 20250323005822 of https://www.agribank.com.vn/vn/lai-suat",bond,VCBF Active Income Fund,vcbf,0.4679585865041821,0.004552341313086548,0.4634062451910955,0.4725109278172686,True,False,0.9807312760612087
VCBF-AIF,2025-04,2025-03-27,2025-04-30,5,198612356313.0,207716161452.0,9838.7,9060.85,32932829418.0,-7534521506.0,25398307912.0,-16294502773.0,0.0,30,-0.07906024169859838,-0.07906024169859838,0.0,-0.07525130270192826,-0.0038089389966701193,-0.0038089389966701193,4.7,"Agribank published board rate, 12 months VND retail term deposit, read from Wayback Machine snapshot 20250404031732 of https://www.agribank.com.vn/vn/lai-suat",bond,VCBF Active Income Fund,vcbf,0.16581460503947715,0.037935814497493246,0.1278787905419839,0.2037504195369704,True,False,0.6276246735226003
VCBF-AIF,2025-05,2025-05-01,2025-05-28,4,207716161452.0,235389979847.0,9060.85,9794.52,12376212287.0,-1931855621.0,10444356666.0,17229461729.0,0.0,24,0.08097143204004031,0.08097143204004031,0.0,0.09424284432846775,-0.013271412288427431,-0.013271412288427431,4.7,"Agribank published board rate, 12 months VND retail term deposit, read from Wayback Machine snapshot 20250531072021 of https://www.agribank.com.vn/vn/lai-suat",bond,VCBF Active Income Fund,vcbf,0.05958232715493326,0.009300458893018886,0.05028186826191437,0.06888278604795214,True,False,0.7299627548007581
VCBF-AIF,2025-06,2025-06-05,2025-06-25,3,236469677104.0,247828673083.0,9799.64,9977.2,9676070006.0,-2738428357.0,6937641649.0,4421354330.0,0.0,18,0.01811903294406747,0.01811903294406747,0.0,0.018374326609988945,-0.0002552936659214744,-0.0002552936659214744,4.7,"Agribank published board rate, 12 months VND retail term deposit, read from Wayback Machine snapshot 20250613002901 of https://www.agribank.com.vn/vn/lai-suat",bond,VCBF Active Income Fund,vcbf,0.0409188616675974,0.011580463045143973,0.029338398622453427,0.05249932471274137,True,False,0.5588338284917618
VCBF-AIF,2025-07,2025-06-26,2025-07-30,5,247828673083.0,268031249870.0,9977.2,10593.5,21208038587.0,-16260527180.0,4947511407.0,15255065380.0,0.0,30,0.061770837509521614,0.061770837509521614,0.0,0.1030766416681912,-0.04130580415866958,-0.04130580415866958,4.7,"Agribank published board rate, 12 months VND retail term deposit, read from Wayback Machine snapshot 20250722154555 of https://www.agribank.com.vn/vn/lai-suat",bond,VCBF Active Income Fund,vcbf,0.08557540305232253,0.0656119688562195,0.01996343419610303,0.15118737190854203,True,False,0.13204432317389267
VCBF-AIF,2025-08,2025-07-31,2025-08-27,4,268031249870.0,296214356662.0,10593.5,11407.21,23879338030.0,-16765755364.0,7113582666.0,21069524126.0,0.0,24,0.07681219615802126,0.07681219615802126,0.0,0.109542792329683,-0.03273059617166174,-0.03273059617166174,4.7,"bridged between observations at 2025-07 and 2025-10, which agree at 4.7%",bond,VCBF Active Income Fund,vcbf,0.08909161913613398,0.06255149491759522,0.02654012421853876,0.1516431140537292,True,False,0.17501700874551568
VCBF-AIF,2025-09,2025-08-28,2025-09-24,4,296214356662.0,314621020453.0,11407.21,11363.64,31290405068.0,-11598079878.0,19692325190.0,-1285661399.0,0.0,24,-0.0038195141493841955,-0.0038195141493841955,0.0,-0.009158406963258758,0.005338892813874563,0.005338892813874563,4.7,"bridged between observations at 2025-07 and 2025-10, which agree at 4.7%",bond,VCBF Active Income Fund,vcbf,0.10563432988396441,0.03915434757686026,0.06647998230710415,0.14478867746082466,True,False,0.45915180297914926
VCBF-AIF,2025-10,2025-09-25,2025-10-29,5,314621020453.0,350277799196.0,11363.64,11403.68,44500736568.0,-10779895743.0,33720840825.0,1935937918.0,0.0,30,0.0035235188724740407,0.0035235188724740407,0.0,0.017116551832321747,-0.013593032959847706,-0.013593032959847706,4.7,"Press report, ""Bank interest rates started to rise from the end of October. The average for a 12-month term was 5.34% at private banks and 4.7% at state-owned banks"" (https://vcdn.vietnam.vn/en/lai-suat-ngan-hang-dong-loat-tang-gui-100-trieu-dong-nhan-duoc-bao-nhieu-tien-lai)",bond,VCBF Active Income Fund,vcbf,0.14144235024070106,0.03426311353093576,0.10717923670976531,0.17570546377163682,True,False,0.6099937612017884
VCBF-AIF,2025-11,2025-10-30,2025-11-19,3,350277799196.0,354411111042.0,11403.68,11304.74,12241490277.0,-5023402287.0,7218087990.0,-3084776144.0,0.0,18,-0.00867614664739802,-0.00867614664739802,0.0,-0.021846805431152583,0.013170658783754563,0.013170658783754563,,"no observation: bracketing observations 2025-10 at 4.7% and 2026-03 at 5.9% disagree, so the rate moved somewhere in this gap; left missing rather than picking a side",bond,VCBF Active Income Fund,vcbf,0.0349479479004897,0.014341195184308915,0.020606752716180784,0.04928914308479861,True,False,0.41807894044187927
VCBF-AIF,2025-12,2025-11-27,2025-12-31,5,352499255363.0,389194328755.0,11231.72,11501.72,36345905606.0,-8615835555.0,27730070051.0,8965003341.0,0.0,30,0.024039060802797607,0.024039060802797607,0.0,0.05947207181533187,-0.035433011012534266,-0.035433011012534266,,"no observation: bracketing observations 2025-10 at 4.7% and 2026-03 at 5.9% disagree, so the rate moved somewhere in this gap; left missing rather than picking a side",bond,VCBF Active Income Fund,vcbf,0.10310916988624946,0.02444213831353347,0.078667031572716,0.12755130819978294,True,False,0.6167481359697248
VCBF-AIF,2026-01,2026-01-01,2026-01-28,4,389194328755.0,428689874691.0,11501.72,12058.06,34492081610.0,-13786471138.0,20705610472.0,18789935464.0,0.0,24,0.04837015681132906,0.04837015681132906,0.0,0.01032227695307908,0.03804787985824998,0.03804787985824998,,"no observation: bracketing observations 2025-10 at 4.7% and 2026-03 at 5.9% disagree, so the rate moved somewhere in this gap; left missing rather than picking a side",bond,VCBF Active Income Fund,vcbf,0.08862431711257786,0.03542310388258165,0.05320121322999621,0.12404742099515952,True,False,0.4288780274768646
VCBF-AIF,2026-02,2026-01-29,2026-02-25,4,428689874691.0,488071661167.0,12058.06,12510.74,46887166517.0,-4544158523.0,42343007994.0,17038778482.0,0.0,24,0.037541694103363055,0.037541694103363055,0.0,0.032170213710057904,0.00537148039330515,0.00537148039330515,,"no observation: bracketing observations 2025-10 at 4.7% and 2026-03 at 5.9% disagree, so the rate moved somewhere in this gap; left missing rather than picking a side",bond,VCBF Active Income Fund,vcbf,0.10937316061126078,0.010600106956749173,0.09877305365451161,0.11997326756800995,True,False,0.8232921854738977
VCBF-AIF,2026-03,2026-02-26,2026-03-25,4,488071661167.0,490325376755.0,12510.74,11611.98,56545065339.0,-18506169435.0,38038895904.0,-35785180316.0,0.0,24,-0.0718390758660159,-0.0718390758660159,0.0,-0.1089359506907911,0.037096874824775194,0.037096874824775194,5.9,"mean of big-four published 12-month VND board rates (Agribank 5.9, BIDV 5.9, Vietcombank 5.9, VietinBank 5.9), read from Wayback Machine snapshot 20260331012516 of https://cafefnew.mediacdn.vn/Images/Uploaded/DuLieuDownload/Liveboard/all_banks_interest_rates.json",bond,VCBF Active Income Fund,vcbf,0.11585402275517975,0.03791691037900247,0.07793711237617729,0.15377093313418222,True,False,0.506839041603321
VCBF-AIF,2026-04,2026-03-26,2026-04-29,5,490325376755.0,507515642735.0,11611.98,11720.74,21762717525.0,-9114855719.0,12647861806.0,4542404174.0,0.0,30,0.009366189056474461,0.009366189056474461,0.0,0.11814689510852183,-0.10878070605204737,-0.10878070605204737,5.9,"bridged between observations at 2026-03 and 2026-08, which agree at 5.9%",bond,VCBF Active Income Fund,vcbf,0.04438423658393299,0.018589402366491023,0.02579483421744197,0.06297363895042402,True,False,0.4096132071667154
VCBF-AIF,2026-05,2026-04-30,2026-05-27,4,507515642735.0,514465559514.0,11720.74,11694.17,16961336659.0,-8833319601.0,8128017058.0,-1178100279.0,0.0,24,-0.002266921713134029,-0.002266921713134029,0.0,0.010964888625208946,-0.013231810338342975,-0.013231810338342975,5.9,"bridged between observations at 2026-03 and 2026-08, which agree at 5.9%",bond,VCBF Active Income Fund,vcbf,0.033420322903931425,0.01740501938698337,0.01601530351694806,0.050825342290914795,True,False,0.31510468587263896
VCBF-AIF,2026-06,2026-05-28,2026-06-24,4,514465559514.0,508023217677.0,11694.17,11467.14,10580858465.0,-6997371094.0,3583487371.0,-10025829208.0,0.0,24,-0.019413947291684663,-0.019413947291684663,0.0,0.0019152489023328556,-0.02132919619401752,-0.02132919619401752,5.9,"bridged between observations at 2026-03 and 2026-08, which agree at 5.9%",bond,VCBF Active Income Fund,vcbf,0.020566699304411,0.013601243007617855,0.006965456296793146,0.034167942312028854,True,False,0.2038594022778173
VCBF-AIF,2026-07,2026-06-25,2026-07-29,5,508023217677.0,461049420388.0,11467.14,10507.6,13214331106.0,-17762791610.0,-4548460504.0,-42425336785.0,0.0,30,-0.08367735982991398,-0.08367735982991398,0.0,-0.09229933653528699,0.008621976705373013,0.008621976705373013,5.9,"bridged between observations at 2026-03 and 2026-08, which agree at 5.9%",bond,VCBF Active Income Fund,vcbf,0.026011273985516233,0.034964527194687275,-0.008953253209171045,0.06097580118020351,True,False,-0.14683289166978294
VCBF-AIF,2026-08,2026-07-30,2026-08-12,2,461049420388.0,492629047039.0,10507.6,11145.26,5202001151.0,-1745461217.0,3456539934.0,28123086717.0,0.0,12,0.060685598995013024,0.060685598995013024,0.0,0.05191590210479391,0.008769696890219114,0.008769696890219114,5.9,"mean of big-four published 12-month VND board rates (Agribank 5.9, BIDV 5.9, Vietcombank 5.9, VietinBank 5.9), read live from https://cafefnew.mediacdn.vn/Images/Uploaded/DuLieuDownload/Liveboard/all_banks_interest_rates.json on 2026-08-15",bond,VCBF Active Income Fund,vcbf,0.011282957793596645,0.003785844076175375,0.007497113717421269,0.01506880186977202,True,False,0.4975255353553
VCBF-BCF,2022-07,2022-06-29,2022-07-27,3,390184379497.0,380542387739.0,27774.03,27019.06,2594379043.0,-1967890715.0,626488328.0,-14438161614.0,0.0,19,-0.036948102647686,-0.036948102647686,4169681528.0,-0.04223645258479081,0.005288349937104808,0.005288349937104808,5.5,"Press report, article dated 02/08/2022 reporting the increase: ""for a 12-month term, the interest rate increases from 5.5%/year to 5.6%/year"". 5.5% is the pre-increase level, so it is the July level; the month is inferred from the increase date, the level is stated (https://en.baoquocte.vn/the-trend-of-race-to-increase-interest-rates-continues-to-be-hot-192920.html)",equity,VCBF Blue Chip Fund,vcbf,0.006649110470143635,0.005043489228187133,0.0016056212419565015,0.011692599698330768,True,False,0.1373194399347922
VCBF-BCF,2022-08,2022-07-28,2022-08-31,5,380542387739.0,405456185829.0,27019.06,28856.68,4566996509.0,-5513420425.0,-946423916.0,25860222006.0,0.0,30,0.0680119885739916,0.0680119885739916,0.0,0.07511922353573364,-0.007107234961742037,-0.007107234961742037,5.6,"Press report, article dated 02/08/2022: ""for a 12-month term, the interest rate increases from 5.5%/year to 5.6%/year"". Sits just above the SBV's 5.5-6.6% band for 12-to-24-month terms that month (https://en.baoquocte.vn/the-trend-of-race-to-increase-interest-rates-continues-to-be-hot-192920.html)",equity,VCBF Blue Chip Fund,vcbf,0.012001282002078398,0.014488321413438579,-0.00248703941136018,0.026489603415516975,True,False,-0.0938873780912602
VCBF-BCF,2022-09,2022-09-01,2022-09-21,3,405456185829.0,384764625008.0,28856.68,27288.95,3086840379.0,-1698784761.0,1388055618.0,-22079616439.0,0.0,18,-0.054328148629710804,-0.054328148629710804,0.0,-0.05463448157374795,0.0003063329440371465,0.0003063329440371465,5.6,"Agribank published board rate, 12 months VND retail term deposit, read from Wayback Machine snapshot 20220926055710 of https://www.agribank.com.vn/vn/lai-suat",equity,VCBF Blue Chip Fund,vcbf,0.00761325264452092,0.004189810934877332,0.003423441709643588,0.011803063579398252,True,False,0.29004687525525663
VCBF-BCF,2022-10,2022-09-29,2022-10-26,4,363360527749.0,321214388915.0,25850.36,22749.41,4844058097.0,-3237345029.0,1606713068.0,-43752851902.0,0.0,24,-0.11995771045354875,-0.11995771045354875,0.0,-0.11785235376131131,-0.0021053566922374367,-0.0021053566922374367,6.4,"Agribank published board rate, 12 months VND retail term deposit, read from Wayback Machine snapshot 20221020012153 of https://www.agribank.com.vn/vn/lai-suat",equity,VCBF Blue Chip Fund,vcbf,0.013331272185805909,0.008909457086753995,0.004421815099051913,0.022240729272559906,True,False,0.1988161019750124
VCBF-BCF,2022-11,2022-10-27,2022-11-30,5,321214388915.0,346621460190.0,22749.41,24649.99,2337008073.0,-3629215696.0,-1292207623.0,26699278898.0,0.0,30,0.08354414466133431,0.08354414466133431,0.0,0.05542804220020958,0.028116102461124726,0.028116102461124726,7.4,"Agribank published board rate, 12 months VND retail term deposit, read from Wayback Machine snapshot 20221128042309 of https://www.agribank.com.vn/vn/lai-suat",equity,VCBF Blue Chip Fund,vcbf,0.007275539806588243,0.011298421930159442,-0.004022882123571199,0.018573961736747687,True,False,-0.21658718697649304
VCBF-BCF,2022-12,2022-12-01,2022-12-28,4,346621460190.0,339551174871.0,24649.99,24267.31,1752116594.0,-3452869740.0,-1700753146.0,-5369532173.0,0.0,24,-0.015524549908539576,-0.015524549908539576,0.0,-0.031247019324316616,0.01572246941577704,0.01572246941577704,7.4,"Agribank published board rate, 12 months VND retail term deposit, read from Wayback Machine snapshot 20221225030309 of https://www.agribank.com.vn/vn/lai-suat",equity,VCBF Blue Chip Fund,vcbf,0.005054841650714817,0.009961500185554913,-0.004906658534840096,0.015016341836269731,True,False,-0.3267545843281747
VCBF-BCF,2023-01,2022-12-29,2023-01-25,4,339551174871.0,369395931143.0,24267.31,26359.47,2224246920.0,-1678820997.0,545425923.0,29299330349.0,0.0,24,0.08621309902086383,0.08621309902086383,0.0,0.09099501801784093,-0.004781918996977108,-0.004781918996977108,7.4,"bridged between observations at 2022-12 and 2023-02, which agree at 7.4%",equity,VCBF Blue Chip Fund,vcbf,0.006550549915914798,0.004944235571082345,0.001606314344832453,0.011494785486997144,True,False,0.13974287268340146
VCBF-BCF,2023-02,2023-01-26,2023-02-22,4,369395931143.0,347011609439.0,26359.47,25354.64,2346414104.0,-10792316762.0,-8445902658.0,-13938419046.0,0.0,24,-0.03812026569578231,-0.03812026569578231,0.0,-0.04855245108656414,0.010432185390781834,0.010432185390781834,7.4,"Agribank published board rate, 12 months VND retail term deposit, read from Wayback Machine snapshot 20230227065357 of https://www.agribank.com.vn/vn/lai-suat",equity,VCBF Blue Chip Fund,vcbf,0.006352030182735445,0.029216122464061724,-0.02286409228132628,0.03556815264679717,True,False,-0.6428248469459136
VCBF-BCF,2023-03,2023-02-23,2023-03-29,5,347011609439.0,342148383065.0,25354.64,24977.52,3542592471.0,-3238273177.0,304319294.0,-5167545668.0,0.0,30,-0.014873806135681678,-0.014873806135681678,0.0,0.0019444549834959357,-0.016818261119177613,-0.016818261119177613,7.2,"Agribank published board rate, 12 months VND retail term deposit, read from Wayback Machine snapshot 20230327002150 of https://www.agribank.com.vn/vn/lai-suat",equity,VCBF Blue Chip Fund,vcbf,0.010208858650945915,0.009331887144165548,0.0008769715067803668,0.01954074579511146,True,False,0.044879121604445626
VCBF-BCF,2023-04,2023-03-30,2023-04-26,4,342148383065.0,338653712132.0,24977.52,24901.86,2057835070.0,-4552431818.0,-2494596748.0,-1000074185.0,0.0,24,-0.003029123788110266,-0.003029123788110266,0.0,-0.014701845067355834,0.011672721279245568,0.011672721279245568,7.2,"Agribank published board rate, 12 months VND retail term deposit, read from Wayback Machine snapshot 20230422161036 of https://www.agribank.com.vn/vn/lai-suat",equity,VCBF Blue Chip Fund,vcbf,0.006014452126196547,0.013305431337184332,-0.007290979210987785,0.01931988346338088,True,False,-0.3773821526826074
VCBF-BCF,2023-05,2023-04-27,2023-05-31,5,338653712132.0,345771803578.0,24901.86,25633.15,2590360923.0,-5407861346.0,-2817500423.0,9935591869.0,0.0,30,0.029366882634469738,0.029366882634469738,0.0,0.033022674865488266,-0.0036557922310185287,-0.0036557922310185287,6.8,"Shinhan Securities Vietnam, Vietnam Economic Update (25 Mar 2024), indicator table row ""Avg. Deposit rate 12M term of SCBs"", column 05/23 = 6.8% (https://shinhansec.com.vn/uploads/report/Vietnam_economic_update_2402_E.pdf)",equity,VCBF Blue Chip Fund,vcbf,0.0076489960989718385,0.01596870535378077,-0.00831970925480893,0.023617701452752608,True,False,-0.3522658321112481
VCBF-BCF,2023-06,2023-06-01,2023-06-28,4,345771803578.0,369207910702.0,25633.15,27366.71,2371841032.0,-4822142493.0,-2450301461.0,25886408585.0,0.0,24,0.06762961243545962,0.06762961243545962,0.0,0.058762800301347395,0.008866812134112223,0.008866812134112223,6.8,"Agribank published board rate, 12 months VND retail term deposit, read from Wayback Machine snapshot 20230606055027 of https://www.agribank.com.vn/vn/lai-suat",equity,VCBF Blue Chip Fund,vcbf,0.006859555948335026,0.013946025798232013,-0.007086469849896987,0.020805581746567037,True,False,-0.34060426361624174
VCBF-BCF,2023-07,2023-06-29,2023-07-26,4,369207910702.0,389512952543.0,27366.71,28856.91,4534125347.0,-4394486552.0,139638795.0,20165403046.0,0.0,24,0.05445301974552286,0.05445301974552286,0.0,0.05489524311503513,-0.0004422233695122735,-0.0004422233695122735,6.4,"VNDIRECT Research, average 12-month term deposit rate across commercial banks: ""the average 12-month deposit interest rate of commercial banks fell to 6.40% p.a at the end of July 2023"" (https://www.vndirect.com.vn/cmsupload/beta/Vietnam-Money-market-chartbook_August_20230809.pdf)",equity,VCBF Blue Chip Fund,vcbf,0.012280683093650296,0.011902471275993153,0.0003782118176571442,0.02418315436964345,True,False,0.01563947415114319
VCBF-BCF,2023-08,2023-07-27,2023-08-30,5,389512952543.0,404568027363.0,28856.91,30107.23,6904195160.0,-8881533356.0,-1977338196.0,17032413016.0,0.0,30,0.04332827042119214,0.04332827042119214,0.0,0.010259485027147575,0.033068785394044564,0.033068785394044564,5.9,"VNDIRECT Research, average 12-month term deposit rate across commercial banks: ""decreased to 5.4%/year on October 10, down 0.5% points compared to the end of August (corroborated by the 25 Sep report's 0.3pp decline from end-August)"" (https://www.vndirect.com.vn/cmsupload/beta/Econ_Update_20231017.pdf)",equity,VCBF Blue Chip Fund,vcbf,0.017725200445645812,0.022801638040572038,-0.005076437594926226,0.04052683848621785,True,False,-0.12526113026686236
VCBF-BCF,2023-09,2023-08-31,2023-09-27,4,404568027363.0,384947535014.0,30107.23,28707.1,6474095935.0,-7203065476.0,-728969541.0,-18891522808.0,0.0,24,-0.04650477642745632,-0.04650477642745632,0.0,-0.04888885225361883,0.002384075826162513,0.002384075826162513,5.6,"VNDIRECT Research, average 12-month term deposit rate across commercial banks: ""decreased to 5.6%/year on 25 Sep 2023, down 0.3% points compared to the end of Aug 2023"" (https://www.vndirect.com.vn/Market-Strategy_October_20231005.pdf)",equity,VCBF Blue Chip Fund,vcbf,0.01600249030354318,0.017804336944147653,-0.0018018466406044729,0.03380682724769084,True,False,-0.05329830650486574
VCBF-BCF,2023-10,2023-09-28,2023-10-25,3,384947535014.0,371898690045.0,28707.1,27282.4,7556621226.0,-1993983738.0,5562637488.0,-1413676477.0,0.0,18,-0.0038378610913257782,-0.0038378610913257782,-17197805980.0,0.010026660656332176,-0.013864521747657954,-0.013864521747657954,5.3,"VNDIRECT Research, average 12-month term deposit rate across commercial banks: ""As of October 26, 2023, the average 12-month deposit interest rate of commercial banks has decreased to 5.3%/year"" (https://www.vndirect.com.vn/Market-Strategy_November_20231106.pdf)",equity,VCBF Blue Chip Fund,vcbf,0.01963026266871712,0.005179884417047849,0.014450378251669269,0.02481014708576497,True,False,0.5824382339095562
VCBF-BCF,2023-11,2023-10-26,2023-11-29,5,371898690045.0,373154381880.0,27282.4,27054.45,7837385745.0,-3513580556.0,4323805189.0,-3068113354.0,0.0,30,-0.008355203354543761,-0.008355203354543761,0.0,0.0010348020260331214,-0.009390005380576882,-0.009390005380576882,5.18,"Shinhan Securities Vietnam, Vietnam Economic Update (25 Mar 2024), indicator table row ""Avg. Deposit rate 12M term of SCBs"", column 11/23 = 5.18% (https://shinhansec.com.vn/uploads/report/Vietnam_economic_update_2402_E.pdf)",equity,VCBF Blue Chip Fund,vcbf,0.021073980508110074,0.00944768198988508,0.011626298518224994,0.030521662497995154,True,False,0.38091956881407363
VCBF-BCF,2023-12,2023-11-30,2023-12-27,4,373154381880.0,385189015196.0,27054.45,27889.87,5196995471.0,-4702255593.0,494739878.0,11539893438.0,0.0,24,0.03087920841118552,0.03087920841118552,0.0,0.017401160681900674,0.013478047729284848,0.013478047729284848,5.3,"Agribank published board rate, 12 months VND retail term deposit, read from Wayback Machine snapshot 20231204024251 of https://www.agribank.com.vn/vn/lai-suat",equity,VCBF Blue Chip Fund,vcbf,0.01392719936669875,0.012601367748408658,0.0013258316182900936,0.02652856711510741,True,False,0.04997750585387113
VCBF-BCF,2024-01,2023-12-28,2024-01-31,5,385189015196.0,422339935065.0,27889.87,29547.49,23083452243.0,-8806769465.0,14276682778.0,22874237091.0,0.0,30,0.05943448284269537,0.05943448284269537,0.0,0.03771869624506441,0.02171578659763096,0.02171578659763096,5.14,"VNDIRECT Research, average 12-month term deposit rate across commercial banks: ""As of January 31, 2024, the average 12-month term deposit interest rate of commercial banks has decreased to 5.14%/year"" (https://www.vndirect.com.vn/cmsupload/beta/Market-Strategy_Feb_20240206.pdf)",equity,VCBF Blue Chip Fund,vcbf,0.05992759744525474,0.022863501080161264,0.03706409636509348,0.08279109852541601,True,False,0.4476821424674681
VCBF-BCF,2024-02,2024-02-01,2024-02-28,4,422339935065.0,472449802265.0,29547.49,31753.68,25869200760.0,-7751208479.0,18117992281.0,31991874919.0,0.0,24,0.07466590224753444,0.07466590224753444,0.0,0.07750513179479657,-0.002839229547262123,-0.002839229547262123,4.78,"Shinhan Securities Vietnam, Vietnam Economic Update (25 Mar 2024), indicator table row ""Avg. Deposit rate 12M term of SCBs"", column 02/24 = 4.78% (https://shinhansec.com.vn/uploads/report/Vietnam_economic_update_2402_E.pdf)",equity,VCBF Blue Chip Fund,vcbf,0.061252083007538975,0.018353008644108104,0.04289907436343087,0.07960509165164707,True,False,0.5388986241126106
VCBF-BCF,2024-03,2024-02-29,2024-03-27,4,472449802265.0,503732311509.0,31753.68,32821.55,34250405742.0,-19175154213.0,15075251529.0,16207257715.0,0.0,24,0.03362980290788342,0.03362980290788342,0.0,0.022749192937706608,0.010880609970176813,0.010880609970176813,4.7,"Shinhan Securities Vietnam, Vietnam Economic Update (25 Mar 2024): ""Deposit interest rates 12M term at State-owned commercial banks (SCBs) continue to decrease, reaching 4.7% on March 22, 2024"" (https://shinhansec.com.vn/uploads/report/Vietnam_economic_update_2402_E.pdf)",equity,VCBF Blue Chip Fund,vcbf,0.07249533300214768,0.040586648827179606,0.031908684174968074,0.11308198182932729,True,False,0.2821730187142219
VCBF-BCF,2024-04,2024-03-28,2024-04-24,4,503732311509.0,500318162428.0,32821.55,31196.02,30463408301.0,-8448723259.0,22014685042.0,-25428834123.0,0.0,24,-0.049526302078969686,-0.049526302078969686,0.0,-0.06038547568759789,0.010859173608628203,0.010859173608628203,4.61,"VNDIRECT Research, average 12-month term deposit rate across commercial banks: ""As of April 27, 2024, the average 12-month term deposit interest rate of commercial banks plateaued at around 4.61%"" (https://www.vndirect.com.vn/cmsupload/beta/Econ_Update_20240520.pdf)",equity,VCBF Blue Chip Fund,vcbf,0.060475390609235756,0.01677224800944509,0.04370314259979067,0.07724763861868085,True,False,0.5657537677691795
VCBF-BCF,2024-05,2024-04-25,2024-05-29,5,500318162428.0,561340997729.0,31196.02,32997.79,42848093063.0,-11249091811.0,31599001252.0,29423834049.0,0.0,30,0.05775640610565036,0.05775640610565036,0.0,0.05559841076301675,0.002157995342633612,0.002157995342633612,4.7,"Agribank published board rate, 12 months VND retail term deposit, read from Wayback Machine snapshot 20240526204434 of https://www.agribank.com.vn/vn/lai-suat",equity,VCBF Blue Chip Fund,vcbf,0.08564169018982236,0.022483876572477697,0.06315781361734467,0.10812556676230006,True,False,0.584115445666878
VCBF-BCF,2024-06,2024-05-30,2024-06-26,4,561340997729.0,586101518208.0,32997.79,33586.24,37338625529.0,-22718011739.0,14620613790.0,10139906689.0,0.0,24,0.017833012453257968,0.017833012453257968,0.0,-0.008957757103344233,0.0267907695566022,0.0267907695566022,4.7,"Agribank published board rate, 12 months VND retail term deposit, read from Wayback Machine snapshot 20240626111100 of https://www.agribank.com.vn/vn/lai-suat",equity,VCBF Blue Chip Fund,vcbf,0.06651683322625593,0.04047096476279046,0.026045868463465464,0.1069877979890464,True,False,0.24344709352866659
VCBF-BCF,2024-07,2024-06-27,2024-07-31,5,586101518208.0,603319816896.0,33586.24,33368.61,34479310965.0,-13353748280.0,21125562685.0,-3907263997.0,0.0,30,-0.006479736939889791,-0.006479736939889791,0.0,-0.007714630046620874,0.001234893106731083,0.001234893106731083,4.7,"bridged between observations at 2024-06 and 2024-09, which agree at 4.7%",equity,VCBF Blue Chip Fund,vcbf,0.058828223258011986,0.022784019261422428,0.03604420399658956,0.08161224251943441,True,False,0.4416519248078045
VCBF-BCF,2024-08,2024-08-01,2024-08-28,4,603319816896.0,628784175348.0,33368.61,34307.31,19518432710.0,-11448430506.0,8070002204.0,17394356248.0,0.0,24,0.028131228720644996,0.028131228720644996,0.0,0.023915110546459672,0.004216118174185324,0.004216118174185324,4.7,"bridged between observations at 2024-06 and 2024-09, which agree at 4.7%",equity,VCBF Blue Chip Fund,vcbf,0.032351718215423014,0.018975724293129718,0.013375993922293297,0.05132744250855273,True,False,0.2606012158128557
VCBF-BCF,2024-09,2024-08-29,2024-09-25,4,628784175348.0,642415616682.0,34307.31,35173.56,15126699056.0,-17222417379.0,-2095718323.0,15727159657.0,0.0,24,0.02524972083209076,0.02524972083209076,0.0,0.004713447371706758,0.020536273460384002,0.020536273460384002,4.7,"Agribank published board rate, 12 months VND retail term deposit, read from Wayback Machine snapshot 20240906234432 of https://www.agribank.com.vn/vn/lai-suat",equity,VCBF Blue Chip Fund,vcbf,0.02405706067209491,0.02739002992476436,-0.00333296925266945,0.05144709059685927,True,False,-0.064784406931515
VCBF-BCF,2024-10,2024-09-26,2024-10-30,5,642415616682.0,649220888611.0,35173.56,34760.37,30822265372.0,-16437466464.0,14384798908.0,-7579526979.0,0.0,30,-0.011747176003793491,-0.011747176003793491,0.0,-0.022408115077515722,0.010660939073722231,0.010660939073722231,4.7,"Agribank published board rate, 12 months VND retail term deposit, read from Wayback Machine snapshot 20241008043404 of https://www.agribank.com.vn/vn/lai-suat",equity,VCBF Blue Chip Fund,vcbf,0.047978698791902544,0.025586965878721245,0.0223917329131813,0.07356566467062378,True,False,0.3043774974838602
VCBF-BCF,2024-11,2024-10-31,2024-11-27,4,649220888611.0,661919893900.0,34760.37,34450.05,26745310925.0,-8262392037.0,18482918888.0,-5783913599.0,0.0,24,-0.008927407849801283,-0.008927407849801283,0.0,-0.013236614414085301,0.004309206564284018,0.004309206564284018,4.7,"Agribank published board rate, 12 months VND retail term deposit, read from Wayback Machine snapshot 20241128101714 of https://www.agribank.com.vn/vn/lai-suat",equity,VCBF Blue Chip Fund,vcbf,0.04119601108679861,0.01272662691842415,0.028469384168374457,0.05392263800522276,True,False,0.5279671993350364
VCBF-BCF,2024-12,2024-11-28,2024-12-18,3,661919893900.0,687321027402.0,34450.05,35238.85,18095148650.0,-7974006610.0,10121142040.0,15279991462.0,0.0,18,0.02289691887239642,0.02289691887239642,0.0,0.0193482934370397,0.0035486254353567226,0.0035486254353567226,4.7,"Agribank published board rate, 12 months VND retail term deposit, read from Wayback Machine snapshot 20241217044809 of https://www.agribank.com.vn/vn/lai-suat",equity,VCBF Blue Chip Fund,vcbf,0.027337369395840725,0.012046784941025929,0.015290584454814798,0.03938415433686665,True,False,0.388242040797144
VCBF-BCF,2025-01,2024-12-26,2025-01-29,5,699984275426.0,733219171511.0,35759.41,35782.54,37420673174.0,-5345095713.0,32075577461.0,1159318624.0,0.0,30,0.0006468227523888093,0.0006468227523888093,0.0,-0.006143596753792391,0.0067904195061812,0.0067904195061812,4.7,"bridged between observations at 2024-12 and 2025-02, which agree at 4.7%",equity,VCBF Blue Chip Fund,vcbf,0.053459305426863106,0.0076360225517166855,0.04582328287514642,0.06109532797857979,True,False,0.7500292475917668
VCBF-BCF,2025-02,2025-01-30,2025-02-26,4,733219171511.0,761584903339.0,35782.54,36202.2,29640385057.0,-10212402207.0,19427982850.0,8937748978.0,0.0,24,0.011728066258013037,0.011728066258013037,0.0,0.029967194972530864,-0.018239128714517827,-0.018239128714517827,4.7,"Agribank published board rate, 12 months VND retail term deposit, read from Wayback Machine snapshot 20250207105719 of https://www.agribank.com.vn/vn/lai-suat",equity,VCBF Blue Chip Fund,vcbf,0.04042500006637555,0.013928171280566127,0.02649682878580942,0.054353171346941676,True,False,0.48749370329612485
VCBF-BCF,2025-03,2025-02-27,2025-03-26,4,761584903339.0,786118463255.0,36202.2,35595.62,48626930289.0,-10650163161.0,37976767128.0,-13443207212.0,0.0,24,-0.016755335311113617,-0.016755335311113617,0.0,0.0177518880088412,-0.034507223319954816,-0.034507223319954816,4.7,"Agribank published board rate, 12 months VND retail term deposit, read from Wayback Machine snapshot 20250323005822 of https://www.agribank.com.vn/vn/lai-suat",equity,VCBF Blue Chip Fund,vcbf,0.06384965100516832,0.01398420992105637,0.04986544108411195,0.07783386092622468,True,False,0.6406651358510561
VCBF-BCF,2025-04,2025-03-27,2025-04-30,5,786118463255.0,752521398179.0,35595.62,33311.09,48632093958.0,-31344950941.0,17287143017.0,-50884208093.0,0.0,30,-0.06418008732535085,-0.06418008732535085,0.0,-0.07525130270192826,0.011071215376577404,0.011071215376577404,4.7,"Agribank published board rate, 12 months VND retail term deposit, read from Wayback Machine snapshot 20250404031732 of https://www.agribank.com.vn/vn/lai-suat",equity,VCBF Blue Chip Fund,vcbf,0.06186356920893841,0.0398730629111714,0.02199050629776701,0.10173663212010982,True,False,0.216151309901876
VCBF-BCF,2025-05,2025-05-01,2025-05-28,4,752521398179.0,831844503392.0,33311.09,36130.3,25923077402.0,-10944439050.0,14978638352.0,64344466861.0,0.0,24,0.08463277545105896,0.08463277545105896,0.0,0.09424284432846775,-0.009610068877408784,-0.009610068877408784,4.7,"Agribank published board rate, 12 months VND retail term deposit, read from Wayback Machine snapshot 20250531072021 of https://www.agribank.com.vn/vn/lai-suat",equity,VCBF Blue Chip Fund,vcbf,0.03444829271929056,0.014543691483702739,0.019904601235587824,0.0489919842029933,True,False,0.40628281461545085
VCBF-BCF,2025-06,2025-06-05,2025-06-25,3,828208518534.0,819870810370.0,35940.93,36881.12,13175422931.0,-43032282122.0,-29856859191.0,21519151027.0,0.0,18,0.02615931195992971,0.02615931195992971,0.0,0.018374326609988945,0.007784985349940765,0.007784985349940765,4.7,"Agribank published board rate, 12 months VND retail term deposit, read from Wayback Machine snapshot 20250613002901 of https://www.agribank.com.vn/vn/lai-suat",equity,VCBF Blue Chip Fund,vcbf,0.015908340274405325,0.05195827036187798,-0.036049930087472655,0.0678666106362833,True,False,-0.5311880135089493
VCBF-BCF,2025-07,2025-06-26,2025-07-30,5,819870810370.0,901046193261.0,36881.12,39394.55,67782307513.0,-42680982754.0,25101324759.0,56074058132.0,0.0,30,0.06814950305196832,0.06814950305196832,0.0,0.1030766416681912,-0.034927138616222875,-0.034927138616222875,4.7,"Agribank published board rate, 12 months VND retail term deposit, read from Wayback Machine snapshot 20250722154555 of https://www.agribank.com.vn/vn/lai-suat",equity,VCBF Blue Chip Fund,vcbf,0.08267437583539593,0.05205818064767847,0.03061619518771745,0.1347325564830744,True,False,0.22723680145981326
VCBF-BCF,2025-08,2025-07-31,2025-08-27,4,901046193261.0,985558292771.0,39394.55,43396.17,70892107974.0,-78517715155.0,-7625607181.0,92137706691.0,0.0,24,0.10157801015622714,0.10157801015622714,0.0,0.109542792329683,-0.007964782173455864,-0.007964782173455864,4.7,"bridged between observations at 2025-07 and 2025-10, which agree at 4.7%",equity,VCBF Blue Chip Fund,vcbf,0.0786775511668636,0.08714061026198276,-0.008463059095119158,0.16581816142884637,True,False,-0.05103819160816537
VCBF-BCF,2025-09,2025-08-28,2025-09-24,4,985558292771.0,1044561589966.0,43396.17,43290.75,86653850277.0,-25523072899.0,61130777378.0,-2127480183.0,0.0,24,-0.0024292466362814125,-0.0024292466362814125,0.0,-0.009158406963258758,0.006729160326977346,0.006729160326977346,4.7,"bridged between observations at 2025-07 and 2025-10, which agree at 4.7%",equity,VCBF Blue Chip Fund,vcbf,0.08792361741826925,0.02589707081378131,0.06202654660448794,0.11382068823205056,True,False,0.5449496709950661
VCBF-BCF,2025-10,2025-09-25,2025-10-29,5,1044561589966.0,1171299200797.0,43290.75,43499.23,152776656903.0,-32665160030.0,120111496873.0,6626113958.0,0.0,30,0.004815809381911951,0.004815809381911951,0.0,0.017116551832321747,-0.012300742450409796,-0.012300742450409796,4.7,"Press report, ""Bank interest rates started to rise from the end of October. The average for a 12-month term was 5.34% at private banks and 4.7% at state-owned banks"" (https://vcdn.vietnam.vn/en/lai-suat-ngan-hang-dong-loat-tang-gui-100-trieu-dong-nhan-duoc-bao-nhieu-tien-lai)",equity,VCBF Blue Chip Fund,vcbf,0.14625911805542535,0.031271645773480176,0.11498747228194517,0.17753076382890554,True,False,0.6477044868277806
VCBF-BCF,2025-11,2025-10-30,2025-11-19,3,1171299200797.0,1179041818082.0,43499.23,42719.09,44689684172.0,-16118901094.0,28570783078.0,-20828165793.0,0.0,18,-0.017934570336072597,-0.017934570336072597,0.0,-0.021846805431152583,0.003912235095079986,0.003912235095079986,,"no observation: bracketing observations 2025-10 at 4.7% and 2026-03 at 5.9% disagree, so the rate moved somewhere in this gap; left missing rather than picking a side",equity,VCBF Blue Chip Fund,vcbf,0.038153944049130493,0.013761557322870228,0.024392386726260266,0.05191550137200072,True,False,0.46984785048065947
VCBF-BCF,2025-12,2025-11-27,2025-12-31,5,1185052594708.0,1260002187430.0,42526.65,43930.45,69536498635.0,-34800576420.0,34735922215.0,40213670507.0,0.0,30,0.03300988909307434,0.03300988909307434,0.0,0.05947207181533187,-0.026462182722257532,-0.026462182722257532,,"no observation: bracketing observations 2025-10 at 4.7% and 2026-03 at 5.9% disagree, so the rate moved somewhere in this gap; left missing rather than picking a side",equity,VCBF Blue Chip Fund,vcbf,0.058677985218144664,0.029366271653601124,0.02931171356454354,0.08804425687174579,True,False,0.3329202222382541
VCBF-BCF,2026-01,2026-01-01,2026-01-28,4,1260002187430.0,1352521808363.0,43930.45,46004.79,74021259058.0,-41060493397.0,32960765661.0,59558855272.0,0.0,24,0.047218728695016976,0.047218728695016976,0.0,0.01032227695307908,0.0368964517419379,0.0368964517419379,,"no observation: bracketing observations 2025-10 at 4.7% and 2026-03 at 5.9% disagree, so the rate moved somewhere in this gap; left missing rather than picking a side",equity,VCBF Blue Chip Fund,vcbf,0.05874692901048022,0.03258763659827466,0.026159292412205555,0.09133456560875489,True,False,0.28641174606624564
VCBF-BCF,2026-02,2026-01-29,2026-02-25,4,1352521808363.0,1501772147717.0,46004.79,47613.36,117990645502.0,-18335065159.0,99655580343.0,49594759011.0,0.0,24,0.03496527209449285,0.03496527209449285,0.0,0.032170213710057904,0.0027950583844349453,0.0027950583844349453,,"no observation: bracketing observations 2025-10 at 4.7% and 2026-03 at 5.9% disagree, so the rate moved somewhere in this gap; left missing rather than picking a side",equity,VCBF Blue Chip Fund,vcbf,0.08723751792572411,0.013556206669370833,0.07368131125635327,0.10079372459509495,True,False,0.7310108992632556
VCBF-BCF,2026-03,2026-02-26,2026-03-25,4,1501772147717.0,1491824015470.0,47613.36,43840.67,157281328378.0,-46835864488.0,110445463890.0,-120393596137.0,0.0,24,-0.07923595394233895,-0.07923595394233895,0.0,-0.1089359506907911,0.02969999674845214,0.02969999674845214,5.9,"mean of big-four published 12-month VND board rates (Agribank 5.9, BIDV 5.9, Vietcombank 5.9, VietinBank 5.9), read from Wayback Machine snapshot 20260331012516 of https://cafefnew.mediacdn.vn/Images/Uploaded/DuLieuDownload/Liveboard/all_banks_interest_rates.json",equity,VCBF Blue Chip Fund,vcbf,0.10473048698972058,0.031187064268837366,0.07354342272088321,0.13591755125855795,True,False,0.5410884910733896
VCBF-BCF,2026-04,2026-03-26,2026-04-29,5,1491824015470.0,1569052221531.0,43840.67,44483.48,78378886234.0,-23330193300.0,55048692934.0,22179513127.0,0.0,30,0.014662412777906919,0.014662412777906919,0.0,0.11814689510852183,-0.10348448233061491,-0.10348448233061491,5.9,"bridged between observations at 2026-03 and 2026-08, which agree at 5.9%",equity,VCBF Blue Chip Fund,vcbf,0.05253896265325015,0.01563870339803439,0.036900259255215756,0.06817766605128454,True,False,0.5412367625999206
VCBF-BCF,2026-05,2026-04-30,2026-05-27,4,1569052221531.0,1597041405960.0,44483.48,44247.43,66648817308.0,-30211159469.0,36437657839.0,-8448473410.0,0.0,24,-0.0053064643323770255,-0.0053064643323770255,0.0,0.010964888625208946,-0.01627135295758597,-0.01627135295758597,5.9,"bridged between observations at 2026-03 and 2026-08, which agree at 5.9%",equity,VCBF Blue Chip Fund,vcbf,0.04247711860282606,0.019254400238840688,0.023222718363985373,0.06173151884166675,True,False,0.3761890003637947
VCBF-BCF,2026-06,2026-05-28,2026-06-24,4,1597041405960.0,1604672267472.0,44247.43,43284.29,61343134986.0,-18630123989.0,42713010997.0,-35082149485.0,0.0,24,-0.021767139922024725,-0.021767139922024725,0.0,0.0019152489023328556,-0.02368238882435758,-0.02368238882435758,5.9,"bridged between observations at 2026-03 and 2026-08, which agree at 5.9%",equity,VCBF Blue Chip Fund,vcbf,0.038410485011267405,0.01166539822917191,0.026745086782095494,0.05007588324043931,True,False,0.5340911642772027
VCBF-BCF,2026-07,2026-06-25,2026-07-29,5,1604672267472.0,1492323252703.0,43284.29,39041.91,74811398708.0,-26901912936.0,47909485772.0,-160258500541.0,0.0,30,-0.09801200389332931,-0.09801200389332931,0.0,-0.09229933653528699,-0.005712667358042323,-0.005712667358042323,5.9,"bridged between observations at 2026-03 and 2026-08, which agree at 5.9%",equity,VCBF Blue Chip Fund,vcbf,0.04662098312813609,0.016764739742390677,0.029856243385745416,0.06338572287052677,True,False,0.47102473607077905
VCBF-BCF,2026-08,2026-07-30,2026-08-12,2,1492323252703.0,1634736656714.0,39041.91,41850.71,40014729455.0,-6047844738.0,33966884717.0,108446519294.0,0.0,12,0.07194320154930911,0.07194320154930911,0.0,0.05191590210479391,0.0200272994445152,0.0200272994445152,5.9,"mean of big-four published 12-month VND board rates (Agribank 5.9, BIDV 5.9, Vietcombank 5.9, VietinBank 5.9), read live from https://cafefnew.mediacdn.vn/Images/Uploaded/DuLieuDownload/Liveboard/all_banks_interest_rates.json on 2026-08-15",equity,VCBF Blue Chip Fund,vcbf,0.026813714376240222,0.00405263720648038,0.022761077169759843,0.0308663515827206,True,False,0.7374074356912917
VCBF-FIF,2022-07,2022-06-29,2022-07-27,4,91665358043.0,90513972944.0,11876.65,11850.59,938283236.0,-1890335641.0,-952052405.0,-199332694.0,0.0,25,-0.002194221434495325,-0.002194221434495325,0.0,-0.02220689768407913,0.020012676249583805,0.020012676249583805,5.5,"Press report, article dated 02/08/2022 reporting the increase: ""for a 12-month term, the interest rate increases from 5.5%/year to 5.6%/year"". 5.5% is the pre-increase level, so it is the July level; the month is inferred from the increase date, the level is stated (https://en.baoquocte.vn/the-trend-of-race-to-increase-interest-rates-continues-to-be-hot-192920.html)",bond,VCBF Fixed Income Fund,vcbf,0.010235963247531893,0.02062213775582754,-0.010386174508295647,0.030858101003359433,True,False,-0.33657853758288414
VCBF-FIF,2022-08,2022-07-28,2022-08-31,5,90513972944.0,91923397929.0,11850.59,12023.6,589308011.0,-502096429.0,87211582.0,1322213403.0,0.0,30,0.014599273116359779,0.014599273116359779,0.0,0.07511922353573364,-0.06051995041937386,-0.06051995041937386,5.6,"Press report, article dated 02/08/2022: ""for a 12-month term, the interest rate increases from 5.5%/year to 5.6%/year"". Sits just above the SBV's 5.5-6.6% band for 12-to-24-month terms that month (https://en.baoquocte.vn/the-trend-of-race-to-increase-interest-rates-continues-to-be-hot-192920.html)",bond,VCBF Fixed Income Fund,vcbf,0.006510685497857866,0.005547170372364955,0.0009635151254929098,0.012057855870222822,True,False,0.0799076664925424
VCBF-FIF,2022-09,2022-09-01,2022-09-28,4,91923397929.0,93423193233.0,12023.6,12125.97,1848408382.0,-1133828355.0,714580027.0,785215277.0,0.0,24,0.008514088958381905,0.008514088958381905,0.0,-0.10690271844811838,0.11541680740650029,0.11541680740650029,5.6,"Agribank published board rate, 12 months VND retail term deposit, read from Wayback Machine snapshot 20220926055710 of https://www.agribank.com.vn/vn/lai-suat",bond,VCBF Fixed Income Fund,vcbf,0.020108138119825356,0.012334491332399928,0.007773646787425427,0.032442629452225286,True,False,0.23961210662264068
VCBF-FIF,2022-10,2022-09-29,2022-10-26,4,93423193233.0,93031805237.0,12125.97,12121.66,705124408.0,-1063000540.0,-357876132.0,-33511864.0,0.0,24,-0.00035543548268723857,-0.00035543548268723857,0.0,-0.1313897973102952,0.13103436182760797,0.13103436182760797,6.4,"Agribank published board rate, 12 months VND retail term deposit, read from Wayback Machine snapshot 20221020012153 of https://www.agribank.com.vn/vn/lai-suat",bond,VCBF Fixed Income Fund,vcbf,0.007547637621863347,0.011378336612289066,-0.0038306989904257193,0.01892597423415241,True,False,-0.20240432238955094
VCBF-FIF,2022-11,2022-10-27,2022-11-30,5,93031805237.0,89911949665.0,12121.66,12114.64,4163206298.0,-7231921191.0,-3068714893.0,-51140679.0,0.0,30,-0.0005791286011980201,-0.0005791286011980201,0.0,0.05542804220020958,-0.0560071708014076,-0.0560071708014076,7.4,"Agribank published board rate, 12 months VND retail term deposit, read from Wayback Machine snapshot 20221128042309 of https://www.agribank.com.vn/vn/lai-suat",bond,VCBF Fixed Income Fund,vcbf,0.044750354864061447,0.07773600837451844,-0.03298565351045699,0.12248636323857988,True,False,-0.26930061958168583
VCBF-FIF,2022-12,2022-12-01,2022-12-28,4,89760042145.0,90099900163.0,12094.18,12250.36,2152426513.0,-2964306516.0,-811880003.0,1151738021.0,0.0,24,0.012913649375154046,0.012913649375154046,0.0,-0.031247019324316616,0.04416066869947066,0.04416066869947066,7.4,"Agribank published board rate, 12 months VND retail term deposit, read from Wayback Machine snapshot 20221225030309 of https://www.agribank.com.vn/vn/lai-suat",bond,VCBF Fixed Income Fund,vcbf,0.023979785008600277,0.03302478970777894,-0.009045004699178665,0.057004574716379215,True,False,-0.15867155827722979
VCBF-FIF,2023-01,2022-12-29,2023-01-25,4,90099900163.0,85209615751.0,12250.36,12300.92,,,-5262366705.0,372082293.0,0.0,24,0.004127225648878907,0.004127225648878907,0.0,0.09099501801784093,-0.08686779236896203,-0.08686779236896203,7.4,"bridged between observations at 2022-12 and 2023-02, which agree at 7.4%",bond,VCBF Fixed Income Fund,vcbf,,,-0.05840591050023181,,False,False,
VCBF-FIF,2023-02,2023-01-26,2023-02-22,4,85209615751.0,88832410356.0,12300.92,12432.18,2942408836.0,-214561909.0,2727846927.0,894947678.0,0.0,24,0.01067074657830469,0.01067074657830469,0.0,-0.04855245108656414,0.05922319766486883,0.05922319766486883,7.4,"Agribank published board rate, 12 months VND retail term deposit, read from Wayback Machine snapshot 20230227065357 of https://www.agribank.com.vn/vn/lai-suat",bond,VCBF Fixed Income Fund,vcbf,0.03453141772870239,0.0025180480760175466,0.032013369652684844,0.03704946580471994,True,False,0.864071018497829
VCBF-FIF,2023-03,2023-02-23,2023-03-29,5,88832410356.0,90281981809.0,12432.18,12575.37,630135952.0,-206711356.0,423424596.0,1026146857.0,0.0,30,0.011517690380930867,0.011517690380930867,0.0,0.0019444549834959357,0.009573235397434932,0.009573235397434932,7.2,"Agribank published board rate, 12 months VND retail term deposit, read from Wayback Machine snapshot 20230327002150 of https://www.agribank.com.vn/vn/lai-suat",bond,VCBF Fixed Income Fund,vcbf,0.007093536576061608,0.002326981280498803,0.004766555295562806,0.009420517856560411,True,False,0.5059759312746693
VCBF-FIF,2023-04,2023-03-30,2023-04-26,4,90281981809.0,89750233319.0,12575.37,12668.87,607884883.0,-1807488420.0,-1199603537.0,667855047.0,0.0,24,0.007435168905567169,0.007435168905567169,0.0,-0.014701845067355834,0.022137013972923003,0.022137013972923003,7.2,"Agribank published board rate, 12 months VND retail term deposit, read from Wayback Machine snapshot 20230422161036 of https://www.agribank.com.vn/vn/lai-suat",bond,VCBF Fixed Income Fund,vcbf,0.006733180539678864,0.020020477882551485,-0.013287297342872621,0.026753658422230348,True,False,-0.4966534719540204
VCBF-FIF,2023-05,2023-04-27,2023-05-31,5,89750233319.0,90704330167.0,12668.87,12678.37,1084704442.0,-201664917.0,883039525.0,71057323.0,0.0,30,0.0007498695621628304,0.0007498695621628304,0.0,0.033022674865488266,-0.032272805303325436,-0.032272805303325436,6.8,"Shinhan Securities Vietnam, Vietnam Economic Update (25 Mar 2024), indicator table row ""Avg. Deposit rate 12M term of SCBs"", column 05/23 = 6.8% (https://shinhansec.com.vn/uploads/report/Vietnam_economic_update_2402_E.pdf)",bond,VCBF Fixed Income Fund,vcbf,0.012085811945965934,0.002246957022197599,0.009838854923768335,0.014332768968163533,True,False,0.6864587677107443
VCBF-FIF,2023-06,2023-06-01,2023-06-28,4,90704330167.0,89544468333.0,12678.37,12758.72,789974131.0,-2533220620.0,-1743246489.0,583384655.0,0.0,24,0.0063375654756880895,0.0063375654756880895,0.0,0.058762800301347395,-0.052425234825659306,-0.052425234825659306,6.8,"Agribank published board rate, 12 months VND retail term deposit, read from Wayback Machine snapshot 20230606055027 of https://www.agribank.com.vn/vn/lai-suat",bond,VCBF Fixed Income Fund,vcbf,0.008709332063260283,0.027928331705178448,-0.019218999641918165,0.03663766376843873,True,False,-0.5245694639098206
VCBF-FIF,2023-07,2023-06-29,2023-07-26,4,89544468333.0,90600962300.0,12758.72,12859.06,1026832028.0,-676371553.0,350460475.0,706033492.0,0.0,24,0.007864425271500552,0.007864425271500552,0.0,0.05489524311503513,-0.04703081784353458,-0.04703081784353458,6.4,"VNDIRECT Research, average 12-month term deposit rate across commercial banks: ""the average 12-month deposit interest rate of commercial banks fell to 6.40% p.a at the end of July 2023"" (https://www.vndirect.com.vn/cmsupload/beta/Vietnam-Money-market-chartbook_August_20230809.pdf)",bond,VCBF Fixed Income Fund,vcbf,0.011467285998967505,0.00755347109197962,0.003913814906987885,0.019020757090947124,True,False,0.20576546392312922
VCBF-FIF,2023-08,2023-07-27,2023-08-30,5,90600962300.0,107137762051.0,12859.06,13111.41,15043470791.0,-390423418.0,14653047373.0,1883752378.0,0.0,30,0.01962429602163751,0.01962429602163751,0.0,0.010259485027147575,0.009364810994489936,0.009364810994489936,5.9,"VNDIRECT Research, average 12-month term deposit rate across commercial banks: ""decreased to 5.4%/year on October 10, down 0.5% points compared to the end of August (corroborated by the 25 Sep report's 0.3pp decline from end-August)"" (https://www.vndirect.com.vn/cmsupload/beta/Econ_Update_20231017.pdf)",bond,VCBF Fixed Income Fund,vcbf,0.16604096037288998,0.004309263478981834,0.16173169689390815,0.17035022385187182,True,False,0.9494070112554832
VCBF-FIF,2023-09,2023-08-31,2023-09-27,4,107137762051.0,106874558697.0,13111.41,13135.38,2752530644.0,-3209594767.0,-457064123.0,193860769.0,0.0,24,0.001828178662706792,0.001828178662706792,0.0,-0.04888885225361883,0.05071703091632562,0.05071703091632562,5.6,"VNDIRECT Research, average 12-month term deposit rate across commercial banks: ""decreased to 5.6%/year on 25 Sep 2023, down 0.3% points compared to the end of Aug 2023"" (https://www.vndirect.com.vn/Market-Strategy_October_20231005.pdf)",bond,VCBF Fixed Income Fund,vcbf,0.0256915077495247,0.029957642436773697,-0.004266134687248993,0.055649150186298395,True,False,-0.07666127286700913
VCBF-FIF,2023-10,2023-09-28,2023-10-25,3,106874558697.0,110474164214.0,13135.38,13276.47,2962339993.0,-1564573517.0,1397766476.0,1304931339.0,0.0,18,0.012135736764229188,0.012135736764229188,896907702.0,0.010026660656332176,0.002109076107897012,0.002109076107897012,5.3,"VNDIRECT Research, average 12-month term deposit rate across commercial banks: ""As of October 26, 2023, the average 12-month deposit interest rate of commercial banks has decreased to 5.3%/year"" (https://www.vndirect.com.vn/Market-Strategy_November_20231106.pdf)",bond,VCBF Fixed Income Fund,vcbf,0.027717915555548898,0.01463934481765414,0.013078570737894759,0.04235726037320304,True,False,0.30876809837703306
VCBF-FIF,2023-11,2023-10-26,2023-11-29,5,110474164214.0,116492703648.0,13276.47,13405.1,7791850993.0,-2877622111.0,4914228882.0,1104310552.0,0.0,30,0.00968856932603357,0.00968856932603357,0.0,0.0010348020260331214,0.008653767300000448,0.008653767300000448,5.18,"Shinhan Securities Vietnam, Vietnam Economic Update (25 Mar 2024), indicator table row ""Avg. Deposit rate 12M term of SCBs"", column 11/23 = 5.18% (https://shinhansec.com.vn/uploads/report/Vietnam_economic_update_2402_E.pdf)",bond,VCBF Fixed Income Fund,vcbf,0.07053097933292685,0.026047919271203947,0.044483060061722896,0.09657889860413078,True,False,0.4605877754317267
VCBF-FIF,2023-12,2023-11-30,2023-12-27,4,116492703648.0,122327814254.0,13405.1,13464.82,8090431591.0,-2790069802.0,5300361789.0,534748817.0,0.0,24,0.0044550208502733835,0.0044550208502733835,0.0,0.017401160681900674,-0.01294613983162729,-0.01294613983162729,5.3,"Agribank published board rate, 12 months VND retail term deposit, read from Wayback Machine snapshot 20231204024251 of https://www.agribank.com.vn/vn/lai-suat",bond,VCBF Fixed Income Fund,vcbf,0.06945011436464245,0.023950597029927388,0.04549951733471506,0.09340071139456983,True,False,0.48714315614260223
VCBF-FIF,2024-01,2023-12-28,2024-01-31,5,122327814254.0,173090682886.0,13464.82,13519.44,57339585510.0,-7189685527.0,50149899983.0,612968649.0,0.0,30,0.004056496856251979,0.004056496856251979,0.0,0.03771869624506441,-0.03366219938881243,-0.03366219938881243,5.14,"VNDIRECT Research, average 12-month term deposit rate across commercial banks: ""As of January 31, 2024, the average 12-month term deposit interest rate of commercial banks has decreased to 5.14%/year"" (https://www.vndirect.com.vn/cmsupload/beta/Market-Strategy_Feb_20240206.pdf)",bond,VCBF Fixed Income Fund,vcbf,0.4687371049640499,0.058773922928692435,0.4099631820353575,0.5275110278927424,True,False,0.7771651403631212
VCBF-FIF,2024-02,2024-02-01,2024-02-28,4,173090682886.0,186795846898.0,13519.44,13623.29,16768896783.0,-4438708953.0,12330187830.0,1374976182.0,0.0,24,0.007681531187682111,0.007681531187682111,0.0,0.07750513179479657,-0.06982360060711446,-0.06982360060711446,4.78,"Shinhan Securities Vietnam, Vietnam Economic Update (25 Mar 2024), indicator table row ""Avg. Deposit rate 12M term of SCBs"", column 02/24 = 4.78% (https://shinhansec.com.vn/uploads/report/Vietnam_economic_update_2402_E.pdf)",bond,VCBF Fixed Income Fund,vcbf,0.0968792571813021,0.02564383523706702,0.07123542194423509,0.12252309241836912,True,False,0.5814040483159989
VCBF-FIF,2024-03,2024-02-29,2024-03-27,4,186795846898.0,221692881574.0,13623.29,13750.57,38744519312.0,-5691395652.0,33053123660.0,1843911016.0,0.0,24,0.009342823943408574,0.009342823943408574,0.0,0.022749192937706608,-0.013406368994298035,-0.013406368994298035,4.7,"Shinhan Securities Vietnam, Vietnam Economic Update (25 Mar 2024): ""Deposit interest rates 12M term at State-owned commercial banks (SCBs) continue to decrease, reaching 4.7% on March 22, 2024"" (https://shinhansec.com.vn/uploads/report/Vietnam_economic_update_2402_E.pdf)",bond,VCBF Fixed Income Fund,vcbf,0.20741638508246102,0.03046853421268938,0.17694785086977163,0.2378849192951504,True,False,0.7438380347693565
VCBF-FIF,2024-04,2024-03-28,2024-04-24,4,221692881574.0,232263054712.0,13750.57,13848.21,19526127220.0,-10566300783.0,8959826437.0,1610346701.0,0.0,24,0.007100796548797694,0.007100796548797694,0.0,-0.06038547568759789,0.06748627223639558,0.06748627223639558,4.61,"VNDIRECT Research, average 12-month term deposit rate across commercial banks: ""As of April 27, 2024, the average 12-month term deposit interest rate of commercial banks plateaued at around 4.61%"" (https://www.vndirect.com.vn/cmsupload/beta/Econ_Update_20240520.pdf)",bond,VCBF Fixed Income Fund,vcbf,0.08807737569815598,0.04766188570413354,0.04041548999402245,0.13573926140228953,True,False,0.2977435531658253
VCBF-FIF,2024-05,2024-04-25,2024-05-29,5,232263054712.0,260497825340.0,13848.21,13904.45,33495721456.0,-6202497901.0,27293223555.0,941547073.0,0.0,30,0.004061174693335667,0.004061174693335667,0.0,0.05559841076301675,-0.05153723606968108,-0.05153723606968108,4.7,"Agribank published board rate, 12 months VND retail term deposit, read from Wayback Machine snapshot 20240526204434 of https://www.agribank.com.vn/vn/lai-suat",bond,VCBF Fixed Income Fund,vcbf,0.1442145910701717,0.02670462553198972,0.11750996553818199,0.17091921660216144,True,False,0.6875175762810978
VCBF-FIF,2024-06,2024-05-30,2024-06-26,4,260497825340.0,271118452528.0,13904.45,13982.09,20529026694.0,-11385226575.0,9143800119.0,1476827069.0,0.0,24,0.0055838238837206955,0.0055838238837206955,0.0,-0.008957757103344233,0.014541580987064928,0.014541580987064928,4.7,"Agribank published board rate, 12 months VND retail term deposit, read from Wayback Machine snapshot 20240626111100 of https://www.agribank.com.vn/vn/lai-suat",bond,VCBF Fixed Income Fund,vcbf,0.07880690238855412,0.04370564921277204,0.035101253175782075,0.12251255160132617,True,False,0.28651148569663876
VCBF-FIF,2024-07,2024-06-27,2024-07-31,5,271118452528.0,290945410448.0,13982.09,14028.26,29077227207.0,-10115596033.0,18961631174.0,865326746.0,0.0,30,0.003302081448481653,0.003302081448481653,0.0,-0.007714630046620874,0.011016711495102527,0.011016711495102527,4.7,"bridged between observations at 2024-06 and 2024-09, which agree at 4.7%",bond,VCBF Fixed Income Fund,vcbf,0.1072491633670601,0.03731061437788084,0.06993854898917926,0.14455977774494094,True,False,0.4838036560389417
VCBF-FIF,2024-08,2024-08-01,2024-08-28,4,290945410448.0,305168056421.0,14028.26,14195.57,19258447007.0,-8572325360.0,10686121647.0,3536524326.0,0.0,24,0.011926639511956383,0.011926639511956383,0.0,0.023915110546459672,-0.01198847103450329,-0.01198847103450329,4.7,"bridged between observations at 2024-06 and 2024-09, which agree at 4.7%",bond,VCBF Fixed Income Fund,vcbf,0.06619264753943255,0.029463689930012187,0.03672895760942036,0.09565633746944474,True,False,0.3839678434390466
VCBF-FIF,2024-09,2024-08-29,2024-09-25,4,305168056421.0,321093460579.0,14195.57,14250.27,21126554308.0,-6435603824.0,14690950484.0,1234453674.0,0.0,24,0.0038533148017305674,0.0038533148017305674,0.0,0.004713447371706758,-0.0008601325699761908,-0.0008601325699761908,4.7,"Agribank published board rate, 12 months VND retail term deposit, read from Wayback Machine snapshot 20240906234432 of https://www.agribank.com.vn/vn/lai-suat",bond,VCBF Fixed Income Fund,vcbf,0.06922924553693945,0.021088720423351415,0.04814052511358803,0.09031796596029086,True,False,0.5330116173647386
VCBF-FIF,2024-10,2024-09-26,2024-10-30,5,321093460579.0,340639248479.0,14250.27,14248.1,27608333149.0,-8038258927.0,19570074222.0,-24286322.0,0.0,30,-0.0001522778164905203,-0.0001522778164905203,0.0,-0.022408115077515722,0.022255837261025202,0.022255837261025202,4.7,"Agribank published board rate, 12 months VND retail term deposit, read from Wayback Machine snapshot 20241008043404 of https://www.agribank.com.vn/vn/lai-suat",bond,VCBF Fixed Income Fund,vcbf,0.08598223426667204,0.02503401630324487,0.06094821796342716,0.1110162505699169,True,False,0.549002669884285
VCBF-FIF,2024-11,2024-10-31,2024-11-27,3,340639248479.0,349805904320.0,14248.1,14366.19,13161915002.0,-8899221483.0,4262693519.0,2234981025.0,0.0,18,0.006516307387523179,0.006516307387523179,2668981297.0,0.0009904903205759652,0.005525817066947214,0.005525817066947214,4.7,"Agribank published board rate, 12 months VND retail term deposit, read from Wayback Machine snapshot 20241128101714 of https://www.agribank.com.vn/vn/lai-suat",bond,VCBF Fixed Income Fund,vcbf,0.03863886813034528,0.026125061990760663,0.012513806139584617,0.06476393012110594,True,False,0.19322184611379054
VCBF-FIF,2024-12,2024-11-28,2024-12-25,4,349805904320.0,373724373173.0,14366.19,14437.2,27965069716.0,-5840019091.0,22125050625.0,1793418228.0,0.0,24,0.004942855412604086,0.004942855412604086,0.0,0.025821879755549837,-0.02087902434294575,-0.02087902434294575,4.7,"Agribank published board rate, 12 months VND retail term deposit, read from Wayback Machine snapshot 20241217044809 of https://www.agribank.com.vn/vn/lai-suat",bond,VCBF Fixed Income Fund,vcbf,0.07994453315578616,0.016695027210454377,0.06324950594533178,0.09663956036624054,True,False,0.6544887591130534
VCBF-FIF,2025-01,2024-12-26,2025-01-29,5,373724373173.0,399864238533.0,14437.2,14562.7,36793486029.0,-14071633336.0,22721852693.0,3418012667.0,0.0,30,0.008692821322694,0.008692821322694,0.0,-0.007056293365985344,0.015749114688679344,0.015749114688679344,4.7,"bridged between observations at 2024-12 and 2025-02, which agree at 4.7%",bond,VCBF Fixed Income Fund,vcbf,0.09845086023321258,0.03765243678524047,0.0607984234479721,0.13610329701845303,True,False,0.44670794007090797
VCBF-FIF,2025-02,2025-01-30,2025-02-26,4,399864238533.0,423458495854.0,14562.7,14580.95,31600306911.0,-8482286839.0,23118020072.0,476237249.0,0.0,24,0.0012532016727666573,0.0012532016727666573,0.0,0.029967194972530864,-0.028713993299764207,-0.028713993299764207,4.7,"Agribank published board rate, 12 months VND retail term deposit, read from Wayback Machine snapshot 20250207105719 of https://www.agribank.com.vn/vn/lai-suat",bond,VCBF Fixed Income Fund,vcbf,0.07902758953122058,0.02121291683927362,0.057814672691946956,0.1002405063704942,True,False,0.5767595833790072
VCBF-FIF,2025-03,2025-02-27,2025-03-26,4,423458495854.0,455931733683.0,14580.95,14699.29,44834522727.0,-15872177760.0,28962344967.0,3510892862.0,0.0,24,0.008116069254746616,0.008116069254746616,0.0,0.0177518880088412,-0.009635818754094583,-0.009635818754094583,4.7,"Agribank published board rate, 12 months VND retail term deposit, read from Wayback Machine snapshot 20250323005822 of https://www.agribank.com.vn/vn/lai-suat",bond,VCBF Fixed Income Fund,vcbf,0.10587701785645137,0.0374822513077466,0.06839476654870477,0.14335926916419797,True,False,0.4770864621970704
VCBF-FIF,2025-04,2025-03-27,2025-04-30,5,455931733683.0,500936768057.0,14699.29,14734.24,80902862934.0,-37053024285.0,43849838649.0,1155195725.0,0.0,30,0.0023776658600518363,0.0023776658600518363,0.0,-0.07525130270192826,0.0776289685619801,0.0776289685619801,4.7,"Agribank published board rate, 12 months VND retail term deposit, read from Wayback Machine snapshot 20250404031732 of https://www.agribank.com.vn/vn/lai-suat",bond,VCBF Fixed Income Fund,vcbf,0.1774451238137552,0.08126879869862756,0.09617632511512764,0.2587139225123828,True,False,0.3717477752304744
VCBF-FIF,2025-05,2025-05-01,2025-05-28,4,500936768057.0,520917562280.0,14734.24,14822.31,34064952378.0,-17105166683.0,16959785695.0,3021008528.0,0.0,24,0.005977233980171581,0.005977233980171581,0.0,0.09424284432846775,-0.08826561034829616,-0.08826561034829616,4.7,"Agribank published board rate, 12 months VND retail term deposit, read from Wayback Machine snapshot 20250531072021 of https://www.agribank.com.vn/vn/lai-suat",bond,VCBF Fixed Income Fund,vcbf,0.06800249961712504,0.03414635892938419,0.03385614068774085,0.10214885854650924,True,False,0.331439246306662
VCBF-FIF,2025-06,2025-06-05,2025-06-25,3,530661779986.0,572828873315.0,14876.23,14879.94,49100704283.0,-7080183592.0,42020520691.0,146572638.0,0.0,18,0.0002493911427827733,0.0002493911427827733,0.0,0.018374326609988945,-0.01812493546720617,-0.01812493546720617,4.7,"Agribank published board rate, 12 months VND retail term deposit, read from Wayback Machine snapshot 20250613002901 of https://www.agribank.com.vn/vn/lai-suat",bond,VCBF Fixed Income Fund,vcbf,0.09252730483867781,0.013342177369899883,0.07918512746877793,0.1058694822085777,True,False,0.7479504557580828
VCBF-FIF,2025-07,2025-06-26,2025-07-30,5,572828873315.0,615278493083.0,14879.94,14991.33,67605472671.0,-29547804942.0,38057667729.0,4391952039.0,0.0,30,0.007485917281924603,0.007485917281924603,0.0,0.1030766416681912,-0.09559072438626659,-0.09559072438626659,4.7,"Agribank published board rate, 12 months VND retail term deposit, read from Wayback Machine snapshot 20250722154555 of https://www.agribank.com.vn/vn/lai-suat",bond,VCBF Fixed Income Fund,vcbf,0.1180203649298655,0.0515822548730912,0.06643811005677432,0.1696026198029567,True,False,0.3917280884809545
VCBF-FIF,2025-08,2025-07-31,2025-08-27,4,615278493083.0,635459262420.0,14991.33,15047.44,53384790997.0,-35544996491.0,17839794506.0,2340974831.0,0.0,24,0.0037428300224195965,0.0037428300224195965,0.0,0.109542792329683,-0.1057999623072634,-0.1057999623072634,4.7,"bridged between observations at 2025-07 and 2025-10, which agree at 4.7%",bond,VCBF Fixed Income Fund,vcbf,0.08676524792781679,0.05777058176191613,0.028994666165900653,0.14453582968973291,True,False,0.20060538779997944
VCBF-FIF,2025-09,2025-08-28,2025-09-24,4,635459262420.0,617870054117.0,15047.44,15140.81,44140293242.0,-65667553378.0,-21527260136.0,3938051833.0,0.0,24,0.006205042186578247,0.006205042186578247,0.0,-0.009158406963258758,0.015363449149837005,0.015363449149837005,4.7,"bridged between observations at 2025-07 and 2025-10, which agree at 4.7%",bond,VCBF Fixed Income Fund,vcbf,0.06946203455104562,0.10333873036631848,-0.033876695815272875,0.1728007649173641,True,False,-0.19604482556239386
VCBF-FIF,2025-10,2025-09-25,2025-10-29,5,617870054117.0,610621523587.0,15140.81,15223.12,41829657419.0,-52409144499.0,-10579487080.0,3330956550.0,0.0,30,0.005436300964083207,0.005436300964083207,0.0,0.017116551832321747,-0.01168025086823854,-0.01168025086823854,4.7,"Press report, ""Bank interest rates started to rise from the end of October. The average for a 12-month term was 5.34% at private banks and 4.7% at state-owned banks"" (https://vcdn.vietnam.vn/en/lai-suat-ngan-hang-dong-loat-tang-gui-100-trieu-dong-nhan-duoc-bao-nhieu-tien-lai)",bond,VCBF Fixed Income Fund,vcbf,0.0676997649267513,0.08482227638285217,-0.017122511456100876,0.15252204130960345,True,False,-0.11226253798520834
VCBF-FIF,2025-11,2025-10-30,2025-11-26,4,610621523587.0,619228334095.0,15223.12,15280.99,30851453238.0,-24567732127.0,6283721111.0,2323089397.0,0.0,24,0.003801454629537071,0.003801454629537071,0.0,-0.003244692525343651,0.007046147154880722,0.007046147154880722,,"no observation: bracketing observations 2025-10 at 4.7% and 2026-03 at 5.9% disagree, so the rate moved somewhere in this gap; left missing rather than picking a side",bond,VCBF Fixed Income Fund,vcbf,0.05052467370748413,0.040233976658210026,0.010290697049274107,0.09075865036569415,True,False,0.11338530275417014
VCBF-FIF,2025-12,2025-11-27,2025-12-31,5,619228334095.0,619024402871.0,15280.99,15273.1,32184885051.0,-32076553056.0,108331995.0,-312263219.0,0.0,30,-0.0005163278033687435,-0.0005163278033687435,0.0,0.061968863814896524,-0.06248519161826527,-0.06248519161826527,,"no observation: bracketing observations 2025-10 at 4.7% and 2026-03 at 5.9% disagree, so the rate moved somewhere in this gap; left missing rather than picking a side",bond,VCBF Fixed Income Fund,vcbf,0.05197579516130846,0.05180084839444527,0.00017494676686319083,0.10377664355575374,True,False,0.0016858009747559538
VCBF-FIF,2026-01,2026-01-01,2026-01-28,4,619024402871.0,630084442203.0,15273.1,15464.77,31429559775.0,-28143244672.0,3286315103.0,7773724229.0,0.0,24,0.012549515160642066,0.012549515160642066,0.0,0.01032227695307908,0.002227238207562987,0.002227238207562987,,"no observation: bracketing observations 2025-10 at 4.7% and 2026-03 at 5.9% disagree, so the rate moved somewhere in this gap; left missing rather than picking a side",bond,VCBF Fixed Income Fund,vcbf,0.05077273146136321,0.045463869504131386,0.005308861957231827,0.0962366009654946,True,False,0.055164686865190785
VCBF-FIF,2026-02,2026-01-29,2026-02-25,4,630084442203.0,609609202158.0,15464.77,15548.42,15067654310.0,-38856066529.0,-23788412219.0,3313172174.0,0.0,24,0.005409068482751467,0.005409068482751467,0.0,0.032170213710057904,-0.026761145227306438,-0.026761145227306438,,"no observation: bracketing observations 2025-10 at 4.7% and 2026-03 at 5.9% disagree, so the rate moved somewhere in this gap; left missing rather than picking a side",bond,VCBF Fixed Income Fund,vcbf,0.023913706323739885,0.06166803038834815,-0.03775432406460827,0.08558173671208805,True,False,-0.44114930959651394
VCBF-FIF,2026-03,2026-02-26,2026-03-25,4,609609202158.0,603611693580.0,15548.42,15673.9,47741700025.0,-58646785579.0,-10905085554.0,4907576976.0,0.0,24,0.008070273378259607,0.008070273378259607,0.0,-0.1089359506907911,0.1170062240690507,0.1170062240690507,5.9,"mean of big-four published 12-month VND board rates (Agribank 5.9, BIDV 5.9, Vietcombank 5.9, VietinBank 5.9), read from Wayback Machine snapshot 20260331012516 of https://cafefnew.mediacdn.vn/Images/Uploaded/DuLieuDownload/Liveboard/all_banks_interest_rates.json",bond,VCBF Fixed Income Fund,vcbf,0.07831525484850899,0.0962039046841681,-0.017888649835659128,0.17451915953267708,True,False,-0.10250249819882755
VCBF-FIF,2026-04,2026-03-26,2026-04-29,5,603611693580.0,604304483328.0,15673.9,15734.93,39146239143.0,-40811419365.0,-1665180222.0,2357969970.0,0.0,30,0.0038937341695426397,0.0038937341695426397,0.0,0.11814689510852183,-0.11425316093897919,-0.11425316093897919,5.9,"bridged between observations at 2026-03 and 2026-08, which agree at 5.9%",bond,VCBF Fixed Income Fund,vcbf,0.06485334787141882,0.06761204230976522,-0.002758694438346404,0.13246539018118403,True,False,-0.020825775204927916
VCBF-FIF,2026-05,2026-04-30,2026-05-27,4,604304483328.0,597745577701.0,15734.93,15817.78,16052730967.0,-25817533781.0,-9764802814.0,3205897187.0,0.0,24,0.005265355486169909,0.005265355486169909,0.0,0.010964888625208946,-0.005699533139039037,-0.005699533139039037,5.9,"bridged between observations at 2026-03 and 2026-08, which agree at 5.9%",bond,VCBF Fixed Income Fund,vcbf,0.02656397794468623,0.04272272421150804,-0.016158746266821806,0.06928670215619427,True,False,-0.23321569311229234
VCBF-FIF,2026-06,2026-05-28,2026-06-24,4,597745577701.0,588877572082.0,15817.78,15850.43,12999054055.0,-23135444714.0,-10136390659.0,1268385040.0,0.0,24,0.002064132893490944,0.002064132893490944,0.0,0.0019152489023328556,0.0001488839911580886,0.0001488839911580886,5.9,"bridged between observations at 2026-03 and 2026-08, which agree at 5.9%",bond,VCBF Fixed Income Fund,vcbf,0.021746800879725275,0.03870450167608375,-0.016957700796358468,0.06045130255580902,True,False,-0.28051836899135485
VCBF-FIF,2026-07,2026-06-25,2026-07-29,5,588877572082.0,558741330118.0,15850.43,15951.39,16157366561.0,-50064303931.0,-33906937370.0,3770695406.0,0.0,30,0.006369543286838475,0.006369543286838475,0.0,-0.09229933653528699,0.09866887982212547,0.09866887982212547,5.9,"bridged between observations at 2026-03 and 2026-08, which agree at 5.9%",bond,VCBF Fixed Income Fund,vcbf,0.027437564830113993,0.08501648951240522,-0.05757892468229123,0.1124540543425192,True,False,-0.5120217765285183
VCBF-FIF,2026-08,2026-07-30,2026-08-12,2,558741330118.0,555342847690.0,15951.39,16062.75,9042394268.0,-16288704702.0,-7246310434.0,3847828006.0,0.0,12,0.006981209787987108,0.006981209787987108,0.0,0.05191590210479391,-0.0449346923168068,-0.0449346923168068,5.9,"mean of big-four published 12-month VND board rates (Agribank 5.9, BIDV 5.9, Vietcombank 5.9, VietinBank 5.9), read live from https://cafefnew.mediacdn.vn/Images/Uploaded/DuLieuDownload/Liveboard/all_banks_interest_rates.json on 2026-08-15",bond,VCBF Fixed Income Fund,vcbf,0.01618350707310366,0.02915249655607185,-0.01296898948296819,0.04533600362917551,True,False,-0.28606380017629374
VCBF-MGF,2022-07,2022-06-29,2022-07-27,4,264998895518.0,268705755871.0,9544.52,9637.5,4765233569.0,-3676734932.0,1088498637.0,2618361716.0,0.0,25,0.009741715665114503,0.009741715665114503,0.0,-0.02220689768407913,0.03194861334919363,0.03194861334919363,5.5,"Press report, article dated 02/08/2022 reporting the increase: ""for a 12-month term, the interest rate increases from 5.5%/year to 5.6%/year"". 5.5% is the pre-increase level, so it is the July level; the month is inferred from the increase date, the level is stated (https://en.baoquocte.vn/the-trend-of-race-to-increase-interest-rates-continues-to-be-hot-192920.html)",equity,VCBF Midcap Growth Fund,vcbf,0.017982088414690477,0.01387452926855787,0.004107559146132607,0.03185661768324835,True,False,0.12893895977828643
VCBF-MGF,2022-08,2022-07-28,2022-08-31,5,268705755871.0,296883184332.0,9637.5,10335.83,10173605099.0,-1705086896.0,8468518203.0,19708910258.0,0.0,30,0.072459662775616,0.072459662775616,0.0,0.07511922353573364,-0.0026595607601176408,-0.0026595607601176408,5.6,"Press report, article dated 02/08/2022: ""for a 12-month term, the interest rate increases from 5.5%/year to 5.6%/year"". Sits just above the SBV's 5.5-6.6% band for 12-to-24-month terms that month (https://en.baoquocte.vn/the-trend-of-race-to-increase-interest-rates-continues-to-be-hot-192920.html)",equity,VCBF Midcap Growth Fund,vcbf,0.03786150790117103,0.006345554044694809,0.03151595385647622,0.044207061945865836,True,False,0.7129167257274271
VCBF-MGF,2022-09,2022-09-01,2022-09-28,4,296883184332.0,281864366344.0,10335.83,9264.17,18839037782.0,-2514563529.0,16324474253.0,-31343292241.0,0.0,24,-0.1036839808704284,-0.1036839808704284,0.0,-0.10690271844811838,0.0032187375776899785,0.0032187375776899785,5.6,"Agribank published board rate, 12 months VND retail term deposit, read from Wayback Machine snapshot 20220926055710 of https://www.agribank.com.vn/vn/lai-suat",equity,VCBF Midcap Growth Fund,vcbf,0.06345606210196326,0.008469875229403364,0.0549861868725599,0.07192593733136664,True,False,0.7644834243763221
VCBF-MGF,2022-10,2022-09-29,2022-10-26,4,281864366344.0,235981975467.0,9264.17,7692.17,3654920443.0,-1531784868.0,2123135575.0,-48005526452.0,0.0,24,-0.16968600533021305,-0.16968600533021305,0.0,-0.1313897973102952,-0.03829620801991784,-0.03829620801991784,6.4,"Agribank published board rate, 12 months VND retail term deposit, read from Wayback Machine snapshot 20221020012153 of https://www.agribank.com.vn/vn/lai-suat",equity,VCBF Midcap Growth Fund,vcbf,0.012966947508857398,0.005434475055745573,0.007532472453111826,0.018401422564602973,True,False,0.4093418553194529
VCBF-MGF,2022-11,2022-10-27,2022-11-30,5,235981975467.0,252235661898.0,7692.17,7995.47,8661742505.0,-1943340523.0,6718401982.0,9535284449.0,0.0,30,0.03942970579173366,0.03942970579173366,0.0,0.05542804220020958,-0.01599833640847592,-0.01599833640847592,7.4,"Agribank published board rate, 12 months VND retail term deposit, read from Wayback Machine snapshot 20221128042309 of https://www.agribank.com.vn/vn/lai-suat",equity,VCBF Midcap Growth Fund,vcbf,0.03670510210730594,0.00823512270017317,0.028469979407132768,0.04494022480747911,True,False,0.6335077211806625
VCBF-MGF,2022-12,2022-12-01,2022-12-28,4,252235661898.0,253843282015.0,7995.47,7977.33,3878046242.0,-1676111928.0,2201934314.0,-594314197.0,0.0,24,-0.0022687846993362237,-0.0022687846993362237,0.0,-0.031247019324316616,0.028978234624980392,0.028978234624980392,7.4,"Agribank published board rate, 12 months VND retail term deposit, read from Wayback Machine snapshot 20221225030309 of https://www.agribank.com.vn/vn/lai-suat",equity,VCBF Midcap Growth Fund,vcbf,0.015374694493311651,0.006645023607636387,0.008729670885675264,0.02201971810094804,True,False,0.39644789482111564
VCBF-MGF,2023-01,2022-12-29,2023-01-25,4,253843282015.0,276078205031.0,7977.33,8655.25,1801132579.0,-1168515932.0,632616647.0,21602306369.0,0.0,24,0.08498081438275684,0.08498081438275684,0.0,0.09099501801784093,-0.006014203635084092,-0.006014203635084092,7.4,"bridged between observations at 2022-12 and 2023-02, which agree at 7.4%",equity,VCBF Midcap Growth Fund,vcbf,0.007095451038541049,0.004603296658963583,0.0024921543795774657,0.011698747697504631,True,False,0.21302744909261082
VCBF-MGF,2023-02,2023-01-26,2023-02-21,4,276078205031.0,269005022056.0,8655.25,8415.45,2874621718.0,-2305051742.0,569569976.0,-7642752951.0,0.0,23,-0.027705727737500352,-0.027705727737500352,0.0,-0.023328640531369405,-0.004377087206130947,-0.004377087206130947,7.4,"Agribank published board rate, 12 months VND retail term deposit, read from Wayback Machine snapshot 20230227065357 of https://www.agribank.com.vn/vn/lai-suat",equity,VCBF Midcap Growth Fund,vcbf,0.010412345725289025,0.008349270967410023,0.002063074757879003,0.01876161669269905,True,False,0.10996252570717074
VCBF-MGF,2023-03,2023-02-23,2023-03-29,5,269005022056.0,262116586644.0,8415.45,8228.17,2558963345.0,-3457280120.0,-898316775.0,-5990118637.0,0.0,30,-0.022254306068005936,-0.022254306068005936,0.0,-0.02393206619664967,0.001677760128643735,0.001677760128643735,7.2,"Agribank published board rate, 12 months VND retail term deposit, read from Wayback Machine snapshot 20230327002150 of https://www.agribank.com.vn/vn/lai-suat",equity,VCBF Midcap Growth Fund,vcbf,0.00951269729257058,0.012852102513090935,-0.0033394052205203565,0.022364799805661514,True,False,-0.1493152297153586
VCBF-MGF,2023-04,2023-03-30,2023-04-26,4,262116586644.0,273230856771.0,8228.17,8708.45,1861954741.0,-6062041095.0,-4200086354.0,15314356481.0,0.0,24,0.05837020868552778,0.05837020868552778,0.0,-0.014701845067355834,0.07307205375288361,0.07307205375288361,7.2,"Agribank published board rate, 12 months VND retail term deposit, read from Wayback Machine snapshot 20230422161036 of https://www.agribank.com.vn/vn/lai-suat",equity,VCBF Midcap Growth Fund,vcbf,0.007103536501979781,0.023127270092347524,-0.016023733590367743,0.030230806594327305,True,False,-0.5300465120032403
VCBF-MGF,2023-05,2023-04-27,2023-05-31,5,273230856771.0,280916397989.0,8708.45,9257.96,3156876571.0,-12361799579.0,-9204923008.0,16890464226.0,0.0,30,0.0631007814249378,0.0631007814249378,0.0,0.033022674865488266,0.030078106559449536,0.030078106559449536,6.8,"Shinhan Securities Vietnam, Vietnam Economic Update (25 Mar 2024), indicator table row ""Avg. Deposit rate 12M term of SCBs"", column 05/23 = 6.8% (https://shinhansec.com.vn/uploads/report/Vietnam_economic_update_2402_E.pdf)",equity,VCBF Midcap Growth Fund,vcbf,0.011553880144825073,0.045243058288107846,-0.033689178143282775,0.056796938432932924,True,False,-0.5931513048553436
VCBF-MGF,2023-06,2023-06-01,2023-06-28,4,280916397989.0,298218763001.0,9257.96,9852.25,5601415998.0,-6210819024.0,-609403026.0,17911768038.0,0.0,24,0.06419232746739012,0.06419232746739012,0.0,0.058762800301347395,0.005429527166042725,0.005429527166042725,6.8,"Agribank published board rate, 12 months VND retail term deposit, read from Wayback Machine snapshot 20230606055027 of https://www.agribank.com.vn/vn/lai-suat",equity,VCBF Midcap Growth Fund,vcbf,0.019939797171325463,0.022109136627343488,-0.002169339456018024,0.04204893379866895,True,False,-0.05159083144426112
VCBF-MGF,2023-07,2023-06-29,2023-07-26,3,298218763001.0,320641603694.0,9852.25,10317.69,8894151211.0,-2880777806.0,6013373405.0,11729518114.0,0.0,18,0.038415342963700194,0.038415342963700194,4679949174.0,0.038156299488726786,0.0002590434749734083,0.0002590434749734083,6.4,"VNDIRECT Research, average 12-month term deposit rate across commercial banks: ""the average 12-month deposit interest rate of commercial banks fell to 6.40% p.a at the end of July 2023"" (https://www.vndirect.com.vn/cmsupload/beta/Vietnam-Money-market-chartbook_August_20230809.pdf)",equity,VCBF Midcap Growth Fund,vcbf,0.02982425090057186,0.009659948210536774,0.020164302690035087,0.039484199111108634,True,False,0.5106929643752603
VCBF-MGF,2023-08,2023-07-27,2023-08-30,5,320641603694.0,323533872341.0,10317.69,10463.08,11035690394.0,-12695492052.0,-1659801658.0,4552070305.0,0.0,30,0.01409133245910632,0.01409133245910632,0.0,0.010259485027147575,0.003831847431958746,0.003831847431958746,5.9,"VNDIRECT Research, average 12-month term deposit rate across commercial banks: ""decreased to 5.4%/year on October 10, down 0.5% points compared to the end of August (corroborated by the 25 Sep report's 0.3pp decline from end-August)"" (https://www.vndirect.com.vn/cmsupload/beta/Econ_Update_20231017.pdf)",equity,VCBF Midcap Growth Fund,vcbf,0.03441752494642512,0.03959402618293967,-0.005176501236514552,0.07401155112936478,True,False,-0.06994180175289863
VCBF-MGF,2023-09,2023-08-31,2023-09-27,4,323533872341.0,318902905699.0,10463.08,10427.79,9779771097.0,-13267894119.0,-3488123022.0,-1142843620.0,0.0,24,-0.0033728118297863263,-0.0033728118297863263,0.0,-0.04888885225361883,0.045516040423832504,0.045516040423832504,5.6,"VNDIRECT Research, average 12-month term deposit rate across commercial banks: ""decreased to 5.6%/year on 25 Sep 2023, down 0.3% points compared to the end of Aug 2023"" (https://www.vndirect.com.vn/Market-Strategy_October_20231005.pdf)",equity,VCBF Midcap Growth Fund,vcbf,0.03022796663062303,0.04100928914489619,-0.010781322514273155,0.07123725577551922,True,False,-0.15134387753855857
VCBF-MGF,2023-10,2023-09-28,2023-10-25,3,318902905699.0,317173003675.0,10427.79,10177.46,8492551696.0,-3288272225.0,5204279471.0,7045969146.0,0.0,18,0.021868746295564456,0.021868746295564456,-13980150641.0,0.010026660656332176,0.01184208563923228,0.01184208563923228,5.3,"VNDIRECT Research, average 12-month term deposit rate across commercial banks: ""As of October 26, 2023, the average 12-month deposit interest rate of commercial banks has decreased to 5.3%/year"" (https://www.vndirect.com.vn/Market-Strategy_November_20231106.pdf)",equity,VCBF Midcap Growth Fund,vcbf,0.026630524665133617,0.010311201830514745,0.016319322834618875,0.036941726495648364,True,False,0.44175853114340086
VCBF-MGF,2023-11,2023-10-26,2023-11-29,5,317173003675.0,321909745234.0,10177.46,10211.76,11502976626.0,-7928796116.0,3574180510.0,1162561049.0,0.0,30,0.003370192562781149,0.003370192562781149,0.0,0.0010348020260331214,0.0023353905367480277,0.0023353905367480277,5.18,"Shinhan Securities Vietnam, Vietnam Economic Update (25 Mar 2024), indicator table row ""Avg. Deposit rate 12M term of SCBs"", column 11/23 = 5.18% (https://shinhansec.com.vn/uploads/report/Vietnam_economic_update_2402_E.pdf)",equity,VCBF Midcap Growth Fund,vcbf,0.03626719958104265,0.024998332216585678,0.011268867364456975,0.06126553179762833,True,False,0.18393486571993176
VCBF-MGF,2023-12,2023-11-30,2023-12-27,4,321909745234.0,334748803456.0,10211.76,10511.41,11114196391.0,-7819668987.0,3294527404.0,9544530818.0,0.0,24,0.029343619513188868,0.029343619513188868,0.0,0.017401160681900674,0.011942458831288194,0.011942458831288194,5.3,"Agribank published board rate, 12 months VND retail term deposit, read from Wayback Machine snapshot 20231204024251 of https://www.agribank.com.vn/vn/lai-suat",equity,VCBF Midcap Growth Fund,vcbf,0.03452581524961588,0.024291495062741236,0.010234320186874644,0.05881731031235712,True,False,0.17400183946739373
VCBF-MGF,2024-01,2023-12-28,2024-01-31,5,334748803456.0,338212941777.0,10511.41,11091.39,14180202744.0,-28267910064.0,-14087707320.0,17551845641.0,0.0,30,0.05517623230375368,0.05517623230375368,0.0,0.03771869624506441,0.01745753605868927,0.01745753605868927,5.14,"VNDIRECT Research, average 12-month term deposit rate across commercial banks: ""As of January 31, 2024, the average 12-month term deposit interest rate of commercial banks has decreased to 5.14%/year"" (https://www.vndirect.com.vn/cmsupload/beta/Market-Strategy_Feb_20240206.pdf)",equity,VCBF Midcap Growth Fund,vcbf,0.042360727200818425,0.08444514146774415,-0.04208441426692572,0.12680586866856258,True,False,-0.3318806511780885
VCBF-MGF,2024-02,2024-02-01,2024-02-28,4,338212941777.0,375043751244.0,11091.39,11661.6,25651459601.0,-6587466460.0,19063993141.0,17766816326.0,0.0,24,0.051410147871457035,0.051410147871457035,0.0,0.07750513179479657,-0.026094983923339532,-0.026094983923339532,4.78,"Shinhan Securities Vietnam, Vietnam Economic Update (25 Mar 2024), indicator table row ""Avg. Deposit rate 12M term of SCBs"", column 02/24 = 4.78% (https://shinhansec.com.vn/uploads/report/Vietnam_economic_update_2402_E.pdf)",equity,VCBF Midcap Growth Fund,vcbf,0.07584411012253114,0.01947727495402418,0.056366835168506955,0.09532138507655531,True,False,0.5913346215357357
VCBF-MGF,2024-03,2024-02-29,2024-03-27,4,375043751244.0,421444161499.0,11661.6,12188.39,41513627517.0,-12831348038.0,28682279479.0,17718130776.0,0.0,24,0.04517304658022914,0.04517304658022914,0.0,0.022749192937706608,0.02242385364252253,0.02242385364252253,4.7,"Shinhan Securities Vietnam, Vietnam Economic Update (25 Mar 2024): ""Deposit interest rates 12M term at State-owned commercial banks (SCBs) continue to decrease, reaching 4.7% on March 22, 2024"" (https://shinhansec.com.vn/uploads/report/Vietnam_economic_update_2402_E.pdf)",equity,VCBF Midcap Growth Fund,vcbf,0.11069009250067899,0.034212936478581785,0.0764771560220972,0.14490302897926077,True,False,0.5277816244479125
VCBF-MGF,2024-04,2024-03-28,2024-04-24,4,421444161499.0,427441556593.0,12188.39,11564.63,36198749550.0,-8014345737.0,28184403813.0,-22187008719.0,0.0,24,-0.05117657049044211,-0.05117657049044211,0.0,-0.06038547568759789,0.009208905197155781,0.009208905197155781,4.61,"VNDIRECT Research, average 12-month term deposit rate across commercial banks: ""As of April 27, 2024, the average 12-month term deposit interest rate of commercial banks plateaued at around 4.61%"" (https://www.vndirect.com.vn/cmsupload/beta/Econ_Update_20240520.pdf)",equity,VCBF Midcap Growth Fund,vcbf,0.08589216047328227,0.019016388098709053,0.06687577237457322,0.10490854857199133,True,False,0.6374673302117139
VCBF-MGF,2024-05,2024-04-25,2024-05-29,5,427441556593.0,477111163947.0,11564.63,12335.08,32375621326.0,-11685180221.0,20690441105.0,28979166249.0,0.0,30,0.06662124080061371,0.06662124080061371,0.0,0.05559841076301675,0.011022830037596965,0.011022830037596965,4.7,"Agribank published board rate, 12 months VND retail term deposit, read from Wayback Machine snapshot 20240526204434 of https://www.agribank.com.vn/vn/lai-suat",equity,VCBF Midcap Growth Fund,vcbf,0.07574280232379774,0.02733749220393739,0.048405310119860344,0.10308029452773512,True,False,0.4695883955476694
VCBF-MGF,2024-06,2024-05-30,2024-06-26,4,477111163947.0,503089261289.0,12335.08,12522.79,31586786866.0,-12777704337.0,18809082529.0,7169014813.0,0.0,24,0.015217574592139016,0.015217574592139016,0.0,-0.008957757103344233,0.02417533169548325,0.02417533169548325,4.7,"Agribank published board rate, 12 months VND retail term deposit, read from Wayback Machine snapshot 20240626111100 of https://www.agribank.com.vn/vn/lai-suat",equity,VCBF Midcap Growth Fund,vcbf,0.06620425018918405,0.026781398765214,0.039422851423970055,0.09298564895439805,True,False,0.42396705155334
VCBF-MGF,2024-07,2024-06-27,2024-07-31,5,503089261289.0,518439428038.0,12522.79,12340.88,35316294058.0,-12430263242.0,22886030816.0,-7535864067.0,0.0,30,-0.014526315621359753,-0.014526315621359753,0.0,-0.007714630046620874,-0.006811685574738879,-0.006811685574738879,4.7,"bridged between observations at 2024-06 and 2024-09, which agree at 4.7%",equity,VCBF Midcap Growth Fund,vcbf,0.07019886285688878,0.02470786836147438,0.04549099449541441,0.09490673121836317,True,False,0.4793231619235509
VCBF-MGF,2024-08,2024-08-01,2024-08-28,4,518439428038.0,540364332204.0,12340.88,12537.37,22513670639.0,-9265988751.0,13247681888.0,8677222278.0,0.0,24,0.01592187915286436,0.01592187915286436,0.0,0.023915110546459672,-0.007993231393595313,-0.007993231393595313,4.7,"bridged between observations at 2024-06 and 2024-09, which agree at 4.7%",equity,VCBF Midcap Growth Fund,vcbf,0.04342584576215877,0.01787284733737657,0.025552998424782203,0.06129869309953534,True,False,0.41686041141676317
VCBF-MGF,2024-09,2024-08-29,2024-09-25,4,540364332204.0,550417411098.0,12537.37,12796.31,11975623265.0,-13046916738.0,-1071293473.0,11124372367.0,0.0,24,0.020653454432628227,0.020653454432628227,0.0,0.004713447371706758,0.01594000706092147,0.01594000706092147,4.7,"Agribank published board rate, 12 months VND retail term deposit, read from Wayback Machine snapshot 20240906234432 of https://www.agribank.com.vn/vn/lai-suat",equity,VCBF Midcap Growth Fund,vcbf,0.022162127570771874,0.024144666774702086,-0.0019825392039302145,0.04630679434547396,True,False,-0.04281313858911048
VCBF-MGF,2024-10,2024-09-26,2024-10-30,5,550417411098.0,557935964858.0,12796.31,12754.94,24972664828.0,-15725228699.0,9247436129.0,-1728882369.0,0.0,30,-0.003232963252687626,-0.003232963252687626,0.0,-0.022408115077515722,0.019175151824828096,0.019175151824828096,4.7,"Agribank published board rate, 12 months VND retail term deposit, read from Wayback Machine snapshot 20241008043404 of https://www.agribank.com.vn/vn/lai-suat",equity,VCBF Midcap Growth Fund,vcbf,0.045370412208042776,0.028569642569319407,0.016800769638723373,0.07394005477736218,True,False,0.2272214929960692
VCBF-MGF,2024-11,2024-10-31,2024-11-27,4,557935964858.0,577234127606.0,12754.94,12789.93,24986787536.0,-7387136642.0,17599650894.0,1698511854.0,0.0,24,0.002743250850258949,0.002743250850258949,0.0,-0.013236614414085301,0.01597986526434425,0.01597986526434425,4.7,"Agribank published board rate, 12 months VND retail term deposit, read from Wayback Machine snapshot 20241128101714 of https://www.agribank.com.vn/vn/lai-suat",equity,VCBF Midcap Growth Fund,vcbf,0.04478432850687332,0.013240115546019867,0.031544212960853454,0.058024444052893184,True,False,0.5436366254900914
VCBF-MGF,2024-12,2024-11-28,2024-12-25,4,577234127606.0,609911933927.0,12789.93,13460.19,19618086164.0,-17149199492.0,2468886672.0,30208919649.0,0.0,24,0.05240529072481204,0.05240529072481204,0.0,0.025821879755549837,0.0265834109692622,0.0265834109692622,4.7,"Agribank published board rate, 12 months VND retail term deposit, read from Wayback Machine snapshot 20241217044809 of https://www.agribank.com.vn/vn/lai-suat",equity,VCBF Midcap Growth Fund,vcbf,0.033986358785408864,0.029709261237071984,0.004277097548336879,0.06369562002248084,True,False,0.06714900564320297
VCBF-MGF,2025-01,2024-12-26,2025-01-29,5,609911933927.0,657299567535.0,13460.19,13440.31,53336852688.0,-6051632529.0,47285220159.0,102413449.0,0.0,30,-0.0014769479479858072,-0.0014769479479858072,0.0,-0.007056293365985344,0.005579345417999537,0.005579345417999537,4.7,"bridged between observations at 2024-12 and 2025-02, which agree at 4.7%",equity,VCBF Midcap Growth Fund,vcbf,0.08745008864572218,0.009922141529574196,0.07752794711614798,0.09737223017529638,True,False,0.7962018223940921
VCBF-MGF,2025-02,2025-01-30,2025-02-26,4,657299567535.0,733809880905.0,13440.31,13842.78,65044367076.0,-9372875945.0,55671491131.0,20838822239.0,0.0,24,0.02994499382826743,0.02994499382826743,0.0,0.029967194972530864,-2.2201144263434003e-05,-2.2201144263434003e-05,4.7,"Agribank published board rate, 12 months VND retail term deposit, read from Wayback Machine snapshot 20250207105719 of https://www.agribank.com.vn/vn/lai-suat",equity,VCBF Midcap Growth Fund,vcbf,0.09895696009648829,0.014259671553033407,0.08469728854345487,0.11321663164952168,True,False,0.7480993499757833
VCBF-MGF,2025-03,2025-02-27,2025-03-26,4,733809880905.0,793894907994.0,13842.78,13353.19,108225126225.0,-20077878963.0,88147247262.0,-28062220173.0,0.0,24,-0.0353678957550434,-0.0353678957550434,0.0,0.0177518880088412,-0.0531197837638846,-0.0531197837638846,4.7,"Agribank published board rate, 12 months VND retail term deposit, read from Wayback Machine snapshot 20250323005822 of https://www.agribank.com.vn/vn/lai-suat",equity,VCBF Midcap Growth Fund,vcbf,0.147483877011205,0.027361145557536187,0.12012273145366881,0.17484502256874118,True,False,0.687024026700228
VCBF-MGF,2025-04,2025-03-27,2025-04-30,5,793894907994.0,764588575046.0,13353.19,12092.9,89290177675.0,-42639469495.0,46650708180.0,-75957041128.0,0.0,30,-0.09438119280860979,-0.09438119280860979,0.0,-0.07525130270192826,-0.019129890106681535,-0.019129890106681535,4.7,"Agribank published board rate, 12 months VND retail term deposit, read from Wayback Machine snapshot 20250404031732 of https://www.agribank.com.vn/vn/lai-suat",equity,VCBF Midcap Growth Fund,vcbf,0.11247102957319235,0.05370921146570984,0.05876181810748252,0.1661802410389022,True,False,0.35360291777243597
VCBF-MGF,2025-05,2025-05-01,2025-05-28,4,764588575046.0,836897150591.0,12092.9,13034.22,26118001026.0,-13864176433.0,12253824593.0,60054750952.0,0.0,24,0.07784071645345625,0.07784071645345625,0.0,0.09424284432846775,-0.016402127875011496,-0.016402127875011496,4.7,"Agribank published board rate, 12 months VND retail term deposit, read from Wayback Machine snapshot 20250531072021 of https://www.agribank.com.vn/vn/lai-suat",equity,VCBF Midcap Growth Fund,vcbf,0.034159549172479674,0.018132858488195288,0.016026690684284386,0.05229240766067496,True,False,0.3064821721019514
VCBF-MGF,2025-06,2025-06-05,2025-06-25,3,831876997346.0,840059916227.0,13031.99,13384.8,14278235941.0,-28668108872.0,-14389872931.0,22572791812.0,0.0,18,0.027072611320297035,0.027072611320297035,0.0,0.018374326609988945,0.00869828471030809,0.00869828471030809,4.7,"Agribank published board rate, 12 months VND retail term deposit, read from Wayback Machine snapshot 20250613002901 of https://www.agribank.com.vn/vn/lai-suat",equity,VCBF Midcap Growth Fund,vcbf,0.017163878778416682,0.03446195647128365,-0.01729807769286697,0.05162583524970034,True,False,-0.3350663017692751
VCBF-MGF,2025-07,2025-06-26,2025-07-30,5,840059916227.0,878041479013.0,13384.8,14084.84,46762304672.0,-52751541018.0,-5989236346.0,43970799132.0,0.0,30,0.05230111768573331,0.05230111768573331,0.0,0.1030766416681912,-0.05077552398245788,-0.05077552398245788,4.7,"Agribank published board rate, 12 months VND retail term deposit, read from Wayback Machine snapshot 20250722154555 of https://www.agribank.com.vn/vn/lai-suat",equity,VCBF Midcap Growth Fund,vcbf,0.05566543977246969,0.06279497450006356,-0.007129534727593877,0.11846041427253326,True,False,-0.06018495521374318
VCBF-MGF,2025-08,2025-07-31,2025-08-27,4,878041479013.0,880760911086.0,14084.84,14978.13,34374546621.0,-86997803131.0,-52623256510.0,55342688583.0,0.0,24,0.06342209070177551,0.06342209070177551,0.0,0.109542792329683,-0.04612070162790749,-0.04612070162790749,4.7,"bridged between observations at 2025-07 and 2025-10, which agree at 4.7%",equity,VCBF Midcap Growth Fund,vcbf,0.039149114754396544,0.09908165526393309,-0.05993254050953654,0.13823077001832962,True,False,-0.4335687379994294
VCBF-MGF,2025-09,2025-08-28,2025-09-24,4,880760911086.0,882472809274.0,14978.13,14937.13,31535844847.0,-27393163546.0,4142681301.0,-2430783113.0,0.0,24,-0.0027373243522389457,-0.0027373243522389457,0.0,-0.009158406963258758,0.006421082611019813,0.006421082611019813,4.7,"bridged between observations at 2025-07 and 2025-10, which agree at 4.7%",equity,VCBF Midcap Growth Fund,vcbf,0.03580522755956043,0.031101702177295257,0.004703525382265173,0.06690692973685569,True,False,0.07029952503819997
VCBF-MGF,2025-10,2025-09-25,2025-10-29,5,882472809274.0,888458137035.0,14937.13,14667.33,50621148797.0,-29389393169.0,21231755628.0,-15246427867.0,0.0,30,-0.01806237208888173,-0.01806237208888173,0.0,0.017116551832321747,-0.035178923921203475,-0.035178923921203475,4.7,"Press report, ""Bank interest rates started to rise from the end of October. The average for a 12-month term was 5.34% at private banks and 4.7% at state-owned banks"" (https://vcdn.vietnam.vn/en/lai-suat-ngan-hang-dong-loat-tang-gui-100-trieu-dong-nhan-duoc-bao-nhieu-tien-lai)",equity,VCBF Midcap Growth Fund,vcbf,0.057362842531823076,0.03330345463355217,0.0240593878982709,0.09066629716537525,True,False,0.2653619773882085
VCBF-MGF,2025-11,2025-10-30,2025-11-26,4,888458137035.0,850372905583.0,14667.33,14099.45,18575760581.0,-22301771850.0,-3726011269.0,-34359220183.0,0.0,24,-0.038717339829403064,-0.038717339829403064,0.0,-0.003244692525343651,-0.03547264730405941,-0.03547264730405941,,"no observation: bracketing observations 2025-10 at 4.7% and 2026-03 at 5.9% disagree, so the rate moved somewhere in this gap; left missing rather than picking a side",equity,VCBF Midcap Growth Fund,vcbf,0.020907862516732427,0.02510165748993691,-0.00419379497320448,0.04600952000666934,True,False,-0.09115059171659617
VCBF-MGF,2025-12,2025-11-27,2025-12-31,5,850372905583.0,865753401383.0,14099.45,14255.38,30552106668.0,-24760077064.0,5792029604.0,9588466196.0,0.0,30,0.011059296639230443,0.011059296639230443,0.0,0.061968863814896524,-0.05090956717566608,-0.05090956717566608,,"no observation: bracketing observations 2025-10 at 4.7% and 2026-03 at 5.9% disagree, so the rate moved somewhere in this gap; left missing rather than picking a side",equity,VCBF Midcap Growth Fund,vcbf,0.035927892889595345,0.029116728556896985,0.00681116433269836,0.06504462144649233,True,False,0.10471525825238955
VCBF-MGF,2026-01,2026-01-01,2026-01-28,4,865753401383.0,911821513225.0,14255.38,15122.87,24217377536.0,-30634210394.0,-6416832858.0,52484944700.0,0.0,24,0.06085351635663172,0.06085351635663172,0.0,0.01032227695307908,0.05053123940355264,0.05053123940355264,,"no observation: bracketing observations 2025-10 at 4.7% and 2026-03 at 5.9% disagree, so the rate moved somewhere in this gap; left missing rather than picking a side",equity,VCBF Midcap Growth Fund,vcbf,0.027972604551496867,0.03538445283040564,-0.007411848278908768,0.0633570573819025,True,False,-0.11698536177638057
VCBF-MGF,2026-02,2026-01-29,2026-02-25,4,911821513225.0,985235402790.0,15122.87,15868.07,50304368400.0,-22799616192.0,27504752208.0,45909137357.0,0.0,24,0.049276360902394734,0.049276360902394734,0.0,0.032170213710057904,0.01710614719233683,0.01710614719233683,,"no observation: bracketing observations 2025-10 at 4.7% and 2026-03 at 5.9% disagree, so the rate moved somewhere in this gap; left missing rather than picking a side",equity,VCBF Midcap Growth Fund,vcbf,0.05516909578287933,0.02500447276283335,0.030164623020045987,0.08017356854571268,True,False,0.3762414916438075
VCBF-MGF,2026-03,2026-02-26,2026-03-25,4,985235402790.0,967631977706.0,15868.07,14916.07,72533805436.0,-30759525287.0,41774280149.0,-59377705233.0,0.0,24,-0.05999469374662447,-0.05999469374662447,0.0,-0.1089359506907911,0.04894125694416662,0.04894125694416662,5.9,"mean of big-four published 12-month VND board rates (Agribank 5.9, BIDV 5.9, Vietcombank 5.9, VietinBank 5.9), read from Wayback Machine snapshot 20260331012516 of https://cafefnew.mediacdn.vn/Images/Uploaded/DuLieuDownload/Liveboard/all_banks_interest_rates.json",equity,VCBF Midcap Growth Fund,vcbf,0.07362078669787749,0.03122048314534258,0.04240030355253491,0.10484126984322006,True,False,0.4044237886086314
VCBF-MGF,2026-04,2026-03-26,2026-04-29,5,967631977706.0,977213215432.0,14916.07,14821.73,38515368720.0,-22679136380.0,15836232340.0,-6254994614.0,0.0,30,-0.006324722262633586,-0.006324722262633586,0.0,0.11814689510852183,-0.12447161737115542,-0.12447161737115542,5.9,"bridged between observations at 2026-03 and 2026-08, which agree at 5.9%",equity,VCBF Midcap Growth Fund,vcbf,0.039803736965483276,0.02343777066335307,0.016365966302130202,0.06324150762883635,True,False,0.2587852016144502
VCBF-MGF,2026-05,2026-04-30,2026-05-27,4,977213215432.0,957849085399.0,14821.73,14623.74,19759195047.0,-26044326952.0,-6285131905.0,-13078998128.0,0.0,24,-0.013358089777644189,-0.013358089777644189,0.0,0.010964888625208946,-0.024322978402853135,-0.024322978402853135,5.9,"bridged between observations at 2026-03 and 2026-08, which agree at 5.9%",equity,VCBF Midcap Growth Fund,vcbf,0.020219942521208113,0.026651631947575017,-0.006431689426366906,0.04687157446878313,True,False,-0.1372194021485339
VCBF-MGF,2026-06,2026-05-28,2026-06-24,4,957849085399.0,941565349930.0,14623.74,14367.92,16314216721.0,-15801882709.0,512334012.0,-16796069481.0,0.0,24,-0.017493472941942145,-0.017493472941942145,0.0,0.0019152489023328556,-0.019408721844275,-0.019408721844275,5.9,"bridged between observations at 2026-03 and 2026-08, which agree at 5.9%",equity,VCBF Midcap Growth Fund,vcbf,0.017032136867577815,0.016497257187876934,0.0005348796797008821,0.03352939405545475,True,False,0.01595256027640216
VCBF-MGF,2026-07,2026-06-25,2026-07-29,5,941565349930.0,837428369547.0,14367.92,12860.03,19813592743.0,-25575657500.0,-5762064757.0,-98374915626.0,0.0,30,-0.10494838501327974,-0.10494838501327974,0.0,-0.09229933653528699,-0.012649048477992753,-0.012649048477992753,5.9,"bridged between observations at 2026-03 and 2026-08, which agree at 5.9%",equity,VCBF Midcap Growth Fund,vcbf,0.021043247549915708,0.027162912804619885,-0.006119665254704176,0.04820616035453559,True,False,-0.12694778446772503
VCBF-MGF,2026-08,2026-07-30,2026-08-12,2,837428369547.0,903375500410.0,12860.03,13794.05,7283732809.0,-2312752743.0,4970980066.0,60976150797.0,0.0,12,0.07262969059947744,0.07262969059947744,0.0,0.05191590210479391,0.020713788494683527,0.020713788494683527,5.9,"mean of big-four published 12-month VND board rates (Agribank 5.9, BIDV 5.9, Vietcombank 5.9, VietinBank 5.9), read live from https://cafefnew.mediacdn.vn/Images/Uploaded/DuLieuDownload/Liveboard/all_banks_interest_rates.json on 2026-08-15",equity,VCBF Midcap Growth Fund,vcbf,0.008697738306788048,0.002761732020436643,0.005936006286351406,0.011459470327224691,True,False,0.5180000573193173
VCBF-TBF,2022-07,2022-06-29,2022-07-27,4,246373386216.0,243014158790.0,25910.14,25384.62,2945177597.0,-1301180173.0,1643997424.0,-5003224850.0,0.0,25,-0.02028240681061544,-0.02028240681061544,0.0,-0.02220689768407913,0.0019244908734636912,0.0019244908734636912,5.5,"Press report, article dated 02/08/2022 reporting the increase: ""for a 12-month term, the interest rate increases from 5.5%/year to 5.6%/year"". 5.5% is the pre-increase level, so it is the July level; the month is inferred from the increase date, the level is stated (https://en.baoquocte.vn/the-trend-of-race-to-increase-interest-rates-continues-to-be-hot-192920.html)",balanced,VCBF Tactical Balanced Fund,vcbf,0.011954122327230221,0.005281334128594685,0.006672788198635537,0.017235456455824905,True,False,0.38715471306130667
VCBF-TBF,2022-08,2022-07-28,2022-08-31,5,243014158790.0,254939514668.0,25384.62,26657.43,1339306788.0,-1605452676.0,-266145888.0,12191501766.0,0.0,30,0.05014099088345625,0.05014099088345625,0.0,0.07511922353573364,-0.024978232652277388,-0.024978232652277388,5.6,"Press report, article dated 02/08/2022: ""for a 12-month term, the interest rate increases from 5.5%/year to 5.6%/year"". Sits just above the SBV's 5.5-6.6% band for 12-to-24-month terms that month (https://en.baoquocte.vn/the-trend-of-race-to-increase-interest-rates-continues-to-be-hot-192920.html)",balanced,VCBF Tactical Balanced Fund,vcbf,0.005511229447158913,0.006606416202223622,-0.0010951867550647088,0.012117645649382535,True,False,-0.09037950000795039
VCBF-TBF,2022-09,2022-09-01,2022-09-28,4,254939514668.0,236850623147.0,26657.43,24761.52,1622935181.0,-1559626508.0,63308673.0,-18152200194.0,0.0,24,-0.071121259626303,-0.071121259626303,0.0,-0.10690271844811838,0.03578145882181538,0.03578145882181538,5.6,"Agribank published board rate, 12 months VND retail term deposit, read from Wayback Machine snapshot 20220926055710 of https://www.agribank.com.vn/vn/lai-suat",balanced,VCBF Tactical Balanced Fund,vcbf,0.006365961679630164,0.006117633470947233,0.00024832820868293,0.012483595150577398,True,False,0.019892363192460964
VCBF-TBF,2022-10,2022-09-29,2022-10-26,4,236850623147.0,216787545185.0,24761.52,22683.69,1130819216.0,-1310027573.0,-179208357.0,-19883869605.0,0.0,24,-0.08391366927393817,-0.08391366927393817,0.0,-0.1313897973102952,0.047476128036357035,0.047476128036357035,6.4,"Agribank published board rate, 12 months VND retail term deposit, read from Wayback Machine snapshot 20221020012153 of https://www.agribank.com.vn/vn/lai-suat",balanced,VCBF Tactical Balanced Fund,vcbf,0.004774398314747787,0.005531028610327695,-0.000756630295579908,0.010305426925075483,True,False,-0.07342056773396276
VCBF-TBF,2022-11,2022-10-27,2022-11-30,5,216787545185.0,226872734303.0,22683.69,23973.69,1216184663.0,-3295262173.0,-2079077510.0,12164266628.0,0.0,30,0.056869054373428485,0.056869054373428485,0.0,0.05542804220020958,0.001441012173218903,0.001441012173218903,7.4,"Agribank published board rate, 12 months VND retail term deposit, read from Wayback Machine snapshot 20221128042309 of https://www.agribank.com.vn/vn/lai-suat",balanced,VCBF Tactical Balanced Fund,vcbf,0.005610030142470336,0.01520042200850571,-0.009590391866035374,0.020810452150976044,True,False,-0.4608449540864766
VCBF-TBF,2022-12,2022-12-01,2022-12-28,4,226872734303.0,213431088517.0,23973.69,23706.89,913776515.0,-11954676052.0,-11040899537.0,-2400746249.0,0.0,24,-0.011128866686772043,-0.011128866686772043,0.0,-0.031247019324316616,0.020118152637544573,0.020118152637544573,7.4,"Agribank published board rate, 12 months VND retail term deposit, read from Wayback Machine snapshot 20221225030309 of https://www.agribank.com.vn/vn/lai-suat",balanced,VCBF Tactical Balanced Fund,vcbf,0.004027705302743014,0.0526933132301122,-0.04866560792736919,0.056721018532855216,True,False,-0.8579819119288207
VCBF-TBF,2023-01,2022-12-29,2023-01-25,4,213431088517.0,226899682279.0,23706.89,25155.04,1126847636.0,-708698023.0,418149613.0,13050444149.0,0.0,24,0.06108561688184322,0.06108561688184322,0.0,0.09099501801784093,-0.029909401135997715,-0.029909401135997715,7.4,"bridged between observations at 2022-12 and 2023-02, which agree at 7.4%",balanced,VCBF Tactical Balanced Fund,vcbf,0.005279679000045232,0.003320500438452065,0.001959178561593167,0.008600179438497297,True,False,0.22780670747673296
VCBF-TBF,2023-02,2023-01-26,2023-02-22,4,226899682279.0,199118684493.0,25155.04,24520.9,1211870893.0,-23530500329.0,-22318629436.0,-5462368350.0,0.0,24,-0.025209262239296648,-0.025209262239296648,0.0,-0.04855245108656414,0.023343188847267493,0.023343188847267493,7.4,"Agribank published board rate, 12 months VND retail term deposit, read from Wayback Machine snapshot 20230227065357 of https://www.agribank.com.vn/vn/lai-suat",balanced,VCBF Tactical Balanced Fund,vcbf,0.005340998633527663,0.10370442167506637,-0.09836342304153871,0.10904542030859403,True,False,-0.9020408446606404
VCBF-TBF,2023-03,2023-02-23,2023-03-29,5,199118684493.0,197801394523.0,24520.9,24459.32,1470244952.0,-2280758559.0,-810513607.0,-506776363.0,0.0,30,-0.002511327072008185,-0.002511327072008185,0.0,0.0019444549834959357,-0.0044557820555041205,-0.0044557820555041205,7.2,"Agribank published board rate, 12 months VND retail term deposit, read from Wayback Machine snapshot 20230327002150 of https://www.agribank.com.vn/vn/lai-suat",balanced,VCBF Tactical Balanced Fund,vcbf,0.007383761879220764,0.011454266910246586,-0.004070505031025823,0.01883802878946735,True,False,-0.21607913845538387
VCBF-TBF,2023-04,2023-03-30,2023-04-26,4,197801394523.0,198776656764.0,24459.32,24649.37,1300060730.0,-1861356796.0,-561296066.0,1536558307.0,0.0,24,0.007770044302131129,0.007770044302131129,0.0,-0.014701845067355834,0.022471889369486964,0.022471889369486964,7.2,"Agribank published board rate, 12 months VND retail term deposit, read from Wayback Machine snapshot 20230422161036 of https://www.agribank.com.vn/vn/lai-suat",balanced,VCBF Tactical Balanced Fund,vcbf,0.006572555937409386,0.009410230906049375,-0.002837674968639988,0.01598278684345876,True,False,-0.17754569315309096
VCBF-TBF,2023-05,2023-04-27,2023-05-31,5,198776656764.0,203000114983.0,24649.37,25207.33,1478044954.0,-1757397898.0,-279352944.0,4502811163.0,0.0,30,0.022635872640963894,0.022635872640963894,0.0,0.033022674865488266,-0.010386802224524372,-0.010386802224524372,6.8,"Shinhan Securities Vietnam, Vietnam Economic Update (25 Mar 2024), indicator table row ""Avg. Deposit rate 12M term of SCBs"", column 05/23 = 6.8% (https://shinhansec.com.vn/uploads/report/Vietnam_economic_update_2402_E.pdf)",balanced,VCBF Tactical Balanced Fund,vcbf,0.00743570687857391,0.008841067792414338,-0.0014053609138404274,0.01627677467098825,True,False,-0.08634148608970701
VCBF-TBF,2023-06,2023-06-01,2023-06-28,4,203000114983.0,212904013703.0,25207.33,26351.52,1964512746.0,-1286368266.0,678144480.0,9225754240.0,0.0,24,0.04539116201517568,0.04539116201517568,0.0,0.058762800301347395,-0.013371638286171716,-0.013371638286171716,6.8,"Agribank published board rate, 12 months VND retail term deposit, read from Wayback Machine snapshot 20230606055027 of https://www.agribank.com.vn/vn/lai-suat",balanced,VCBF Tactical Balanced Fund,vcbf,0.00967739720819624,0.006336785898410577,0.003340611309785664,0.01601418310660682,True,False,0.20860329169131706
VCBF-TBF,2023-07,2023-06-29,2023-07-26,4,212904013703.0,219843331249.0,26351.52,27382.06,2555657260.0,-3930001066.0,-1374343806.0,8313661352.0,0.0,24,0.039107421507373896,0.039107421507373896,0.0,0.05489524311503513,-0.015787821607661234,-0.015787821607661234,6.4,"VNDIRECT Research, average 12-month term deposit rate across commercial banks: ""the average 12-month deposit interest rate of commercial banks fell to 6.40% p.a at the end of July 2023"" (https://www.vndirect.com.vn/cmsupload/beta/Vietnam-Money-market-chartbook_August_20230809.pdf)",balanced,VCBF Tactical Balanced Fund,vcbf,0.012003800283282252,0.0184590276042533,-0.006455227320971048,0.030462827887535553,True,False,-0.2119050583485825
VCBF-TBF,2023-08,2023-07-27,2023-08-30,5,219843331249.0,218537037259.0,27382.06,28159.51,3134615687.0,-10592232707.0,-7457617020.0,6151323030.0,0.0,30,0.028392677541426714,0.028392677541426714,0.0,0.010259485027147575,0.01813319251427914,0.01813319251427914,5.9,"VNDIRECT Research, average 12-month term deposit rate across commercial banks: ""decreased to 5.4%/year on October 10, down 0.5% points compared to the end of August (corroborated by the 25 Sep report's 0.3pp decline from end-August)"" (https://www.vndirect.com.vn/cmsupload/beta/Econ_Update_20231017.pdf)",balanced,VCBF Tactical Balanced Fund,vcbf,0.014258406971870603,0.048180823347345365,-0.03392241637547476,0.062439230319215965,True,False,-0.5432869079591293
VCBF-TBF,2023-09,2023-08-31,2023-09-27,4,218537037259.0,215266336488.0,28159.51,27444.51,3449849926.0,-1094169559.0,2355680367.0,-5626381138.0,0.0,24,-0.025391066818989505,-0.025391066818989505,0.0,-0.04888885225361883,0.023497785434629326,0.023497785434629326,5.6,"VNDIRECT Research, average 12-month term deposit rate across commercial banks: ""decreased to 5.6%/year on 25 Sep 2023, down 0.3% points compared to the end of Aug 2023"" (https://www.vndirect.com.vn/Market-Strategy_October_20231005.pdf)",balanced,VCBF Tactical Balanced Fund,vcbf,0.015786110991847103,0.005006792316412896,0.010779318675434208,0.02079290330826,True,False,0.5184133507297229
VCBF-TBF,2023-10,2023-09-28,2023-10-25,3,215266336488.0,211272782955.0,27444.51,26731.48,2378214893.0,-958167210.0,1420047683.0,1776456151.0,0.0,18,0.008205210087132375,0.008205210087132375,-7190057367.0,0.010026660656332176,-0.0018214505691998006,-0.0018214505691998006,5.3,"VNDIRECT Research, average 12-month term deposit rate across commercial banks: ""As of October 26, 2023, the average 12-month deposit interest rate of commercial banks has decreased to 5.3%/year"" (https://www.vndirect.com.vn/Market-Strategy_November_20231106.pdf)",balanced,VCBF Tactical Balanced Fund,vcbf,0.01104777891332105,0.004451077793361401,0.006596701119959648,0.01549885670668245,True,False,0.425625015109368
VCBF-TBF,2023-11,2023-11-02,2023-11-29,4,201813231148.0,213886612837.0,25490.24,26778.31,2841180241.0,-993517510.0,1847662731.0,10225718958.0,0.0,24,0.050531889852743817,0.050531889852743817,0.0,0.02541214538759773,0.025119744465146088,0.025119744465146088,5.18,"Shinhan Securities Vietnam, Vietnam Economic Update (25 Mar 2024), indicator table row ""Avg. Deposit rate 12M term of SCBs"", column 11/23 = 5.18% (https://shinhansec.com.vn/uploads/report/Vietnam_economic_update_2402_E.pdf)",balanced,VCBF Tactical Balanced Fund,vcbf,0.014078265457810428,0.004922955270813749,0.00915531018699668,0.019001220728624178,True,False,0.481827474021433
VCBF-TBF,2023-12,2023-11-30,2023-12-27,4,213886612837.0,219603557344.0,26778.31,27475.1,2236486539.0,-2082454234.0,154032305.0,5562912202.0,0.0,24,0.026020686144868632,0.026020686144868632,0.0,0.017401160681900674,0.008619525462967959,0.008619525462967959,5.3,"Agribank published board rate, 12 months VND retail term deposit, read from Wayback Machine snapshot 20231204024251 of https://www.agribank.com.vn/vn/lai-suat",balanced,VCBF Tactical Balanced Fund,vcbf,0.010456411971442061,0.009736253271666934,0.0007201586997751274,0.020192665243108993,True,False,0.03566437075565796
VCBF-TBF,2024-01,2023-12-28,2024-01-31,5,219603557344.0,237987307338.0,27475.1,28555.51,12226131801.0,-2639462410.0,9586669391.0,8797080603.0,0.0,30,0.039323241771640705,0.039323241771640705,0.0,0.03771869624506441,0.0016045455265762953,0.0016045455265762953,5.14,"VNDIRECT Research, average 12-month term deposit rate across commercial banks: ""As of January 31, 2024, the average 12-month term deposit interest rate of commercial banks has decreased to 5.14%/year"" (https://www.vndirect.com.vn/cmsupload/beta/Market-Strategy_Feb_20240206.pdf)",balanced,VCBF Tactical Balanced Fund,vcbf,0.05567365095934336,0.012019215179949886,0.04365443577939347,0.06769286613929325,True,False,0.6448897538119407
VCBF-TBF,2024-02,2024-02-01,2024-02-28,4,237987307338.0,260438295191.0,28555.51,30100.24,10437230473.0,-1045742090.0,9391488383.0,13059499470.0,0.0,24,0.05409568941335663,0.05409568941335663,0.0,0.07750513179479657,-0.023409442381439938,-0.023409442381439938,4.78,"Shinhan Securities Vietnam, Vietnam Economic Update (25 Mar 2024), indicator table row ""Avg. Deposit rate 12M term of SCBs"", column 02/24 = 4.78% (https://shinhansec.com.vn/uploads/report/Vietnam_economic_update_2402_E.pdf)",balanced,VCBF Tactical Balanced Fund,vcbf,0.0438562484266297,0.004394108667798788,0.03946213975883091,0.04825035709442848,True,False,0.8178621285973371
VCBF-TBF,2024-03,2024-02-29,2024-03-27,4,260438295191.0,281815396279.0,30100.24,30994.21,17453680752.0,-4092189694.0,13361491058.0,8015610030.0,0.0,24,0.029699763191257222,0.029699763191257222,0.0,0.022749192937706608,0.006950570253550614,0.006950570253550614,4.7,"Shinhan Securities Vietnam, Vietnam Economic Update (25 Mar 2024): ""Deposit interest rates 12M term at State-owned commercial banks (SCBs) continue to decrease, reaching 4.7% on March 22, 2024"" (https://shinhansec.com.vn/uploads/report/Vietnam_economic_update_2402_E.pdf)",balanced,VCBF Tactical Balanced Fund,vcbf,0.0670165681248982,0.015712703429420292,0.051303864695477916,0.0827292715543185,True,False,0.6201416225669624
VCBF-TBF,2024-04,2024-03-28,2024-04-24,4,281815396279.0,282198945183.0,30994.21,29884.4,13604957269.0,-2867543578.0,10737413691.0,-10353864787.0,0.0,24,-0.035807010406136985,-0.035807010406136985,0.0,-0.06038547568759789,0.024578465281460904,0.024578465281460904,4.61,"VNDIRECT Research, average 12-month term deposit rate across commercial banks: ""As of April 27, 2024, the average 12-month term deposit interest rate of commercial banks plateaued at around 4.61%"" (https://www.vndirect.com.vn/cmsupload/beta/Econ_Update_20240520.pdf)",balanced,VCBF Tactical Balanced Fund,vcbf,0.04827613199504174,0.010175255205578278,0.038100876789463466,0.05845138720062002,True,False,0.6518387092968653
VCBF-TBF,2024-05,2024-04-25,2024-05-29,5,282198945183.0,304635206015.0,29884.4,31183.31,17515408258.0,-7447320954.0,10068087304.0,12368173528.0,0.0,30,0.0434644831417057,0.0434644831417057,0.0,0.05559841076301675,-0.012133927621311047,-0.012133927621311047,4.7,"Agribank published board rate, 12 months VND retail term deposit, read from Wayback Machine snapshot 20240526204434 of https://www.agribank.com.vn/vn/lai-suat",balanced,VCBF Tactical Balanced Fund,vcbf,0.062067589397407676,0.026390321725584663,0.03567726767182301,0.08845791112299234,True,False,0.4033247814569932
VCBF-TBF,2024-06,2024-05-30,2024-06-26,4,304635206015.0,317754150810.0,31183.31,31618.34,13010881480.0,-4092081176.0,8918800304.0,4200144491.0,0.0,24,0.013950731978099817,0.013950731978099817,0.0,-0.008957757103344233,0.02290848908144405,0.02290848908144405,4.7,"Agribank published board rate, 12 months VND retail term deposit, read from Wayback Machine snapshot 20240626111100 of https://www.agribank.com.vn/vn/lai-suat",balanced,VCBF Tactical Balanced Fund,vcbf,0.04270971057547221,0.013432725749362367,0.02927698482610984,0.05614243632483457,True,False,0.5214769208930675
VCBF-TBF,2024-07,2024-06-27,2024-07-31,5,317754150810.0,325761894340.0,31618.34,31426.6,12742645291.0,-2733170520.0,10009474771.0,-2001731241.0,0.0,30,-0.006064201978978168,-0.006064201978978168,0.0,-0.007714630046620874,0.0016504280676427063,0.0016504280676427063,4.7,"bridged between observations at 2024-06 and 2024-09, which agree at 4.7%",balanced,VCBF Tactical Balanced Fund,vcbf,0.04010221505688346,0.008601525780332889,0.03150068927655057,0.048703740837216354,True,False,0.6467817201523813
VCBF-TBF,2024-08,2024-08-01,2024-08-28,4,325761894340.0,337981743438.0,31426.6,32121.17,9552096947.0,-4719234375.0,4832862572.0,7386986526.0,0.0,24,0.022101340902292765,0.022101340902292765,0.0,0.023915110546459672,-0.0018137696441669071,-0.0018137696441669071,4.7,"bridged between observations at 2024-06 and 2024-09, which agree at 4.7%",balanced,VCBF Tactical Balanced Fund,vcbf,0.02932232748201792,0.014486759983273248,0.014835567498744671,0.04380908746529117,True,False,0.3386413266539395
VCBF-TBF,2024-09,2024-08-29,2024-09-25,3,337981743438.0,348151972880.0,32121.17,32670.16,5466170079.0,-2788468094.0,2677701985.0,1830942802.0,0.0,18,0.005054214589217398,0.005054214589217398,5661584655.0,-0.009512359933343095,0.014566574522560494,0.014566574522560494,4.7,"Agribank published board rate, 12 months VND retail term deposit, read from Wayback Machine snapshot 20240906234432 of https://www.agribank.com.vn/vn/lai-suat",balanced,VCBF Tactical Balanced Fund,vcbf,0.01617297438434785,0.008250351233872258,0.00792262315047559,0.024423325618220103,True,False,0.3243875659818094
VCBF-TBF,2024-10,2024-09-26,2024-10-30,5,348151972880.0,351261918748.0,32670.16,32366.14,15174447966.0,-8819154976.0,6355292990.0,-3245347122.0,0.0,30,-0.00930573954948477,-0.00930573954948477,0.0,-0.022408115077515722,0.013102375528030952,0.013102375528030952,4.7,"Agribank published board rate, 12 months VND retail term deposit, read from Wayback Machine snapshot 20241008043404 of https://www.agribank.com.vn/vn/lai-suat",balanced,VCBF Tactical Balanced Fund,vcbf,0.043585701498323214,0.0253313370682514,0.018254364430071817,0.06891703856657462,True,False,0.2648744753075526
VCBF-TBF,2024-11,2024-10-31,2024-11-27,4,351261918748.0,358312581971.0,32366.14,32345.79,13207348849.0,-5948859947.0,7258488902.0,-207825679.0,0.0,24,-0.0006287434955172255,-0.0006287434955172255,0.0,-0.013236614414085301,0.012607870918568076,0.012607870918568076,4.7,"Agribank published board rate, 12 months VND retail term deposit, read from Wayback Machine snapshot 20241128101714 of https://www.agribank.com.vn/vn/lai-suat",balanced,VCBF Tactical Balanced Fund,vcbf,0.03759971731656778,0.016935681408914105,0.020664035907653675,0.05453539872548188,True,False,0.3789105129985659
VCBF-TBF,2024-12,2024-11-28,2024-12-25,4,358312581971.0,379192362521.0,32345.79,33200.38,15580241962.0,-4313970892.0,11266271070.0,9613509480.0,0.0,24,0.02642043987795617,0.02642043987795617,0.0,0.025821879755549837,0.000598560122406333,0.000598560122406333,4.7,"Agribank published board rate, 12 months VND retail term deposit, read from Wayback Machine snapshot 20241217044809 of https://www.agribank.com.vn/vn/lai-suat",balanced,VCBF Tactical Balanced Fund,vcbf,0.043482263101944287,0.012039685763390666,0.031442577338553615,0.05552194886533495,True,False,0.5663089639525378
VCBF-TBF,2025-01,2024-12-26,2025-01-29,5,379192362521.0,392365117331.0,33200.38,33274.67,16952405466.0,-4783895899.0,12168509567.0,1004245243.0,0.0,30,0.0022376249910391888,0.0022376249910391888,0.0,-0.007056293365985344,0.009293918357024533,0.009293918357024533,4.7,"bridged between observations at 2024-12 and 2025-02, which agree at 4.7%",balanced,VCBF Tactical Balanced Fund,vcbf,0.04470661105433304,0.012616013326837677,0.03209059772749536,0.057322624381170716,True,False,0.5598242940537184
VCBF-TBF,2025-02,2025-01-30,2025-02-26,4,392365117331.0,407026313873.0,33274.67,33551.34,14063114830.0,-2798251209.0,11264863621.0,3396332921.0,0.0,24,0.008314733098780502,0.008314733098780502,0.0,0.029967194972530864,-0.02165246187375036,-0.02165246187375036,4.7,"Agribank published board rate, 12 months VND retail term deposit, read from Wayback Machine snapshot 20250207105719 of https://www.agribank.com.vn/vn/lai-suat",balanced,VCBF Tactical Balanced Fund,vcbf,0.035841908999612544,0.007131753271123207,0.028710155728489336,0.04297366227073575,True,False,0.6680872471983941
VCBF-TBF,2025-03,2025-02-27,2025-03-26,4,407026313873.0,421223341241.0,33551.34,33208.79,24974434646.0,-6439721655.0,18534712991.0,-4337685623.0,0.0,24,-0.010209726347740422,-0.010209726347740422,0.0,0.0177518880088412,-0.02796161435658162,-0.02796161435658162,4.7,"Agribank published board rate, 12 months VND retail term deposit, read from Wayback Machine snapshot 20250323005822 of https://www.agribank.com.vn/vn/lai-suat",balanced,VCBF Tactical Balanced Fund,vcbf,0.061358280275197394,0.01582138902451726,0.04553689125068013,0.07717966929971466,True,False,0.5900114844214355
VCBF-TBF,2025-04,2025-03-27,2025-04-30,5,421223341241.0,398353446172.0,33208.79,31807.36,16683875017.0,-21790860807.0,-5106985790.0,-17762909279.0,0.0,30,-0.0422005740046536,-0.0422005740046536,0.0,-0.07525130270192826,0.033050728697274656,0.033050728697274656,4.7,"Agribank published board rate, 12 months VND retail term deposit, read from Wayback Machine snapshot 20250404031732 of https://www.agribank.com.vn/vn/lai-suat",balanced,VCBF Tactical Balanced Fund,vcbf,0.039608144619541485,0.05173232030020034,-0.012124175680658858,0.09134046491974182,True,False,-0.13273608461826875
VCBF-TBF,2025-05,2025-05-01,2025-05-28,4,398353446172.0,431792961382.0,31807.36,33592.36,17163349377.0,-6369174645.0,10794174732.0,22645340478.0,0.0,24,0.05611908690315692,0.05611908690315692,0.0,0.09424284432846775,-0.03812375742531082,-0.03812375742531082,4.7,"Agribank published board rate, 12 months VND retail term deposit, read from Wayback Machine snapshot 20250531072021 of https://www.agribank.com.vn/vn/lai-suat",balanced,VCBF Tactical Balanced Fund,vcbf,0.043085730880282766,0.01598875246644643,0.027096978413836337,0.0590744833467292,True,False,0.45869175452275246
VCBF-TBF,2025-06,2025-06-05,2025-06-25,3,431338264851.0,438164947350.0,33512.13,34071.95,7653798864.0,-8041766019.0,-387967155.0,7214649654.0,0.0,18,0.01670499607157172,0.01670499607157172,0.0,0.018374326609988945,-0.0016693305384172241,-0.0016693305384172241,4.7,"Agribank published board rate, 12 months VND retail term deposit, read from Wayback Machine snapshot 20250613002901 of https://www.agribank.com.vn/vn/lai-suat",balanced,VCBF Tactical Balanced Fund,vcbf,0.017744307629752955,0.018643757520047335,-0.0008994498902943796,0.03638806514980029,True,False,-0.024718266458839625
VCBF-TBF,2025-07,2025-06-26,2025-07-30,5,438164947350.0,471423091074.0,34071.95,35564.53,25289874508.0,-11370982458.0,13918892050.0,19339251674.0,0.0,30,0.04380670903778627,0.04380670903778627,0.0,0.1030766416681912,-0.05926993263040492,-0.05926993263040492,4.7,"Agribank published board rate, 12 months VND retail term deposit, read from Wayback Machine snapshot 20250722154555 of https://www.agribank.com.vn/vn/lai-suat",balanced,VCBF Tactical Balanced Fund,vcbf,0.0577177034834756,0.025951374081316047,0.03176632940215956,0.08366907756479165,True,False,0.3796663035702808
VCBF-TBF,2025-08,2025-07-31,2025-08-27,4,471423091074.0,510630274182.0,35564.53,37934.55,26226127085.0,-18714001784.0,7512125301.0,31695057807.0,0.0,24,0.06663999214948158,0.06663999214948158,0.0,0.109542792329683,-0.04290280018020143,-0.04290280018020143,4.7,"bridged between observations at 2025-07 and 2025-10, which agree at 4.7%",balanced,VCBF Tactical Balanced Fund,vcbf,0.055631825384818166,0.03969682889602545,0.015934996488792718,0.09532865428084361,True,False,0.16715851712169685
VCBF-TBF,2025-09,2025-08-28,2025-09-24,4,510630274182.0,542495405029.0,37934.55,37953.0,39752825803.0,-8169035139.0,31583790664.0,281340183.0,0.0,24,0.0004863640138079717,0.0004863640138079717,0.0,-0.009158406963258758,0.00964477097706673,0.00964477097706673,4.7,"bridged between observations at 2025-07 and 2025-10, which agree at 4.7%",balanced,VCBF Tactical Balanced Fund,vcbf,0.07785050713391742,0.015997945190551654,0.06185256194336577,0.09384845232446908,True,False,0.6590685345509845
VCBF-TBF,2025-10,2025-09-25,2025-10-29,5,542495405029.0,585573111433.0,37953.0,38260.92,47301016490.0,-9144002699.0,38157013791.0,4920692613.0,0.0,30,0.008113192632993593,0.008113192632993593,0.0,0.017116551832321747,-0.009003359199328154,-0.009003359199328154,4.7,"Press report, ""Bank interest rates started to rise from the end of October. The average for a 12-month term was 5.34% at private banks and 4.7% at state-owned banks"" (https://vcdn.vietnam.vn/en/lai-suat-ngan-hang-dong-loat-tang-gui-100-trieu-dong-nhan-duoc-bao-nhieu-tien-lai)",balanced,VCBF Tactical Balanced Fund,vcbf,0.08719155231825686,0.016855447279799894,0.07033610503845697,0.10404699959805676,True,False,0.6760032034577824
VCBF-TBF,2025-11,2025-10-30,2025-11-26,4,585573111433.0,596471929167.0,38260.92,37659.53,29149323485.0,-9002960935.0,20146362550.0,-9247544816.0,0.0,24,-0.01571812700792352,-0.01571812700792352,0.0,-0.003244692525343651,-0.01247343448257987,-0.01247343448257987,,"no observation: bracketing observations 2025-10 at 4.7% and 2026-03 at 5.9% disagree, so the rate moved somewhere in this gap; left missing rather than picking a side",balanced,VCBF Tactical Balanced Fund,vcbf,0.04977913588563945,0.015374614645416654,0.0344045212402228,0.06515375053105611,True,False,0.5280512780891038
VCBF-TBF,2025-12,2025-11-27,2025-12-31,5,596471929167.0,637268332486.0,37659.53,38456.95,39506770268.0,-11751999015.0,27754771253.0,13041632066.0,0.0,30,0.021174454381135188,0.021174454381135188,0.0,0.061968863814896524,-0.040794409433761336,-0.040794409433761336,,"no observation: bracketing observations 2025-10 at 4.7% and 2026-03 at 5.9% disagree, so the rate moved somewhere in this gap; left missing rather than picking a side",balanced,VCBF Tactical Balanced Fund,vcbf,0.06623408133082305,0.01970251815774834,0.046531563173074705,0.08593659948857138,True,False,0.5414638634760371
VCBF-TBF,2026-01,2026-01-01,2026-01-28,4,637268332486.0,681660230451.0,38456.95,39701.81,39777548275.0,-16078705216.0,23698843059.0,20693054906.0,0.0,24,0.03237022176745685,0.03237022176745685,0.0,0.01032227695307908,0.022047944814377773,0.022047944814377773,,"no observation: bracketing observations 2025-10 at 4.7% and 2026-03 at 5.9% disagree, so the rate moved somewhere in this gap; left missing rather than picking a side",balanced,VCBF Tactical Balanced Fund,vcbf,0.062418837163658786,0.02523066720305489,0.037188169960603895,0.08764950436671368,True,False,0.4242827181887261
VCBF-TBF,2026-02,2026-01-29,2026-02-25,4,681660230451.0,742251825879.0,39701.81,40658.64,52172582808.0,-8518758966.0,43653823842.0,16937771586.0,0.0,24,0.024100412550460915,0.024100412550460915,0.0,0.032170213710057904,-0.00806980115959699,-0.00806980115959699,,"no observation: bracketing observations 2025-10 at 4.7% and 2026-03 at 5.9% disagree, so the rate moved somewhere in this gap; left missing rather than picking a side",balanced,VCBF Tactical Balanced Fund,vcbf,0.07653751895351381,0.012497074914233765,0.06404044403928004,0.08903459386774756,True,False,0.719275971926216
VCBF-TBF,2026-03,2026-02-26,2026-03-25,4,742251825879.0,752049773323.0,40658.64,38775.32,58439458053.0,-13711787780.0,44727670273.0,-34929722829.0,0.0,24,-0.04632029010316141,-0.04632029010316141,0.0,-0.1089359506907911,0.06261566058762968,0.06261566058762968,5.9,"mean of big-four published 12-month VND board rates (Agribank 5.9, BIDV 5.9, Vietcombank 5.9, VietinBank 5.9), read from Wayback Machine snapshot 20260331012516 of https://cafefnew.mediacdn.vn/Images/Uploaded/DuLieuDownload/Liveboard/all_banks_interest_rates.json",balanced,VCBF Tactical Balanced Fund,vcbf,0.07873265651289439,0.018473228764054616,0.06025942774883977,0.097205885276949,True,False,0.6199154256674358
VCBF-TBF,2026-04,2026-03-26,2026-04-29,5,752049773323.0,787114297923.0,38775.32,39178.2,38274700741.0,-11129200109.0,27145500632.0,7919023968.0,0.0,30,0.010390114124138705,0.010390114124138705,0.0,0.11814689510852183,-0.10775678098438313,-0.10775678098438313,5.9,"bridged between observations at 2026-03 and 2026-08, which agree at 5.9%",balanced,VCBF Tactical Balanced Fund,vcbf,0.05089383987429418,0.01479848874872287,0.036095351125571315,0.06569232862301705,True,False,0.5494606734480157
VCBF-TBF,2026-05,2026-04-30,2026-05-27,4,787114297923.0,791471094738.0,39178.2,39145.65,21875428515.0,-16847720131.0,5027708384.0,-670911569.0,0.0,24,-0.0008308191800538989,-0.0008308191800538989,0.0,0.010964888625208946,-0.011795707805262845,-0.011795707805262845,5.9,"bridged between observations at 2026-03 and 2026-08, which agree at 5.9%",balanced,VCBF Tactical Balanced Fund,vcbf,0.027791933868720014,0.02140441378775226,0.006387520080967757,0.049196347656472274,True,False,0.12983728234401593
VCBF-TBF,2026-06,2026-05-28,2026-06-24,4,791471094738.0,793807213619.0,39145.65,38691.43,21113114685.0,-9561711660.0,11551403025.0,-9215284144.0,0.0,24,-0.011603332681920042,-0.011603332681920042,0.0,0.0019152489023328556,-0.013518581584252898,-0.013518581584252898,5.9,"bridged between observations at 2026-03 and 2026-08, which agree at 5.9%",balanced,VCBF Tactical Balanced Fund,vcbf,0.026675787436039034,0.012080936023526173,0.014594851412512861,0.038756723459565205,True,False,0.3765759875893439
VCBF-TBF,2026-07,2026-06-25,2026-07-29,5,793807213619.0,763368888305.0,38691.43,36457.05,31861398419.0,-15710695006.0,16150703413.0,-46589028727.0,0.0,30,-0.05774870559191014,-0.05774870559191014,0.0,-0.09229933653528699,0.03455063094337685,0.03455063094337685,5.9,"bridged between observations at 2026-03 and 2026-08, which agree at 5.9%",balanced,VCBF Tactical Balanced Fund,vcbf,0.04013745135137103,0.019791575002668836,0.02034587634870219,0.05992902635403986,True,False,0.33949953113714587
VCBF-TBF,2026-08,2026-07-30,2026-08-12,2,763368888305.0,805679125378.0,36457.05,38135.32,11547948180.0,-4519884925.0,7028063255.0,35282173818.0,0.0,12,0.04603416897417634,0.04603416897417634,0.0,0.05191590210479391,-0.005881733130617572,-0.005881733130617572,5.9,"mean of big-four published 12-month VND board rates (Agribank 5.9, BIDV 5.9, Vietcombank 5.9, VietinBank 5.9), read live from https://cafefnew.mediacdn.vn/Images/Uploaded/DuLieuDownload/Liveboard/all_banks_interest_rates.json on 2026-08-15",balanced,VCBF Tactical Balanced Fund,vcbf,0.015127611770557353,0.005920970836309619,0.009206640934247735,0.021048582606866973,True,False,0.43739956776206507
VINACAPITAL-VEOF,2021-01,2020-12-29,2021-01-25,4,318684369815.0,340265317247.0,16704.22,18523.9,45749777584.0,-59010375170.0,-13260597586.0,34841545018.0,0.0,24,0.10893534687641804,0.10893534687641804,0.0,0.06053715813695426,0.04839818873946378,0.04839818873946378,,,equity,VinaCapital Leading Enterprise Equity Fund,vinacapital,0.14355827243914812,0.18516871475138932,-0.0416104423122412,0.32872698719053745,True,False,-0.1265805483993405
VINACAPITAL-VEOF,2021-02,2021-01-26,2021-02-22,4,340265317247.0,337632951904.0,18523.9,19032.93,25466829677.0,-36687334741.0,-11220505064.0,8588139721.0,0.0,24,0.027479634418238197,0.027479634418238197,0.0,0.007709789460143002,0.019769844958095195,0.019769844958095195,,,equity,VinaCapital Leading Enterprise Equity Fund,vinacapital,0.07484403606881133,0.10781978909231149,-0.03297575302350016,0.18266382516112284,True,False,-0.1805270036057393
VINACAPITAL-VEOF,2021-03,2021-02-23,2021-03-29,5,337632951904.0,293422381199.0,19032.93,19010.42,22481836922.0,-64332983854.0,-41851146932.0,-1234075936.0,0.0,25,-0.004946692604974157,-0.004946692604974157,-1125347837.0,0.0005446623093683378,-0.0054913549143424945,-0.0054913549143424945,,,equity,VinaCapital Leading Enterprise Equity Fund,vinacapital,0.06658661956784453,0.19054118826734648,-0.12395456869950193,0.257127807835191,True,False,-0.4820737583503688
VINACAPITAL-VEOF,2021-04,2021-03-30,2021-04-29,5,293422381199.0,297806515616.0,19010.42,20131.42,34755902264.0,-46991795581.0,-12235893317.0,16620027734.0,0.0,26,0.0589676608933416,0.0589676608933416,0.0,0.05418991562329878,0.004777745270042821,0.004777745270042821,,,equity,VinaCapital Leading Enterprise Equity Fund,vinacapital,0.11845007228820911,0.16015068580992128,-0.041700613521712164,0.2786007580981304,True,False,-0.14967875107871792
VINACAPITAL-VEOF,2021-05,2021-04-30,2021-05-31,4,297806515616.0,320509510223.0,20131.42,22457.68,22588744731.0,-34128188215.0,-11539443484.0,34242438091.0,0.0,28,0.1155536966592523,0.1155536966592523,0.0,0.07153519069864989,0.044018505960602416,0.044018505960602416,,,equity,VinaCapital Leading Enterprise Equity Fund,vinacapital,0.07585040469741285,0.11459852765278593,-0.038748122955373075,0.19044893235019877,True,False,-0.20345676122837364
VINACAPITAL-VEOF,2021-06,2021-06-01,2021-06-28,4,320509510223.0,354884358025.0,22457.68,23528.12,54420433545.0,-35922020190.0,18498413355.0,15876434447.0,0.0,24,0.047664763234670504,0.047664763234670504,0.0,0.0585520123489327,-0.010887249114262199,-0.010887249114262199,,,equity,VinaCapital Leading Enterprise Equity Fund,vinacapital,0.16979350630543238,0.1120778605446267,0.0577156457608057,0.2818713668500591,True,False,0.2047588103956207
VINACAPITAL-VEOF,2021-07,2021-06-29,2021-07-26,4,354884358025.0,370117015320.0,23528.12,22701.48,50869355739.0,-22231466093.0,28637889646.0,-13405232351.0,0.0,24,-0.035134128863674396,-0.035134128863674396,0.0,-0.09467851274354289,0.05954438387986849,0.05954438387986849,,,equity,VinaCapital Leading Enterprise Equity Fund,vinacapital,0.14334065333873205,0.06264425464318124,0.08069639869555081,0.2059849079819133,True,False,0.39175879187535645
VINACAPITAL-VEOF,2021-08,2021-07-27,2021-08-30,5,370117015320.0,406514599464.0,22701.48,23874.81,54931417533.0,-38489355740.0,16442061793.0,19955522351.0,0.0,30,0.05168517647307569,0.05168517647307569,0.0,0.04355273392996062,0.00813244254311507,0.00813244254311507,,,equity,VinaCapital Leading Enterprise Equity Fund,vinacapital,0.1484163528269749,0.10399239739551674,0.04442395543145817,0.25240875022249165,True,False,0.1760000609816404
VINACAPITAL-VEOF,2021-09,2021-08-31,2021-09-20,3,406514599464.0,432367941153.0,23874.81,24727.96,42522441800.0,-31893090771.0,10629351029.0,15223990660.0,0.0,18,0.035734315791413396,0.035734315791413396,0.0,0.016820515909467204,0.01891379988194619,0.01891379988194619,,,equity,VinaCapital Leading Enterprise Equity Fund,vinacapital,0.10460249608763605,0.0784549701611009,0.02614752592653517,0.18305746624873695,True,False,0.14283780095047383
VINACAPITAL-VEOF,2021-10,2021-09-28,2021-10-25,4,420406810942.0,457125997757.0,24236.55,25723.64,55926008255.0,-45391972784.0,10534035471.0,26185151344.0,0.0,24,0.06135733014806144,0.06135733014806144,0.0,0.034413242639867114,0.026944087508194325,0.026944087508194325,,,equity,VinaCapital Leading Enterprise Equity Fund,vinacapital,0.13302831162437004,0.10797154470996986,0.025056766914400185,0.2409998563343399,True,False,0.10397004917562627
VINACAPITAL-VEOF,2021-11,2021-10-26,2021-11-29,5,457125997757.0,564982654859.0,25723.64,26612.26,132655763150.0,-40785344354.0,91870418796.0,15986238306.0,0.0,30,0.034544877785569694,0.034544877785569694,0.0,0.07177710408546267,-0.03723222629989298,-0.03723222629989298,,,equity,VinaCapital Leading Enterprise Equity Fund,vinacapital,0.2901951842619055,0.0892212312450467,0.20097395301685875,0.37941641550695215,True,False,0.5296922979685265
VINACAPITAL-VEOF,2021-12,2021-11-30,2021-12-27,4,564982654859.0,617310556255.0,26612.26,26324.32,99285803304.0,-42657827934.0,56627975370.0,-4300073974.0,0.0,24,-0.010819825148258633,-0.010819825148258633,0.0,0.002720831874141627,-0.01354065702240026,-0.01354065702240026,,,equity,VinaCapital Leading Enterprise Equity Fund,vinacapital,0.17573248036929254,0.07550289830516285,0.10022958206412969,0.2512353786744554,True,False,0.3989469261572619
VINACAPITAL-VEOF,2022-01,2021-12-28,2022-01-31,5,617310556255.0,630408661605.0,26324.32,26573.98,57565514032.0,-50851016271.0,6714497761.0,6383607589.0,0.0,30,0.009484005664723627,0.009484005664723627,0.0,-0.006662726344634939,0.016146732009358566,0.016146732009358566,,,equity,VinaCapital Leading Enterprise Equity Fund,vinacapital,0.0932521134600859,0.08237509589904753,0.010877017561038371,0.17562720935913342,True,False,0.06193241696846853
VINACAPITAL-VEOF,2022-02,2022-02-01,2022-02-28,4,630408661605.0,684828099000.0,26573.98,27922.68,52056392239.0,-30021950383.0,22034441856.0,32384995539.0,0.0,24,0.05075265353552627,0.05075265353552627,0.0,0.007552604532915286,0.043200049002610985,0.043200049002610985,,,equity,VinaCapital Leading Enterprise Equity Fund,vinacapital,0.08257562976128233,0.04762299792417999,0.034952631837102344,0.1301986276854623,True,False,0.26845622306820266
VINACAPITAL-VEOF,2022-03,2022-03-01,2022-03-28,4,684828099000.0,791953886335.0,27922.68,28535.74,125340235399.0,-36411001875.0,88929233524.0,18196553811.0,0.0,24,0.02195562890095104,0.02195562890095104,0.0,-0.004664022602055118,0.02661965150300616,0.02661965150300616,,,equity,VinaCapital Leading Enterprise Equity Fund,vinacapital,0.18302437587187848,0.05316808981431704,0.12985628605756144,0.2361924656861955,True,False,0.5497901284882137
VINACAPITAL-VEOF,2022-04,2022-03-29,2022-04-25,4,791953886335.0,852859904009.0,28535.74,25902.41,186616725845.0,-39114706624.0,147502019221.0,-86596001547.0,0.0,24,-0.09228181922038803,-0.09228181922038803,0.0,-0.11614234280397517,0.023860523583587145,0.023860523583587145,,,equity,VinaCapital Leading Enterprise Equity Fund,vinacapital,0.23564089912939742,0.04939013154542979,0.18625076758396764,0.2850310306748272,True,False,0.6534403189119736
VINACAPITAL-VEOF,2022-05,2022-04-26,2022-05-30,4,852859904009.0,1096154806667.0,25902.41,26026.51,168440584986.0,-32384067335.0,136056517651.0,87217004317.0,0.0,24,0.09324341518673318,0.09324341518673318,20021380690.0,0.04291671712957745,0.05032669805715573,0.05032669805715573,,,equity,VinaCapital Leading Enterprise Equity Fund,vinacapital,0.1975008840188394,0.03797114529921465,0.15952973871962473,0.23547202931805403,True,False,0.6774891233648247
VINACAPITAL-VEOF,2022-06,2022-05-31,2022-06-27,4,1096154806667.0,1077356606822.0,26026.51,24922.98,47049563976.0,-18456692695.0,28592871281.0,-47391071126.0,0.0,24,-0.04240022961203804,-0.04240022961203804,0.0,-0.07040620749350812,0.02800597788147008,0.02800597788147008,,,equity,VinaCapital Leading Enterprise Equity Fund,vinacapital,0.042922371630208206,0.016837669809723274,0.02608470182048493,0.05976004143993148,True,False,0.43649069163889853
VINACAPITAL-VEOF,2022-07,2022-06-28,2022-07-25,4,1077356606822.0,1054742037675.0,24922.98,24281.21,22742653039.0,-17446943440.0,5295709599.0,-27910278746.0,0.0,24,-0.02575013100359569,-0.02575013100359569,0.0,-0.011905355747326873,-0.013844775256268815,-0.013844775256268815,5.5,"Press report, article dated 02/08/2022 reporting the increase: ""for a 12-month term, the interest rate increases from 5.5%/year to 5.6%/year"". 5.5% is the pre-increase level, so it is the July level; the month is inferred from the increase date, the level is stated (https://en.baoquocte.vn/the-trend-of-race-to-increase-interest-rates-continues-to-be-hot-192920.html)",equity,VinaCapital Leading Enterprise Equity Fund,vinacapital,0.02110967983580345,0.01619421399518328,0.004915465840620173,0.03730389383098673,True,False,0.13176817044597927
VINACAPITAL-VEOF,2022-08,2022-07-26,2022-08-29,4,1054742037675.0,1134396183861.0,24281.21,25627.73,30840432593.0,-10161033082.0,20679399511.0,69048895019.0,0.0,24,0.06500025758239159,0.06500025758239159,-10074148344.0,0.07209926236777475,-0.007099004785383167,-0.007099004785383167,5.6,"Press report, article dated 02/08/2022: ""for a 12-month term, the interest rate increases from 5.5%/year to 5.6%/year"". Sits just above the SBV's 5.5-6.6% band for 12-to-24-month terms that month (https://en.baoquocte.vn/the-trend-of-race-to-increase-interest-rates-continues-to-be-hot-192920.html)",equity,VinaCapital Leading Enterprise Equity Fund,vinacapital,0.02923978706772938,0.009633666545042876,0.019606120522686506,0.03887345361277226,True,False,0.5043575679688187
VINACAPITAL-VEOF,2022-09,2022-08-30,2022-09-26,4,1134396183861.0,1038015381832.0,25627.73,23637.53,22553676897.0,-31173704532.0,-8620027635.0,-87760774394.0,0.0,24,-0.07765806803801989,-0.07765806803801989,0.0,-0.07589707271010393,-0.0017609953279159596,-0.0017609953279159596,5.6,"Agribank published board rate, 12 months VND retail term deposit, read from Wayback Machine snapshot 20220926055710 of https://www.agribank.com.vn/vn/lai-suat",equity,VinaCapital Leading Enterprise Equity Fund,vinacapital,0.019881657940911717,0.027480438470709613,-0.007598780529797895,0.047362096411621334,True,False,-0.16044012207055444
VINACAPITAL-VEOF,2022-10,2022-09-27,2022-10-31,5,1038015381832.0,879186073859.0,23637.53,20790.86,19313122657.0,-54545240811.0,-35232118154.0,-123597189819.0,0.0,30,-0.12043009569950813,-0.12043009569950813,0.0,-0.12467322348533216,0.00424312778582403,0.00424312778582403,6.4,"Agribank published board rate, 12 months VND retail term deposit, read from Wayback Machine snapshot 20221020012153 of https://www.agribank.com.vn/vn/lai-suat",equity,VinaCapital Leading Enterprise Equity Fund,vinacapital,0.018605815477333434,0.052547622863480845,-0.03394180738614741,0.07115343834081428,True,False,-0.47702272971787046
VINACAPITAL-VEOF,2022-11,2022-11-01,2022-11-28,4,879186073859.0,856688600504.0,20790.86,20368.6,29901730840.0,-34531911408.0,-4630180568.0,-17867292787.0,0.0,24,-0.020309886171134828,-0.020309886171134828,0.0,-0.021645232211996768,0.00133534604086194,0.00133534604086194,7.4,"Agribank published board rate, 12 months VND retail term deposit, read from Wayback Machine snapshot 20221128042309 of https://www.agribank.com.vn/vn/lai-suat",equity,VinaCapital Leading Enterprise Equity Fund,vinacapital,0.034010696630751576,0.03927713647286237,-0.005266439842110793,0.07328783310361395,True,False,-0.07185967464292645
VINACAPITAL-VEOF,2022-12,2022-11-29,2022-12-26,4,856688600504.0,852948294047.0,20368.6,20361.32,6685955704.0,-10182580530.0,-3496624826.0,-243681631.0,0.0,24,-0.00035741288061019727,-0.00035741288061019727,0.0,-0.020364128111048374,0.020006715230438177,0.020006715230438177,7.4,"Agribank published board rate, 12 months VND retail term deposit, read from Wayback Machine snapshot 20221225030309 of https://www.agribank.com.vn/vn/lai-suat",equity,VinaCapital Leading Enterprise Equity Fund,vinacapital,0.007804417731328015,0.011885976449329975,-0.004081558718001961,0.019690394180657992,True,False,-0.20728679581291998
VINACAPITAL-VEOF,2023-01,2022-12-27,2023-01-30,5,852948294047.0,937535810641.0,20361.32,22442.66,8060307440.0,-10550375017.0,-2490067577.0,87077584171.0,0.0,30,0.10222028827207641,0.10222028827207641,0.0,0.11912181159346713,-0.01690152332139072,-0.01690152332139072,7.4,"bridged between observations at 2022-12 and 2023-02, which agree at 7.4%",equity,VinaCapital Leading Enterprise Equity Fund,vinacapital,0.00944993676200008,0.012369301973677015,-0.002919365211676934,0.021819238735677097,True,False,-0.13379775743062103
VINACAPITAL-VEOF,2023-02,2023-01-31,2023-02-27,4,937535810641.0,879279994232.0,22442.66,21306.35,4976691942.0,-16184717318.0,-11208025376.0,-47047791033.0,0.0,24,-0.05063169873802831,-0.05063169873802831,0.0,-0.07375495433396506,0.023123255595936754,0.023123255595936754,7.4,"Agribank published board rate, 12 months VND retail term deposit, read from Wayback Machine snapshot 20230227065357 of https://www.agribank.com.vn/vn/lai-suat",equity,VinaCapital Leading Enterprise Equity Fund,vinacapital,0.0053082686394639155,0.017263039058672748,-0.011954770419208833,0.022571307698136662,True,False,-0.5296445637571872
VINACAPITAL-VEOF,2023-03,2023-02-28,2023-03-27,3,879279994232.0,875210024171.0,21306.35,21463.1,10664562478.0,-15750539713.0,-5085977235.0,29231413157.0,0.0,18,0.03390791692388939,0.03390791692388939,-28215405983.0,0.05068401625137664,-0.01677609932748725,-0.01677609932748725,7.2,"Agribank published board rate, 12 months VND retail term deposit, read from Wayback Machine snapshot 20230327002150 of https://www.agribank.com.vn/vn/lai-suat",equity,VinaCapital Leading Enterprise Equity Fund,vinacapital,0.012128744595531114,0.017912996788647717,-0.005784252193116603,0.03004174138417883,True,False,-0.19254050952461826
VINACAPITAL-VEOF,2023-04,2023-03-28,2023-04-24,4,875210024171.0,869274190966.0,21463.1,21497.06,4597524626.0,-11957623871.0,-7360099245.0,1424266040.0,0.0,24,0.0015822504670810478,0.0015822504670810478,0.0,-0.010349251603706366,0.011931502070787414,0.011931502070787414,7.2,"Agribank published board rate, 12 months VND retail term deposit, read from Wayback Machine snapshot 20230422161036 of https://www.agribank.com.vn/vn/lai-suat",equity,VinaCapital Leading Enterprise Equity Fund,vinacapital,0.005253052980460068,0.013662576456806783,-0.008409523476346714,0.01891562943726685,True,False,-0.4445806841499333
VINACAPITAL-VEOF,2023-05,2023-04-25,2023-05-29,5,869274190966.0,887022898326.0,21497.06,22216.88,5820412083.0,-16917730100.0,-11097318017.0,28846025377.0,0.0,30,0.03348457882147593,0.03348457882147593,0.0,0.03228470461703914,0.0011998742044367905,0.0011998742044367905,6.8,"Shinhan Securities Vietnam, Vietnam Economic Update (25 Mar 2024), indicator table row ""Avg. Deposit rate 12M term of SCBs"", column 05/23 = 6.8% (https://shinhansec.com.vn/uploads/report/Vietnam_economic_update_2402_E.pdf)",equity,VinaCapital Leading Enterprise Equity Fund,vinacapital,0.006695714819891224,0.019461903132312948,-0.012766188312421725,0.026157617952204174,True,False,-0.48804858056067685
VINACAPITAL-VEOF,2023-06,2023-05-30,2023-06-26,4,887022898326.0,920468419932.0,22216.88,23362.61,5691595154.0,-17593943343.0,-11902348189.0,45347869795.0,0.0,24,0.051570247487495946,0.051570247487495946,0.0,0.05307075480474066,-0.0015005073172447148,-0.0015005073172447148,6.8,"Agribank published board rate, 12 months VND retail term deposit, read from Wayback Machine snapshot 20230606055027 of https://www.agribank.com.vn/vn/lai-suat",equity,VinaCapital Leading Enterprise Equity Fund,vinacapital,0.006416514347872242,0.019834824305216353,-0.013418309957344112,0.026251338653088596,True,False,-0.5111476460178682
VINACAPITAL-VEOF,2023-07,2023-06-27,2023-07-31,5,920468419932.0,984123352455.0,23362.61,25054.84,13713501987.0,-16657642966.0,-2944140979.0,66599073502.0,0.0,30,0.07243325981129689,0.07243325981129689,0.0,0.08027172424759055,-0.007838464436293657,-0.007838464436293657,6.4,"VNDIRECT Research, average 12-month term deposit rate across commercial banks: ""the average 12-month deposit interest rate of commercial banks fell to 6.40% p.a at the end of July 2023"" (https://www.vndirect.com.vn/cmsupload/beta/Vietnam-Money-market-chartbook_August_20230809.pdf)",equity,VinaCapital Leading Enterprise Equity Fund,vinacapital,0.014898394871616661,0.018096919574090972,-0.0031985247024743117,0.032995314445707635,True,False,-0.0969387549779938
VINACAPITAL-VEOF,2023-08,2023-08-01,2023-08-28,4,984123352455.0,970255188435.0,25054.84,24944.73,11415436163.0,-20738471908.0,-9323035745.0,-4545128275.0,0.0,24,-0.004394759655220182,-0.004394759655220182,0.0,-0.01731948646659598,0.012924726811375797,0.012924726811375797,5.9,"VNDIRECT Research, average 12-month term deposit rate across commercial banks: ""decreased to 5.4%/year on October 10, down 0.5% points compared to the end of August (corroborated by the 25 Sep report's 0.3pp decline from end-August)"" (https://www.vndirect.com.vn/cmsupload/beta/Econ_Update_20231017.pdf)",equity,VinaCapital Leading Enterprise Equity Fund,vinacapital,0.011599598906501899,0.02107304115512114,-0.00947344224861924,0.032672640061623036,True,False,-0.289950314108429
VINACAPITAL-VEOF,2023-09,2023-08-29,2023-09-25,4,970255188435.0,957788876265.0,24944.73,24795.03,18690094972.0,-25570034418.0,-6879939446.0,-5586372724.0,0.0,24,-0.006001267602415594,-0.006001267602415594,0.0,-0.04037546183803198,0.034374194235616384,0.034374194235616384,5.6,"VNDIRECT Research, average 12-month term deposit rate across commercial banks: ""decreased to 5.6%/year on 25 Sep 2023, down 0.3% points compared to the end of Aug 2023"" (https://www.vndirect.com.vn/Market-Strategy_October_20231005.pdf)",equity,VinaCapital Leading Enterprise Equity Fund,vinacapital,0.019263071400985453,0.026353927010938118,-0.007090855609952665,0.04561699841192357,True,False,-0.1554432745864144
VINACAPITAL-VEOF,2023-10,2023-09-26,2023-10-30,5,957788876265.0,876184718123.0,24795.03,22744.09,15920435731.0,-18573907203.0,-2653471472.0,-78950686670.0,0.0,30,-0.08271577005553099,-0.08271577005553099,0.0,-0.096080471730836,0.013364701675305013,0.013364701675305013,5.3,"VNDIRECT Research, average 12-month term deposit rate across commercial banks: ""As of October 26, 2023, the average 12-month deposit interest rate of commercial banks has decreased to 5.3%/year"" (https://www.vndirect.com.vn/Market-Strategy_November_20231106.pdf)",equity,VinaCapital Leading Enterprise Equity Fund,vinacapital,0.01662207207196166,0.019392485821542356,-0.002770413749580696,0.036014557893504016,True,False,-0.07692483016931323
VINACAPITAL-VEOF,2023-11,2023-10-31,2023-11-27,4,876184718123.0,920977269411.0,22744.09,23984.39,8328979778.0,-11280728444.0,-2951748666.0,47744299954.0,0.0,24,0.054532847873887125,0.054532847873887125,0.0,0.04380276285495022,0.010730085018936908,0.010730085018936908,5.18,"Shinhan Securities Vietnam, Vietnam Economic Update (25 Mar 2024), indicator table row ""Avg. Deposit rate 12M term of SCBs"", column 11/23 = 5.18% (https://shinhansec.com.vn/uploads/report/Vietnam_economic_update_2402_E.pdf)",equity,VinaCapital Leading Enterprise Equity Fund,vinacapital,0.00950596330399678,0.012874829029392403,-0.0033688657253956233,0.02238079233338918,True,False,-0.15052486414297858
VINACAPITAL-VEOF,2023-12,2023-11-28,2023-12-25,4,920977269411.0,760544763432.0,23984.39,24906.07,6858255367.0,-198791994157.0,-191933738790.0,31501232811.0,0.0,24,0.03842832775817939,0.03842832775817939,0.0,0.027204382111280845,0.011223945646898548,0.011223945646898548,5.3,"Agribank published board rate, 12 months VND retail term deposit, read from Wayback Machine snapshot 20231204024251 of https://www.agribank.com.vn/vn/lai-suat",equity,VinaCapital Leading Enterprise Equity Fund,vinacapital,0.007446715130533152,0.21584896908925347,-0.2084022539587203,0.22329568421978663,True,False,-0.9333017549662674
VINACAPITAL-VEOF,2024-01,2023-12-26,2024-01-29,5,760544763432.0,744252173479.0,24906.07,26174.65,17278742762.0,-70054320570.0,-52775577808.0,36482987855.0,0.0,30,0.050934571371557436,0.050934571371557436,0.0,0.051920977757099696,-0.00098640638554226,-0.00098640638554226,5.14,"VNDIRECT Research, average 12-month term deposit rate across commercial banks: ""As of January 31, 2024, the average 12-month term deposit interest rate of commercial banks has decreased to 5.14%/year"" (https://www.vndirect.com.vn/cmsupload/beta/Market-Strategy_Feb_20240206.pdf)",equity,VinaCapital Leading Enterprise Equity Fund,vinacapital,0.02271890307156771,0.09211071318652703,-0.06939181011495932,0.11482961625809474,True,False,-0.6043023775242099
VINACAPITAL-VEOF,2024-02,2024-01-30,2024-02-26,4,744252173479.0,763794661109.0,26174.65,27306.74,22392345181.0,-34859507520.0,-12467162339.0,32009649969.0,0.0,24,0.04325139018095747,0.04325139018095747,0.0,0.04123535966113523,0.002016030519822243,0.002016030519822243,4.78,"Shinhan Securities Vietnam, Vietnam Economic Update (25 Mar 2024), indicator table row ""Avg. Deposit rate 12M term of SCBs"", column 02/24 = 4.78% (https://shinhansec.com.vn/uploads/report/Vietnam_economic_update_2402_E.pdf)",equity,VinaCapital Leading Enterprise Equity Fund,vinacapital,0.030087040359354528,0.046838301266961105,-0.016751260907606577,0.07692534162631563,True,False,-0.21775998069634941
VINACAPITAL-VEOF,2024-03,2024-02-27,2024-03-25,4,763794661109.0,851682224146.0,27306.74,28598.18,93600159631.0,-42642435648.0,50957723983.0,36929839054.0,0.0,24,0.047293818302733825,0.047293818302733825,0.0,0.03568948757117041,0.011604330731563417,0.011604330731563417,4.7,"Shinhan Securities Vietnam, Vietnam Economic Update (25 Mar 2024): ""Deposit interest rates 12M term at State-owned commercial banks (SCBs) continue to decrease, reaching 4.7% on March 22, 2024"" (https://shinhansec.com.vn/uploads/report/Vietnam_economic_update_2402_E.pdf)",equity,VinaCapital Leading Enterprise Equity Fund,vinacapital,0.12254623447497817,0.05582971159563337,0.06671652287934479,0.17837594607061155,True,False,0.3740219707254392
VINACAPITAL-VEOF,2024-04,2024-03-26,2024-04-22,4,851682224146.0,843882032485.0,28598.18,27190.95,67538519828.0,-31386068193.0,36152451635.0,-43952643296.0,0.0,24,-0.04920697750696035,-0.04920697750696035,0.0,-0.06123704509961658,0.012030067592656235,0.012030067592656235,4.61,"VNDIRECT Research, average 12-month term deposit rate across commercial banks: ""As of April 27, 2024, the average 12-month term deposit interest rate of commercial banks plateaued at around 4.61%"" (https://www.vndirect.com.vn/cmsupload/beta/Econ_Update_20240520.pdf)",equity,VinaCapital Leading Enterprise Equity Fund,vinacapital,0.07930014025562447,0.036851853077562446,0.042448287178062025,0.11615199333318692,True,False,0.36545465953646883
VINACAPITAL-VEOF,2024-05,2024-04-23,2024-05-27,5,843882032485.0,923145513292.0,27190.95,29520.79,67920324769.0,-61756493700.0,6163831069.0,73099649738.0,0.0,30,0.08568439131402172,0.08568439131402172,0.0,0.06508040530322123,0.02060398601080049,0.02060398601080049,4.7,"Agribank published board rate, 12 months VND retail term deposit, read from Wayback Machine snapshot 20240526204434 of https://www.agribank.com.vn/vn/lai-suat",equity,VinaCapital Leading Enterprise Equity Fund,vinacapital,0.08048556807044861,0.07318142977655792,0.007304138293890695,0.15366699784700655,True,False,0.04753225088162924
VINACAPITAL-VEOF,2024-06,2024-05-28,2024-06-24,4,923145513292.0,886486639757.0,29520.79,29913.34,40623198453.0,-90473759333.0,-49850560880.0,13191687345.0,0.0,24,0.01329740836881399,0.01329740836881399,0.0,-0.01069670579326032,0.02399411416207431,0.02399411416207431,4.7,"Agribank published board rate, 12 months VND retail term deposit, read from Wayback Machine snapshot 20240626111100 of https://www.agribank.com.vn/vn/lai-suat",equity,VinaCapital Leading Enterprise Equity Fund,vinacapital,0.04400519513780108,0.09800595684028664,-0.05400076170248555,0.1420111519780877,True,False,-0.3802571907227248
VINACAPITAL-VEOF,2024-07,2024-06-25,2024-07-29,5,886486639757.0,900346184412.0,29913.34,29573.86,57512117664.0,-33405210812.0,24106906852.0,-10247362197.0,0.0,30,-0.011348782850728267,-0.011348782850728267,0.0,-0.005996236404809729,-0.005352546445918538,-0.005352546445918538,4.7,"bridged between observations at 2024-06 and 2024-09, which agree at 4.7%",equity,VinaCapital Leading Enterprise Equity Fund,vinacapital,0.06487646297722545,0.03768270080320319,0.027193762174022255,0.10255916378042863,True,False,0.2651519490958607
VINACAPITAL-VEOF,2024-08,2024-07-30,2024-08-26,4,900346184412.0,943571533203.0,29573.86,30245.38,50045717571.0,-28686260033.0,21359457538.0,21865891253.0,0.0,24,0.022706538815021382,0.022706538815021382,0.0,0.026808920263115654,-0.004102381448094272,-0.004102381448094272,4.7,"bridged between observations at 2024-06 and 2024-09, which agree at 4.7%",equity,VinaCapital Leading Enterprise Equity Fund,vinacapital,0.05558497213345105,0.03186136680496345,0.023723605328487597,0.0874463389384145,True,False,0.2712932938815807
VINACAPITAL-VEOF,2024-09,2024-08-27,2024-09-30,5,943571533203.0,988125321665.0,30245.38,30564.73,64050381541.0,-30332239613.0,33718141928.0,10835646534.0,0.0,30,0.010558637385279734,0.010558637385279734,0.0,0.006187403321823215,0.0043712340634565194,0.0043712340634565194,4.7,"Agribank published board rate, 12 months VND retail term deposit, read from Wayback Machine snapshot 20240906234432 of https://www.agribank.com.vn/vn/lai-suat",equity,VinaCapital Leading Enterprise Equity Fund,vinacapital,0.06788079047232151,0.03214620041581344,0.03573459005650807,0.10002699088813495,True,False,0.357249475758716
VINACAPITAL-VEOF,2024-10,2024-10-01,2024-10-28,4,988125321665.0,995529730471.0,30564.73,29955.95,49816131422.0,-22572712609.0,27243418813.0,-19839010007.0,0.0,24,-0.019917728702331106,-0.019917728702331106,0.0,-0.0257543053247824,0.005836576622451295,0.005836576622451295,4.7,"Agribank published board rate, 12 months VND retail term deposit, read from Wayback Machine snapshot 20241008043404 of https://www.agribank.com.vn/vn/lai-suat",equity,VinaCapital Leading Enterprise Equity Fund,vinacapital,0.05041479084663003,0.022843977493628823,0.02757081335300121,0.07325876834025885,True,False,0.37634830584299983
VINACAPITAL-VEOF,2024-11,2024-10-29,2024-11-25,4,995529730471.0,1014028930390.0,29955.95,29687.31,47720979050.0,-20240112693.0,27480866357.0,-8981666438.0,0.0,24,-0.008967834436898303,-0.008967834436898303,0.0,-0.01599496322035099,0.007027128783452685,0.007027128783452685,4.7,"Agribank published board rate, 12 months VND retail term deposit, read from Wayback Machine snapshot 20241128101714 of https://www.agribank.com.vn/vn/lai-suat",equity,VinaCapital Leading Enterprise Equity Fund,vinacapital,0.0479352625937374,0.020330997732658472,0.027604264861078927,0.06826626032639586,True,False,0.404361755413244
VINACAPITAL-VEOF,2024-12,2024-11-26,2024-12-30,5,1014028930390.0,1031546624430.0,29687.31,31181.19,48912910134.0,-82740990445.0,-33828080311.0,51345774351.0,0.0,30,0.05032049047219167,0.05032049047219167,0.0,0.030225965821657264,0.020094524650534407,0.020094524650534407,4.7,"Agribank published board rate, 12 months VND retail term deposit, read from Wayback Machine snapshot 20241217044809 of https://www.agribank.com.vn/vn/lai-suat",equity,VinaCapital Leading Enterprise Equity Fund,vinacapital,0.04823620773343013,0.0815962818863338,-0.03336007415290368,0.12983248961976393,True,False,-0.2569470419199709
VINACAPITAL-VEOF,2025-01,2024-12-31,2025-01-31,4,1031546624430.0,1055886522373.0,31181.19,31007.52,42535597819.0,-12943946569.0,29591651250.0,-5251753307.0,0.0,28,-0.0055697040427258315,-0.0055697040427258315,0.0,-0.00547947359318246,-9.023044954337145e-05,-9.023044954337145e-05,4.7,"bridged between observations at 2024-12 and 2025-02, which agree at 4.7%",equity,VinaCapital Leading Enterprise Equity Fund,vinacapital,0.04123477971003378,0.01254809648197183,0.02868668322806195,0.05378287619200561,True,False,0.5333794928640502
VINACAPITAL-VEOF,2025-02,2025-02-01,2025-02-24,4,1055886522373.0,1050586150029.0,31007.52,31370.14,30162541334.0,-47544914962.0,-17382373628.0,12082001284.0,0.0,20,0.011694582475476611,0.011694582475476611,0.0,0.031231967115924464,-0.019537384640447852,-0.019537384640447852,4.7,"Agribank published board rate, 12 months VND retail term deposit, read from Wayback Machine snapshot 20250207105719 of https://www.agribank.com.vn/vn/lai-suat",equity,VinaCapital Leading Enterprise Equity Fund,vinacapital,0.028566082334503792,0.045028432463696505,-0.016462350129192713,0.0735945147982003,True,False,-0.22368990643301703
VINACAPITAL-VEOF,2025-03,2025-02-25,2025-03-31,5,1050586150029.0,1038792469330.0,31370.14,30481.62,67707962743.0,-49527788223.0,18180174520.0,-29973855219.0,0.0,30,-0.02832374990994624,-0.02832374990994624,0.0,0.0017630465444284926,-0.03008679645437473,-0.03008679645437473,4.7,"Agribank published board rate, 12 months VND retail term deposit, read from Wayback Machine snapshot 20250323005822 of https://www.agribank.com.vn/vn/lai-suat",equity,VinaCapital Leading Enterprise Equity Fund,vinacapital,0.06444779682383117,0.04714300509447308,0.017304791729358095,0.11159080191830424,True,False,0.15507363897274393
VINACAPITAL-VEOF,2025-04,2025-04-01,2025-04-28,4,1038792469330.0,1017809965762.0,30481.62,27212.39,136003599537.0,-48707835450.0,87295764087.0,-108278267655.0,0.0,24,-0.10725250167149902,-0.10725250167149902,0.0,-0.06126134398481842,-0.045991157686680606,-0.045991157686680606,4.7,"Agribank published board rate, 12 months VND retail term deposit, read from Wayback Machine snapshot 20250404031732 of https://www.agribank.com.vn/vn/lai-suat",equity,VinaCapital Leading Enterprise Equity Fund,vinacapital,0.13092470686153468,0.04688889926340683,0.08403580759812784,0.17781360612494151,True,False,0.4726061713133455
VINACAPITAL-VEOF,2025-05,2025-04-29,2025-05-26,4,1017809965762.0,1090292505331.0,27212.39,29080.23,17155602056.0,-14829675898.0,2325926158.0,70156613411.0,0.0,24,0.06863932201471479,0.06863932201471479,0.0,0.08616726442777978,-0.01752794241306499,-0.01752794241306499,4.7,"Agribank published board rate, 12 months VND retail term deposit, read from Wayback Machine snapshot 20250531072021 of https://www.agribank.com.vn/vn/lai-suat",equity,VinaCapital Leading Enterprise Equity Fund,vinacapital,0.01685540781982438,0.014570181464962884,0.0022852263548614965,0.03142558928478727,True,False,0.07271864766487438
VINACAPITAL-VEOF,2025-06,2025-05-27,2025-06-30,5,1090292505331.0,1132231305885.0,29080.23,30694.33,17052923383.0,-35025285190.0,-17972361807.0,59911162361.0,0.0,30,0.05550506306174352,0.05550506306174352,0.0,0.03269018618997244,0.022814876871771084,0.022814876871771084,4.7,"Agribank published board rate, 12 months VND retail term deposit, read from Wayback Machine snapshot 20250613002901 of https://www.agribank.com.vn/vn/lai-suat",equity,VinaCapital Leading Enterprise Equity Fund,vinacapital,0.015640686604392398,0.032124668397465264,-0.016483981793072863,0.04776535500185766,True,False,-0.34510330327141453
VINACAPITAL-VEOF,2025-07,2025-07-01,2025-07-28,4,1132231305885.0,1204952011904.0,30694.33,33729.2,46768740424.0,-84169057322.0,-37400316898.0,110121022917.0,0.0,24,0.098873961412417,0.098873961412417,0.0,0.13178835379014164,-0.032914392377724644,-0.032914392377724644,4.7,"Agribank published board rate, 12 months VND retail term deposit, read from Wayback Machine snapshot 20250722154555 of https://www.agribank.com.vn/vn/lai-suat",equity,VinaCapital Leading Enterprise Equity Fund,vinacapital,0.04130670136120602,0.07433910092797681,-0.03303239956677079,0.11564580228918284,True,False,-0.28563422893785867
VINACAPITAL-VEOF,2025-08,2025-07-29,2025-08-25,4,1204952011904.0,1226116477546.0,33729.2,35648.89,129114078278.0,-171633514833.0,-42519436555.0,63683902197.0,0.0,24,0.056914780071866566,0.056914780071866566,0.0,0.036348576491890716,0.02056620357997585,0.02056620357997585,4.7,"bridged between observations at 2025-07 and 2025-10, which agree at 4.7%",equity,VinaCapital Leading Enterprise Equity Fund,vinacapital,0.10715287995077988,0.14244012469989906,-0.035287244749119165,0.24959300465067893,True,False,-0.1413791416089801
VINACAPITAL-VEOF,2025-09,2025-08-26,2025-09-29,5,1226116477546.0,1482874760525.0,35648.89,36558.56,305986030631.0,-77215407121.0,228770623510.0,27987659469.0,0.0,30,0.025517484555620085,0.025517484555620085,0.0,0.03249629808615673,-0.006978813530536643,-0.006978813530536643,4.7,"bridged between observations at 2025-07 and 2025-10, which agree at 4.7%",equity,VinaCapital Leading Enterprise Equity Fund,vinacapital,0.24955706593505134,0.06297558880828524,0.1865814771267661,0.3125326547433366,True,False,0.5969983433570925
VINACAPITAL-VEOF,2025-10,2025-09-30,2025-10-27,4,1482874760525.0,1568425489011.0,36558.56,35244.76,210492413554.0,-68367973263.0,142124440291.0,-56573711805.0,0.0,24,-0.035936864034031624,-0.035936864034031624,0.0,-0.008364936872929718,-0.027571927161101906,-0.027571927161101906,4.7,"Press report, ""Bank interest rates started to rise from the end of October. The average for a 12-month term was 5.34% at private banks and 4.7% at state-owned banks"" (https://vcdn.vietnam.vn/en/lai-suat-ngan-hang-dong-loat-tang-gui-100-trieu-dong-nhan-duoc-bao-nhieu-tien-lai)",equity,VinaCapital Leading Enterprise Equity Fund,vinacapital,0.14194888142777265,0.046105021869004545,0.09584385955876812,0.1880539032967772,True,False,0.5096616335982782
VINACAPITAL-VEOF,2025-11,2025-10-28,2025-11-24,4,1568425489011.0,1642941233584.0,35244.76,35123.98,108761639895.0,-28527609875.0,80234030020.0,-5718285447.0,0.0,24,-0.003426892394784331,-0.003426892394784331,0.0,0.009343192903046305,-0.012770085297830636,-0.012770085297830636,,"no observation: bracketing observations 2025-10 at 4.7% and 2026-03 at 5.9% disagree, so the rate moved somewhere in this gap; left missing rather than picking a side",equity,VinaCapital Leading Enterprise Equity Fund,vinacapital,0.06934447358642563,0.018188693103290878,0.05115578048313476,0.08753316668971652,True,False,0.5844159696000646
VINACAPITAL-VEOF,2025-12,2025-11-25,2025-12-29,5,1642941233584.0,1684210983712.0,35123.98,35067.98,79951231109.0,-36467204855.0,43484026254.0,-2214276126.0,0.0,30,-0.0015943523484523991,-0.0015943523484523991,0.0,0.052074964927636636,-0.053669317276089035,-0.053669317276089035,,"no observation: bracketing observations 2025-10 at 4.7% and 2026-03 at 5.9% disagree, so the rate moved somewhere in this gap; left missing rather than picking a side",equity,VinaCapital Leading Enterprise Equity Fund,vinacapital,0.04866347588987715,0.022196292910275608,0.026467182979601538,0.07085976880015275,True,False,0.37351494970647553
VINACAPITAL-VEOF,2026-01,2025-12-30,2026-01-26,4,1684210983712.0,1730708263586.0,35067.98,36718.37,46450402266.0,-79508917094.0,-33058514828.0,79555794702.0,0.0,24,0.047062591001819865,0.047062591001819865,0.0,0.0506484921702266,-0.0035859011684067355,-0.0035859011684067355,,"no observation: bracketing observations 2025-10 at 4.7% and 2026-03 at 5.9% disagree, so the rate moved somewhere in this gap; left missing rather than picking a side",equity,VinaCapital Leading Enterprise Equity Fund,vinacapital,0.027579918855310716,0.047208406703750615,-0.019628487848439898,0.07478832555906133,True,False,-0.2624539017515377
VINACAPITAL-VEOF,2026-02,2026-01-27,2026-02-23,4,1730708263586.0,1826338226026.0,36718.37,38545.49,67949948142.0,-59107926049.0,8842022093.0,86787940347.0,0.0,24,0.04976037879677109,0.04976037879677109,0.0,0.008905907621547637,0.04085447117522345,0.04085447117522345,,"no observation: bracketing observations 2025-10 at 4.7% and 2026-03 at 5.9% disagree, so the rate moved somewhere in this gap; left missing rather than picking a side",equity,VinaCapital Leading Enterprise Equity Fund,vinacapital,0.03926135303774929,0.034152449198185095,0.005108903839564197,0.07341380223593438,True,False,0.06959050865047697
VINACAPITAL-VEOF,2026-03,2026-02-24,2026-03-30,5,1826338226026.0,1756256590875.0,38545.49,36004.95,157293680101.0,-108637082892.0,48656597209.0,-118738232360.0,0.0,30,-0.06591017522413145,-0.06591017522413145,0.0,-0.10622856344146159,0.04031838821733014,0.04031838821733014,5.9,"mean of big-four published 12-month VND board rates (Agribank 5.9, BIDV 5.9, Vietcombank 5.9, VietinBank 5.9), read from Wayback Machine snapshot 20260331012516 of https://cafefnew.mediacdn.vn/Images/Uploaded/DuLieuDownload/Liveboard/all_banks_interest_rates.json",equity,VinaCapital Leading Enterprise Equity Fund,vinacapital,0.08612516447364812,0.05948355093480556,0.02664161353884257,0.1456087154084537,True,False,0.18296716281102374
VINACAPITAL-VEOF,2026-04,2026-03-31,2026-04-27,4,1756256590875.0,1768233965093.0,36004.95,36056.93,38672484372.0,-29180960727.0,9491523645.0,2485850573.0,0.0,24,0.0014436903814616375,0.0014436903814616375,0.0,0.11473408158600673,-0.1132903912045451,-0.1132903912045451,5.9,"bridged between observations at 2026-03 and 2026-08, which agree at 5.9%",equity,VinaCapital Leading Enterprise Equity Fund,vinacapital,0.022019837290821295,0.016615431297804552,0.005404405993016741,0.03863526858862584,True,False,0.1398827079620145
VINACAPITAL-VEOF,2026-05,2026-04-28,2026-05-25,4,1768233965093.0,1682921784832.0,36056.93,34936.28,41847794178.0,-73122325323.0,-31274531145.0,-54037649116.0,0.0,24,-0.03108001707300101,-0.03108001707300101,0.0,0.017665880677066426,-0.048745897750067435,-0.048745897750067435,5.9,"bridged between observations at 2026-03 and 2026-08, which agree at 5.9%",equity,VinaCapital Leading Enterprise Equity Fund,vinacapital,0.023666434987747235,0.04135330887570308,-0.01768687388795584,0.06501974386345032,True,False,-0.27202312462350686
VINACAPITAL-VEOF,2026-06,2026-05-26,2026-06-29,5,1682921784832.0,1681170574360.0,34936.28,34412.45,53894451119.0,-30368099598.0,23526351521.0,-25277561993.0,0.0,30,-0.014993868837781421,-0.014993868837781421,0.0,-0.01646845490262605,0.0014745860648446296,0.0014745860648446296,5.9,"bridged between observations at 2026-03 and 2026-08, which agree at 5.9%",equity,VinaCapital Leading Enterprise Equity Fund,vinacapital,0.03202433506104985,0.018044866892629557,0.013979468168420288,0.0500692019536794,True,False,0.2792029355960803
VINACAPITAL-VEOF,2026-07,2026-06-30,2026-07-27,4,1681170574360.0,1433121546701.0,34412.45,29267.98,32893863478.0,-29218526030.0,3675337448.0,-251724365107.0,0.0,24,-0.14949444169188753,-0.14949444169188753,0.0,-0.10024959972398484,-0.049244841967902686,-0.049244841967902686,5.9,"bridged between observations at 2026-03 and 2026-08, which agree at 5.9%",equity,VinaCapital Leading Enterprise Equity Fund,vinacapital,0.019566047597830618,0.017379869999879765,0.0021861775979508525,0.03694591759771038,True,False,0.059172372486597395
VINACAPITAL-VEOF,2026-08,2026-07-28,2026-08-10,2,1433121546701.0,1609526787416.0,29267.98,32654.46,20802606324.0,-10854412339.0,9948193985.0,166457046730.0,0.0,12,0.11570596945877365,0.11570596945877365,0.0,0.06456522129885367,0.05114074815991998,0.05114074815991998,5.9,"mean of big-four published 12-month VND board rates (Agribank 5.9, BIDV 5.9, Vietcombank 5.9, VietinBank 5.9), read live from https://cafefnew.mediacdn.vn/Images/Uploaded/DuLieuDownload/Liveboard/all_banks_interest_rates.json on 2026-08-15",equity,VinaCapital Leading Enterprise Equity Fund,vinacapital,0.014515591068941036,0.007573964932692911,0.006941626136248125,0.022089556001633946,True,False,0.3142492377725772
VINACAPITAL-VESAF,2021-01,2020-12-29,2021-01-25,4,331327327188.0,366908470580.0,15364.78,17222.75,2411242708.0,-6642059211.0,-4230816503.0,39811959895.0,0.0,24,0.1209239572580929,0.1209239572580929,0.0,0.06053715813695426,0.060386799121138646,0.060386799121138646,,,equity,VinaCapital Strategic Growth Equity Fund,vinacapital,0.007277524400007686,0.020046819763922454,-0.012769295363914768,0.02732434416393014,True,False,-0.46732303206644005
VINACAPITAL-VESAF,2021-02,2021-01-26,2021-02-22,4,366908470580.0,379572126461.0,17222.75,17805.66,1466101694.0,-1231421652.0,234680042.0,12428975839.0,0.0,24,0.033845349900567756,0.033845349900567756,0.0,0.007709789460143002,0.026135560440424754,0.026135560440424754,,,equity,VinaCapital Strategic Growth Equity Fund,vinacapital,0.00399582405847001,0.0033562093839190972,0.0006396146745509132,0.007352033442389108,True,False,0.08699833584313305
VINACAPITAL-VESAF,2021-03,2021-02-23,2021-03-29,5,379572126461.0,386965535780.0,17805.66,18024.5,5648920827.0,-2908565423.0,2740355404.0,4653053915.0,0.0,30,0.012290473927953016,0.012290473927953016,0.0,0.0005446623093681158,0.0117458116185849,0.0117458116185849,,,equity,VinaCapital Strategic Growth Equity Fund,vinacapital,0.014882338383665301,0.007662747657786319,0.0072195907258789825,0.02254508604145162,True,False,0.32022901631889855
VINACAPITAL-VESAF,2021-04,2021-03-30,2021-04-26,4,386965535780.0,402296687776.0,18024.5,18267.81,14110698148.0,-4056577359.0,10054120789.0,5277031207.0,0.0,24,0.01349884878914831,0.01349884878914831,0.0,0.03409941480674994,-0.02060056601760163,-0.02060056601760163,,,equity,VinaCapital Strategic Growth Equity Fund,vinacapital,0.03646499970483754,0.010483045604625292,0.025981954100212246,0.04694804530946283,True,False,0.5534192942208679
VINACAPITAL-VESAF,2021-05,2021-04-27,2021-05-31,5,402296687776.0,472061095092.0,18267.81,21319.05,11752643919.0,-9672515441.0,2080128478.0,67684278838.0,0.0,30,0.1670282316271079,0.1670282316271079,0.0,0.09235299439861144,0.07467523722849645,0.07467523722849645,,,equity,VinaCapital Strategic Growth Equity Fund,vinacapital,0.029213871941058355,0.024043239069335032,0.005170632871723323,0.05325711101039338,True,False,0.09708812163532958
VINACAPITAL-VESAF,2021-06,2021-06-01,2021-06-28,4,472061095092.0,483136313657.0,21319.05,22688.0,31304220711.0,-50247498201.0,-18943277490.0,30018496055.0,0.0,24,0.06421252354115259,0.06421252354115259,0.0,0.0585520123489327,0.005660511192219886,0.005660511192219886,,,equity,VinaCapital Strategic Growth Equity Fund,vinacapital,0.06631391791543237,0.10644278616353094,-0.040128868248098575,0.1727567040789633,True,False,-0.23228544710922794
VINACAPITAL-VESAF,2021-07,2021-06-29,2021-07-26,4,483136313657.0,470852733635.0,22688.0,21695.85,38348674146.0,-29625538311.0,8723135835.0,-21006715857.0,0.0,24,-0.04373016572637545,-0.04373016572637545,0.0,-0.09467851274354289,0.05094834701716744,0.05094834701716744,,,equity,VinaCapital Strategic Growth Equity Fund,vinacapital,0.07937443959806638,0.061319212556712285,0.018055227041354094,0.14069365215477866,True,False,0.1283300757698104
VINACAPITAL-VESAF,2021-08,2021-07-27,2021-08-30,5,470852733635.0,537499417505.0,21695.85,23742.91,37613417468.0,-16003889870.0,21609527598.0,45037156272.0,0.0,30,0.09435260660448908,0.09435260660448908,0.0,0.04355273392996062,0.05079987267452846,0.05079987267452846,,,equity,VinaCapital Strategic Growth Equity Fund,vinacapital,0.07988361281801014,0.03398916206018259,0.045894450757827554,0.11387277487819272,True,False,0.4030326898323139
VINACAPITAL-VESAF,2021-09,2021-08-31,2021-09-27,4,537499417505.0,575789134635.0,23742.91,23982.1,84551057373.0,-51395279198.0,33155778175.0,5133938955.0,0.0,24,0.010074165298187943,0.010074165298187943,0.0,-0.002371737919195427,0.01244590321738337,0.01244590321738337,,,equity,VinaCapital Strategic Growth Equity Fund,vinacapital,0.1573044632596527,0.09561922771297125,0.06168523554668145,0.25292369097262396,True,False,0.24388872117700575
VINACAPITAL-VESAF,2021-10,2021-09-28,2021-10-25,4,575789134635.0,651172417433.0,23982.1,25536.94,128754164058.0,-89629409151.0,39124754907.0,36258527891.0,0.0,24,0.06483335487717934,0.06483335487717934,0.0,0.04559279692676932,0.01924055795041002,0.01924055795041002,,,equity,VinaCapital Strategic Growth Equity Fund,vinacapital,0.22361339649039902,0.1556635993275858,0.06794979716281321,0.37927699581798485,True,False,0.17915612576572493
VINACAPITAL-VESAF,2021-11,2021-10-26,2021-11-29,5,651172417433.0,881484952554.0,25536.94,26315.46,251581294675.0,-41596541422.0,209984753253.0,20327781868.0,0.0,30,0.030486033173904303,0.030486033173904303,0.0,0.07177710408546267,-0.04129107091155837,-0.04129107091155837,,,equity,VinaCapital Strategic Growth Equity Fund,vinacapital,0.3863512764664752,0.06387945850958886,0.3224718179568864,0.4502307349760641,True,False,0.7162367935055126
VINACAPITAL-VESAF,2021-12,2021-11-30,2021-12-20,3,881484952554.0,889263069865.0,26315.46,25833.12,70266957141.0,-46909518413.0,23357438728.0,-15579321417.0,0.0,18,-0.018329149480951434,-0.018329149480951434,0.0,-0.0050577840036636346,-0.0132713654772878,-0.0132713654772878,,,equity,VinaCapital Strategic Growth Equity Fund,vinacapital,0.0797143013473,0.05321647099826847,0.02649783034903153,0.13293077234556847,True,False,0.1993355630263506
VINACAPITAL-VESAF,2022-01,2021-12-28,2022-01-31,5,906478922943.0,961829756288.0,25898.18,25917.42,93566425606.0,-39268302237.0,54298123369.0,1052709976.0,0.0,30,0.0007429093472974824,0.0007429093472974824,0.0,-0.010325283225931847,0.01106819257322933,0.01106819257322933,,,equity,VinaCapital Strategic Growth Equity Fund,vinacapital,0.10321963725557413,0.043319597668647854,0.05990003958692628,0.146539234924222,True,False,0.40876451701076266
VINACAPITAL-VESAF,2022-02,2022-02-01,2022-02-28,4,961829756288.0,1058269777104.0,25917.42,27176.57,79322115048.0,-30565185044.0,48756930004.0,47683090812.0,0.0,24,0.04858315372440658,0.04858315372440658,0.0,0.007552604532915286,0.041030549191491295,0.041030549191491295,,,equity,VinaCapital Strategic Growth Equity Fund,vinacapital,0.08247001564406647,0.031778165360531734,0.050691850283534734,0.1142481810045982,True,False,0.4436994080587989
VINACAPITAL-VESAF,2022-03,2022-03-01,2022-03-28,4,1058269777104.0,1158136654835.0,27176.57,27869.55,109730604740.0,-39145826091.0,70584778649.0,29282099082.0,0.0,24,0.02549917079307651,0.02549917079307651,0.0,-0.004664022602055118,0.030163193395131627,0.030163193395131627,,,equity,VinaCapital Strategic Growth Equity Fund,vinacapital,0.10368868800192181,0.036990403522742764,0.06669828447917905,0.14067909152466457,True,False,0.47411654252462365
VINACAPITAL-VESAF,2022-04,2022-03-29,2022-04-25,4,1158136654835.0,1167059354635.0,27869.55,25404.77,190680188164.0,-67862741701.0,122817446463.0,-113894746663.0,0.0,24,-0.08843989228387261,-0.08843989228387261,0.0,-0.11614234280397517,0.02770245052010256,0.02770245052010256,,,equity,VinaCapital Strategic Growth Equity Fund,vinacapital,0.16464394539966118,0.058596488952910676,0.10604745644675052,0.22324043435257188,True,False,0.4750369562498962
VINACAPITAL-VESAF,2022-05,2022-04-26,2022-05-30,5,1167059354635.0,1256275649007.0,25404.77,25924.09,120592719970.0,-54770582201.0,65822137769.0,23394156603.0,0.0,30,0.020441830412162743,0.020441830412162743,0.0,-0.01296799194458853,0.03340982235675127,0.03340982235675127,,,equity,VinaCapital Strategic Growth Equity Fund,vinacapital,0.10333040859581268,0.046930417020760354,0.05639999157505232,0.15026082561657303,True,False,0.375347275935849
VINACAPITAL-VESAF,2022-06,2022-06-07,2022-06-27,3,1275520206857.0,1223009484171.0,26230.67,24540.27,50547356635.0,-20668324640.0,29879031995.0,-82389754681.0,0.0,18,-0.06444364554927484,-0.06444364554927484,0.0,-0.06855616215588334,0.004112516606608496,0.004112516606608496,,,equity,VinaCapital Strategic Growth Equity Fund,vinacapital,0.039628816825688216,0.016203839444401017,0.023424977381287203,0.05583265627008924,True,False,0.4195569214541647
VINACAPITAL-VESAF,2022-07,2022-06-28,2022-07-25,3,1223009484171.0,1202413133532.0,24540.27,23941.69,23715614952.0,-18024275575.0,5691339377.0,16199210124.0,0.0,18,0.014153062618724288,0.014153062618724288,-42486900140.0,0.005513006284705968,0.00864005633401832,0.00864005633401832,5.5,"Press report, article dated 02/08/2022 reporting the increase: ""for a 12-month term, the interest rate increases from 5.5%/year to 5.6%/year"". 5.5% is the pre-increase level, so it is the July level; the month is inferred from the increase date, the level is stated (https://en.baoquocte.vn/the-trend-of-race-to-increase-interest-rates-continues-to-be-hot-192920.html)",equity,VinaCapital Strategic Growth Equity Fund,vinacapital,0.01939119463826178,0.014737641701296786,0.004653552936964994,0.034128836339558564,True,False,0.13635252285385085
VINACAPITAL-VESAF,2022-08,2022-07-26,2022-08-29,5,1202413133532.0,1274078164432.0,23941.69,25090.33,45501251674.0,-32240085881.0,13261165793.0,58403865107.0,0.0,30,0.04797656305799647,0.04797656305799647,0.0,0.06924694993689529,-0.021270386878898817,-0.021270386878898817,5.6,"Press report, article dated 02/08/2022: ""for a 12-month term, the interest rate increases from 5.5%/year to 5.6%/year"". Sits just above the SBV's 5.5-6.6% band for 12-to-24-month terms that month (https://en.baoquocte.vn/the-trend-of-race-to-increase-interest-rates-continues-to-be-hot-192920.html)",equity,VinaCapital Strategic Growth Equity Fund,vinacapital,0.03784161234196056,0.0268128191400381,0.011028793201922456,0.06465443148199866,True,False,0.17058062300019042
VINACAPITAL-VESAF,2022-09,2022-08-30,2022-09-26,4,1274078164432.0,1195156432264.0,25090.33,23226.34,38964521542.0,-22306198921.0,16658322621.0,-95580054789.0,0.0,24,-0.07429117114043537,-0.07429117114043537,0.0,-0.07589707271010393,0.0016059015696685552,0.0016059015696685552,5.6,"Agribank published board rate, 12 months VND retail term deposit, read from Wayback Machine snapshot 20220926055710 of https://www.agribank.com.vn/vn/lai-suat",equity,VinaCapital Strategic Growth Equity Fund,vinacapital,0.030582520468334744,0.017507716201183295,0.01307480426715145,0.04809023666951804,True,False,0.27188063882910574
VINACAPITAL-VESAF,2022-10,2022-09-27,2022-10-31,5,1195156432264.0,1004250144649.0,23226.34,20141.62,29795001515.0,-63313788070.0,-33518786555.0,-157387501060.0,0.0,30,-0.1328112823630413,-0.1328112823630413,0.0,-0.12467322348533216,-0.008138058877709131,-0.008138058877709131,6.4,"Agribank published board rate, 12 months VND retail term deposit, read from Wayback Machine snapshot 20221020012153 of https://www.agribank.com.vn/vn/lai-suat",equity,VinaCapital Strategic Growth Equity Fund,vinacapital,0.024929792210178672,0.052975314662419455,-0.02804552245224078,0.07790510687259812,True,False,-0.3599959435022012
VINACAPITAL-VESAF,2022-12,2022-11-29,2022-12-05,1,966992860415.0,1034623121491.0,19245.0,20527.37,5910267100.0,-2867263429.0,3043003671.0,64587257405.0,0.0,6,0.06663393089114056,0.06663393089114056,0.0,0.059593473880018566,0.007040457011121992,0.007040457011121992,7.4,"Agribank published board rate, 12 months VND retail term deposit, read from Wayback Machine snapshot 20221225030309 of https://www.agribank.com.vn/vn/lai-suat",equity,VinaCapital Strategic Growth Equity Fund,vinacapital,0.006112006967107821,0.0029651340215371075,0.0031468729455707127,0.009077140988644927,True,False,0.3466810694586876
VINACAPITAL-VESAF,2023-01,2023-01-03,2023-01-30,4,993826967854.0,1085995241115.0,19741.73,21545.72,16567294469.0,-15220903369.0,1346391100.0,90821882161.0,0.0,24,0.09137952955490736,0.09137952955490736,0.0,0.05620270140818073,0.035176828146726624,0.035176828146726624,7.4,"bridged between observations at 2022-12 and 2023-02, which agree at 7.4%",equity,VinaCapital Strategic Growth Equity Fund,vinacapital,0.016670200150408727,0.0153154461101684,0.0013547540402403268,0.03198564626057713,True,False,0.04235506230524675
VINACAPITAL-VESAF,2023-02,2023-01-31,2023-02-27,4,1085995241115.0,1032169256622.0,21545.72,20558.32,16963277325.0,-21071939923.0,-4108662598.0,-49717321895.0,0.0,24,-0.04582812734965469,-0.04582812734965469,0.0,-0.07375495433396506,0.02792682698431037,0.02792682698431037,7.4,"Agribank published board rate, 12 months VND retail term deposit, read from Wayback Machine snapshot 20230227065357 of https://www.agribank.com.vn/vn/lai-suat",equity,VinaCapital Strategic Growth Equity Fund,vinacapital,0.015620029151862275,0.019403344623651637,-0.003783315471789364,0.035023373775513914,True,False,-0.10802258788770414
VINACAPITAL-VESAF,2023-03,2023-02-28,2023-03-27,3,1032169256622.0,1036355881404.0,20558.32,20828.11,17758739362.0,-23914130605.0,-6155391243.0,32275467853.0,0.0,18,0.03178325582508901,0.03178325582508901,-21933451828.0,0.05068401625137664,-0.018900760426287633,-0.018900760426287633,7.2,"Agribank published board rate, 12 months VND retail term deposit, read from Wayback Machine snapshot 20230327002150 of https://www.agribank.com.vn/vn/lai-suat",equity,VinaCapital Strategic Growth Equity Fund,vinacapital,0.017205258970916616,0.023168807297423516,-0.0059635483265069004,0.040374066268340135,True,False,-0.14770739927138074
VINACAPITAL-VESAF,2023-04,2023-03-28,2023-04-24,4,1036355881404.0,1064980392499.0,20828.11,21332.68,24064477537.0,-20669232871.0,3395244666.0,25229266429.0,0.0,24,0.024225433800762364,0.024225433800762364,0.0,-0.010349251603706366,0.03457468540446873,0.03457468540446873,7.2,"Agribank published board rate, 12 months VND retail term deposit, read from Wayback Machine snapshot 20230422161036 of https://www.agribank.com.vn/vn/lai-suat",equity,VinaCapital Strategic Growth Equity Fund,vinacapital,0.02322028365815681,0.019944145869079662,0.0032761377890771484,0.043164429527236474,True,False,0.07589901743077426
VINACAPITAL-VESAF,2023-05,2023-04-25,2023-05-29,5,1064980392499.0,1118280324725.0,21332.68,22503.64,20466088009.0,-25388476925.0,-4922388916.0,58222321142.0,0.0,30,0.05489043101944935,0.05489043101944935,0.0,0.03228470461703914,0.02260572640241021,0.02260572640241021,6.8,"Shinhan Securities Vietnam, Vietnam Economic Update (25 Mar 2024), indicator table row ""Avg. Deposit rate 12M term of SCBs"", column 05/23 = 6.8% (https://shinhansec.com.vn/uploads/report/Vietnam_economic_update_2402_E.pdf)",equity,VinaCapital Strategic Growth Equity Fund,vinacapital,0.01921733785255508,0.023839384371598972,-0.0046220465190438915,0.043056722224154055,True,False,-0.10734784907642146
VINACAPITAL-VESAF,2023-06,2023-05-30,2023-06-26,4,1118280324725.0,1189874080090.0,22503.64,23571.73,34280885281.0,-16208101156.0,18072784125.0,53520971240.0,0.0,25,0.04746298820990735,0.04746298820990735,0.0,0.05307075480474066,-0.005607766594833308,-0.005607766594833308,6.8,"Agribank published board rate, 12 months VND retail term deposit, read from Wayback Machine snapshot 20230606055027 of https://www.agribank.com.vn/vn/lai-suat",equity,VinaCapital Strategic Growth Equity Fund,vinacapital,0.03065500172278371,0.01449377298128337,0.016161228741500337,0.04514877470406708,True,False,0.35795497989548997
VINACAPITAL-VESAF,2023-07,2023-06-27,2023-07-31,5,1189874080090.0,1346279538417.0,23571.73,25567.36,80504694010.0,-27229665008.0,53275029002.0,103130429325.0,0.0,30,0.08466200826159165,0.08466200826159165,0.0,0.08027172424759055,0.0043902840140011,0.0043902840140011,6.4,"VNDIRECT Research, average 12-month term deposit rate across commercial banks: ""the average 12-month deposit interest rate of commercial banks fell to 6.40% p.a at the end of July 2023"" (https://www.vndirect.com.vn/cmsupload/beta/Vietnam-Money-market-chartbook_August_20230809.pdf)",equity,VinaCapital Strategic Growth Equity Fund,vinacapital,0.06765816262163704,0.022884492959070423,0.04477366966256662,0.09054265558070747,True,False,0.49450360579115654
VINACAPITAL-VESAF,2023-08,2023-08-01,2023-08-28,4,1346279538417.0,1379530009815.0,25567.36,25776.41,57938813373.0,-36081147392.0,21857665981.0,11392805417.0,0.0,24,0.008176440586747935,0.008176440586747935,0.0,-0.01731948646659598,0.025495927053343914,0.025495927053343914,5.9,"VNDIRECT Research, average 12-month term deposit rate across commercial banks: ""decreased to 5.4%/year on October 10, down 0.5% points compared to the end of August (corroborated by the 25 Sep report's 0.3pp decline from end-August)"" (https://www.vndirect.com.vn/cmsupload/beta/Econ_Update_20231017.pdf)",equity,VinaCapital Strategic Growth Equity Fund,vinacapital,0.043036243008733814,0.026800635649878037,0.016235607358855774,0.06983687865861185,True,False,0.2324789949193083
VINACAPITAL-VESAF,2023-09,2023-08-29,2023-09-25,4,1379530009815.0,1416381918156.0,25776.41,25898.7,79760225274.0,-47954318356.0,31805906918.0,5046001423.0,0.0,24,0.004744260352780083,0.004744260352780083,0.0,-0.04037546183803198,0.04511972219081206,0.04511972219081206,5.6,"VNDIRECT Research, average 12-month term deposit rate across commercial banks: ""decreased to 5.6%/year on 25 Sep 2023, down 0.3% points compared to the end of Aug 2023"" (https://www.vndirect.com.vn/Market-Strategy_October_20231005.pdf)",equity,VinaCapital Strategic Growth Equity Fund,vinacapital,0.057816955562058514,0.034761344816580574,0.023055610745477937,0.0925783003786391,True,False,0.24903903669847063
VINACAPITAL-VESAF,2023-10,2023-09-26,2023-10-30,5,1416381918156.0,1300869847119.0,25898.7,23906.45,121852983547.0,-130360618256.0,-8507634709.0,-107004436328.0,0.0,30,-0.0769247105067048,-0.0769247105067048,0.0,-0.096080471730836,0.019155761224131207,0.019155761224131207,5.3,"VNDIRECT Research, average 12-month term deposit rate across commercial banks: ""As of October 26, 2023, the average 12-month deposit interest rate of commercial banks has decreased to 5.3%/year"" (https://www.vndirect.com.vn/Market-Strategy_November_20231106.pdf)",equity,VinaCapital Strategic Growth Equity Fund,vinacapital,0.08603116291236015,0.0920377594383001,-0.006006596525939955,0.17806892235066027,True,False,-0.0337318631833551
VINACAPITAL-VESAF,2023-11,2023-10-31,2023-11-27,4,1300869847119.0,1402437416722.0,23906.45,25023.15,60888552234.0,-20550431928.0,40338120306.0,61229449297.0,0.0,24,0.04671124320005671,0.04671124320005671,0.0,0.04380276285495022,0.00290848034510649,0.00290848034510649,5.18,"Shinhan Securities Vietnam, Vietnam Economic Update (25 Mar 2024), indicator table row ""Avg. Deposit rate 12M term of SCBs"", column 11/23 = 5.18% (https://shinhansec.com.vn/uploads/report/Vietnam_economic_update_2402_E.pdf)",equity,VinaCapital Strategic Growth Equity Fund,vinacapital,0.046806029341711755,0.015797454275316217,0.03100857506639554,0.06260348361702797,True,False,0.49531708580449174
VINACAPITAL-VESAF,2023-12,2023-11-28,2023-12-25,4,1402437416722.0,1489746866150.0,25023.15,25684.33,83710578972.0,-34569154660.0,49141424312.0,38168025116.0,0.0,24,0.02642273254965888,0.02642273254965888,0.0,0.027204382111280845,-0.0007816495616219665,-0.0007816495616219665,5.3,"Agribank published board rate, 12 months VND retail term deposit, read from Wayback Machine snapshot 20231204024251 of https://www.agribank.com.vn/vn/lai-suat",equity,VinaCapital Strategic Growth Equity Fund,vinacapital,0.05968935082155872,0.024649338535761924,0.0350400122857968,0.08433868935732064,True,False,0.41546783039681306
VINACAPITAL-VESAF,2024-01,2023-12-26,2024-01-29,5,1489746866150.0,1538395322467.0,25684.33,26479.45,116965539948.0,-114530006514.0,2435533434.0,46212922883.0,0.0,30,0.030957396980960672,0.030957396980960672,0.0,0.051920977757099696,-0.020963580776139024,-0.020963580776139024,5.14,"VNDIRECT Research, average 12-month term deposit rate across commercial banks: ""As of January 31, 2024, the average 12-month term deposit interest rate of commercial banks has decreased to 5.14%/year"" (https://www.vndirect.com.vn/cmsupload/beta/Market-Strategy_Feb_20240206.pdf)",equity,VinaCapital Strategic Growth Equity Fund,vinacapital,0.0785137009553024,0.07687883701342062,0.0016348639418817682,0.15539253796872302,True,False,0.010520865179580433
VINACAPITAL-VESAF,2024-02,2024-01-30,2024-02-26,4,1538395322467.0,1638308370224.0,26479.45,27601.4,96098505356.0,-61719171869.0,34379333487.0,65533714270.0,0.0,24,0.04237059304479507,0.04237059304479507,0.0,0.04123535966113523,0.0011352333836598394,0.0011352333836598394,4.78,"Shinhan Securities Vietnam, Vietnam Economic Update (25 Mar 2024), indicator table row ""Avg. Deposit rate 12M term of SCBs"", column 02/24 = 4.78% (https://shinhansec.com.vn/uploads/report/Vietnam_economic_update_2402_E.pdf)",equity,VinaCapital Strategic Growth Equity Fund,vinacapital,0.06246671707366778,0.0401191884606266,0.022347528613041182,0.10258590553429438,True,False,0.217842095331219
VINACAPITAL-VESAF,2024-03,2024-02-27,2024-03-25,4,1638308370224.0,1837376543240.0,27601.4,28873.55,219442398952.0,-97175164411.0,122267234541.0,76800938475.0,0.0,24,0.046090053403087916,0.046090053403087916,0.0,0.03568948757117041,0.010400565831917508,0.010400565831917508,4.7,"Shinhan Securities Vietnam, Vietnam Economic Update (25 Mar 2024): ""Deposit interest rates 12M term at State-owned commercial banks (SCBs) continue to decrease, reaching 4.7% on March 22, 2024"" (https://shinhansec.com.vn/uploads/report/Vietnam_economic_update_2402_E.pdf)",equity,VinaCapital Strategic Growth Equity Fund,vinacapital,0.13394450210981734,0.05931433067006402,0.07463017143975334,0.19325883277988137,True,False,0.38616693667376056
VINACAPITAL-VESAF,2024-04,2024-03-26,2024-04-22,4,1837376543240.0,1813323784589.0,28873.55,27479.95,140668039836.0,-73551964281.0,67116075555.0,-91168834206.0,0.0,24,-0.04826562719166849,-0.04826562719166849,0.0,-0.06123704509961658,0.01297141790794809,0.01297141790794809,4.61,"VNDIRECT Research, average 12-month term deposit rate across commercial banks: ""As of April 27, 2024, the average 12-month term deposit interest rate of commercial banks plateaued at around 4.61%"" (https://www.vndirect.com.vn/cmsupload/beta/Econ_Update_20240520.pdf)",equity,VinaCapital Strategic Growth Equity Fund,vinacapital,0.0765591790934417,0.040030969455667295,0.03652820963777441,0.116590148549109,True,False,0.3133044265947422
VINACAPITAL-VESAF,2024-05,2024-04-23,2024-05-27,5,1813323784589.0,2105084090885.0,27479.95,30139.31,237563143463.0,-123648187146.0,113914956317.0,177845349979.0,0.0,30,0.09677455745006802,0.09677455745006802,0.0,0.06508040530322123,0.03169415214684679,0.03169415214684679,4.7,"Agribank published board rate, 12 months VND retail term deposit, read from Wayback Machine snapshot 20240526204434 of https://www.agribank.com.vn/vn/lai-suat",equity,VinaCapital Strategic Growth Equity Fund,vinacapital,0.1310097763466137,0.06818869757119828,0.06282107877541543,0.19919847391781195,True,False,0.31536927738379666
VINACAPITAL-VESAF,2024-06,2024-05-28,2024-06-24,4,2105084090885.0,2152020579024.0,30139.31,30735.11,118449223500.0,-113046729550.0,5402493950.0,41533994189.0,0.0,24,0.019768203054416178,0.019768203054416178,0.0,-0.01069670579326032,0.030464908847676497,0.030464908847676497,4.7,"Agribank published board rate, 12 months VND retail term deposit, read from Wayback Machine snapshot 20240626111100 of https://www.agribank.com.vn/vn/lai-suat",equity,VinaCapital Strategic Growth Equity Fund,vinacapital,0.05626816715440696,0.05370176423806136,0.0025664029163456046,0.10996993139246833,True,False,0.02333731488097822
VINACAPITAL-VESAF,2024-07,2024-06-25,2024-07-29,5,2152020579024.0,2303686629508.0,30735.11,30592.5,217079124739.0,-54082347950.0,162996776789.0,-11330726305.0,0.0,30,-0.004639970379152758,-0.004639970379152758,0.0,-0.005996236404809729,0.0013562660256569714,0.0013562660256569714,4.7,"bridged between observations at 2024-06 and 2024-09, which agree at 4.7%",equity,VinaCapital Strategic Growth Equity Fund,vinacapital,0.10087223461285454,0.025130962258050442,0.0757412723548041,0.12600319687090497,True,False,0.6011059579099718
VINACAPITAL-VESAF,2024-08,2024-07-30,2024-08-26,4,2303686629508.0,2381601479095.0,30592.5,30908.98,132609656300.0,-81686893761.0,50922762539.0,26992087048.0,0.0,24,0.010345019204053063,0.010345019204053063,0.0,0.026808920263115654,-0.01646390105906259,-0.01646390105906259,4.7,"bridged between observations at 2024-06 and 2024-09, which agree at 4.7%",equity,VinaCapital Strategic Growth Equity Fund,vinacapital,0.05756410381577009,0.0354592038320967,0.02210489998367339,0.09302330764786679,True,False,0.23762754241496056
VINACAPITAL-VESAF,2024-09,2024-08-27,2024-09-30,5,2381601479095.0,2452540393291.0,30908.98,31127.08,121914911910.0,-68705871960.0,53209039950.0,17729874246.0,0.0,30,0.007056201789900518,0.007056201789900518,0.0,0.006187403321823215,0.0008687984680773031,0.0008687984680773031,4.7,"Agribank published board rate, 12 months VND retail term deposit, read from Wayback Machine snapshot 20240906234432 of https://www.agribank.com.vn/vn/lai-suat",equity,VinaCapital Strategic Growth Equity Fund,vinacapital,0.05119030743813916,0.028848601482271495,0.022341705955867663,0.08003890892041066,True,False,0.27913556365547015
VINACAPITAL-VESAF,2024-10,2024-10-01,2024-10-28,4,2452540393291.0,2437280498579.0,31127.08,30404.65,128578715694.0,-86456678585.0,42122037109.0,-57381931821.0,0.0,24,-0.0232090514111829,-0.0232090514111829,0.0,-0.0257543053247824,0.002545253913599499,0.002545253913599499,4.7,"Agribank published board rate, 12 months VND retail term deposit, read from Wayback Machine snapshot 20241008043404 of https://www.agribank.com.vn/vn/lai-suat",equity,VinaCapital Strategic Growth Equity Fund,vinacapital,0.0524267474027058,0.03525188772486884,0.01717485967783696,0.08767863512757464,True,False,0.19588420432009582
VINACAPITAL-VESAF,2024-11,2024-10-29,2024-11-25,4,2437280498579.0,2484220492595.0,30404.65,30000.17,123920236145.0,-43625621039.0,80294615106.0,-33354621090.0,0.0,24,-0.013303228289094027,-0.013303228289094027,0.0,-0.01599496322035099,0.0026917349312569616,0.0026917349312569616,4.7,"Agribank published board rate, 12 months VND retail term deposit, read from Wayback Machine snapshot 20241128101714 of https://www.agribank.com.vn/vn/lai-suat",equity,VinaCapital Strategic Growth Equity Fund,vinacapital,0.05084364980446396,0.017899302548243793,0.03294434725622017,0.06874295235270776,True,False,0.47923963299086475
VINACAPITAL-VESAF,2024-12,2024-11-26,2024-12-30,5,2484220492595.0,2612312426555.0,30000.17,31515.64,96106236862.0,-93939405601.0,2166831261.0,125925102699.0,0.0,30,0.0505153804128442,0.0505153804128442,0.0,0.030225965821657264,0.02028941459118694,0.02028941459118694,4.7,"Agribank published board rate, 12 months VND retail term deposit, read from Wayback Machine snapshot 20241217044809 of https://www.agribank.com.vn/vn/lai-suat",equity,VinaCapital Strategic Growth Equity Fund,vinacapital,0.038686677429992565,0.037814439531843456,0.0008722378981491062,0.07650111696183602,True,False,0.011401636117080982
VINACAPITAL-VESAF,2025-01,2024-12-31,2025-01-31,4,2612312426555.0,2672403913902.0,31515.64,31366.25,136134271441.0,-64214606031.0,71919665410.0,-11828178063.0,0.0,28,-0.004740186142499492,-0.004740186142499492,0.0,-0.00547947359318246,0.0007392874506829683,0.0007392874506829683,4.7,"bridged between observations at 2024-12 and 2025-02, which agree at 4.7%",equity,VinaCapital Strategic Growth Equity Fund,vinacapital,0.05211255363529689,0.02458151841955724,0.027531035215739647,0.07669407205485412,True,False,0.35897214058537075
VINACAPITAL-VESAF,2025-02,2025-02-01,2025-02-24,4,2672403913902.0,2652028676543.0,31366.25,31574.72,58161127481.0,-95805122409.0,-37643994928.0,17268757569.0,0.0,20,0.00664631570557539,0.00664631570557539,0.0,0.031231967115924464,-0.024585651410349074,-0.024585651410349074,4.7,"Agribank published board rate, 12 months VND retail term deposit, read from Wayback Machine snapshot 20250207105719 of https://www.agribank.com.vn/vn/lai-suat",equity,VinaCapital Strategic Growth Equity Fund,vinacapital,0.021763599124534447,0.03584979123500613,-0.014086192110471683,0.05761339035954058,True,False,-0.24449510821296525
VINACAPITAL-VESAF,2025-03,2025-02-25,2025-03-31,5,2652028676543.0,2509404399938.0,31574.72,30343.81,120493009853.0,-161225105057.0,-40732095204.0,-101892181401.0,0.0,30,-0.03898403532952943,-0.03898403532952943,0.0,0.0017630465444284926,-0.040747081873957924,-0.040747081873957924,4.7,"Agribank published board rate, 12 months VND retail term deposit, read from Wayback Machine snapshot 20250323005822 of https://www.agribank.com.vn/vn/lai-suat",equity,VinaCapital Strategic Growth Equity Fund,vinacapital,0.045434278640631556,0.060793122820663396,-0.01535884418003184,0.10622740146129496,True,False,-0.14458457957881982
VINACAPITAL-VESAF,2025-04,2025-04-01,2025-04-28,4,2509404399938.0,2350728370943.0,30343.81,27826.72,158647192169.0,-111860084819.0,46787107350.0,-205463136345.0,0.0,24,-0.08295233854944373,-0.08295233854944373,0.0,-0.06126134398481842,-0.02169099456462531,-0.02169099456462531,4.7,"Agribank published board rate, 12 months VND retail term deposit, read from Wayback Machine snapshot 20250404031732 of https://www.agribank.com.vn/vn/lai-suat",equity,VinaCapital Strategic Growth Equity Fund,vinacapital,0.06322105443543484,0.044576348404332014,0.018644706031102826,0.10779740283976685,True,False,0.17296062372501544
VINACAPITAL-VESAF,2025-05,2025-04-29,2025-05-26,4,2350728370943.0,2518892043049.0,27826.72,29629.73,53135167821.0,-37933462141.0,15201705680.0,152961966426.0,0.0,24,0.06479419780700013,0.06479419780700013,0.0,0.08616726442777978,-0.021373066620779646,-0.021373066620779646,4.7,"Agribank published board rate, 12 months VND retail term deposit, read from Wayback Machine snapshot 20250531072021 of https://www.agribank.com.vn/vn/lai-suat",equity,VinaCapital Strategic Growth Equity Fund,vinacapital,0.022603703804231837,0.016136897231466562,0.006466806572765275,0.0387406010356984,True,False,0.16692581942149762
VINACAPITAL-VESAF,2025-06,2025-05-27,2025-06-30,5,2518892043049.0,2429068535147.0,29629.73,31168.45,59588411747.0,-273259661993.0,-213671250246.0,123847742344.0,0.0,30,0.05193162408162344,0.05193162408162344,0.0,0.03269018618997244,0.019241437891651003,0.019241437891651003,4.7,"Agribank published board rate, 12 months VND retail term deposit, read from Wayback Machine snapshot 20250613002901 of https://www.agribank.com.vn/vn/lai-suat",equity,VinaCapital Strategic Growth Equity Fund,vinacapital,0.023656596125839136,0.10848407050515435,-0.08482747437931522,0.1321406666309935,True,False,-0.6419482854297861
VINACAPITAL-VESAF,2025-07,2025-07-01,2025-07-28,4,2429068535147.0,2494882367634.0,31168.45,33698.64,79876610008.0,-205810905893.0,-125934295885.0,191748128372.0,0.0,24,0.08117792190500328,0.08117792190500328,0.0,0.13178835379014164,-0.05061043188513836,-0.05061043188513836,4.7,"Agribank published board rate, 12 months VND retail term deposit, read from Wayback Machine snapshot 20250722154555 of https://www.agribank.com.vn/vn/lai-suat",equity,VinaCapital Strategic Growth Equity Fund,vinacapital,0.032883637843987845,0.08472832401188093,-0.05184468616789309,0.11761196185586878,True,False,-0.44081133712766196
VINACAPITAL-VESAF,2025-08,2025-07-29,2025-08-25,4,2494882367634.0,2440871258597.0,33698.64,35272.33,122850476677.0,-293986924335.0,-171136447658.0,117125338621.0,0.0,24,0.046698917226333236,0.046698917226333236,0.0,0.036348576491890716,0.01035034073444252,0.01035034073444252,4.7,"bridged between observations at 2025-07 and 2025-10, which agree at 4.7%",equity,VinaCapital Strategic Growth Equity Fund,vinacapital,0.049240989583610784,0.11783598623681803,-0.06859499665320724,0.1670769758204288,True,False,-0.41055924262677496
VINACAPITAL-VESAF,2025-09,2025-08-26,2025-09-29,5,2440871258597.0,2508970054840.0,35272.33,35386.08,193766505269.0,-131816579790.0,61949925479.0,6148870764.0,0.0,30,0.003224907455787518,0.003224907455787518,0.0,0.03249629808615673,-0.02927139063036921,-0.02927139063036921,4.7,"bridged between observations at 2025-07 and 2025-10, which agree at 4.7%",equity,VinaCapital Strategic Growth Equity Fund,vinacapital,0.07938415620509866,0.05400390509156451,0.025380251113534147,0.13338806129666317,True,False,0.190273783626609
VINACAPITAL-VESAF,2025-10,2025-09-30,2025-10-27,4,2508970054840.0,2399324875340.0,35386.08,33834.93,113014205876.0,-114089020419.0,-1074814543.0,-108570364957.0,0.0,24,-0.04383503343687711,-0.04383503343687711,0.0,-0.008364936872929718,-0.035470096563947395,-0.035470096563947395,4.7,"Press report, ""Bank interest rates started to rise from the end of October. The average for a 12-month term was 5.34% at private banks and 4.7% at state-owned banks"" (https://vcdn.vietnam.vn/en/lai-suat-ngan-hang-dong-loat-tang-gui-100-trieu-dong-nhan-duoc-bao-nhieu-tien-lai)",equity,VinaCapital Strategic Growth Equity Fund,vinacapital,0.04504406326332462,0.045472452012296175,-0.00042838874897155446,0.0905165152756208,True,False,-0.004732713667413291
VINACAPITAL-VESAF,2025-11,2025-10-28,2025-11-24,4,2399324875340.0,2426327277118.0,33834.93,33744.64,79407262449.0,-45890426976.0,33516835473.0,-6514433695.0,0.0,24,-0.002668544016494301,-0.002668544016494301,0.0,0.009343192903046305,-0.012011736919540605,-0.012011736919540605,,"no observation: bracketing observations 2025-10 at 4.7% and 2026-03 at 5.9% disagree, so the rate moved somewhere in this gap; left missing rather than picking a side",equity,VinaCapital Strategic Growth Equity Fund,vinacapital,0.03309566922976509,0.019126391531074767,0.013969277698690323,0.05222206076083986,True,False,0.26749763404904864
VINACAPITAL-VESAF,2025-12,2025-11-25,2025-12-29,5,2426327277118.0,2395948349918.0,33744.64,33382.93,70615158017.0,-74760515438.0,-4145357421.0,-26233569779.0,0.0,30,-0.0107190356749991,-0.0107190356749991,0.0,0.052074964927636636,-0.06279400060263574,-0.06279400060263574,,"no observation: bracketing observations 2025-10 at 4.7% and 2026-03 at 5.9% disagree, so the rate moved somewhere in this gap; left missing rather than picking a side",equity,VinaCapital Strategic Growth Equity Fund,vinacapital,0.029103723427153214,0.030812214058278567,-0.0017084906311253566,0.05991593748543178,True,False,-0.028514794273906945
VINACAPITAL-VESAF,2026-01,2025-12-30,2026-01-26,4,2395948349918.0,2460090004178.0,33382.93,35370.87,50070405380.0,-128614282484.0,-78543877104.0,142685531364.0,0.0,24,0.05954959615587985,0.05954959615587985,0.0,0.0506484921702266,0.008901103985653247,0.008901103985653247,,"no observation: bracketing observations 2025-10 at 4.7% and 2026-03 at 5.9% disagree, so the rate moved somewhere in this gap; left missing rather than picking a side",equity,VinaCapital Strategic Growth Equity Fund,vinacapital,0.02089794856458973,0.05367990611667474,-0.03278195755208501,0.07457785468126447,True,False,-0.4395669155701864
VINACAPITAL-VESAF,2026-02,2026-01-27,2026-02-23,3,2460090004178.0,2574735164012.0,35370.87,37377.75,51697169693.0,-105593200992.0,-53896031299.0,98967421977.0,0.0,12,0.04014044702505881,0.04014044702505881,69573769156.0,-0.04821773371227733,0.08835818073733614,0.08835818073733614,,"no observation: bracketing observations 2025-10 at 4.7% and 2026-03 at 5.9% disagree, so the rate moved somewhere in this gap; left missing rather than picking a side",equity,VinaCapital Strategic Growth Equity Fund,vinacapital,0.021014340778265056,0.042922495035819755,-0.021908154257554695,0.06393683581408481,True,False,-0.34265308845215786
VINACAPITAL-VESAF,2026-03,2026-02-24,2026-03-30,5,2574735164012.0,2523033524342.0,37377.75,35556.5,229567897930.0,-156357834520.0,73210063410.0,-124911703080.0,0.0,30,-0.048725511835249646,-0.048725511835249646,0.0,-0.10622856344146159,0.05750305160621194,0.05750305160621194,5.9,"mean of big-four published 12-month VND board rates (Agribank 5.9, BIDV 5.9, Vietcombank 5.9, VietinBank 5.9), read from Wayback Machine snapshot 20260331012516 of https://cafefnew.mediacdn.vn/Images/Uploaded/DuLieuDownload/Liveboard/all_banks_interest_rates.json",equity,VinaCapital Strategic Growth Equity Fund,vinacapital,0.08916175191093559,0.06072773491637887,0.028434016994556725,0.14988948682731446,True,False,0.18969987553106477
VINACAPITAL-VESAF,2026-04,2026-03-31,2026-04-27,4,2523033524342.0,2530971793145.0,35556.5,34830.65,96507667896.0,-36598284371.0,59909383525.0,-51971114722.0,0.0,24,-0.020413989003417177,-0.020413989003417177,0.0,0.11473408158600673,-0.1351480705894239,-0.1351480705894239,5.9,"bridged between observations at 2026-03 and 2026-08, which agree at 5.9%",equity,VinaCapital Strategic Growth Equity Fund,vinacapital,0.03825064826325244,0.014505667093957751,0.023744981169294688,0.05275631535721019,True,False,0.4500879375012961
VINACAPITAL-VESAF,2026-05,2026-04-28,2026-05-25,4,2530971793145.0,2457235831641.0,34830.65,34037.06,61716687199.0,-77885716834.0,-16169029635.0,-57566931869.0,0.0,24,-0.022784243188111564,-0.022784243188111564,0.0,0.017665880677066426,-0.04045012386517799,-0.04045012386517799,5.9,"bridged between observations at 2026-03 and 2026-08, which agree at 5.9%",equity,VinaCapital Strategic Growth Equity Fund,vinacapital,0.024384581197687112,0.030773048141014153,-0.006388466943327042,0.05515762933870126,True,False,-0.11582199996482778
VINACAPITAL-VESAF,2026-06,2026-05-26,2026-06-29,5,2457235831641.0,2436882154639.0,34037.06,33366.18,72159722800.0,-43744615767.0,28415107033.0,-48768784035.0,0.0,30,-0.019710280500137012,-0.019710280500137012,0.0,-0.01646845490262605,-0.003241825597510961,-0.003241825597510961,5.9,"bridged between observations at 2026-03 and 2026-08, which agree at 5.9%",equity,VinaCapital Strategic Growth Equity Fund,vinacapital,0.029366217874093933,0.017802367686371525,0.011563850187722406,0.04716858556046546,True,False,0.24515999473629954
VINACAPITAL-VESAF,2026-07,2026-06-30,2026-07-27,4,2436882154639.0,2098876424785.0,33366.18,28941.03,65121452042.0,-81633129574.0,-16511677532.0,-321494052322.0,0.0,24,-0.1326238124951673,-0.1326238124951673,0.0,-0.10024959972398484,-0.032374212771182465,-0.032374212771182465,5.9,"bridged between observations at 2026-03 and 2026-08, which agree at 5.9%",equity,VinaCapital Strategic Growth Equity Fund,vinacapital,0.02672326682602635,0.03349900585820209,-0.006775739032175744,0.060222272684228445,True,False,-0.11251217747466771
VINACAPITAL-VESAF,2026-08,2026-07-28,2026-08-10,2,2098876424785.0,2351160017717.0,28941.03,32156.23,27907434795.0,-9882357554.0,18025077241.0,234258515691.0,0.0,12,0.11109487119152295,0.11109487119152295,0.0,0.06456522129885367,0.04652964989266928,0.04652964989266928,5.9,"mean of big-four published 12-month VND board rates (Agribank 5.9, BIDV 5.9, Vietcombank 5.9, VietinBank 5.9), read live from https://cafefnew.mediacdn.vn/Images/Uploaded/DuLieuDownload/Liveboard/all_banks_interest_rates.json on 2026-08-15",equity,VinaCapital Strategic Growth Equity Fund,vinacapital,0.013296368697770627,0.004708403714150206,0.008587964983620421,0.018004772411920833,True,False,0.4769827014272277
VINACAPITAL-VFF,2021-01,2020-12-29,2021-01-25,4,1147372149135.0,1285569860794.0,17751.77,17842.03,141834035687.0,-9900709990.0,131933325697.0,6264385962.0,0.0,24,0.005084563398466635,0.005084563398466635,0.0,0.06053715813695426,-0.055452594738487626,-0.055452594738487626,,,bond,VinaCapital Enhanced Fixed Income Fund,vinacapital,0.12361641843400871,0.008629031127750583,0.11498738730625813,0.1322454495617593,True,False,0.8694997649243004
VINACAPITAL-VFF,2021-02,2021-01-26,2021-02-22,4,1285569860794.0,1346558636988.0,17842.03,17910.8,69668066271.0,-13810396939.0,55857669332.0,5131106862.0,0.0,24,0.003854382040608506,0.003854382040608506,0.0,0.007709789460143002,-0.0038554074195344956,-0.0038554074195344956,,,bond,VinaCapital Enhanced Fixed Income Fund,vinacapital,0.054192361221016234,0.010742626565988685,0.04344973465502754,0.06493498778700492,True,False,0.6691267086635674
VINACAPITAL-VFF,2021-03,2021-02-23,2021-03-29,5,1346558636988.0,1431616159142.0,17910.8,18004.53,91316555399.0,-13633239060.0,77683316339.0,7374205815.0,0.0,30,0.005233155414610113,0.005233155414610113,0.0,0.0005446623093681158,0.004688493105241998,0.004688493105241998,,,bond,VinaCapital Enhanced Fixed Income Fund,vinacapital,0.06781476342037215,0.010124504559634335,0.057690258860737816,0.07793926798000649,True,False,0.7401950307710988
VINACAPITAL-VFF,2021-04,2021-03-30,2021-04-29,5,1431616159142.0,1421994924023.0,18004.53,18107.94,52713847725.0,-70519754789.0,-17805907064.0,8184671945.0,0.0,26,0.005743554538774287,0.005743554538774287,0.0,0.05418991562329878,-0.04844636108452449,-0.04844636108452449,,,bond,VinaCapital Enhanced Fixed Income Fund,vinacapital,0.03682121593024809,0.04925884241992916,-0.012437626489681063,0.08608005835017725,True,False,-0.1444890573735938
VINACAPITAL-VFF,2021-05,2021-04-30,2021-05-31,4,1421994924023.0,1424127618188.0,18107.94,18225.63,33389982762.0,-40516575041.0,-7126592279.0,9259286444.0,0.0,28,0.006499358844794134,0.006499358844794134,0.0,0.07153519069864989,-0.06503583185385575,-0.06503583185385575,,,bond,VinaCapital Enhanced Fixed Income Fund,vinacapital,0.023481084354039464,0.028492770513113778,-0.005011686159074314,0.05197385486715324,True,False,-0.0964270626430219
VINACAPITAL-VFF,2021-06,2021-06-01,2021-06-28,3,1424127618188.0,1407496465842.0,18225.63,18315.16,25570280611.0,-40372839867.0,-14802559256.0,3560659699.0,0.0,18,0.0024912235259579862,0.0024912235259579862,-5389252789.0,0.04455274118697394,-0.04206151766101596,-0.04206151766101596,,,bond,VinaCapital Enhanced Fixed Income Fund,vinacapital,0.017955048609712764,0.028349172750661702,-0.010394124140948936,0.046304221360374466,True,False,-0.2244746555622651
VINACAPITAL-VFF,2021-07,2021-06-29,2021-07-26,4,1407496465842.0,1378650289488.0,18315.16,18432.47,5161726066.0,-42898670233.0,-37736944167.0,8890767813.0,0.0,24,0.00640507645032895,0.00640507645032895,0.0,-0.09467851274354289,0.10108358919387184,0.10108358919387184,,,bond,VinaCapital Enhanced Fixed Income Fund,vinacapital,0.0036673101434127756,0.030478705470380653,-0.026811395326967875,0.03414601561379343,True,False,-0.7851983560898186
VINACAPITAL-VFF,2021-08,2021-07-27,2021-08-23,4,1378650289488.0,1343235978686.0,18432.47,18563.64,13694041376.0,-58735588635.0,-45041547259.0,9627236457.0,0.0,24,0.007116246493280798,0.007116246493280798,0.0,0.02054670741960063,-0.013430460926319832,-0.013430460926319832,,,bond,VinaCapital Enhanced Fixed Income Fund,vinacapital,0.009932933304707505,0.04260368933503295,-0.032670756030325446,0.05253662263974046,True,False,-0.6218663170329528
VINACAPITAL-VFF,2021-09,2021-08-31,2021-09-27,4,1314916153406.0,1238273331624.0,18591.21,18697.08,12704247043.0,-96506090519.0,-83801843476.0,7159021694.0,0.0,24,0.005694626654209278,0.005694626654209278,0.0,-0.004866801354893369,0.010561428009102647,0.010561428009102647,,,bond,VinaCapital Enhanced Fixed Income Fund,vinacapital,0.009661640409612775,0.07339334167355255,-0.06373170126393977,0.08305498208316532,True,False,-0.7673435074626036
VINACAPITAL-VFF,2021-10,2021-09-28,2021-10-25,4,1238273331624.0,1149914390779.0,18697.08,18799.15,19206784934.0,-113990923607.0,-94784138673.0,6425197828.0,0.0,24,0.005459141213494112,0.005459141213494112,0.0,0.04559279692676932,-0.04013365571327521,-0.04013365571327521,,,bond,VinaCapital Enhanced Fixed Income Fund,vinacapital,0.015510941278861453,0.09205635031927925,-0.0765454090404178,0.10756729159814071,True,False,-0.7116048745224788
VINACAPITAL-VFF,2021-11,2021-10-26,2021-11-22,4,1149914390779.0,994150852650.0,18799.15,18913.4,27816504718.0,-189968360450.0,-162151855732.0,6388317603.0,0.0,24,0.006077402435748391,0.006077402435748391,0.0,0.04464414609499068,-0.038566743659242286,-0.038566743659242286,,,bond,VinaCapital Enhanced Fixed Income Fund,vinacapital,0.024190065748421443,0.16520217676492205,-0.1410121110165006,0.1893922425133435,True,False,-0.7445506169903748
VINACAPITAL-VFF,2021-12,2021-12-07,2021-12-27,2,901239831153.0,806335524964.0,18963.62,19095.07,46225310570.0,-89646392417.0,-43421081847.0,3792974331.0,0.0,12,0.00445767666181518,0.00445767666181518,-55276198673.0,0.027345501573333486,-0.022887824911518306,-0.022887824911518306,,,bond,VinaCapital Enhanced Fixed Income Fund,vinacapital,0.05129079848907888,0.09947007368983127,-0.04817927520075239,0.15076087217891015,True,False,-0.3195741342195031
VINACAPITAL-VFF,2022-01,2021-12-28,2022-01-31,5,806335524964.0,709859053890.0,19095.07,19262.78,35053760668.0,-138119277156.0,-103065516488.0,6589045414.0,0.0,30,0.008782895270873281,0.008782895270873281,0.0,-0.006662726344634939,0.01544562161550822,0.01544562161550822,,,bond,VinaCapital Enhanced Fixed Income Fund,vinacapital,0.04347292111378204,0.17129256107396054,-0.1278196399601785,0.21476548218774258,True,False,-0.5951591413020543
VINACAPITAL-VFF,2022-02,2022-02-01,2022-02-28,4,709859053890.0,665584174687.0,19262.78,19375.66,33144992042.0,-81448851960.0,-48303859918.0,4028980715.0,0.0,24,0.005860005668963497,0.005860005668963497,0.0,0.007552604532915286,-0.0016925988639517886,-0.0016925988639517886,,,bond,VinaCapital Enhanced Fixed Income Fund,vinacapital,0.04669235654650981,0.11473947048172937,-0.06804711393521957,0.1614318270282392,True,False,-0.42152229326696605
VINACAPITAL-VFF,2022-03,2022-03-01,2022-03-28,4,665584174687.0,627629762763.0,19375.66,19501.74,50962981800.0,-93160616418.0,-42197634618.0,4243222694.0,0.0,24,0.006507133176366864,0.006507133176366864,0.0,-0.004664022602055118,0.011171155778421982,0.011171155778421982,,,bond,VinaCapital Enhanced Fixed Income Fund,vinacapital,0.0765688003684373,0.13996819630185775,-0.06339939593342046,0.21653699667029505,True,False,-0.29278782336652637
VINACAPITAL-VFF,2022-04,2022-03-29,2022-04-25,4,627629762763.0,641314767560.0,19501.74,19598.01,68825736565.0,-58280610673.0,10545125892.0,3139878905.0,0.0,24,0.0049364825907838306,0.0049364825907838306,0.0,-0.11614234280397517,0.121078825394759,0.121078825394759,,,bond,VinaCapital Enhanced Fixed Income Fund,vinacapital,0.10965977180879703,0.09285826474581546,0.016801507062981582,0.20251803655461248,True,False,0.08296301578279802
VINACAPITAL-VFF,2022-05,2022-04-26,2022-05-30,5,641314767560.0,663374459234.0,19598.01,19792.8,75729579030.0,-60132777848.0,15596801182.0,6462890492.0,0.0,30,0.009939274446742363,0.009939274446742363,0.0,-0.01296799194458853,0.022907266391330894,0.022907266391330894,,,bond,VinaCapital Enhanced Fixed Income Fund,vinacapital,0.11808488258913344,0.0937648419929362,0.024320040596197245,0.21184972458206963,True,False,0.11479854715022662
VINACAPITAL-VFF,2022-06,2022-06-07,2022-06-27,3,671024755638.0,788221665377.0,19823.7,19883.59,139711884323.0,-24741058324.0,114970825999.0,2226083740.0,0.0,18,0.0030211312721641903,0.0030211312721641903,0.0,-0.06855616215588334,0.07157729342804753,0.07157729342804753,,,bond,VinaCapital Enhanced Fixed Income Fund,vinacapital,0.20820675116548285,0.03687055971649896,0.17133619144898388,0.2450773108819818,True,False,0.6991107860306648
VINACAPITAL-VFF,2022-07,2022-06-28,2022-07-25,3,788221665377.0,903905442903.0,19883.59,19986.65,88797242753.0,-9398408914.0,79398833839.0,3277674807.0,0.0,18,0.0038152233052053397,0.0038152233052053397,33007268880.0,0.005513006284705968,-0.0016977829795006283,-0.0016977829795006283,5.5,"Press report, article dated 02/08/2022 reporting the increase: ""for a 12-month term, the interest rate increases from 5.5%/year to 5.6%/year"". 5.5% is the pre-increase level, so it is the July level; the month is inferred from the increase date, the level is stated (https://en.baoquocte.vn/the-trend-of-race-to-increase-interest-rates-continues-to-be-hot-192920.html)",bond,VinaCapital Enhanced Fixed Income Fund,vinacapital,0.1126551662475923,0.011923560753058999,0.1007316054945333,0.1245787270006513,True,False,0.8085779002542438
VINACAPITAL-VFF,2022-08,2022-07-26,2022-08-29,5,903905442903.0,1079162590742.0,19986.65,20127.82,197759985577.0,-29593281120.0,168166704457.0,7090443382.0,0.0,30,0.007063214695809172,0.007063214695809172,0.0,0.06924694993689529,-0.06218373524108611,-0.06218373524108611,5.6,"Press report, article dated 02/08/2022: ""for a 12-month term, the interest rate increases from 5.5%/year to 5.6%/year"". Sits just above the SBV's 5.5-6.6% band for 12-to-24-month terms that month (https://en.baoquocte.vn/the-trend-of-race-to-increase-interest-rates-continues-to-be-hot-192920.html)",bond,VinaCapital Enhanced Fixed Income Fund,vinacapital,0.21878393047603548,0.032739354931814166,0.1860445755442213,0.25152328540784963,True,False,0.7396713796996831
VINACAPITAL-VFF,2022-09,2022-08-30,2022-09-26,4,1079162590742.0,1163084787681.0,20127.82,20247.9,118919626816.0,-41721198020.0,77198428796.0,6723768143.0,0.0,24,0.005965872111336701,0.005965872111336701,0.0,-0.07589707271010393,0.08186294482144063,0.08186294482144063,5.6,"Agribank published board rate, 12 months VND retail term deposit, read from Wayback Machine snapshot 20220926055710 of https://www.agribank.com.vn/vn/lai-suat",bond,VinaCapital Enhanced Fixed Income Fund,vinacapital,0.11019620939068543,0.038660715612198665,0.07153549377848677,0.1488569250028841,True,False,0.48056544078887004
VINACAPITAL-VFF,2022-10,2022-09-27,2022-10-31,5,1163084787681.0,1158305650502.0,20247.9,20399.54,76674803697.0,-90296526965.0,-13621723268.0,8842586089.0,0.0,30,0.00748917171657304,0.00748917171657304,0.0,-0.12467322348533216,0.1321623952019052,0.1321623952019052,6.4,"Agribank published board rate, 12 months VND retail term deposit, read from Wayback Machine snapshot 20221020012153 of https://www.agribank.com.vn/vn/lai-suat",bond,VinaCapital Enhanced Fixed Income Fund,vinacapital,0.06592365793888248,0.07763537785154635,-0.011711719912663872,0.14355903579042883,True,False,-0.08158121046285753
VINACAPITAL-VFF,2022-11,2022-11-01,2022-11-28,4,1158305650502.0,969485924890.0,20399.54,20551.07,56201299927.0,-252723829145.0,-196522529218.0,7702803606.0,0.0,24,0.007428108673038558,0.007428108673038558,0.0,-0.021645232211996768,0.029073340885035326,0.029073340885035326,7.4,"Agribank published board rate, 12 months VND retail term deposit, read from Wayback Machine snapshot 20221128042309 of https://www.agribank.com.vn/vn/lai-suat",bond,VinaCapital Enhanced Fixed Income Fund,vinacapital,0.04852026742910459,0.21818405965253782,-0.16966379222343322,0.26670432708164243,True,False,-0.6361493796517836
VINACAPITAL-VFF,2022-12,2022-11-29,2022-12-26,4,969485924890.0,855510319461.0,20551.07,20634.84,84724748189.0,-202463318468.0,-117738570279.0,3762964850.0,0.0,24,0.004076186787354441,0.004076186787354441,0.0,-0.020364128111048374,0.024440314898402815,0.024440314898402815,7.4,"Agribank published board rate, 12 months VND retail term deposit, read from Wayback Machine snapshot 20221225030309 of https://www.agribank.com.vn/vn/lai-suat",bond,VinaCapital Enhanced Fixed Income Fund,vinacapital,0.08739141643403751,0.20883574817341669,-0.12144433173937917,0.2962271646074542,True,False,-0.4099702736591065
VINACAPITAL-VFF,2023-01,2023-01-03,2023-01-30,3,848122289970.0,811776069754.0,20651.83,20790.51,,,-37677136291.0,4062408536.0,0.0,18,0.005015595103369019,0.005015595103369019,-2731492461.0,0.023127521020608777,-0.018111925917239757,-0.018111925917239757,7.4,"bridged between observations at 2022-12 and 2023-02, which agree at 7.4%",bond,VinaCapital Enhanced Fixed Income Fund,vinacapital,,,-0.044424178843752264,,False,False,
VINACAPITAL-VFF,2023-02,2023-01-31,2023-02-27,4,811776069754.0,785544877430.0,20790.51,20924.87,10246102004.0,-41629406662.0,-31383304658.0,5152112334.0,0.0,24,0.006462563929408249,0.006462563929408249,0.0,-0.07375495433396506,0.08021751826337331,0.08021751826337331,7.4,"Agribank published board rate, 12 months VND retail term deposit, read from Wayback Machine snapshot 20230227065357 of https://www.agribank.com.vn/vn/lai-suat",bond,VinaCapital Enhanced Fixed Income Fund,vinacapital,0.01262183302238137,0.051281884516028345,-0.03866005149364698,0.06390371753840972,True,False,-0.6049734347678618
VINACAPITAL-VFF,2023-03,2023-02-28,2023-03-20,3,785544877430.0,769855667942.0,20924.87,21028.49,7086476214.0,-26594980653.0,-19508504439.0,3819294951.0,0.0,18,0.00495200209129143,0.00495200209129143,0.0,0.0018115055079561682,0.0031404965833352616,0.0031404965833352616,7.2,"Agribank published board rate, 12 months VND retail term deposit, read from Wayback Machine snapshot 20230327002150 of https://www.agribank.com.vn/vn/lai-suat",bond,VinaCapital Enhanced Fixed Income Fund,vinacapital,0.00902109658863058,0.03385545678817043,-0.024834360199539846,0.042876553376801005,True,False,-0.5792060752013907
VINACAPITAL-VFF,2023-04,2023-03-28,2023-04-24,4,751067203527.0,699354568268.0,21049.44,21183.37,7695520866.0,-63840484568.0,-56144963702.0,4432328443.0,0.0,24,0.006362639576160012,0.006362639576160012,0.0,-0.012264177787895014,0.018626817364055026,0.018626817364055026,7.2,"Agribank published board rate, 12 months VND retail term deposit, read from Wayback Machine snapshot 20230422161036 of https://www.agribank.com.vn/vn/lai-suat",bond,VinaCapital Enhanced Fixed Income Fund,vinacapital,0.010246114901385592,0.08499969678905706,-0.07475358188767146,0.09524581169044265,True,False,-0.7848490191949568
VINACAPITAL-VFF,2023-05,2023-04-25,2023-05-29,5,699354568268.0,661853711534.0,21183.37,21374.44,9183492307.0,-52843694143.0,-43660201836.0,6159345102.0,0.0,30,0.009019811295370106,0.009019811295370106,0.0,0.03228470461703914,-0.023264893321669033,-0.023264893321669033,6.8,"Shinhan Securities Vietnam, Vietnam Economic Update (25 Mar 2024), indicator table row ""Avg. Deposit rate 12M term of SCBs"", column 05/23 = 6.8% (https://shinhansec.com.vn/uploads/report/Vietnam_economic_update_2402_E.pdf)",bond,VinaCapital Enhanced Fixed Income Fund,vinacapital,0.013131382454172787,0.07556066198848328,-0.06242927953431049,0.08869204444265606,True,False,-0.7038881550946118
VINACAPITAL-VFF,2023-06,2023-05-30,2023-06-26,4,661853711534.0,604370362506.0,21374.44,21435.89,10322076187.0,-69606485960.0,-59284409773.0,1801060745.0,0.0,24,0.0028749291209499983,0.0028749291209499983,0.0,0.05307075480474066,-0.05019582568379066,-0.05019582568379066,6.8,"Agribank published board rate, 12 months VND retail term deposit, read from Wayback Machine snapshot 20230606055027 of https://www.agribank.com.vn/vn/lai-suat",bond,VinaCapital Enhanced Fixed Income Fund,vinacapital,0.015595706433489943,0.10516898938085695,-0.089573282947367,0.12076469581434689,True,False,-0.7417174559448165
VINACAPITAL-VFF,2023-07,2023-06-27,2023-07-31,5,604370362506.0,552752525071.0,21435.89,21548.84,16268681862.0,-70867791373.0,-54599109511.0,2981272076.0,0.0,30,0.0052692003924257325,0.0052692003924257325,0.0,0.08027172424759055,-0.07500252385516482,-0.07500252385516482,6.4,"VNDIRECT Research, average 12-month term deposit rate across commercial banks: ""the average 12-month deposit interest rate of commercial banks fell to 6.40% p.a at the end of July 2023"" (https://www.vndirect.com.vn/cmsupload/beta/Vietnam-Money-market-chartbook_August_20230809.pdf)",bond,VinaCapital Enhanced Fixed Income Fund,vinacapital,0.026918397842247747,0.11725887927255275,-0.09034048143030501,0.1441772771148005,True,False,-0.626593061251752
VINACAPITAL-VFF,2023-08,2023-08-01,2023-08-28,4,552752525071.0,535655251426.0,21548.84,21698.28,30433608109.0,-51295530380.0,-20861922271.0,3764648626.0,0.0,24,0.0069349440619541625,0.0069349440619541625,0.0,-0.01731948646659598,0.02425443052855014,0.02425443052855014,5.9,"VNDIRECT Research, average 12-month term deposit rate across commercial banks: ""decreased to 5.4%/year on October 10, down 0.5% points compared to the end of August (corroborated by the 25 Sep report's 0.3pp decline from end-August)"" (https://www.vndirect.com.vn/cmsupload/beta/Econ_Update_20231017.pdf)",bond,VinaCapital Enhanced Fixed Income Fund,vinacapital,0.0550582887072128,0.0928001737729035,-0.0377418850656907,0.1478584624801163,True,False,-0.2552568478842809
VINACAPITAL-VFF,2023-09,2023-08-29,2023-09-25,4,535655251426.0,504851390987.0,21698.28,21830.95,29021997944.0,-62975501671.0,-33953503727.0,3149643288.0,0.0,24,0.006114309521307648,0.006114309521307648,0.0,-0.04037546183803198,0.04648977135933963,0.04648977135933963,5.6,"VNDIRECT Research, average 12-month term deposit rate across commercial banks: ""decreased to 5.6%/year on 25 Sep 2023, down 0.3% points compared to the end of Aug 2023"" (https://www.vndirect.com.vn/Market-Strategy_October_20231005.pdf)",bond,VinaCapital Enhanced Fixed Income Fund,vinacapital,0.054180366694322135,0.1175672253811554,-0.06338685868683326,0.17174759207547752,True,False,-0.3690698537361547
VINACAPITAL-VFF,2023-10,2023-09-26,2023-10-30,5,504851390987.0,520110959805.0,21830.95,22010.29,64354915086.0,-53288308385.0,11066606701.0,4192962117.0,0.0,30,0.008214942547163595,0.008214942547163595,0.0,-0.096080471730836,0.1042954142779996,0.1042954142779996,5.3,"VNDIRECT Research, average 12-month term deposit rate across commercial banks: ""As of October 26, 2023, the average 12-month deposit interest rate of commercial banks has decreased to 5.3%/year"" (https://www.vndirect.com.vn/Market-Strategy_November_20231106.pdf)",bond,VinaCapital Enhanced Fixed Income Fund,vinacapital,0.12747298756607198,0.10555246422282746,0.02192052334324452,0.23302545178889947,True,False,0.09406922366189675
VINACAPITAL-VFF,2023-11,2023-10-31,2023-11-27,4,520110959805.0,571748250043.0,22010.29,22149.83,71023988501.0,-22828206060.0,48195782441.0,3441507797.0,0.0,24,0.00633976199314068,0.00633976199314068,0.0,0.04380276285495022,-0.03746300086180954,-0.03746300086180954,5.18,"Shinhan Securities Vietnam, Vietnam Economic Update (25 Mar 2024), indicator table row ""Avg. Deposit rate 12M term of SCBs"", column 11/23 = 5.18% (https://shinhansec.com.vn/uploads/report/Vietnam_economic_update_2402_E.pdf)",bond,VinaCapital Enhanced Fixed Income Fund,vinacapital,0.1365554544892273,0.04389103061500329,0.092664423874224,0.1804464851042306,True,False,0.513528561227993
VINACAPITAL-VFF,2023-12,2023-11-28,2023-12-25,4,571748250043.0,694818366064.0,22149.83,22275.29,127189621771.0,-7676373651.0,119513248120.0,3556867901.0,0.0,24,0.00566415182419,0.00566415182419,0.0,0.027204382111280845,-0.021540230287090845,-0.021540230287090845,5.3,"Agribank published board rate, 12 months VND retail term deposit, read from Wayback Machine snapshot 20231204024251 of https://www.agribank.com.vn/vn/lai-suat",bond,VinaCapital Enhanced Fixed Income Fund,vinacapital,0.22245738707802662,0.01342614280047674,0.20903124427754988,0.23588352987850336,True,False,0.886162948236427
VINACAPITAL-VFF,2024-01,2023-12-26,2024-01-29,3,694818366064.0,884003487612.0,22275.29,22458.07,153624931070.0,-5495244373.0,148129686697.0,3264515319.0,0.0,18,0.003988585889031837,0.003988585889031837,37790919532.0,0.021904077306795333,-0.017915491417763496,-0.017915491417763496,5.14,"VNDIRECT Research, average 12-month term deposit rate across commercial banks: ""As of January 31, 2024, the average 12-month term deposit interest rate of commercial banks has decreased to 5.14%/year"" (https://www.vndirect.com.vn/cmsupload/beta/Market-Strategy_Feb_20240206.pdf)",bond,VinaCapital Enhanced Fixed Income Fund,vinacapital,0.22110084962240267,0.007908893376163045,0.21319195624623963,0.22900974299856572,True,False,0.9309296340617912
VINACAPITAL-VFF,2024-02,2024-01-30,2024-02-26,4,884003487612.0,1026185029820.0,22458.07,22584.48,150065619287.0,-13280868523.0,136784750764.0,5396791444.0,0.0,24,0.005628711639067641,0.005628711639067641,0.0,0.04123535966113523,-0.03560664802206759,-0.03560664802206759,4.78,"Shinhan Securities Vietnam, Vietnam Economic Update (25 Mar 2024), indicator table row ""Avg. Deposit rate 12M term of SCBs"", column 02/24 = 4.78% (https://shinhansec.com.vn/uploads/report/Vietnam_economic_update_2402_E.pdf)",bond,VinaCapital Enhanced Fixed Income Fund,vinacapital,0.16975681814602256,0.01502354765463226,0.15473327049139032,0.18478036580065482,True,False,0.837390216330235
VINACAPITAL-VFF,2024-03,2024-02-27,2024-03-25,4,1026185029820.0,1217941648449.0,22584.48,22683.17,226981234240.0,-40243727058.0,186737507182.0,5019111447.0,0.0,24,0.004369815023414159,0.004369815023414159,0.0,0.03568948757117041,-0.03131967254775625,-0.03131967254775625,4.7,"Shinhan Securities Vietnam, Vietnam Economic Update (25 Mar 2024): ""Deposit interest rates 12M term at State-owned commercial banks (SCBs) continue to decrease, reaching 4.7% on March 22, 2024"" (https://shinhansec.com.vn/uploads/report/Vietnam_economic_update_2402_E.pdf)",bond,VinaCapital Enhanced Fixed Income Fund,vinacapital,0.22118938363368454,0.03921683311347762,0.18197255052020692,0.2604062167471622,True,False,0.6988026353337434
VINACAPITAL-VFF,2024-04,2024-03-26,2024-04-22,4,1217941648449.0,1344261898985.0,22683.17,22781.31,138046992015.0,-35766874286.0,102280117729.0,24040132807.0,0.0,24,0.004326555767999007,0.004326555767999007,0.0,-0.06123704509961658,0.06556360086761559,0.06556360086761559,4.61,"VNDIRECT Research, average 12-month term deposit rate across commercial banks: ""As of April 27, 2024, the average 12-month term deposit interest rate of commercial banks plateaued at around 4.61%"" (https://www.vndirect.com.vn/cmsupload/beta/Econ_Update_20240520.pdf)",bond,VinaCapital Enhanced Fixed Income Fund,vinacapital,0.11334450397586561,0.029366656712616474,0.08397784726324914,0.14271116068848208,True,False,0.5884462494601994
VINACAPITAL-VFF,2024-05,2024-04-23,2024-05-27,5,1344261898985.0,1482216193925.0,22781.31,22902.49,165188470212.0,-34833184204.0,130355286008.0,7599008932.0,0.0,30,0.00531927268449417,0.00531927268449417,0.0,0.06508040530322123,-0.059761132618727064,-0.059761132618727064,4.7,"Agribank published board rate, 12 months VND retail term deposit, read from Wayback Machine snapshot 20240526204434 of https://www.agribank.com.vn/vn/lai-suat",bond,VinaCapital Enhanced Fixed Income Fund,vinacapital,0.12288414209814874,0.02591249832365344,0.0969716437744953,0.14879664042180218,True,False,0.6517058684900704
VINACAPITAL-VFF,2024-06,2024-05-28,2024-06-24,4,1482216193925.0,1515038005421.0,22902.49,23004.61,86001665455.0,-59918821031.0,26082844424.0,6738967072.0,0.0,24,0.004458903813515214,0.004458903813515214,0.0,-0.01069670579326032,0.015155609606775533,0.015155609606775533,4.7,"Agribank published board rate, 12 months VND retail term deposit, read from Wayback Machine snapshot 20240626111100 of https://www.agribank.com.vn/vn/lai-suat",bond,VinaCapital Enhanced Fixed Income Fund,vinacapital,0.05802234910634884,0.04042515611189705,0.017597192994451786,0.09844750521824588,True,False,0.178746967284148
VINACAPITAL-VFF,2024-07,2024-06-25,2024-07-29,5,1515038005421.0,1562723719257.0,23004.61,23140.5,101989124465.0,-63358575226.0,38630549239.0,9055164597.0,0.0,30,0.005907076885893536,0.005907076885893536,0.0,-0.005996236404809729,0.011903313290703266,0.011903313290703266,4.7,"bridged between observations at 2024-06 and 2024-09, which agree at 4.7%",bond,VinaCapital Enhanced Fixed Income Fund,vinacapital,0.06731786536051891,0.041819792638399106,0.025498072722119805,0.10913765799891802,True,False,0.23363221448615465
VINACAPITAL-VFF,2024-08,2024-07-30,2024-08-26,4,1562723719257.0,1599252797510.0,23140.5,23255.83,62581861761.0,-33912437385.0,28669424376.0,7859653877.0,0.0,24,0.004983902681445995,0.004983902681445995,0.0,0.026808920263115654,-0.02182501758166966,-0.02182501758166966,4.7,"bridged between observations at 2024-06 and 2024-09, which agree at 4.7%",bond,VinaCapital Enhanced Fixed Income Fund,vinacapital,0.04004665763360568,0.021700852791255856,0.018345804842349826,0.06174751042486153,True,False,0.29711003271418074
VINACAPITAL-VFF,2024-09,2024-08-27,2024-09-30,5,1599252797510.0,1635973507104.0,23255.83,23390.1,98598272922.0,-71180075659.0,27418197263.0,9302512331.0,0.0,30,0.005773606016211463,0.005773606016211463,0.0,0.006187403321822993,-0.0004137973056115296,-0.0004137973056115296,4.7,"Agribank published board rate, 12 months VND retail term deposit, read from Wayback Machine snapshot 20240906234432 of https://www.agribank.com.vn/vn/lai-suat",bond,VinaCapital Enhanced Fixed Income Fund,vinacapital,0.06165271248892936,0.04450833274753419,0.017144379741395172,0.10616104523646355,True,False,0.1614940744338727
VINACAPITAL-VFF,2024-10,2024-10-01,2024-10-28,4,1635973507104.0,1640159361938.0,23390.1,23502.62,45455597697.0,-49144943178.0,-3689345481.0,7875200315.0,0.0,24,0.004810582254885398,0.004810582254885398,0.0,-0.0257543053247824,0.0305648875796678,0.0305648875796678,4.7,"Agribank published board rate, 12 months VND retail term deposit, read from Wayback Machine snapshot 20241008043404 of https://www.agribank.com.vn/vn/lai-suat",bond,VinaCapital Enhanced Fixed Income Fund,vinacapital,0.027785045112047987,0.030040182780830215,-0.002255137668782228,0.0578252278928782,True,False,-0.03899920071149382
VINACAPITAL-VFF,2024-11,2024-10-29,2024-11-25,4,1640159361938.0,1605389424482.0,23502.62,23631.85,46870498281.0,-90616707076.0,-43746208795.0,8976271339.0,0.0,24,0.005498535907911606,0.005498535907911606,0.0,-0.01599496322035099,0.021493499128262594,0.021493499128262594,4.7,"Agribank published board rate, 12 months VND retail term deposit, read from Wayback Machine snapshot 20241128101714 of https://www.agribank.com.vn/vn/lai-suat",bond,VinaCapital Enhanced Fixed Income Fund,vinacapital,0.028576795260686235,0.05524872105654903,-0.02667192579586279,0.08382551631723527,True,False,-0.3181838534095472
VINACAPITAL-VFF,2024-12,2024-11-26,2024-12-30,5,1605389424482.0,1624554876508.0,23631.85,23835.19,69705739040.0,-64419535608.0,5286203432.0,13879248594.0,0.0,30,0.00860448928035673,0.00860448928035673,0.0,0.030225965821657264,-0.021621476541300533,-0.021621476541300533,4.7,"Agribank published board rate, 12 months VND retail term deposit, read from Wayback Machine snapshot 20241217044809 of https://www.agribank.com.vn/vn/lai-suat",bond,VinaCapital Enhanced Fixed Income Fund,vinacapital,0.04341983195914691,0.040127046201756195,0.003292785757390711,0.0835468781609031,True,False,0.039412433233580894
VINACAPITAL-VFF,2025-01,2024-12-31,2025-01-31,2,1624554876508.0,1631527546325.0,23835.19,23966.86,24081202433.0,-15856786878.0,8224415555.0,5011762185.0,0.0,16,0.0030768666450429194,0.0030768666450429194,-6263507923.0,-0.005271964234415671,0.00834883087945859,0.00834883087945859,4.7,"bridged between observations at 2024-12 and 2025-02, which agree at 4.7%",bond,VinaCapital Enhanced Fixed Income Fund,vinacapital,0.01482326191698912,0.009760696365077154,0.005062565551911966,0.024583958282066273,True,False,0.20592963483854643
VINACAPITAL-VFF,2025-02,2025-02-01,2025-02-24,4,1631527546325.0,1632595310064.0,23966.86,24067.91,44287349128.0,-50077509872.0,-5790160744.0,6857924483.0,0.0,20,0.0042162385894521925,0.0042162385894521925,0.0,0.031231967115924464,-0.02701572852647227,-0.02701572852647227,4.7,"Agribank published board rate, 12 months VND retail term deposit, read from Wayback Machine snapshot 20250207105719 of https://www.agribank.com.vn/vn/lai-suat",bond,VinaCapital Enhanced Fixed Income Fund,vinacapital,0.02714471430639147,0.030693634309024758,-0.0035489200026332874,0.05783834861541623,True,False,-0.06135928994499955
VINACAPITAL-VFF,2025-03,2025-02-25,2025-03-31,5,1632595310064.0,1612584483222.0,24067.91,24209.19,87658772197.0,-117254993896.0,-29596221699.0,9585394857.0,0.0,30,0.005870056851633221,0.005870056851633221,0.0,0.0017630465444284926,0.004107010307204728,0.004107010307204728,4.7,"Agribank published board rate, 12 months VND retail term deposit, read from Wayback Machine snapshot 20250323005822 of https://www.agribank.com.vn/vn/lai-suat",bond,VinaCapital Enhanced Fixed Income Fund,vinacapital,0.05369289722727652,0.07182122426371752,-0.018128327036441006,0.12551412149099406,True,False,-0.14443256918897177
VINACAPITAL-VFF,2025-04,2025-04-01,2025-04-28,4,1612584483222.0,1496362884784.0,24209.19,24330.54,100412907077.0,-224333138901.0,-123920231824.0,7698633386.0,0.0,24,0.005012559280174411,0.005012559280174411,0.0,-0.06126134398481842,0.06627390326499283,0.06627390326499283,4.7,"Agribank published board rate, 12 months VND retail term deposit, read from Wayback Machine snapshot 20250404031732 of https://www.agribank.com.vn/vn/lai-suat",bond,VinaCapital Enhanced Fixed Income Fund,vinacapital,0.062268307875796694,0.1391140378907619,-0.07684573001496521,0.20138234576655858,True,False,-0.3815911952085631
VINACAPITAL-VFF,2025-05,2025-04-29,2025-05-26,4,1496362884784.0,1501746817849.0,24330.54,24454.28,52470791230.0,-54664043165.0,-2193251935.0,7577185000.0,0.0,24,0.005085789300196097,0.005085789300196097,0.0,0.08616726442777978,-0.08108147512758368,-0.08108147512758368,4.7,"Agribank published board rate, 12 months VND retail term deposit, read from Wayback Machine snapshot 20250531072021 of https://www.agribank.com.vn/vn/lai-suat",bond,VinaCapital Enhanced Fixed Income Fund,vinacapital,0.03506555245626408,0.03653127441268416,-0.0014657219564200804,0.07159682686894825,True,False,-0.02047188430714893
VINACAPITAL-VFF,2025-06,2025-05-27,2025-06-30,5,1501746817849.0,1511873553596.0,24454.28,24604.84,130414929640.0,-129532270156.0,882659484.0,9244076263.0,0.0,30,0.006156795456664588,0.006156795456664588,0.0,0.03269018618997244,-0.02653339073330785,-0.02653339073330785,4.7,"Agribank published board rate, 12 months VND retail term deposit, read from Wayback Machine snapshot 20250613002901 of https://www.agribank.com.vn/vn/lai-suat",bond,VinaCapital Enhanced Fixed Income Fund,vinacapital,0.086842154809289,0.08625439962079175,0.0005877551884972605,0.17309655443008076,True,False,0.0033955337264363256
VINACAPITAL-VFF,2025-07,2025-07-01,2025-07-28,4,1511873553596.0,1523369187359.0,24604.84,24723.43,79992566914.0,-75748150536.0,4244416378.0,7251217385.0,0.0,24,0.004819783424724777,0.004819783424724777,0.0,0.13178835379014164,-0.12696857036541687,-0.12696857036541687,4.7,"Agribank published board rate, 12 months VND retail term deposit, read from Wayback Machine snapshot 20250722154555 of https://www.agribank.com.vn/vn/lai-suat",bond,VinaCapital Enhanced Fixed Income Fund,vinacapital,0.05290956159907501,0.0501021731320272,0.0028073884670478102,0.10301173473110221,True,False,0.02725309377981166
VINACAPITAL-VFF,2025-08,2025-07-29,2025-08-25,4,1523369187359.0,1526976759263.0,24723.43,24838.54,97698931604.0,-101186455882.0,-3487524278.0,7095096182.0,0.0,24,0.004655907372075774,0.004655907372075774,0.0,0.036348576491890716,-0.03169266911981494,-0.03169266911981494,4.7,"bridged between observations at 2025-07 and 2025-10, which agree at 4.7%",bond,VinaCapital Enhanced Fixed Income Fund,vinacapital,0.06413345656109565,0.06642280592363997,-0.0022893493625443296,0.13055626248473562,True,False,-0.017535346975883256
VINACAPITAL-VFF,2025-09,2025-08-26,2025-09-29,5,1526976759263.0,1559203739006.0,24838.54,24986.29,113581011164.0,-90603148359.0,22977862805.0,9249116938.0,0.0,30,0.005948417258018868,0.005948417258018868,0.0,0.03249629808615695,-0.026547880828138082,-0.026547880828138082,4.7,"bridged between observations at 2025-07 and 2025-10, which agree at 4.7%",bond,VinaCapital Enhanced Fixed Income Fund,vinacapital,0.07438293377747296,0.05933498843998771,0.015047945337485252,0.13371792221746068,True,False,0.11253499222799257
VINACAPITAL-VFF,2025-10,2025-09-30,2025-10-27,4,1559203739006.0,1513310064789.0,24986.29,25098.74,44813547617.0,-97652348812.0,-52838801195.0,6945126978.0,0.0,24,0.00450046805668225,0.00450046805668225,0.0,-0.008364936872929718,0.012865404929611968,0.012865404929611968,4.7,"Press report, ""Bank interest rates started to rise from the end of October. The average for a 12-month term was 5.34% at private banks and 4.7% at state-owned banks"" (https://vcdn.vietnam.vn/en/lai-suat-ngan-hang-dong-loat-tang-gui-100-trieu-dong-nhan-duoc-bao-nhieu-tien-lai)",bond,VinaCapital Enhanced Fixed Income Fund,vinacapital,0.028741303330614674,0.06262962714177035,-0.03388832381115568,0.09137093047238502,True,False,-0.3708873668677121
VINACAPITAL-VFF,2025-11,2025-10-28,2025-11-24,4,1513310064789.0,1496694131298.0,25098.74,25217.35,29023031401.0,-52735866897.0,-23712835496.0,7096902005.0,0.0,24,0.004725735236111195,0.004725735236111195,0.0,0.009343192903046305,-0.00461745766693511,-0.00461745766693511,,"no observation: bracketing observations 2025-10 at 4.7% and 2026-03 at 5.9% disagree, so the rate moved somewhere in this gap; left missing rather than picking a side",bond,VinaCapital Enhanced Fixed Income Fund,vinacapital,0.019178509464976477,0.03484802495141862,-0.015669515486442145,0.05402653441639509,True,False,-0.29003369651056154
VINACAPITAL-VFF,2025-12,2025-11-25,2025-12-29,5,1496694131298.0,1494612342263.0,25217.35,25523.61,79528261624.0,-99706516868.0,-20178255244.0,18096466209.0,0.0,30,0.01214481299581438,0.01214481299581438,0.0,0.052074964927636636,-0.039930151931822255,-0.039930151931822255,,"no observation: bracketing observations 2025-10 at 4.7% and 2026-03 at 5.9% disagree, so the rate moved somewhere in this gap; left missing rather than picking a side",bond,VinaCapital Enhanced Fixed Income Fund,vinacapital,0.05313594806109752,0.0666178311139164,-0.013481883052818892,0.11975377917501394,True,False,-0.11258002165523161
VINACAPITAL-VFF,2026-01,2025-12-30,2026-01-26,4,1494612342263.0,1455525158394.0,25523.61,25648.02,45082427229.0,-91354649845.0,-46272222616.0,7185038747.0,0.0,24,0.004874310491344902,0.004874310491344902,0.0,0.0506484921702266,-0.0457741816788817,-0.0457741816788817,,"no observation: bracketing observations 2025-10 at 4.7% and 2026-03 at 5.9% disagree, so the rate moved somewhere in this gap; left missing rather than picking a side",bond,VinaCapital Enhanced Fixed Income Fund,vinacapital,0.030163291145274815,0.06112263846736303,-0.030959347322088212,0.09128592961263784,True,False,-0.3391469797531878
VINACAPITAL-VFF,2026-02,2026-01-27,2026-02-23,4,1455525158394.0,1416728759698.0,25648.02,25774.97,,,-45850662474.0,7054263778.0,0.0,24,0.004949699820883335,0.004949699820883335,0.0,0.008905907621547637,-0.003956207800664302,-0.003956207800664302,,"no observation: bracketing observations 2025-10 at 4.7% and 2026-03 at 5.9% disagree, so the rate moved somewhere in this gap; left missing rather than picking a side",bond,VinaCapital Enhanced Fixed Income Fund,vinacapital,,,-0.0315011129897547,,False,False,
VINACAPITAL-VFF,2026-03,2026-02-24,2026-03-30,5,1416728759698.0,1321771735506.0,25774.97,25925.73,71411742671.0,-174315390680.0,-102903648009.0,7946623817.0,0.0,30,0.005849085372359397,0.005849085372359397,0.0,-0.10622856344146159,0.11207764881382098,0.11207764881382098,5.9,"mean of big-four published 12-month VND board rates (Agribank 5.9, BIDV 5.9, Vietcombank 5.9, VietinBank 5.9), read from Wayback Machine snapshot 20260331012516 of https://cafefnew.mediacdn.vn/Images/Uploaded/DuLieuDownload/Liveboard/all_banks_interest_rates.json",bond,VinaCapital Enhanced Fixed Income Fund,vinacapital,0.05040607962686,0.1230407652041724,-0.0726346855773124,0.1734468448310324,True,False,-0.4187720200276419
VINACAPITAL-VFF,2026-04,2026-03-31,2026-04-27,4,1321771735506.0,1274145429469.0,25925.73,26064.61,23093621229.0,-77586996374.0,-54493375145.0,6867069108.0,0.0,24,0.00535684048240892,0.00535684048240892,0.0,0.11473408158600673,-0.10937724110359781,-0.10937724110359781,5.9,"bridged between observations at 2026-03 and 2026-08, which agree at 5.9%",bond,VinaCapital Enhanced Fixed Income Fund,vinacapital,0.017471716642631422,0.05869924003504144,-0.041227523392410016,0.07617095667767286,True,False,-0.5412499092911429
VINACAPITAL-VFF,2026-05,2026-04-28,2026-05-25,4,1274145429469.0,1259947757455.0,26064.61,26205.91,18335207278.0,-39388429837.0,-21053222559.0,6855550545.0,0.0,24,0.0054211438421674085,0.0054211438421674085,0.0,0.017665880677066426,-0.012244736834899017,-0.012244736834899017,5.9,"bridged between observations at 2026-03 and 2026-08, which agree at 5.9%",bond,VinaCapital Enhanced Fixed Income Fund,vinacapital,0.014390199779346378,0.030913606034293217,-0.01652340625494684,0.045303805813639596,True,False,-0.36472446317020335
VINACAPITAL-VFF,2026-06,2026-05-26,2026-06-29,5,1259947757455.0,1236196209722.0,26205.91,26380.73,35198641082.0,-67158000564.0,-31959359482.0,8207811749.0,0.0,30,0.006671014286472099,0.006671014286472099,0.0,-0.01646845490262605,0.02313946918909815,0.02313946918909815,5.9,"bridged between observations at 2026-03 and 2026-08, which agree at 5.9%",bond,VinaCapital Enhanced Fixed Income Fund,vinacapital,0.027936587746382927,0.053302210481848966,-0.02536562273546604,0.08123879822823189,True,False,-0.312235327068773
VINACAPITAL-VFF,2026-07,2026-06-30,2026-07-27,4,1236196209722.0,1209413891234.0,26380.73,26565.13,45151504864.0,-80459484870.0,-35307980006.0,8525661518.0,0.0,24,0.006989950619258778,0.006989950619258778,0.0,-0.10024959972398484,0.10723955034324362,0.10723955034324362,5.9,"bridged between observations at 2026-03 and 2026-08, which agree at 5.9%",bond,VinaCapital Enhanced Fixed Income Fund,vinacapital,0.03652454562545037,0.065086338428504,-0.028561792803053633,0.10161088405395437,True,False,-0.28108989572305665
VINACAPITAL-VFF,2026-08,2026-07-28,2026-08-10,2,1209413891234.0,1202089412232.0,26565.13,26648.89,30080357422.0,-41190119357.0,-11109761935.0,3785282933.0,0.0,12,0.00315300546242403,0.00315300546242403,0.0,0.06456522129885367,-0.06141221583642964,-0.06141221583642964,5.9,"mean of big-four published 12-month VND board rates (Agribank 5.9, BIDV 5.9, Vietcombank 5.9, VietinBank 5.9), read live from https://cafefnew.mediacdn.vn/Images/Uploaded/DuLieuDownload/Liveboard/all_banks_interest_rates.json on 2026-08-15",bond,VinaCapital Enhanced Fixed Income Fund,vinacapital,0.024871847131926143,0.03405791818297418,-0.009186071051048031,0.058929765314900316,True,False,-0.15588168393274332
VINACAPITAL-VIBF,2021-01,2020-12-31,2021-01-27,4,99136498825.0,107464344163.0,11152.93,11344.87,25704504984.0,-19400349613.0,6304155371.0,2023689967.0,0.0,24,0.017209827372717257,0.017209827372717257,0.0,-0.006069555291836726,0.023279382664553983,0.023279382664553983,,,balanced,VinaCapital Integrated Balanced Fund,vinacapital,0.2592839699672539,0.19569331016265087,0.063590659804603,0.4549772801299048,True,False,0.1397666709565072
VINACAPITAL-VIBF,2021-02,2021-01-28,2021-02-24,4,107464344163.0,116735959306.0,11344.87,12055.0,23610650654.0,-21441113816.0,2169536838.0,7102078305.0,0.0,24,0.06259481157562852,0.06259481157562852,0.0,0.05909749628589922,0.003497315289729297,0.003497315289729297,,,balanced,VinaCapital Integrated Balanced Fund,vinacapital,0.21970683241864655,0.19951839824638487,0.020188434172261686,0.4192252306650314,True,False,0.048156534233963155
VINACAPITAL-VIBF,2021-03,2021-02-25,2021-03-31,5,116735959306.0,167307143527.0,12055.0,12319.77,63736202951.0,-15969221890.0,47766981061.0,2804203160.0,0.0,30,0.02196350062214858,0.02196350062214858,0.0,0.025326804416484938,-0.0033633037943363586,-0.0033633037943363586,,,balanced,VinaCapital Integrated Balanced Fund,vinacapital,0.5459860297539362,0.136797795511663,0.4091882342422732,0.6827838252655992,True,False,0.5992939772454352
VINACAPITAL-VIBF,2021-04,2021-04-01,2021-04-28,4,167307143527.0,206317353211.0,12319.77,12635.37,58721247717.0,-23840680446.0,34880567271.0,4129642413.0,0.0,24,0.025617361363077462,0.025617361363077462,0.0,0.03198650372658296,-0.006369142363505498,-0.006369142363505498,,,balanced,VinaCapital Integrated Balanced Fund,vinacapital,0.35097872379563744,0.14249648845479568,0.20848223534084173,0.4934752122504331,True,False,0.422477624337166
VINACAPITAL-VIBF,2021-05,2021-04-29,2021-05-26,4,206317353211.0,298393544889.0,12635.37,13756.57,104998736443.0,-35107596267.0,69891140176.0,22185051502.0,0.0,24,0.08873503506426794,0.08873503506426794,0.0,0.07087959009393696,0.01785544497033098,0.01785544497033098,,,balanced,VinaCapital Integrated Balanced Fund,vinacapital,0.5089185897786221,0.17016307993780624,0.33875550984081587,0.6790816697164284,True,False,0.4988435484973019
VINACAPITAL-VIBF,2021-06,2021-05-27,2021-06-30,5,298393544889.0,396432065426.0,13756.57,14252.68,147091854576.0,-61496332215.0,85595522361.0,12442998176.0,0.0,30,0.03606349547888743,0.03606349547888743,0.0,0.06975772765246435,-0.03369423217357692,-0.03369423217357692,,,balanced,VinaCapital Integrated Balanced Fund,vinacapital,0.49294583309674805,0.20609136245851478,0.28685447063823327,0.6990371955552629,True,False,0.41035651959889996
VINACAPITAL-VIBF,2021-07,2021-07-01,2021-07-28,4,396432065426.0,435677241818.0,14252.68,13950.02,74106409687.0,-25906553654.0,48199856033.0,-8954679641.0,0.0,24,-0.021235304518167797,-0.021235304518167797,0.0,-0.0933442192325441,0.0721089147143763,0.0721089147143763,,,balanced,VinaCapital Integrated Balanced Fund,vinacapital,0.18693343992587066,0.06534928910495977,0.1215841508209109,0.25228272903083043,True,False,0.481936085311859
VINACAPITAL-VIBF,2021-08,2021-07-29,2021-08-25,4,435677241818.0,451396334470.0,13950.02,14244.62,44780924826.0,-38324385601.0,6456539225.0,9262553427.0,0.0,24,0.02111824929283279,0.02111824929283279,0.0,0.025433218226095455,-0.004314968933262664,-0.004314968933262664,,,balanced,VinaCapital Integrated Balanced Fund,vinacapital,0.10278463166709728,0.08796508498144057,0.014819546685656713,0.19074971664853785,True,False,0.07769105478128797
VINACAPITAL-VIBF,2021-09,2021-09-02,2021-09-29,4,464920036876.0,515846271198.0,14436.19,14819.86,60759195557.0,-22612847716.0,38146347841.0,12779886481.0,0.0,24,0.026576956939469376,0.026576956939469376,0.0,0.0034166260817443117,0.023160330857725064,0.023160330857725064,,,balanced,VinaCapital Integrated Balanced Fund,vinacapital,0.1306874101733009,0.048638144029983225,0.08204926614331769,0.17932555420328414,True,False,0.4575436362533492
VINACAPITAL-VIBF,2021-10,2021-09-30,2021-10-27,4,515846271198.0,562593771929.0,14819.86,15378.62,89012508511.0,-61955939625.0,27056568886.0,19690931845.0,0.0,24,0.037703460086667695,0.037703460086667695,0.0,0.06258167128381653,-0.024878211197148836,-0.024878211197148836,,,balanced,VinaCapital Integrated Balanced Fund,vinacapital,0.1725562701156637,0.12010543273117724,0.052450837384486464,0.29266170284684095,True,False,0.1792200239193429
VINACAPITAL-VIBF,2021-11,2021-10-28,2021-11-24,4,562593771929.0,662379697509.0,15378.62,15501.98,132094920997.0,-37485003706.0,94609917291.0,5176008289.0,0.0,24,0.00802152598867778,0.00802152598867778,0.0,0.04627482396593163,-0.03825329797725385,-0.03825329797725385,,,balanced,VinaCapital Integrated Balanced Fund,vinacapital,0.23479627324006447,0.06662889917439514,0.16816737406566934,0.3014251724144596,True,False,0.5579075321368289
VINACAPITAL-VIBF,2021-12,2021-11-25,2021-12-29,5,662379697509.0,739462014728.0,15501.98,15147.57,143739886174.0,-50755161835.0,92984724339.0,-15902407120.0,0.0,30,-0.022862240823430247,-0.022862240823430247,0.0,-0.002048533451543655,-0.02081370737188659,-0.02081370737188659,,,balanced,VinaCapital Integrated Balanced Fund,vinacapital,0.21700527162073374,0.07662547935251347,0.14037979226822028,0.2936307509732472,True,False,0.4780827341922724
VINACAPITAL-VIBF,2022-01,2021-12-30,2022-01-26,4,739462014728.0,744031757802.0,15147.57,15177.6,34664977463.0,-31729286772.0,2935690691.0,1634052383.0,0.0,24,0.00198249620236135,0.00198249620236135,0.0,-0.0028536431061636502,0.004836139308525,0.004836139308525,,,balanced,VinaCapital Integrated Balanced Fund,vinacapital,0.04687864524826335,0.042908609421501036,0.003970035826762312,0.0897872546697644,True,False,0.04421602867092906
VINACAPITAL-VIBF,2022-02,2022-01-27,2022-02-23,4,744031757802.0,772434552639.0,15177.6,15556.26,26947824531.0,-17215652517.0,9732172014.0,18670622823.0,0.0,24,0.024948608475648504,0.024948608475648504,0.0,0.020734621147693755,0.004213987327954749,0.004213987327954749,,,balanced,VinaCapital Integrated Balanced Fund,vinacapital,0.03621864826120943,0.023138330234529304,0.013080318026680124,0.059356978495738726,True,False,0.22036697888217419
VINACAPITAL-VIBF,2022-03,2022-02-24,2022-03-30,5,772434552639.0,783392714887.0,15556.26,15963.07,49259248028.0,-58413490654.0,-9154242626.0,20112404874.0,0.0,30,0.02615088716696712,0.02615088716696712,0.0,-0.014408516828671503,0.04055940399563862,0.04055940399563862,,,balanced,VinaCapital Integrated Balanced Fund,vinacapital,0.06377141967524268,0.07562257598968355,-0.011851156314440878,0.13939399566492625,True,False,-0.08501913054367534
VINACAPITAL-VIBF,2022-04,2022-03-31,2022-04-27,4,783392714887.0,772204594770.0,15963.07,15361.55,72990303956.0,-53658066006.0,19332237950.0,-30520358067.0,0.0,24,-0.03768197470787282,-0.03768197470787282,0.0,-0.09174041100026165,0.05405843629238882,0.05405843629238882,,,balanced,VinaCapital Integrated Balanced Fund,vinacapital,0.09317204841064733,0.06849446642319092,0.024677581987456402,0.16166651483383823,True,False,0.15264498039572486
VINACAPITAL-VIBF,2022-05,2022-04-28,2022-05-25,3,772204594770.0,691860477199.0,15361.55,15118.03,16418416368.0,-90644279018.0,-74225862650.0,7282663615.0,0.0,18,0.010469824469728772,0.010469824469728772,-13400918536.0,0.020035571466539004,-0.009565746996810232,-0.009565746996810232,,,balanced,VinaCapital Integrated Balanced Fund,vinacapital,0.021261743946097863,0.11738376025203304,-0.09612201630593517,0.1386455041981309,True,False,-0.6932934238428122
VINACAPITAL-VIBF,2022-06,2022-06-02,2022-06-29,4,708361011695.0,706812875559.0,15321.94,15198.06,21966592992.0,-17920818740.0,4045774252.0,-5593910388.0,0.0,24,-0.008085138043877116,-0.008085138043877116,0.0,-0.054732970154118266,0.04664783211024115,0.04664783211024115,,,balanced,VinaCapital Integrated Balanced Fund,vinacapital,0.031010448950934338,0.025298990831127494,0.005711458119806846,0.056309439782061835,True,False,0.1014298515828302
VINACAPITAL-VIBF,2022-07,2022-06-30,2022-07-27,3,706812875559.0,685570684993.0,15198.06,14872.76,13214115291.0,-14525947983.0,-1311832692.0,-20231517069.0,0.0,18,-0.028700193934605323,-0.028700193934605323,301159195.0,-0.04223645258479081,0.013536258650185484,0.013536258650185484,5.5,"Press report, article dated 02/08/2022 reporting the increase: ""for a 12-month term, the interest rate increases from 5.5%/year to 5.6%/year"". 5.5% is the pre-increase level, so it is the July level; the month is inferred from the increase date, the level is stated (https://en.baoquocte.vn/the-trend-of-race-to-increase-interest-rates-continues-to-be-hot-192920.html)",balanced,VinaCapital Integrated Balanced Fund,vinacapital,0.018695351694816394,0.02055133471006991,-0.0018559830152535147,0.0392466864048863,True,False,-0.047290183841417
VINACAPITAL-VIBF,2022-08,2022-07-28,2022-08-31,5,685570684993.0,710029173781.0,14872.76,15487.68,38189492346.0,-42167271346.0,-3977779000.0,28436267788.0,0.0,30,0.04134538579254965,0.04134538579254965,0.0,0.07511922353573364,-0.03377383774318399,-0.03377383774318399,5.6,"Press report, article dated 02/08/2022: ""for a 12-month term, the interest rate increases from 5.5%/year to 5.6%/year"". Sits just above the SBV's 5.5-6.6% band for 12-to-24-month terms that month (https://en.baoquocte.vn/the-trend-of-race-to-increase-interest-rates-continues-to-be-hot-192920.html)",balanced,VinaCapital Integrated Balanced Fund,vinacapital,0.0557046752172461,0.06150681799708304,-0.0058021427798369395,0.11721149321432914,True,False,-0.049501483350504964
VINACAPITAL-VIBF,2022-09,2022-09-01,2022-09-28,4,710029173781.0,660568886238.0,15487.68,14605.31,9013944500.0,-18463053474.0,-9449108974.0,-40011178569.0,0.0,24,-0.05697238062769894,-0.05697238062769894,0.0,-0.10690271844811838,0.049930337820419446,0.049930337820419446,5.6,"Agribank published board rate, 12 months VND retail term deposit, read from Wayback Machine snapshot 20220926055710 of https://www.agribank.com.vn/vn/lai-suat",balanced,VinaCapital Integrated Balanced Fund,vinacapital,0.012695174836267,0.02600323219915286,-0.013308057362885858,0.03869840703541986,True,False,-0.34389160646083616
VINACAPITAL-VIBF,2022-10,2022-09-29,2022-10-26,4,660568886238.0,589556006260.0,14605.31,13580.94,5810507930.0,-31003779226.0,-25193271296.0,-45819608682.0,0.0,24,-0.07013682010173006,-0.07013682010173006,0.0,-0.1313897973102952,0.06125297720856515,0.06125297720856515,6.4,"Agribank published board rate, 12 months VND retail term deposit, read from Wayback Machine snapshot 20221020012153 of https://www.agribank.com.vn/vn/lai-suat",balanced,VinaCapital Integrated Balanced Fund,vinacapital,0.008796218003986491,0.04693496752862423,-0.038138749524637736,0.055731185532610715,True,False,-0.6843340790287175
VINACAPITAL-VIBF,2022-11,2022-10-27,2022-11-30,5,589556006260.0,515050020592.0,13580.94,13563.17,2880537178.0,-75251842225.0,-72371305047.0,-2134680621.0,0.0,30,-0.0013084514032165595,-0.0013084514032165595,0.0,0.05542804220020958,-0.05673649360342614,-0.05673649360342614,7.4,"Agribank published board rate, 12 months VND retail term deposit, read from Wayback Machine snapshot 20221128042309 of https://www.agribank.com.vn/vn/lai-suat",balanced,VinaCapital Integrated Balanced Fund,vinacapital,0.004885943230861861,0.1276415496169387,-0.12275560638607681,0.13252749284780055,True,False,-0.926265212962671
VINACAPITAL-VIBF,2022-12,2022-12-01,2022-12-28,4,515050020592.0,496193274760.0,13563.17,13569.43,2117039147.0,-21292693459.0,-19175654312.0,318908480.0,0.0,24,0.000461544019576543,0.000461544019576543,0.0,-0.031247019324316616,0.03170856334389316,0.03170856334389316,7.4,"Agribank published board rate, 12 months VND retail term deposit, read from Wayback Machine snapshot 20221225030309 of https://www.agribank.com.vn/vn/lai-suat",balanced,VinaCapital Integrated Balanced Fund,vinacapital,0.004110356397164432,0.04134102049840929,-0.037230664101244856,0.04545137689557373,True,False,-0.8191317105042545
VINACAPITAL-VIBF,2023-01,2022-12-29,2023-01-25,4,496193274760.0,503301089283.0,13569.43,14083.92,1125609318.0,-12526954816.0,-11401345498.0,18509160021.0,0.0,24,0.03791537301124648,0.03791537301124648,0.0,0.09099501801784093,-0.053079645006594456,-0.053079645006594456,7.4,"bridged between observations at 2022-12 and 2023-02, which agree at 7.4%",balanced,VinaCapital Integrated Balanced Fund,vinacapital,0.0022684896697651486,0.025246119714256644,-0.022977630044491496,0.027514609384021792,True,False,-0.8351065328165262
VINACAPITAL-VIBF,2023-02,2023-01-26,2023-02-22,4,503301089283.0,480947563123.0,14083.92,13975.36,1898192534.0,-20391863161.0,-18493670627.0,-3859855533.0,0.0,24,-0.007708081272827516,-0.007708081272827516,0.0,-0.04855245108656414,0.040844369813736625,0.040844369813736625,7.4,"Agribank published board rate, 12 months VND retail term deposit, read from Wayback Machine snapshot 20230227065357 of https://www.agribank.com.vn/vn/lai-suat",balanced,VinaCapital Integrated Balanced Fund,vinacapital,0.0037714850502393207,0.04051623093057505,-0.03674474588033573,0.04428771598081437,True,False,-0.8296825669730566
VINACAPITAL-VIBF,2023-03,2023-02-23,2023-03-29,5,480947563123.0,454520477022.0,13975.36,13806.31,2430598268.0,-23058101115.0,-20627502847.0,-5799583254.0,0.0,30,-0.012096289469466392,-0.012096289469466392,0.0,0.0019444549834959357,-0.014040744452962328,-0.014040744452962328,7.2,"Agribank published board rate, 12 months VND retail term deposit, read from Wayback Machine snapshot 20230327002150 of https://www.agribank.com.vn/vn/lai-suat",balanced,VinaCapital Integrated Balanced Fund,vinacapital,0.00505376979606067,0.04794306673532932,-0.04288929693926865,0.05299683653138999,True,False,-0.8092803221163087
VINACAPITAL-VIBF,2023-04,2023-03-30,2023-04-26,4,454520477022.0,441953531430.0,13806.31,13899.51,2388457759.0,-18018313233.0,-15629855474.0,3062909882.0,0.0,24,0.006750536530035767,0.006750536530035767,0.0,-0.014701845067355834,0.0214523815973916,0.0214523815973916,7.2,"Agribank published board rate, 12 months VND retail term deposit, read from Wayback Machine snapshot 20230422161036 of https://www.agribank.com.vn/vn/lai-suat",balanced,VinaCapital Integrated Balanced Fund,vinacapital,0.0052548958292244164,0.03964246748805526,-0.034387571658830836,0.04489736331727967,True,False,-0.765915170025053
VINACAPITAL-VIBF,2023-05,2023-04-27,2023-05-31,5,441953531430.0,437361152672.0,13899.51,14076.04,3219864709.0,-13392558403.0,-10172693694.0,5580314936.0,0.0,30,0.01270044771362433,0.01270044771362433,0.0,0.033022674865488266,-0.020322227151863936,-0.020322227151863936,6.8,"Shinhan Securities Vietnam, Vietnam Economic Update (25 Mar 2024), indicator table row ""Avg. Deposit rate 12M term of SCBs"", column 05/23 = 6.8% (https://shinhansec.com.vn/uploads/report/Vietnam_economic_update_2402_E.pdf)",balanced,VinaCapital Integrated Balanced Fund,vinacapital,0.007285527730894457,0.030303091729274294,-0.02301756399837984,0.037588619460168754,True,False,-0.6123545990501377
VINACAPITAL-VIBF,2023-06,2023-06-01,2023-06-21,3,437361152672.0,439404932288.0,14076.04,14409.75,1955716424.0,-10191693126.0,-8235976702.0,10279756318.0,0.0,18,0.023707662098146676,0.023707662098146676,0.0,0.04026340020647878,-0.016555738108332108,-0.016555738108332108,6.8,"Agribank published board rate, 12 months VND retail term deposit, read from Wayback Machine snapshot 20230606055027 of https://www.agribank.com.vn/vn/lai-suat",balanced,VinaCapital Integrated Balanced Fund,vinacapital,0.004471628108833649,0.023302694040692004,-0.018831065931858355,0.027774322149525653,True,False,-0.6780027188595119
VINACAPITAL-VIBF,2023-07,2023-06-29,2023-07-26,4,441183528324.0,448798945419.0,14546.23,14956.51,3544449638.0,-8283596563.0,-4739146925.0,12354564020.0,0.0,24,0.028205246307806187,0.028205246307806187,0.0,0.06704342494601856,-0.03883817863821237,-0.03883817863821237,6.4,"VNDIRECT Research, average 12-month term deposit rate across commercial banks: ""the average 12-month deposit interest rate of commercial banks fell to 6.40% p.a at the end of July 2023"" (https://www.vndirect.com.vn/cmsupload/beta/Vietnam-Money-market-chartbook_August_20230809.pdf)",balanced,VinaCapital Integrated Balanced Fund,vinacapital,0.008033957322624697,0.018775851842130934,-0.010741894519506237,0.02680980916475563,True,False,-0.40067030889677535
VINACAPITAL-VIBF,2023-08,2023-07-27,2023-08-30,5,448798945419.0,446617981193.0,14956.51,15173.18,7176487876.0,-15726163532.0,-8549675656.0,6368711430.0,0.0,30,0.014486668347094334,0.014486668347094334,0.0,0.010259485027147575,0.004227183319946759,0.004227183319946759,5.9,"VNDIRECT Research, average 12-month term deposit rate across commercial banks: ""decreased to 5.4%/year on October 10, down 0.5% points compared to the end of August (corroborated by the 25 Sep report's 0.3pp decline from end-August)"" (https://www.vndirect.com.vn/cmsupload/beta/Econ_Update_20231017.pdf)",balanced,VinaCapital Integrated Balanced Fund,vinacapital,0.015990429454552327,0.03504055366555732,-0.019050124211004993,0.051030983120109646,True,False,-0.3733050599116904
VINACAPITAL-VIBF,2023-09,2023-08-31,2023-09-27,4,446617981193.0,440442107775.0,15173.18,15112.24,6033920715.0,-10414400518.0,-4380479803.0,-1795393615.0,0.0,24,-0.004016297176992589,-0.004016297176992589,0.0,-0.04888885225361883,0.04487255507662624,0.04487255507662624,5.6,"VNDIRECT Research, average 12-month term deposit rate across commercial banks: ""decreased to 5.6%/year on 25 Sep 2023, down 0.3% points compared to the end of Aug 2023"" (https://www.vndirect.com.vn/Market-Strategy_October_20231005.pdf)",balanced,VinaCapital Integrated Balanced Fund,vinacapital,0.013510250301347634,0.02331836369458568,-0.009808113393238043,0.03682861399593331,True,False,-0.26631774397812186
VINACAPITAL-VIBF,2023-10,2023-09-28,2023-10-25,4,440442107775.0,418269021972.0,15112.24,14822.75,3949469739.0,-18046073670.0,-14096603931.0,-8076481872.0,0.0,24,-0.01915599540504931,-0.01915599540504931,0.0,-0.045231182562724515,0.026075187157675206,0.026075187157675206,5.3,"VNDIRECT Research, average 12-month term deposit rate across commercial banks: ""As of October 26, 2023, the average 12-month deposit interest rate of commercial banks has decreased to 5.3%/year"" (https://www.vndirect.com.vn/Market-Strategy_November_20231106.pdf)",balanced,VinaCapital Integrated Balanced Fund,vinacapital,0.008967057575288847,0.04097263488535216,-0.032005577310063316,0.049939692460641005,True,False,-0.6408845496052641
VINACAPITAL-VIBF,2023-11,2023-10-26,2023-11-29,5,418269021972.0,407775491469.0,14822.75,14838.31,3587446052.0,-14433857078.0,-10846411026.0,352880523.0,0.0,30,0.0010497377342260084,0.0010497377342260084,0.0,0.0010348020260331214,1.493570819288692e-05,1.493570819288692e-05,5.18,"Shinhan Securities Vietnam, Vietnam Economic Update (25 Mar 2024), indicator table row ""Avg. Deposit rate 12M term of SCBs"", column 11/23 = 5.18% (https://shinhansec.com.vn/uploads/report/Vietnam_economic_update_2402_E.pdf)",balanced,VinaCapital Integrated Balanced Fund,vinacapital,0.00857688679665154,0.03450854909108291,-0.025931662294431373,0.043085435887734454,True,False,-0.6018660774838207
VINACAPITAL-VIBF,2023-12,2023-12-07,2023-12-27,3,412682181360.0,411013383558.0,15013.24,15098.15,2123380251.0,-6097094968.0,-3973714717.0,2304916915.0,0.0,18,0.005655674591227511,0.005655674591227511,0.0,0.00044583545105192357,0.005209839140175587,0.005209839140175587,5.3,"Agribank published board rate, 12 months VND retail term deposit, read from Wayback Machine snapshot 20231204024251 of https://www.agribank.com.vn/vn/lai-suat",balanced,VinaCapital Integrated Balanced Fund,vinacapital,0.005145316049271549,0.014774311185200525,-0.009628995135928978,0.019919627234472076,True,False,-0.4833923357393677
VINACAPITAL-VIBF,2024-01,2023-12-28,2024-01-31,5,411013383558.0,433417285921.0,15098.15,15545.01,35486092035.0,-25284888393.0,10201203642.0,12202698721.0,0.0,30,0.02959700360640216,0.02959700360640216,0.0,0.03771869624506441,-0.008121692638662248,-0.008121692638662248,5.14,"VNDIRECT Research, average 12-month term deposit rate across commercial banks: ""As of January 31, 2024, the average 12-month term deposit interest rate of commercial banks has decreased to 5.14%/year"" (https://www.vndirect.com.vn/cmsupload/beta/Market-Strategy_Feb_20240206.pdf)",balanced,VinaCapital Integrated Balanced Fund,vinacapital,0.08633804507242376,0.06151840646676152,0.024819638605662244,0.14785645153918528,True,False,0.16786307494390584
VINACAPITAL-VIBF,2024-02,2024-02-01,2024-02-28,4,433417285921.0,452176408130.0,15545.01,16196.7,19907145697.0,-19529285863.0,377859834.0,18381262375.0,0.0,24,0.04192277779171594,0.04192277779171594,0.0,0.07750513179479634,-0.03558235400308041,-0.03558235400308041,4.78,"Shinhan Securities Vietnam, Vietnam Economic Update (25 Mar 2024), indicator table row ""Avg. Deposit rate 12M term of SCBs"", column 02/24 = 4.78% (https://shinhansec.com.vn/uploads/report/Vietnam_economic_update_2402_E.pdf)",balanced,VinaCapital Integrated Balanced Fund,vinacapital,0.04593066853505359,0.04505885320540642,0.0008718153296471738,0.09098952174046,True,False,0.009581491505515922
VINACAPITAL-VIBF,2024-03,2024-02-29,2024-03-27,4,452176408130.0,481138711870.0,16196.7,16648.44,42947169905.0,-26825285539.0,16121884366.0,12840419374.0,0.0,24,0.027890866658022873,0.027890866658022873,0.0,0.022749192937706608,0.005141673720316264,0.005141673720316264,4.7,"Shinhan Securities Vietnam, Vietnam Economic Update (25 Mar 2024): ""Deposit interest rates 12M term at State-owned commercial banks (SCBs) continue to decrease, reaching 4.7% on March 22, 2024"" (https://shinhansec.com.vn/uploads/report/Vietnam_economic_update_2402_E.pdf)",balanced,VinaCapital Integrated Balanced Fund,vinacapital,0.09497879396806734,0.05932482335807261,0.03565397060999473,0.15430361732613995,True,False,0.231063738023948
VINACAPITAL-VIBF,2024-04,2024-03-28,2024-04-24,4,481138711870.0,475029993559.0,16648.44,16319.44,23665023317.0,-20052379739.0,3612643578.0,-9721361889.0,0.0,24,-0.0197616112981156,-0.0197616112981156,0.0,-0.06038547568759789,0.04062386438948229,0.04062386438948229,4.61,"VNDIRECT Research, average 12-month term deposit rate across commercial banks: ""As of April 27, 2024, the average 12-month term deposit interest rate of commercial banks plateaued at around 4.61%"" (https://www.vndirect.com.vn/cmsupload/beta/Econ_Update_20240520.pdf)",balanced,VinaCapital Integrated Balanced Fund,vinacapital,0.04918544846458771,0.04167692028160477,0.007508528182982933,0.09086236874619248,True,False,0.0826362804161164
VINACAPITAL-VIBF,2024-05,2024-04-25,2024-05-29,5,475029993559.0,499389973961.0,16319.44,17067.79,42028473156.0,-38890623485.0,3137849671.0,21222130731.0,0.0,30,0.04585635291407075,0.04585635291407075,0.0,0.05559841076301675,-0.009742057848945995,-0.009742057848945995,4.7,"Agribank published board rate, 12 months VND retail term deposit, read from Wayback Machine snapshot 20240526204434 of https://www.agribank.com.vn/vn/lai-suat",balanced,VinaCapital Integrated Balanced Fund,vinacapital,0.08847540939702779,0.08186982719475308,0.006605582202274709,0.17034523659178089,True,False,0.03877761617781232
VINACAPITAL-VIBF,2024-06,2024-05-30,2024-06-26,4,499389973961.0,535260232682.0,17067.79,17399.98,51987740657.0,-25646460640.0,26341280017.0,9528978704.0,0.0,24,0.019462976753287675,0.019462976753287675,0.0,-0.008957757103344233,0.028420733856631908,0.028420733856631908,4.7,"Agribank published board rate, 12 months VND retail term deposit, read from Wayback Machine snapshot 20240626111100 of https://www.agribank.com.vn/vn/lai-suat",balanced,VinaCapital Integrated Balanced Fund,vinacapital,0.10410249177541557,0.0513555777593622,0.05274691401605337,0.15545806953477778,True,False,0.33929994225390325
VINACAPITAL-VIBF,2024-07,2024-06-27,2024-07-31,5,535260232682.0,568897340074.0,17399.98,17244.24,76574199452.0,-38142630132.0,38431569320.0,-4794461928.0,0.0,30,-0.008950585000672473,-0.008950585000672473,0.0,-0.007714630046620874,-0.001235954954051599,-0.001235954954051599,4.7,"bridged between observations at 2024-06 and 2024-09, which agree at 4.7%",balanced,VinaCapital Integrated Balanced Fund,vinacapital,0.14305975818213457,0.07125997375310464,0.07179978442902993,0.2143197319352392,True,False,0.33501247776254967
VINACAPITAL-VIBF,2024-08,2024-08-01,2024-08-28,4,568897340074.0,606781784561.0,17244.24,17398.37,46203063201.0,-13895460278.0,32307602923.0,5576841564.0,0.0,24,0.008938056997582766,0.008938056997582766,0.0,0.023915110546459672,-0.014977053548876906,-0.014977053548876906,4.7,"bridged between observations at 2024-06 and 2024-09, which agree at 4.7%",balanced,VinaCapital Integrated Balanced Fund,vinacapital,0.08121511553383266,0.024425250918192958,0.0567898646156397,0.10564036645202562,True,False,0.5375773155939367
VINACAPITAL-VIBF,2024-09,2024-08-29,2024-09-30,5,606781784561.0,661650189827.0,17398.37,17603.81,72922834027.0,-25874155137.0,47048678890.0,7819726376.0,0.0,28,0.011808002703701748,0.011808002703701748,0.0,0.005072418529154854,0.006735584174546894,0.006735584174546894,4.7,"Agribank published board rate, 12 months VND retail term deposit, read from Wayback Machine snapshot 20240906234432 of https://www.agribank.com.vn/vn/lai-suat",balanced,VinaCapital Integrated Balanced Fund,vinacapital,0.12017966900532269,0.042641614819930146,0.07753805418539254,0.16282128382525282,True,False,0.47621571556093295
VINACAPITAL-VIBF,2024-10,2024-10-01,2024-10-28,4,661650189827.0,701820066099.0,17603.81,17443.78,70805062354.0,-24513311334.0,46291751020.0,-6121874748.0,0.0,24,-0.00909064571817153,-0.00909064571817153,0.0,-0.0257543053247824,0.01666365960661087,0.01666365960661087,4.7,"Agribank published board rate, 12 months VND retail term deposit, read from Wayback Machine snapshot 20241008043404 of https://www.agribank.com.vn/vn/lai-suat",balanced,VinaCapital Integrated Balanced Fund,vinacapital,0.10701283464078386,0.037048748282547055,0.0699640863582368,0.1440615829233309,True,False,0.48565401641790545
VINACAPITAL-VIBF,2024-11,2024-10-29,2024-11-25,4,701820066099.0,757446498539.0,17443.78,17303.86,68796255007.0,-7135477282.0,61660777725.0,-6034345285.0,0.0,24,-0.008021197240505984,-0.008021197240505984,0.0,-0.01599496322035099,0.007973765979845004,0.007973765979845004,4.7,"Agribank published board rate, 12 months VND retail term deposit, read from Wayback Machine snapshot 20241128101714 of https://www.agribank.com.vn/vn/lai-suat",balanced,VinaCapital Integrated Balanced Fund,vinacapital,0.09802548876864897,0.010167103545018128,0.08785838522363083,0.1081925923136671,True,False,0.8120554591105069
VINACAPITAL-VIBF,2024-12,2024-11-26,2024-12-30,4,757446498539.0,833339965934.0,17303.86,17843.51,84811090701.0,-24574833350.0,60236257351.0,24101032912.0,0.0,24,0.030805610984071308,0.030805610984071308,-8443822868.0,0.04012224923299912,-0.009316638248927811,-0.009316638248927811,4.7,"Agribank published board rate, 12 months VND retail term deposit, read from Wayback Machine snapshot 20241217044809 of https://www.agribank.com.vn/vn/lai-suat",balanced,VinaCapital Integrated Balanced Fund,vinacapital,0.11196974421901454,0.032444315733719996,0.07952542848529454,0.14441405995273454,True,False,0.5506764958434277
VINACAPITAL-VIBF,2025-01,2024-12-31,2025-01-31,4,833339965934.0,861649450888.0,17843.51,17866.52,50452097012.0,-23625496917.0,26826600095.0,1482884859.0,0.0,28,0.0012895444898455288,0.0012895444898455288,0.0,-0.00547947359318246,0.006769018083027989,0.006769018083027989,4.7,"bridged between observations at 2024-12 and 2025-02, which agree at 4.7%",balanced,VinaCapital Integrated Balanced Fund,vinacapital,0.060542034553033516,0.02835037065637522,0.03219166389665829,0.08889240520940873,True,False,0.3621418930089991
VINACAPITAL-VIBF,2025-02,2025-02-01,2025-02-24,4,861649450888.0,882519326521.0,17866.52,18139.1,39892090819.0,-32240606890.0,7651483929.0,13218391704.0,0.0,20,0.015256468523249023,0.015256468523249023,0.0,0.031231967115924464,-0.01597549859267544,-0.01597549859267544,4.7,"Agribank published board rate, 12 months VND retail term deposit, read from Wayback Machine snapshot 20250207105719 of https://www.agribank.com.vn/vn/lai-suat",balanced,VinaCapital Integrated Balanced Fund,vinacapital,0.04629735535476515,0.0374173126400457,0.008880042714719451,0.08371466799481085,True,False,0.10607511117728963
VINACAPITAL-VIBF,2025-03,2025-02-25,2025-03-31,5,882519326521.0,1046322554203.0,18139.1,17932.26,208858039899.0,-33662006879.0,175196033020.0,-11392805338.0,0.0,30,-0.011402991328125611,-0.011402991328125611,0.0,0.0017630465444284926,-0.013166037872554104,-0.013166037872554104,4.7,"Agribank published board rate, 12 months VND retail term deposit, read from Wayback Machine snapshot 20250323005822 of https://www.agribank.com.vn/vn/lai-suat",balanced,VinaCapital Integrated Balanced Fund,vinacapital,0.23666115134536955,0.038143081819748674,0.1985180695256209,0.27480423316511826,True,False,0.7223981495450246
VINACAPITAL-VIBF,2025-04,2025-04-01,2025-04-28,4,1046322554203.0,1030029233044.0,17932.26,17506.21,44050208193.0,-35066532984.0,8983675209.0,-25276996368.0,0.0,24,-0.023758856942738715,-0.023758856942738715,0.0,-0.06126134398481842,0.0375024870420797,0.0375024870420797,4.7,"Agribank published board rate, 12 months VND retail term deposit, read from Wayback Machine snapshot 20250404031732 of https://www.agribank.com.vn/vn/lai-suat",balanced,VinaCapital Integrated Balanced Fund,vinacapital,0.042100027392178045,0.033514075409289745,0.008585951982888302,0.0756141028014678,True,False,0.11354961131300541
VINACAPITAL-VIBF,2025-05,2025-04-29,2025-05-26,3,1030029233044.0,1077302426500.0,17506.21,18024.41,20990591132.0,-18366974783.0,2623616349.0,23430854159.0,0.0,18,0.022417926932515986,0.022417926932515986,21218722948.0,0.04134102058377187,-0.018923093651255884,-0.018923093651255884,4.7,"Agribank published board rate, 12 months VND retail term deposit, read from Wayback Machine snapshot 20250531072021 of https://www.agribank.com.vn/vn/lai-suat",balanced,VinaCapital Integrated Balanced Fund,vinacapital,0.020378636313036894,0.017831508265761437,0.0025471280472754566,0.03821014457879833,True,False,0.06666104186082515
VINACAPITAL-VIBF,2025-06,2025-05-27,2025-06-30,5,1077302426500.0,1076332349555.0,18024.41,18483.47,39326675236.0,-67254262235.0,-27927586999.0,26957510054.0,0.0,30,0.025468794817694596,0.025468794817694596,0.0,0.03269018618997244,-0.007221391372277841,-0.007221391372277841,4.7,"Agribank published board rate, 12 months VND retail term deposit, read from Wayback Machine snapshot 20250613002901 of https://www.agribank.com.vn/vn/lai-suat",balanced,VinaCapital Integrated Balanced Fund,vinacapital,0.03650476808426645,0.06242839576023177,-0.025923627675965323,0.09893316384449823,True,False,-0.2620317259509837
VINACAPITAL-VIBF,2025-07,2025-07-01,2025-07-28,4,1076332349555.0,1104765875898.0,18483.47,19260.33,98536450193.0,-113653098222.0,-15116648029.0,43550174372.0,0.0,24,0.042029986793605145,0.042029986793605145,0.0,0.13178835379014164,-0.0897583669965365,-0.0897583669965365,4.7,"Agribank published board rate, 12 months VND retail term deposit, read from Wayback Machine snapshot 20250722154555 of https://www.agribank.com.vn/vn/lai-suat",balanced,VinaCapital Integrated Balanced Fund,vinacapital,0.09154834957226643,0.1055929409433702,-0.01404459137110377,0.1971412905156366,True,False,-0.0712412469978723
VINACAPITAL-VIBF,2025-08,2025-07-29,2025-08-25,4,1104765875898.0,1133517037960.0,19260.33,19588.41,167328717396.0,-156655068408.0,10673648988.0,18077513074.0,0.0,24,0.017033976053369315,0.017033976053369315,0.0,0.036348576491890716,-0.0193146004385214,-0.0193146004385214,4.7,"bridged between observations at 2025-07 and 2025-10, which agree at 4.7%",balanced,VinaCapital Integrated Balanced Fund,vinacapital,0.1514607945868967,0.141799336697166,0.009661457889730718,0.2932601312840627,True,False,0.03294500976804198
VINACAPITAL-VIBF,2025-09,2025-08-26,2025-09-29,5,1133517037960.0,1248656748868.0,19588.41,19910.91,209061817663.0,-112721267459.0,96340550204.0,18799160704.0,0.0,30,0.016463817124513946,0.016463817124513946,0.0,0.03249629808615673,-0.01603248096164278,-0.01603248096164278,4.7,"bridged between observations at 2025-07 and 2025-10, which agree at 4.7%",balanced,VinaCapital Integrated Balanced Fund,vinacapital,0.18443641397684704,0.09944382279587557,0.08499259118097147,0.2838802367727226,True,False,0.29939594297653555
VINACAPITAL-VIBF,2025-10,2025-09-30,2025-10-27,4,1248656748868.0,1309066748258.0,19910.91,19467.52,140604121221.0,-50881137084.0,89722984137.0,-29312984747.0,0.0,24,-0.02226869590591296,-0.02226869590591296,0.0,-0.008364936872929718,-0.013903759032983243,-0.013903759032983243,4.7,"Press report, ""Bank interest rates started to rise from the end of October. The average for a 12-month term was 5.34% at private banks and 4.7% at state-owned banks"" (https://vcdn.vietnam.vn/en/lai-suat-ngan-hang-dong-loat-tang-gui-100-trieu-dong-nhan-duoc-bao-nhieu-tien-lai)",balanced,VinaCapital Integrated Balanced Fund,vinacapital,0.11260430166133974,0.04074869825524711,0.07185560340609262,0.15335299991658685,True,False,0.46856340237997934
VINACAPITAL-VIBF,2025-11,2025-10-28,2025-11-24,4,1309066748258.0,1392498819672.0,19467.52,19590.25,112790339176.0,-37744621335.0,75045717841.0,8386353573.0,0.0,24,0.0063043469327372925,0.0063043469327372925,0.0,0.009343192903046305,-0.003038845970309012,-0.003038845970309012,,"no observation: bracketing observations 2025-10 at 4.7% and 2026-03 at 5.9% disagree, so the rate moved somewhere in this gap; left missing rather than picking a side",balanced,VinaCapital Integrated Balanced Fund,vinacapital,0.08616087707222894,0.028833229004729885,0.05732764806749905,0.11499410607695883,True,False,0.4985268377940432
VINACAPITAL-VIBF,2025-12,2025-11-25,2025-12-29,5,1392498819672.0,1433585875582.0,19590.25,19731.79,76743274449.0,-45875832430.0,30867442019.0,10219613891.0,0.0,30,0.007225022651574209,0.007225022651574209,0.0,0.052074964927636636,-0.04484994227606243,-0.04484994227606243,,"no observation: bracketing observations 2025-10 at 4.7% and 2026-03 at 5.9% disagree, so the rate moved somewhere in this gap; left missing rather than picking a side",balanced,VinaCapital Integrated Balanced Fund,vinacapital,0.05511191346436955,0.03294497042432391,0.022166943040045635,0.08805688388869347,True,False,0.2517343569421025
VINACAPITAL-VIBF,2026-01,2025-12-30,2026-01-26,4,1433585875582.0,1448188811944.0,19731.79,20166.13,33800727628.0,-50736764637.0,-16936037009.0,31538973371.0,0.0,24,0.02201219453480907,0.02201219453480907,0.0,0.0506484921702266,-0.02863629763541753,-0.02863629763541753,,"no observation: bracketing observations 2025-10 at 4.7% and 2026-03 at 5.9% disagree, so the rate moved somewhere in this gap; left missing rather than picking a side",balanced,VinaCapital Integrated Balanced Fund,vinacapital,0.023577748779282405,0.03539150706015581,-0.011813758280873403,0.05896925583943822,True,False,-0.20033758460578108
VINACAPITAL-VIBF,2026-02,2026-01-27,2026-02-23,4,1448188811944.0,1480054882054.0,20166.13,20553.78,43324910013.0,-39276504485.0,4048405528.0,27817664582.0,0.0,24,0.019222825599160664,0.019222825599160664,0.0,0.008905907621547637,0.010316917977613027,0.010316917977613027,,"no observation: bracketing observations 2025-10 at 4.7% and 2026-03 at 5.9% disagree, so the rate moved somewhere in this gap; left missing rather than picking a side",balanced,VinaCapital Integrated Balanced Fund,vinacapital,0.029916616987837447,0.027121121335191466,0.002795495652645981,0.057037738323028914,True,False,0.049011334159392905
VINACAPITAL-VIBF,2026-03,2026-02-24,2026-03-30,5,1480054882054.0,1435266107487.0,20553.78,19797.18,85135407588.0,-76657785487.0,8477622101.0,-53266396668.0,0.0,30,-0.036810747220219264,-0.036810747220219264,0.0,-0.10622856344146159,0.06941781622124232,0.06941781622124232,5.9,"mean of big-four published 12-month VND board rates (Agribank 5.9, BIDV 5.9, Vietcombank 5.9, VietinBank 5.9), read from Wayback Machine snapshot 20260331012516 of https://cafefnew.mediacdn.vn/Images/Uploaded/DuLieuDownload/Liveboard/all_banks_interest_rates.json",balanced,VinaCapital Integrated Balanced Fund,vinacapital,0.05752179099591918,0.051793880359771095,0.0057279106361480805,0.10931567135569027,True,False,0.052397891035317896
VINACAPITAL-VIBF,2026-04,2026-03-31,2026-04-27,4,1435266107487.0,1453558577403.0,19797.18,20133.59,21537950188.0,-27615928914.0,-6077978726.0,24370448642.0,0.0,24,0.016992824230521952,0.016992824230521952,0.0,0.11473408158600673,-0.09774125735548478,-0.09774125735548478,5.9,"bridged between observations at 2026-03 and 2026-08, which agree at 5.9%",balanced,VinaCapital Integrated Balanced Fund,vinacapital,0.01500624175241669,0.01924098170363166,-0.004234739951214971,0.03424722345604835,True,False,-0.12365206647043032
VINACAPITAL-VIBF,2026-05,2026-04-28,2026-05-25,4,1453558577403.0,1440245775117.0,20133.59,19911.88,28781956273.0,-26091571690.0,2690384583.0,-16003186869.0,0.0,24,-0.01101194570863917,-0.01101194570863917,0.0,0.017665880677066426,-0.028677826385705596,-0.028677826385705596,5.9,"bridged between observations at 2026-03 and 2026-08, which agree at 5.9%",balanced,VinaCapital Integrated Balanced Fund,vinacapital,0.01980102950128317,0.01795013430873663,0.0018508951925465397,0.0377511638100198,True,False,0.049028824696929756
VINACAPITAL-VIBF,2026-06,2026-05-26,2026-06-29,5,1440245775117.0,1433280763410.0,19911.88,19835.81,27847675300.0,-29252113070.0,-1404437770.0,-5560573937.0,0.0,30,-0.0038203323844860915,-0.0038203323844860915,0.0,-0.01646845490262605,0.01264812251813996,0.01264812251813996,5.9,"bridged between observations at 2026-03 and 2026-08, which agree at 5.9%",balanced,VinaCapital Integrated Balanced Fund,vinacapital,0.019335363297793923,0.020310500871022288,-0.0009751375732283672,0.039645864168816214,True,False,-0.024596199217051494
VINACAPITAL-VIBF,2026-07,2026-06-30,2026-07-27,4,1433280763410.0,1292399000974.0,19835.81,18329.55,13781090702.0,-47940188885.0,-34159098183.0,-106722664253.0,0.0,24,-0.07593639987477196,-0.07593639987477196,0.0,-0.10024959972398484,0.024313199849212874,0.024313199849212874,5.9,"bridged between observations at 2026-03 and 2026-08, which agree at 5.9%",balanced,VinaCapital Integrated Balanced Fund,vinacapital,0.009615067092097588,0.03344787016532808,-0.023832803073230498,0.043062937257425674,True,False,-0.5534411861123296
VINACAPITAL-VIBF,2026-08,2026-07-28,2026-08-10,2,1292399000974.0,1351615935542.0,18329.55,19220.18,4435337598.0,-7897023706.0,-3461686108.0,62678620676.0,0.0,12,0.0485898453589968,0.0485898453589968,0.0,0.06456522129885367,-0.015975375939856873,-0.015975375939856873,5.9,"mean of big-four published 12-month VND board rates (Agribank 5.9, BIDV 5.9, Vietcombank 5.9, VietinBank 5.9), read live from https://cafefnew.mediacdn.vn/Images/Uploaded/DuLieuDownload/Liveboard/all_banks_interest_rates.json on 2026-08-15",balanced,VinaCapital Integrated Balanced Fund,vinacapital,0.0034318639945228714,0.006110360422786236,-0.0026784964282633647,0.009542224417309108,True,False,-0.28069937481293245
VINACAPITAL-VLBF,2021-09,2021-09-09,2021-09-29,2,50307269329.0,51507009266.0,9999.95,10014.92,,,218547766.0,56249835.0,0.0,12,0.0010894772638538885,0.0010894772638538885,924942336.0,-0.008653838039210049,0.009743315303063937,0.009743315303063937,,,bond,VinaCapital Liquidity Bond Fund,vinacapital,,,0.004344258174116728,,False,False,
VINACAPITAL-VLBF,2021-10,2021-09-30,2021-10-27,4,51507009266.0,51827937713.0,10014.92,10060.94,,,83106527.0,237821920.0,0.0,24,0.004595144045084876,0.004595144045084876,0.0,0.06258167128381653,-0.057986527238731655,-0.057986527238731655,,,bond,VinaCapital Liquidity Bond Fund,vinacapital,,,0.001613499369975243,,False,False,
VINACAPITAL-VLBF,2021-11,2021-10-28,2021-11-24,4,51827937713.0,52583198748.0,10060.94,10105.22,,,526561971.0,228699064.0,0.0,24,0.004401179213870288,0.004401179213870288,0.0,0.04627482396593163,-0.041873644752061345,-0.041873644752061345,,,bond,VinaCapital Liquidity Bond Fund,vinacapital,,,0.010159809443236297,,False,False,
VINACAPITAL-VLBF,2021-12,2021-11-25,2021-12-29,5,52583198748.0,68256915427.0,10105.22,10146.38,,,15432754933.0,240961746.0,0.0,30,0.004073142395712326,0.004073142395712326,0.0,-0.002048533451543655,0.006121675847255981,0.006121675847255981,,,bond,VinaCapital Liquidity Bond Fund,vinacapital,,,0.29349212867326724,,False,False,
VINACAPITAL-VLBF,2022-01,2021-12-30,2022-01-26,4,68256915427.0,89499342418.0,10146.38,10184.25,,,20936202318.0,306224673.0,0.0,24,0.0037323656318803966,0.0037323656318803966,0.0,-0.0028536431061636502,0.006586008738044047,0.006586008738044047,,,bond,VinaCapital Liquidity Bond Fund,vinacapital,,,0.3067264640810063,,False,False,
VINACAPITAL-VLBF,2022-02,2022-01-27,2022-02-23,3,89499342418.0,90224109480.0,10184.25,10226.34,,,395914027.0,277443772.0,0.0,18,0.003095795247681332,0.003095795247681332,51409263.0,0.0018819313192901532,0.001213863928391179,0.001213863928391179,,,bond,VinaCapital Liquidity Bond Fund,vinacapital,,,0.00442365291524616,,False,False,
VINACAPITAL-VLBF,2022-03,2022-02-24,2022-03-30,5,90224109480.0,89592528558.0,10226.34,10276.24,,,-1071317802.0,439736880.0,0.0,30,0.004879556126629714,0.004879556126629714,0.0,-0.014408516828671503,0.019288072955301216,0.019288072955301216,,,bond,VinaCapital Liquidity Bond Fund,vinacapital,,,-0.011873963712963875,,False,False,
VINACAPITAL-VLBF,2022-04,2022-03-31,2022-04-27,4,89592528558.0,109043096975.0,10276.24,10321.51,,,19018856294.0,431712123.0,0.0,24,0.0044053077779420136,0.0044053077779420136,0.0,-0.09174041100026165,0.09614571877820366,0.09614571877820366,,,bond,VinaCapital Liquidity Bond Fund,vinacapital,,,0.212281722595737,,False,False,
VINACAPITAL-VLBF,2022-05,2022-04-28,2022-05-25,4,109043096975.0,88652778687.0,10321.51,10362.88,,,-20799518096.0,409199808.0,0.0,24,0.004008134468696856,0.004008134468696856,0.0,-0.06303877320371976,0.06704690767241661,0.06704690767241661,,,bond,VinaCapital Liquidity Bond Fund,vinacapital,,,-0.1907458488708244,,False,False,
VINACAPITAL-VLBF,2022-06,2022-05-26,2022-06-29,5,88652778687.0,77943060858.0,10362.88,10420.57,,,-11166817272.0,457099443.0,0.0,30,0.005566985239624733,0.005566985239624733,0.0,-0.039686856980676755,0.04525384222030149,0.04525384222030149,,,bond,VinaCapital Liquidity Bond Fund,vinacapital,,,-0.12596127766537224,,False,False,
VINACAPITAL-VLBF,2022-07,2022-06-30,2022-07-27,4,77943060858.0,80107892401.0,10420.57,10463.86,,,1836946252.0,327885291.0,0.0,24,0.004154283306959439,0.004154283306959439,0.0,-0.02220689768407913,0.02636118099103857,0.02636118099103857,5.5,"Press report, article dated 02/08/2022 reporting the increase: ""for a 12-month term, the interest rate increases from 5.5%/year to 5.6%/year"". 5.5% is the pre-increase level, so it is the July level; the month is inferred from the increase date, the level is stated (https://en.baoquocte.vn/the-trend-of-race-to-increase-interest-rates-continues-to-be-hot-192920.html)",bond,VinaCapital Liquidity Bond Fund,vinacapital,,,0.02356779720707437,,False,False,
VINACAPITAL-VLBF,2022-08,2022-07-28,2022-08-31,5,80107892401.0,248130550039.0,10463.86,10513.71,,,167158823206.0,863834432.0,0.0,30,0.004764016338139054,0.004764016338139054,0.0,0.07511922353573364,-0.07035520719759458,-0.07035520719759458,5.6,"Press report, article dated 02/08/2022: ""for a 12-month term, the interest rate increases from 5.5%/year to 5.6%/year"". Sits just above the SBV's 5.5-6.6% band for 12-to-24-month terms that month (https://en.baoquocte.vn/the-trend-of-race-to-increase-interest-rates-continues-to-be-hot-192920.html)",bond,VinaCapital Liquidity Bond Fund,vinacapital,,,2.086671090649157,,False,False,
VINACAPITAL-VLBF,2022-09,2022-09-01,2022-09-28,4,248130550039.0,80074294011.0,10513.71,10541.69,,,-168398513246.0,342257218.0,0.0,24,0.002661287024276149,0.002661287024276149,0.0,-0.10690271844811838,0.10956400547239453,0.10956400547239453,5.6,"Agribank published board rate, 12 months VND retail term deposit, read from Wayback Machine snapshot 20220926055710 of https://www.agribank.com.vn/vn/lai-suat",bond,VinaCapital Liquidity Bond Fund,vinacapital,,,-0.6786690039559091,,False,False,
VINACAPITAL-VLBF,2022-10,2022-09-29,2022-10-26,4,80074294011.0,129706966105.0,10541.69,10583.88,,,49111646105.0,521025989.0,0.0,24,0.004002204580100477,0.004002204580100477,0.0,-0.1313897973102952,0.13539200189039569,0.13539200189039569,6.4,"Agribank published board rate, 12 months VND retail term deposit, read from Wayback Machine snapshot 20221020012153 of https://www.agribank.com.vn/vn/lai-suat",bond,VinaCapital Liquidity Bond Fund,vinacapital,,,0.6133259957091025,,False,False,
VINACAPITAL-VLBF,2022-11,2022-10-27,2022-11-30,5,129706966105.0,78846972441.0,10583.88,10636.41,,,-51327594717.0,467601053.0,0.0,30,0.004963208199639357,0.004963208199639357,0.0,0.05542804220020958,-0.050464834000570225,-0.050464834000570225,7.4,"Agribank published board rate, 12 months VND retail term deposit, read from Wayback Machine snapshot 20221128042309 of https://www.agribank.com.vn/vn/lai-suat",bond,VinaCapital Liquidity Bond Fund,vinacapital,,,-0.3957196460477646,,False,False,
VINACAPITAL-VLBF,2022-12,2022-12-01,2022-12-28,4,78846972441.0,59582177074.0,10636.41,10584.79,,,-19013585620.0,-251209747.0,0.0,24,-0.004853141238444159,-0.004853141238444159,0.0,-0.031247019324316616,0.026393878085872458,0.026393878085872458,7.4,"Agribank published board rate, 12 months VND retail term deposit, read from Wayback Machine snapshot 20221225030309 of https://www.agribank.com.vn/vn/lai-suat",bond,VinaCapital Liquidity Bond Fund,vinacapital,,,-0.24114541156577166,,False,False,
VINACAPITAL-VLBF,2023-01,2023-01-05,2023-01-25,3,58967615641.0,58965786058.0,10593.62,10633.35,,,-222403894.0,220574311.0,0.0,18,0.003750370506021339,0.003750370506021339,0.0,0.04949707336477838,-0.04574670285875704,-0.04574670285875704,7.4,"bridged between observations at 2022-12 and 2023-02, which agree at 7.4%",bond,VinaCapital Liquidity Bond Fund,vinacapital,,,-0.0037716277245126266,,False,False,
VINACAPITAL-VLBF,2023-02,2023-01-26,2023-02-22,4,58965786058.0,58768415429.0,10633.35,10685.83,,,-487219762.0,289849133.0,0.0,24,0.00493541546173093,0.00493541546173093,0.0,-0.04855245108656414,0.05348786654829507,0.05348786654829507,7.4,"Agribank published board rate, 12 months VND retail term deposit, read from Wayback Machine snapshot 20230227065357 of https://www.agribank.com.vn/vn/lai-suat",bond,VinaCapital Liquidity Bond Fund,vinacapital,,,-0.008262753616491439,,False,False,
VINACAPITAL-VLBF,2023-03,2023-02-23,2023-03-29,5,58768415429.0,59105971123.0,10685.83,10751.09,,,-21249300.0,358804994.0,0.0,30,0.006107153117727027,0.006107153117727027,0.0,0.0019444549834959357,0.004162698134231091,0.004162698134231091,7.2,"Agribank published board rate, 12 months VND retail term deposit, read from Wayback Machine snapshot 20230327002150 of https://www.agribank.com.vn/vn/lai-suat",bond,VinaCapital Liquidity Bond Fund,vinacapital,,,-0.0003615768750081744,,False,False,
VINACAPITAL-VLBF,2023-04,2023-03-30,2023-04-26,4,59105971123.0,56500074336.0,10751.09,10803.65,,,-2893540922.0,287644135.0,0.0,24,0.004888806623328357,0.004888806623328357,0.0,-0.014701845067355834,0.01959065169068419,0.01959065169068419,7.2,"Agribank published board rate, 12 months VND retail term deposit, read from Wayback Machine snapshot 20230422161036 of https://www.agribank.com.vn/vn/lai-suat",bond,VinaCapital Liquidity Bond Fund,vinacapital,,,-0.04895513713798083,,False,False,
VINACAPITAL-VLBF,2023-05,2023-04-27,2023-05-31,5,56500074336.0,53243341731.0,10803.65,10907.76,,,-3811665800.0,554933195.0,0.0,30,0.009636558015115204,0.009636558015115204,0.0,0.033022674865488266,-0.023386116850373062,-0.023386116850373062,6.8,"Shinhan Securities Vietnam, Vietnam Economic Update (25 Mar 2024), indicator table row ""Avg. Deposit rate 12M term of SCBs"", column 05/23 = 6.8% (https://shinhansec.com.vn/uploads/report/Vietnam_economic_update_2402_E.pdf)",bond,VinaCapital Liquidity Bond Fund,vinacapital,,,-0.06746302274457949,,False,False,
VINACAPITAL-VLBF,2023-06,2023-06-01,2023-06-21,3,53243341731.0,58462983296.0,10907.76,10933.14,,,5089306602.0,130334963.0,0.0,18,0.002326783867631743,0.002326783867631743,0.0,0.04026340020647878,-0.03793661633884704,-0.03793661633884704,6.8,"Agribank published board rate, 12 months VND retail term deposit, read from Wayback Machine snapshot 20230606055027 of https://www.agribank.com.vn/vn/lai-suat",bond,VinaCapital Liquidity Bond Fund,vinacapital,,,0.09558578474868419,,False,False,
VINACAPITAL-VLBF,2023-07,2023-06-29,2023-07-26,4,59261828112.0,56856233399.0,10946.83,10997.89,,,-2682872687.0,277277974.0,0.0,24,0.004664364021365275,0.004664364021365275,0.0,0.06704342494601856,-0.062379060924653285,-0.062379060924653285,6.4,"VNDIRECT Research, average 12-month term deposit rate across commercial banks: ""the average 12-month deposit interest rate of commercial banks fell to 6.40% p.a at the end of July 2023"" (https://www.vndirect.com.vn/cmsupload/beta/Vietnam-Money-market-chartbook_August_20230809.pdf)",bond,VinaCapital Liquidity Bond Fund,vinacapital,,,-0.045271514100604364,,False,False,
VINACAPITAL-VLBF,2023-08,2023-07-27,2023-08-30,5,56856233399.0,57785887064.0,10997.89,11062.55,,,592699236.0,336954429.0,0.0,30,0.005879309576654945,0.005879309576654945,0.0,0.010259485027147575,-0.004380175450492629,-0.004380175450492629,5.9,"VNDIRECT Research, average 12-month term deposit rate across commercial banks: ""decreased to 5.4%/year on October 10, down 0.5% points compared to the end of August (corroborated by the 25 Sep report's 0.3pp decline from end-August)"" (https://www.vndirect.com.vn/cmsupload/beta/Econ_Update_20231017.pdf)",bond,VinaCapital Liquidity Bond Fund,vinacapital,,,0.010424525167550486,,False,False,
VINACAPITAL-VLBF,2023-09,2023-08-31,2023-09-27,4,57785887064.0,58250166876.0,11062.55,11112.75,,,201402264.0,262877548.0,0.0,24,0.004537832597366842,0.004537832597366842,0.0,-0.04888885225361883,0.05342668485098567,0.05342668485098567,5.6,"VNDIRECT Research, average 12-month term deposit rate across commercial banks: ""decreased to 5.6%/year on 25 Sep 2023, down 0.3% points compared to the end of Aug 2023"" (https://www.vndirect.com.vn/Market-Strategy_October_20231005.pdf)",bond,VinaCapital Liquidity Bond Fund,vinacapital,,,0.0034853192402660455,,False,False,
VINACAPITAL-VLBF,2023-10,2023-09-28,2023-10-25,4,58250166876.0,59169900942.0,11112.75,11161.11,,,665348344.0,254385722.0,0.0,24,0.004351758115678006,0.004351758115678006,0.0,-0.045231182562724515,0.04958294067840252,0.04958294067840252,5.3,"VNDIRECT Research, average 12-month term deposit rate across commercial banks: ""As of October 26, 2023, the average 12-month deposit interest rate of commercial banks has decreased to 5.3%/year"" (https://www.vndirect.com.vn/Market-Strategy_November_20231106.pdf)",bond,VinaCapital Liquidity Bond Fund,vinacapital,,,0.011422256444627186,,False,False,
VINACAPITAL-VLBF,2023-11,2023-10-26,2023-11-29,5,59169900942.0,59421254176.0,11161.11,11218.59,,,-53151086.0,304504320.0,0.0,30,0.005150025400699532,0.005150025400699532,0.0,0.0010348020260331214,0.00411522337466641,0.00411522337466641,5.18,"Shinhan Securities Vietnam, Vietnam Economic Update (25 Mar 2024), indicator table row ""Avg. Deposit rate 12M term of SCBs"", column 11/23 = 5.18% (https://shinhansec.com.vn/uploads/report/Vietnam_economic_update_2402_E.pdf)",bond,VinaCapital Liquidity Bond Fund,vinacapital,,,-0.000898279110727263,,False,False,
VINACAPITAL-VLBF,2023-12,2023-11-30,2023-12-27,4,59421254176.0,60416028562.0,11218.59,11255.86,,,796069051.0,198705335.0,0.0,24,0.003322164371815095,0.003322164371815095,0.0,0.017401160681900674,-0.014078996310085579,-0.014078996310085579,5.3,"Agribank published board rate, 12 months VND retail term deposit, read from Wayback Machine snapshot 20231204024251 of https://www.agribank.com.vn/vn/lai-suat",bond,VinaCapital Liquidity Bond Fund,vinacapital,,,0.013397042220652572,,False,False,
VINACAPITAL-VLBF,2024-01,2023-12-28,2024-01-31,5,60416028562.0,61124706682.0,11255.86,11295.09,,,497550438.0,211127682.0,0.0,30,0.0034852956593274254,0.0034852956593274254,0.0,0.03771869624506441,-0.034233400585736984,-0.034233400585736984,5.14,"VNDIRECT Research, average 12-month term deposit rate across commercial banks: ""As of January 31, 2024, the average 12-month term deposit interest rate of commercial banks has decreased to 5.14%/year"" (https://www.vndirect.com.vn/cmsupload/beta/Market-Strategy_Feb_20240206.pdf)",bond,VinaCapital Liquidity Bond Fund,vinacapital,,,0.008235404574622195,,False,False,
VINACAPITAL-VLBF,2024-02,2024-02-01,2024-02-28,4,61124706682.0,62516889144.0,11295.09,11321.94,,,1245056889.0,147125573.0,0.0,24,0.0023771390931814906,0.0023771390931814906,0.0,0.07750513179479657,-0.07512799270161508,-0.07512799270161508,4.78,"Shinhan Securities Vietnam, Vietnam Economic Update (25 Mar 2024), indicator table row ""Avg. Deposit rate 12M term of SCBs"", column 02/24 = 4.78% (https://shinhansec.com.vn/uploads/report/Vietnam_economic_update_2402_E.pdf)",bond,VinaCapital Liquidity Bond Fund,vinacapital,,,0.020369126603377946,,False,False,
VINACAPITAL-VLBF,2024-03,2024-02-29,2024-03-27,4,62516889144.0,62247997106.0,11321.94,11353.18,,,-440693408.0,171801370.0,0.0,24,0.0027592444404402894,0.0027592444404402894,0.0,0.022749192937706608,-0.01998994849726632,-0.01998994849726632,4.7,"Shinhan Securities Vietnam, Vietnam Economic Update (25 Mar 2024): ""Deposit interest rates 12M term at State-owned commercial banks (SCBs) continue to decrease, reaching 4.7% on March 22, 2024"" (https://shinhansec.com.vn/uploads/report/Vietnam_economic_update_2402_E.pdf)",bond,VinaCapital Liquidity Bond Fund,vinacapital,,,-0.007049189651534271,,False,False,
VINACAPITAL-VLBF,2024-04,2024-03-28,2024-04-18,3,62247997106.0,63527371202.0,11353.18,11376.36,,,1150866493.0,128507603.0,0.0,19,0.0020417187078862753,0.0020417187078862753,0.0,-0.0702055194881106,0.07224723819599688,0.07224723819599688,4.61,"VNDIRECT Research, average 12-month term deposit rate across commercial banks: ""As of April 27, 2024, the average 12-month term deposit interest rate of commercial banks plateaued at around 4.61%"" (https://www.vndirect.com.vn/cmsupload/beta/Econ_Update_20240520.pdf)",bond,VinaCapital Liquidity Bond Fund,vinacapital,,,0.018488410013260806,,False,False,
VINACAPITAL-VLBF,2024-05,2024-04-25,2024-05-29,5,63669218439.0,64036859069.0,11378.49,11417.17,,,150333785.0,217306845.0,0.0,30,0.0033993965807410653,0.0033993965807410653,0.0,0.06674713539702126,-0.0633477388162802,-0.0633477388162802,4.7,"Agribank published board rate, 12 months VND retail term deposit, read from Wayback Machine snapshot 20240526204434 of https://www.agribank.com.vn/vn/lai-suat",bond,VinaCapital Liquidity Bond Fund,vinacapital,,,0.002361169002632431,,False,False,
VINACAPITAL-VLBF,2024-06,2024-05-30,2024-06-26,4,64036859069.0,62814203092.0,11417.17,11452.54,,,-1419057428.0,196401451.0,0.0,24,0.0030979656079395124,0.0030979656079395124,0.0,-0.008957757103344233,0.012055722711283745,0.012055722711283745,4.7,"Agribank published board rate, 12 months VND retail term deposit, read from Wayback Machine snapshot 20240626111100 of https://www.agribank.com.vn/vn/lai-suat",bond,VinaCapital Liquidity Bond Fund,vinacapital,,,-0.0221600098541835,,False,False,
VINACAPITAL-VLBF,2024-07,2024-06-27,2024-07-31,4,62814203092.0,61375049708.0,11452.54,11500.31,,,-1021518975.0,205388092.0,0.0,24,0.003346517012408512,0.003346517012408512,-623022501.0,-0.013086481831303787,0.0164329988437123,0.0164329988437123,4.7,"bridged between observations at 2024-06 and 2024-09, which agree at 4.7%",bond,VinaCapital Liquidity Bond Fund,vinacapital,,,-0.01626254771558346,,False,False,
VINACAPITAL-VLBF,2024-08,2024-08-08,2024-08-28,3,61243764569.0,62079865203.0,11510.28,11541.89,,,667753587.0,168347047.0,0.0,18,0.0027462407517453435,0.0027462407517453435,0.0,0.060513771186440746,-0.0577675304346954,-0.0577675304346954,4.7,"bridged between observations at 2024-06 and 2024-09, which agree at 4.7%",bond,VinaCapital Liquidity Bond Fund,vinacapital,,,0.01090320935852463,,False,False,
VINACAPITAL-VLBF,2024-09,2024-08-29,2024-09-25,4,62079865203.0,62397046220.0,11541.89,11584.04,,,89831991.0,227349026.0,0.0,24,0.0036519148943545687,0.0036519148943545687,0.0,0.004713447371706758,-0.0010615324773521895,-0.0010615324773521895,4.7,"Agribank published board rate, 12 months VND retail term deposit, read from Wayback Machine snapshot 20240906234432 of https://www.agribank.com.vn/vn/lai-suat",bond,VinaCapital Liquidity Bond Fund,vinacapital,,,0.0014470390795187952,,False,False,
VINACAPITAL-VLBF,2024-10,2024-09-26,2024-10-30,5,62397046220.0,62457575736.0,11584.04,11637.81,,,-228083725.0,288613241.0,0.0,30,0.004641731209492184,0.004641731209492184,0.0,-0.022408115077515722,0.027049846287007906,0.027049846287007906,4.7,"Agribank published board rate, 12 months VND retail term deposit, read from Wayback Machine snapshot 20241008043404 of https://www.agribank.com.vn/vn/lai-suat",bond,VinaCapital Liquidity Bond Fund,vinacapital,,,-0.0036553609316027653,,False,False,
VINACAPITAL-VLBF,2024-11,2024-10-31,2024-11-27,4,62457575736.0,67491564434.0,11637.81,11680.5,,,4804893491.0,229095207.0,0.0,24,0.0036682159272234394,0.0036682159272234394,0.0,-0.013236614414085301,0.01690483034130874,0.01690483034130874,4.7,"Agribank published board rate, 12 months VND retail term deposit, read from Wayback Machine snapshot 20241128101714 of https://www.agribank.com.vn/vn/lai-suat",bond,VinaCapital Liquidity Bond Fund,vinacapital,,,0.07693051538390885,,False,False,
VINACAPITAL-VLBF,2024-12,2024-11-28,2024-12-25,4,67491564434.0,53512981024.0,11680.5,11720.44,,,-14180480217.0,201896807.0,0.0,24,0.0034193741706263214,0.0034193741706263214,0.0,0.025821879755549837,-0.022402505584923516,-0.022402505584923516,4.7,"Agribank published board rate, 12 months VND retail term deposit, read from Wayback Machine snapshot 20241217044809 of https://www.agribank.com.vn/vn/lai-suat",bond,VinaCapital Liquidity Bond Fund,vinacapital,,,-0.21010744581075894,,False,False,
VINACAPITAL-VLBF,2025-01,2025-01-02,2025-01-22,3,52369717919.0,52485645977.0,11731.53,11765.88,,,-36502037.0,152430095.0,0.0,18,0.002928006832868091,0.002928006832868091,0.0,-0.021406462893101663,0.024334469725969754,0.024334469725969754,4.7,"bridged between observations at 2024-12 and 2025-02, which agree at 4.7%",bond,VinaCapital Liquidity Bond Fund,vinacapital,,,-0.000697006561243227,,False,False,
VINACAPITAL-VLBF,2025-02,2025-01-23,2025-02-26,5,52485645977.0,52593977290.0,11765.88,11821.49,,,-137175250.0,245506563.0,0.0,30,0.004726378307444934,0.004726378307444934,0.0,0.048634640612299274,-0.04390826230485434,-0.04390826230485434,4.7,"Agribank published board rate, 12 months VND retail term deposit, read from Wayback Machine snapshot 20250207105719 of https://www.agribank.com.vn/vn/lai-suat",bond,VinaCapital Liquidity Bond Fund,vinacapital,,,-0.00261357648260845,,False,False,
VINACAPITAL-VLBF,2025-03,2025-02-27,2025-03-19,3,52593977290.0,52868688415.0,11821.49,11855.43,,,123398022.0,151313103.0,0.0,18,0.0028710424828004566,0.0028710424828004566,0.0,0.016631362436299035,-0.013760319953498579,-0.013760319953498579,4.7,"Agribank published board rate, 12 months VND retail term deposit, read from Wayback Machine snapshot 20250323005822 of https://www.agribank.com.vn/vn/lai-suat",bond,VinaCapital Liquidity Bond Fund,vinacapital,,,0.002346238644770879,,False,False,
VINACAPITAL-VLBF,2025-04,2025-03-27,2025-04-23,4,52912271062.0,52588427639.0,11866.78,11911.75,,,-523213816.0,199370393.0,0.0,24,0.0037895705490453846,0.0037895705490453846,0.0,-0.08521615639706603,0.08900572694611142,0.08900572694611142,4.7,"Agribank published board rate, 12 months VND retail term deposit, read from Wayback Machine snapshot 20250404031732 of https://www.agribank.com.vn/vn/lai-suat",bond,VinaCapital Liquidity Bond Fund,vinacapital,,,-0.009888326573375083,,False,False,
VINACAPITAL-VLBF,2025-05,2025-04-24,2025-05-28,5,52588427639.0,53475155202.0,11911.75,11966.52,,,644665978.0,242061585.0,0.0,30,0.004597980985161287,0.004597980985161287,0.0,0.10806771263418646,-0.10346973164902518,-0.10346973164902518,4.7,"Agribank published board rate, 12 months VND retail term deposit, read from Wayback Machine snapshot 20250531072021 of https://www.agribank.com.vn/vn/lai-suat",bond,VinaCapital Liquidity Bond Fund,vinacapital,,,0.0122587041853655,,False,False,
VINACAPITAL-VLBF,2025-06,2025-05-29,2025-06-25,4,53475155202.0,42545909624.0,11966.52,12001.76,,,-11076208603.0,146963025.0,0.0,24,0.0029448828899298896,0.0029448828899298896,0.0,0.01854128939465083,-0.015596406504720939,-0.015596406504720939,4.7,"Agribank published board rate, 12 months VND retail term deposit, read from Wayback Machine snapshot 20250613002901 of https://www.agribank.com.vn/vn/lai-suat",bond,VinaCapital Liquidity Bond Fund,vinacapital,,,-0.20712812447500376,,False,False,
VINACAPITAL-VLBF,2025-07,2025-06-26,2025-07-30,5,42545909624.0,43772727929.0,12001.76,12058.72,,,1021618492.0,205199813.0,0.0,30,0.004745970590980031,0.004745970590980031,0.0,0.1030766416681912,-0.09833067107721116,-0.09833067107721116,4.7,"Agribank published board rate, 12 months VND retail term deposit, read from Wayback Machine snapshot 20250722154555 of https://www.agribank.com.vn/vn/lai-suat",bond,VinaCapital Liquidity Bond Fund,vinacapital,,,0.02401214361212549,,False,False,
VINACAPITAL-VLBF,2025-08,2025-07-31,2025-08-27,4,43772727929.0,43594794631.0,12058.72,12098.76,,,-323085116.0,145151818.0,0.0,24,0.0033204187509123795,0.0033204187509123795,0.0,0.109542792329683,-0.10622237357877062,-0.10622237357877062,4.7,"bridged between observations at 2025-07 and 2025-10, which agree at 4.7%",bond,VinaCapital Liquidity Bond Fund,vinacapital,,,-0.007380968271478276,,False,False,
VINACAPITAL-VLBF,2025-09,2025-08-28,2025-09-24,4,43594794631.0,44009425173.0,12098.76,12131.79,,,295534961.0,119095581.0,0.0,24,0.002730031837973268,0.002730031837973268,0.0,-0.009158406963258758,0.011888438801232026,0.011888438801232026,4.7,"bridged between observations at 2025-07 and 2025-10, which agree at 4.7%",bond,VinaCapital Liquidity Bond Fund,vinacapital,,,0.006779134148962061,,False,False,
VINACAPITAL-VLBF,2025-10,2025-09-25,2025-10-29,5,44009425173.0,44703570706.0,12131.79,12174.86,,,536668142.0,157477391.0,0.0,30,0.003550176849417941,0.003550176849417941,0.0,0.017116551832321747,-0.013566374982903806,-0.013566374982903806,4.7,"Press report, ""Bank interest rates started to rise from the end of October. The average for a 12-month term was 5.34% at private banks and 4.7% at state-owned banks"" (https://vcdn.vietnam.vn/en/lai-suat-ngan-hang-dong-loat-tang-gui-100-trieu-dong-nhan-duoc-bao-nhieu-tien-lai)",bond,VinaCapital Liquidity Bond Fund,vinacapital,,,0.01219439108532707,,False,False,
VINACAPITAL-VLBF,2025-11,2025-10-30,2025-11-26,4,44703570706.0,45124908569.0,12174.86,12209.8,,,292753601.0,128584262.0,0.0,24,0.0028698481953794985,0.0028698481953794985,0.0,-0.003244692525343651,0.0061145407207231495,0.0061145407207231495,,"no observation: bracketing observations 2025-10 at 4.7% and 2026-03 at 5.9% disagree, so the rate moved somewhere in this gap; left missing rather than picking a side",bond,VinaCapital Liquidity Bond Fund,vinacapital,,,0.0065487744351640205,,False,False,
VINACAPITAL-VLBF,2025-12,2025-11-27,2025-12-24,4,45124908569.0,45465362489.0,12209.8,12284.4,,,62220454.0,278233466.0,0.0,24,0.006109846189126911,0.006109846189126911,0.0,0.06097502916041786,-0.05486518297129095,-0.05486518297129095,,"no observation: bracketing observations 2025-10 at 4.7% and 2026-03 at 5.9% disagree, so the rate moved somewhere in this gap; left missing rather than picking a side",bond,VinaCapital Liquidity Bond Fund,vinacapital,,,0.0013788494198245164,,False,False,
VINACAPITAL-VLBF,2026-01,2025-12-26,2026-01-28,5,45610350731.0,46474756545.0,12285.75,12329.97,,,700453412.0,163952402.0,0.0,29,0.0035992918625236126,0.0035992918625236126,0.0,0.011268664251018023,-0.007669372388494411,-0.007669372388494411,,"no observation: bracketing observations 2025-10 at 4.7% and 2026-03 at 5.9% disagree, so the rate moved somewhere in this gap; left missing rather than picking a side",bond,VinaCapital Liquidity Bond Fund,vinacapital,,,0.015357334481620695,,False,False,
VINACAPITAL-VLBF,2026-02,2026-01-29,2026-02-25,4,46474756545.0,46379178706.0,12329.97,12370.16,,,-246663669.0,151085830.0,0.0,24,0.003259537533343515,0.003259537533343515,0.0,0.032170213710057904,-0.02891067617671439,-0.02891067617671439,,"no observation: bracketing observations 2025-10 at 4.7% and 2026-03 at 5.9% disagree, so the rate moved somewhere in this gap; left missing rather than picking a side",bond,VinaCapital Liquidity Bond Fund,vinacapital,,,-0.005307476301918087,,False,False,
VINACAPITAL-VLBF,2026-03,2026-02-26,2026-03-25,4,46379178706.0,44782869118.0,12370.16,12414.71,,,-1760160983.0,163851395.0,0.0,24,0.003601408550899743,0.003601408550899743,0.0,-0.1089359506907911,0.11253735924169084,0.11253735924169084,5.9,"mean of big-four published 12-month VND board rates (Agribank 5.9, BIDV 5.9, Vietcombank 5.9, VietinBank 5.9), read from Wayback Machine snapshot 20260331012516 of https://cafefnew.mediacdn.vn/Images/Uploaded/DuLieuDownload/Liveboard/all_banks_interest_rates.json",bond,VinaCapital Liquidity Bond Fund,vinacapital,,,-0.0379515341174485,,False,False,
VINACAPITAL-VLBF,2026-04,2026-03-26,2026-04-22,4,44782869118.0,44245178361.0,12414.71,12465.42,,,-718569112.0,180878355.0,0.0,24,0.004084670523919032,0.004084670523919032,0.0,0.12007671014781174,-0.1159920396238927,-0.1159920396238927,5.9,"bridged between observations at 2026-03 and 2026-08, which agree at 5.9%",bond,VinaCapital Liquidity Bond Fund,vinacapital,,,-0.01604562472553101,,False,False,
VINACAPITAL-VLBF,2026-05,2026-04-23,2026-05-27,5,44245178361.0,44562887882.0,12465.42,12528.78,,,91556229.0,226153292.0,0.0,30,0.005082861227299285,0.005082861227299285,0.0,0.009223065740591174,-0.00414020451329189,-0.00414020451329189,5.9,"bridged between observations at 2026-03 and 2026-08, which agree at 5.9%",bond,VinaCapital Liquidity Bond Fund,vinacapital,,,0.002069292799612769,,False,False,
VINACAPITAL-VLBF,2026-06,2026-05-28,2026-06-24,4,44562887882.0,44353323509.0,12528.78,12584.62,,,-407007293.0,197442920.0,0.0,24,0.004456938345154038,0.004456938345154038,0.0,0.0019152489023328556,0.0025416894428211823,0.0025416894428211823,5.9,"bridged between observations at 2026-03 and 2026-08, which agree at 5.9%",bond,VinaCapital Liquidity Bond Fund,vinacapital,,,-0.009133323990979495,,False,False,
VINACAPITAL-VLBF,2026-07,2026-06-25,2026-07-29,5,44353323509.0,44870338899.0,12584.62,12650.38,,,285389673.0,231625717.0,0.0,30,0.00522542595644504,0.00522542595644504,0.0,-0.09229933653528699,0.09752476249173203,0.09752476249173203,5.9,"bridged between observations at 2026-03 and 2026-08, which agree at 5.9%",bond,VinaCapital Liquidity Bond Fund,vinacapital,,,0.006434459707221035,,False,False,
VINACAPITAL-VLBF,2026-08,2026-07-30,2026-08-12,2,44870338899.0,45152334674.0,12650.38,12679.96,,,177023373.0,104972402.0,0.0,12,0.0023382696804366,0.0023382696804366,0.0,0.05191590210479391,-0.04957763242435731,-0.04957763242435731,5.9,"mean of big-four published 12-month VND board rates (Agribank 5.9, BIDV 5.9, Vietcombank 5.9, VietinBank 5.9), read live from https://cafefnew.mediacdn.vn/Images/Uploaded/DuLieuDownload/Liveboard/all_banks_interest_rates.json on 2026-08-15",bond,VinaCapital Liquidity Bond Fund,vinacapital,,,0.003945220324688593,,False,False,
VLGF,2022-01,2022-01-06,2022-01-26,3,151183006141.0,150159912372.0,10066.65,9883.96,2654723246.0,-976571069.0,1678152177.0,-2701245946.0,0.0,18,-0.018148043291462468,-0.018148043291462468,0.0,-0.03074115022537416,0.01259310693391169,0.01259310693391169,,,equity,Vietnam Long-term Growth Fund,ssiam,0.017559667013924085,0.006459529373884829,0.011100137640039255,0.024019196387808913,True,False,0.4621360956802533
VLGF,2022-02,2022-01-27,2022-02-23,4,150159912372.0,161480247315.0,9883.96,10393.42,3630199137.0,-146389308.0,3483809829.0,7836525114.0,0.0,24,0.05154411794462943,0.05154411794462943,0.0,0.020734621147693755,0.030809496796935676,0.030809496796935676,,,equity,Vietnam Long-term Growth Fund,ssiam,0.02417555444496194,0.0009748894074827451,0.023200665037479196,0.025150443852444686,True,False,0.9224753715519034
VLGF,2022-03,2022-02-24,2022-03-30,5,161480247315.0,163848230675.0,10393.42,10456.2,4888236138.0,-3547853880.0,1340382258.0,1027601102.0,0.0,30,0.0060403601509417815,0.0060403601509417815,0.0,-0.014408516828671503,0.020448876979613284,0.020448876979613284,,,equity,Vietnam Long-term Growth Fund,ssiam,0.030271418450731644,0.02197082267950204,0.008300595771229607,0.05224224113023368,True,False,0.1588866708558159
VLGF,2022-04,2022-03-31,2022-04-27,4,163848230675.0,2064726785858.0,10456.2,9764.56,2156225011204.0,-109352799758.0,2046872211446.0,-145993656263.0,0.0,24,-0.06614640117824866,-0.06614640117824866,0.0,-0.09174041100026165,0.025594009822012986,0.025594009822012986,,,equity,Vietnam Long-term Growth Fund,ssiam,13.159891945864004,0.6674029942679452,12.492488951596059,13.82729494013195,True,False,0.9034658626784775
VLGF,2022-05,2022-04-28,2022-05-25,4,2064726785858.0,1988896396823.0,9764.56,9486.83,3103263125.0,-19588227179.0,-16484964054.0,-59345424981.0,0.0,24,-0.02844265384205724,-0.02844265384205724,0.0,-0.06303877320371976,0.034596119361662514,0.034596119361662514,,,equity,Vietnam Long-term Growth Fund,ssiam,0.001502989715760594,0.009487079507645407,-0.007984089791884814,0.010990069223406002,True,False,-0.7264822113113509
VLGF,2022-06,2022-05-26,2022-06-29,5,1988896396823.0,2174051081319.0,9486.83,9567.17,167514738839.0,-771333746.0,166743405093.0,18411279403.0,0.0,30,0.008468582234529398,0.008468582234529398,0.0,-0.039686856980676755,0.04815543921520615,0.04815543921520615,,,equity,Vietnam Long-term Growth Fund,ssiam,0.08422496974029554,0.0003878199725395974,0.08383714976775594,0.08461278971283513,True,False,0.990833064980937
VLGF,2022-07,2022-06-30,2022-07-27,4,2174051081319.0,2120755774521.0,9567.17,9357.95,404259091.0,-6146391935.0,-5742132844.0,-47553173954.0,0.0,24,-0.02186853583661641,-0.02186853583661641,0.0,-0.02220689768407913,0.00033836184746272036,0.00033836184746272036,5.5,"Press report, article dated 02/08/2022 reporting the increase: ""for a 12-month term, the interest rate increases from 5.5%/year to 5.6%/year"". 5.5% is the pre-increase level, so it is the July level; the month is inferred from the increase date, the level is stated (https://en.baoquocte.vn/the-trend-of-race-to-increase-interest-rates-continues-to-be-hot-192920.html)",equity,Vietnam Long-term Growth Fund,ssiam,0.00018594737468391746,0.002827160772722495,-0.0026412133980385777,0.0030131081474064126,True,False,-0.8765743772960987
VLGF,2022-08,2022-07-28,2022-08-31,5,2120755774521.0,2304326062789.0,9357.95,9731.45,100215149423.0,-2532904309.0,97682245114.0,85888043154.0,0.0,30,0.039912587692817025,0.039912587692817025,0.0,0.07511922353573364,-0.03520663584291661,-0.03520663584291661,5.6,"Press report, article dated 02/08/2022: ""for a 12-month term, the interest rate increases from 5.5%/year to 5.6%/year"". Sits just above the SBV's 5.5-6.6% band for 12-to-24-month terms that month (https://en.baoquocte.vn/the-trend-of-race-to-increase-interest-rates-continues-to-be-hot-192920.html)",equity,Vietnam Long-term Growth Fund,ssiam,0.047254450808054446,0.0011943404042231544,0.04606011040383129,0.0484487912122776,True,False,0.9506967924549378
VLGF,2022-09,2022-09-01,2022-09-28,4,2304326062789.0,2066570509302.0,9731.45,8958.5,665735431.0,-58188814405.0,-57523078974.0,-180232474513.0,0.0,24,-0.07942804001459192,-0.07942804001459192,0.0,-0.10690271844811838,0.027474678433526467,0.027474678433526467,5.6,"Agribank published board rate, 12 months VND retail term deposit, read from Wayback Machine snapshot 20220926055710 of https://www.agribank.com.vn/vn/lai-suat",equity,Vietnam Long-term Growth Fund,ssiam,0.00028890678352795217,0.025251988138593636,-0.024963081355065683,0.02554089492212159,True,False,-0.9773769255612321
VLGF,2022-10,2022-09-29,2022-10-26,4,2066570509302.0,1971608505266.0,8958.5,8020.33,146203431932.0,-27436601810.0,118766830122.0,-213728834158.0,0.0,24,-0.10472400513478819,-0.10472400513478819,0.0,-0.1313897973102952,0.02666579217550702,0.02666579217550702,6.4,"Agribank published board rate, 12 months VND retail term deposit, read from Wayback Machine snapshot 20221020012153 of https://www.agribank.com.vn/vn/lai-suat",equity,Vietnam Long-term Growth Fund,ssiam,0.07074688779013949,0.0132763927901337,0.057470495000005783,0.08402328058027318,True,False,0.6839829937977759
VLGF,2022-11,2022-10-27,2022-11-30,5,1971608505266.0,2145252197054.0,8020.33,8266.68,108172416268.0,-1129855939.0,107042560329.0,66601131459.0,0.0,30,0.030715693743274874,0.030715693743274874,0.0,0.05542804220020958,-0.024712348456934707,-0.024712348456934707,7.4,"Agribank published board rate, 12 months VND retail term deposit, read from Wayback Machine snapshot 20221128042309 of https://www.agribank.com.vn/vn/lai-suat",equity,Vietnam Long-term Growth Fund,ssiam,0.05486505864581158,0.0005730630274632363,0.05429199561834835,0.05543812167327482,True,False,0.9793260301696154
VLGF,2022-12,2022-12-01,2022-12-28,4,2145252197054.0,2372930452363.0,8266.68,8250.86,234577852825.0,-343056429.0,234234796396.0,-6556541087.0,0.0,24,-0.0019137065907955941,-0.0019137065907955941,0.0,-0.031247019324316616,0.029333312733521022,0.029333312733521022,7.4,"Agribank published board rate, 12 months VND retail term deposit, read from Wayback Machine snapshot 20221225030309 of https://www.agribank.com.vn/vn/lai-suat",equity,Vietnam Long-term Growth Fund,ssiam,0.10934744788847557,0.00015991426531160644,0.10918753362316397,0.10950736215378717,True,False,0.9970793878664153
VLGF,2023-01,2022-12-29,2023-01-25,4,2372930452363.0,2594711283466.0,8250.86,8826.45,54521528105.0,-1052187511.0,53469340594.0,168311490509.0,0.0,24,0.06976121277054759,0.06976121277054759,0.0,0.09099501801784093,-0.021233805247293347,-0.021233805247293347,7.4,"bridged between observations at 2022-12 and 2023-02, which agree at 7.4%",equity,Vietnam Long-term Growth Fund,ssiam,0.022976454303878412,0.0004434127051436403,0.022533041598734774,0.023419867009022054,True,False,0.9621336274050725
VLGF,2023-02,2023-01-26,2023-02-22,4,2594711283466.0,2713879017421.0,8826.45,8509.42,219013582666.0,-580514740.0,218433067926.0,-99265333971.0,0.0,24,-0.035918177749831526,-0.035918177749831526,0.0,-0.04855245108656414,0.012634273336732615,0.012634273336732615,7.4,"Agribank published board rate, 12 months VND retail term deposit, read from Wayback Machine snapshot 20230227065357 of https://www.agribank.com.vn/vn/lai-suat",equity,Vietnam Long-term Growth Fund,ssiam,0.08440768884831107,0.0002237299940456388,0.08418395885426544,0.08463141884235671,True,False,0.9947128383972297
VLGF,2023-03,2023-03-02,2023-03-29,4,2613636722558.0,2628303865046.0,8328.98,8250.89,41886339753.0,-2380089446.0,39506250307.0,-24839107819.0,0.0,24,-0.009375697864564492,-0.009375697864564492,0.0,0.01804146066441148,-0.02741715852897597,-0.02741715852897597,7.2,"Agribank published board rate, 12 months VND retail term deposit, read from Wayback Machine snapshot 20230327002150 of https://www.agribank.com.vn/vn/lai-suat",equity,Vietnam Long-term Growth Fund,ssiam,0.01602607561773363,0.000910642793414142,0.015115432824319487,0.016936718411147772,True,False,0.8924652614151327
VLGF,2023-04,2023-03-30,2023-04-26,4,2628303865046.0,2653778996800.0,8250.89,8332.51,608917729.0,-1140304038.0,-531386309.0,26006518063.0,0.0,24,0.009892266167650154,0.009892266167650154,0.0,-0.014701845067355834,0.02459411123500599,0.02459411123500599,7.2,"Agribank published board rate, 12 months VND retail term deposit, read from Wayback Machine snapshot 20230422161036 of https://www.agribank.com.vn/vn/lai-suat",equity,Vietnam Long-term Growth Fund,ssiam,0.00023167706637654807,0.0004338554811583944,-0.0002021784147818463,0.0006655325475349424,True,False,-0.30378441374609305
VLGF,2023-05,2023-04-27,2023-05-31,5,2653778996800.0,2729756986808.0,8332.51,8632.11,14993036262.0,-34507129699.0,-19514093437.0,95492083445.0,0.0,30,0.03595555240857773,0.03595555240857773,0.0,0.033022674865488266,0.0029328775430894627,0.0029328775430894627,6.8,"Shinhan Securities Vietnam, Vietnam Economic Update (25 Mar 2024), indicator table row ""Avg. Deposit rate 12M term of SCBs"", column 05/23 = 6.8% (https://shinhansec.com.vn/uploads/report/Vietnam_economic_update_2402_E.pdf)",equity,Vietnam Long-term Growth Fund,ssiam,0.0056496928644318226,0.01300301560175495,-0.007353322737323128,0.018652708466186774,True,False,-0.3942227881089265
VLGF,2023-06,2023-06-01,2023-06-28,4,2729756986808.0,2795571412554.0,8632.11,8999.42,19286723276.0,-69263525829.0,-49976802553.0,115791228299.0,0.0,24,0.04255158935648384,0.04255158935648384,0.0,0.058762800301347395,-0.016211210944863552,-0.016211210944863552,6.8,"Agribank published board rate, 12 months VND retail term deposit, read from Wayback Machine snapshot 20230606055027 of https://www.agribank.com.vn/vn/lai-suat",equity,Vietnam Long-term Growth Fund,ssiam,0.0070653627297983905,0.02537351352656203,-0.01830815079676364,0.032438876256360424,True,False,-0.5643891808112153
VLGF,2023-07,2023-06-29,2023-07-26,4,2795571412554.0,3029153674986.0,8999.42,9487.42,119744672294.0,-39711631927.0,80033040367.0,153549222065.0,0.0,24,0.05422571676841392,0.05422571676841392,0.0,0.05489524311503513,-0.0006695263466212076,-0.0006695263466212076,6.4,"VNDIRECT Research, average 12-month term deposit rate across commercial banks: ""the average 12-month deposit interest rate of commercial banks fell to 6.40% p.a at the end of July 2023"" (https://www.vndirect.com.vn/cmsupload/beta/Vietnam-Money-market-chartbook_August_20230809.pdf)",equity,Vietnam Long-term Growth Fund,ssiam,0.04283370181719047,0.01420519316683094,0.02862850865035953,0.05703889498402141,True,False,0.5019120489339665
VLGF,2023-08,2023-07-27,2023-08-30,5,3029153674986.0,2969615586800.0,9487.42,9911.19,1457648349.0,-191879584603.0,-190421936254.0,130883848068.0,0.0,30,0.0446665162921005,0.0446665162921005,0.0,0.010259485027147575,0.034407031264952925,0.034407031264952925,5.9,"VNDIRECT Research, average 12-month term deposit rate across commercial banks: ""decreased to 5.4%/year on October 10, down 0.5% points compared to the end of August (corroborated by the 25 Sep report's 0.3pp decline from end-August)"" (https://www.vndirect.com.vn/cmsupload/beta/Econ_Update_20231017.pdf)",equity,Vietnam Long-term Growth Fund,ssiam,0.00048120647065115864,0.06334428860030906,-0.06286308212965791,0.06382549507096023,True,False,-0.9849211832946643
VLGF,2023-09,2023-08-31,2023-09-27,4,2969615586800.0,2837044908639.0,9911.19,9595.9,51626096558.0,-91729694641.0,-40103598083.0,-92467080078.0,0.0,24,-0.03181151809217675,-0.03181151809217675,0.0,-0.04888885225361883,0.01707733416144208,0.01707733416144208,5.6,"VNDIRECT Research, average 12-month term deposit rate across commercial banks: ""decreased to 5.6%/year on 25 Sep 2023, down 0.3% points compared to the end of Aug 2023"" (https://www.vndirect.com.vn/Market-Strategy_October_20231005.pdf)",equity,Vietnam Long-term Growth Fund,ssiam,0.01738477424063876,0.030889417151748633,-0.01350464291110987,0.048274191392387394,True,False,-0.27974871295802767
VLGF,2023-10,2023-09-28,2023-10-25,4,2837044908639.0,2816936228954.0,9595.9,9275.5,118474571310.0,-42557565511.0,75917005799.0,-96025685484.0,0.0,24,-0.0333892599964567,-0.0333892599964567,0.0,-0.045231182562724515,0.011841922566267815,0.011841922566267815,5.3,"VNDIRECT Research, average 12-month term deposit rate across commercial banks: ""As of October 26, 2023, the average 12-month deposit interest rate of commercial banks has decreased to 5.3%/year"" (https://www.vndirect.com.vn/Market-Strategy_November_20231106.pdf)",equity,Vietnam Long-term Growth Fund,ssiam,0.04175985052236454,0.015000666849301271,0.026759183673063267,0.05676051737166581,True,False,0.47144009449112495
VLGF,2023-11,2023-10-26,2023-11-29,5,2816936228954.0,2985526152064.0,9275.5,9228.12,178777024264.0,-709438103.0,178067586161.0,-9477663051.0,0.0,30,-0.005108080426931005,-0.005108080426931005,0.0,0.0010348020260331214,-0.006142882452964127,-0.006142882452964127,5.18,"Shinhan Securities Vietnam, Vietnam Economic Update (25 Mar 2024), indicator table row ""Avg. Deposit rate 12M term of SCBs"", column 11/23 = 5.18% (https://shinhansec.com.vn/uploads/report/Vietnam_economic_update_2402_E.pdf)",equity,Vietnam Long-term Growth Fund,ssiam,0.0634650591044386,0.0002518474134089405,0.06321321169102966,0.06371690651784755,True,False,0.9920948009822669
VLGF,2023-12,2023-11-30,2023-12-27,4,2985526152064.0,3064363201197.0,9228.12,9472.76,619091543.0,-925436622.0,-306345079.0,79143394212.0,0.0,24,0.02651027511562476,0.02651027511562476,0.0,0.017401160681900674,0.009109114433724086,0.009109114433724086,5.3,"Agribank published board rate, 12 months VND retail term deposit, read from Wayback Machine snapshot 20231204024251 of https://www.agribank.com.vn/vn/lai-suat",equity,Vietnam Long-term Growth Fund,ssiam,0.0002073643007856421,0.00030997438135325423,-0.0001026100805676121,0.0005173386821388964,True,False,-0.19834217720464814
VLGF,2024-01,2023-12-28,2024-01-31,5,3064363201197.0,3218548093263.0,9472.76,9820.7,43583183834.0,-2016628615.0,41566555219.0,112618336847.0,0.0,30,0.03673058327245693,0.03673058327245693,0.0,0.03771869624506441,-0.00098811297260748,-0.00098811297260748,5.14,"VNDIRECT Research, average 12-month term deposit rate across commercial banks: ""As of January 31, 2024, the average 12-month term deposit interest rate of commercial banks has decreased to 5.14%/year"" (https://www.vndirect.com.vn/cmsupload/beta/Market-Strategy_Feb_20240206.pdf)",equity,Vietnam Long-term Growth Fund,ssiam,0.014222590787206803,0.0006580905991209741,0.013564500188085828,0.014880681386327777,True,False,0.9115510127478945
VLGF,2024-02,2024-02-01,2024-02-28,4,3218548093263.0,3425989643496.0,9820.7,10446.3,,,2276443225.0,205165107008.0,0.0,24,0.06370218008899564,0.06370218008899564,0.0,0.07750513179479657,-0.013802951705800925,-0.013802951705800925,4.78,"Shinhan Securities Vietnam, Vietnam Economic Update (25 Mar 2024), indicator table row ""Avg. Deposit rate 12M term of SCBs"", column 02/24 = 4.78% (https://shinhansec.com.vn/uploads/report/Vietnam_economic_update_2402_E.pdf)",equity,Vietnam Long-term Growth Fund,ssiam,,,0.0007072888641201307,,False,False,
VLGF,2024-03,2024-02-29,2024-03-27,4,3425989643496.0,3788957496585.0,10446.3,10931.05,201233495319.0,-3891378175.0,197342117144.0,165625735945.0,0.0,24,0.046403989929448386,0.046403989929448386,0.0,0.022749192937706608,0.023654796991741778,0.023654796991741778,4.7,"Shinhan Securities Vietnam, Vietnam Economic Update (25 Mar 2024): ""Deposit interest rates 12M term at State-owned commercial banks (SCBs) continue to decrease, reaching 4.7% on March 22, 2024"" (https://shinhansec.com.vn/uploads/report/Vietnam_economic_update_2402_E.pdf)",equity,Vietnam Long-term Growth Fund,ssiam,0.05873733322604393,0.0011358406124745612,0.057601492613569366,0.05987317383851849,True,False,0.9620584465577859
VLGF,2024-04,2024-03-28,2024-04-24,4,3788957496585.0,3730282125390.0,10931.05,10616.99,54162320373.0,632494896.0,54794815269.0,-113470186464.0,0.0,24,-0.02873100022413222,-0.02873100022413222,0.0,-0.06038547568759789,0.03165447546346567,0.03165447546346567,4.61,"VNDIRECT Research, average 12-month term deposit rate across commercial banks: ""As of April 27, 2024, the average 12-month term deposit interest rate of commercial banks plateaued at around 4.61%"" (https://www.vndirect.com.vn/cmsupload/beta/Econ_Update_20240520.pdf)",equity,Vietnam Long-term Growth Fund,ssiam,0.014294781723420408,0.00016693111405183874,0.014461712837472246,0.014461712837472246,True,False,0.9769140604674023
VLGF,2024-05,2024-04-25,2024-05-29,5,3730282125390.0,4130887506094.0,10616.99,11587.98,60547962206.0,-3963399773.0,56584562433.0,344020818271.0,0.0,30,0.09145624136407782,0.09145624136407782,0.0,0.05559841076301675,0.03585783060106107,0.03585783060106107,4.7,"Agribank published board rate, 12 months VND retail term deposit, read from Wayback Machine snapshot 20240526204434 of https://www.agribank.com.vn/vn/lai-suat",equity,Vietnam Long-term Growth Fund,ssiam,0.016231469945364983,0.0010624933020543662,0.015168976643310617,0.01729396324741935,True,False,0.8771255279251372
VLGF,2024-06,2024-05-30,2024-06-26,4,4130887506094.0,4220895996939.0,11587.98,11888.73,59258060360.0,-77507597094.0,-18249536734.0,108258027579.0,0.0,24,0.025953617455328537,0.025953617455328537,0.0,-0.008957757103344233,0.03491137455867277,0.03491137455867277,4.7,"Agribank published board rate, 12 months VND retail term deposit, read from Wayback Machine snapshot 20240626111100 of https://www.agribank.com.vn/vn/lai-suat",equity,Vietnam Long-term Growth Fund,ssiam,0.014345115976307964,0.018762940646449133,-0.004417824670141168,0.03310805662275709,True,False,-0.13343654447855874
VLGF,2024-07,2024-06-27,2024-07-31,5,4220895996939.0,4335527144269.0,11888.73,11845.8,140448583540.0,-9239399734.0,131209183806.0,-16578036476.0,0.0,30,-0.0036109828383689146,-0.0036109828383689146,0.0,-0.007714630046620874,0.004103647208251959,0.004103647208251959,4.7,"bridged between observations at 2024-06 and 2024-09, which agree at 4.7%",equity,Vietnam Long-term Growth Fund,ssiam,0.03327458995479953,0.0021889664518387627,0.031085623502960767,0.03546355640663829,True,False,0.8765512163112317
VLGF,2024-08,2024-08-01,2024-08-28,4,4335527144269.0,4511652019898.0,11845.8,12143.0,72219687135.0,-6907530774.0,65312156361.0,110812719268.0,0.0,24,0.025089061101825072,0.025089061101825072,0.0,0.023915110546459672,0.0011739505553653995,0.0011739505553653995,4.7,"bridged between observations at 2024-06 and 2024-09, which agree at 4.7%",equity,Vietnam Long-term Growth Fund,ssiam,0.016657648477755464,0.0015932389636011972,0.015064409514154267,0.01825088744135666,True,False,0.8254069596647772
VLGF,2024-09,2024-08-29,2024-09-25,4,4511652019898.0,4609792722469.0,12143.0,12365.96,18643156293.0,-3894452307.0,14748703986.0,83391998585.0,0.0,24,0.018361195750638215,0.018361195750638215,0.0,0.004713447371706758,0.013647748378931457,0.013647748378931457,4.7,"Agribank published board rate, 12 months VND retail term deposit, read from Wayback Machine snapshot 20240906234432 of https://www.agribank.com.vn/vn/lai-suat",equity,Vietnam Long-term Growth Fund,ssiam,0.004132223897316772,0.0008631987329306586,0.0032690251643861133,0.004995422630247431,True,False,0.6544041228047593
VLGF,2024-10,2024-09-26,2024-10-30,4,4609792722469.0,4581946314453.0,12365.96,12074.51,53907318634.0,-3071991893.0,50835326741.0,-68975834006.0,0.0,24,-0.0149195393137731,-0.0149195393137731,-9705900751.0,-0.02128336307210088,0.00636382375832778,0.00636382375832778,4.7,"Agribank published board rate, 12 months VND retail term deposit, read from Wayback Machine snapshot 20241008043404 of https://www.agribank.com.vn/vn/lai-suat",equity,Vietnam Long-term Growth Fund,ssiam,0.011694087322244567,0.0006664056451012497,0.011027681677143316,0.012360492967345817,True,False,0.8921716719775218
VLGF,2024-11,2024-10-31,2024-11-27,4,4581946314453.0,4555785602180.0,12074.51,11911.55,39615054765.0,-3636241791.0,35978812974.0,-62139525247.0,0.0,24,-0.01349619984579109,-0.01349619984579109,0.0,-0.013236614414085301,-0.00025958543170578885,-0.00025958543170578885,4.7,"Agribank published board rate, 12 months VND retail term deposit, read from Wayback Machine snapshot 20241128101714 of https://www.agribank.com.vn/vn/lai-suat",equity,Vietnam Long-term Growth Fund,ssiam,0.008645901118492111,0.0007936020069746496,0.007852299111517462,0.00943950312546676,True,False,0.8318551312656284
VLGF,2024-12,2024-11-28,2024-12-25,4,4555785602180.0,4733658218883.0,11911.55,12332.33,22136581816.0,-5750098253.0,16386483563.0,161486133140.0,0.0,24,0.03532537746976705,0.03532537746976705,0.0,0.025821879755549837,0.009503497714217213,0.009503497714217213,4.7,"Agribank published board rate, 12 months VND retail term deposit, read from Wayback Machine snapshot 20241217044809 of https://www.agribank.com.vn/vn/lai-suat",equity,Vietnam Long-term Growth Fund,ssiam,0.0048590042967358625,0.001262152953433214,0.0035968513433026488,0.006121157250169077,True,False,0.5876096947522951
VLGF,2025-01,2024-12-26,2025-01-29,5,4733658218883.0,4710432925952.0,12332.33,12291.57,9070756408.0,-16359393954.0,-7288637546.0,-15936655385.0,0.0,30,-0.003305133741961175,-0.003305133741961175,0.0,-0.007056293365985344,0.0037511596240241696,0.0037511596240241696,4.7,"bridged between observations at 2024-12 and 2025-02, which agree at 4.7%",equity,Vietnam Long-term Growth Fund,ssiam,0.0019162254621205889,0.0034559727799402303,-0.0015397473178196414,0.005372198242060819,True,False,-0.2866140169147931
VLGF,2025-02,2025-01-30,2025-02-26,4,4710432925952.0,4803874161946.0,12291.57,12242.93,128204679279.0,-16609889742.0,111594789537.0,-18153553543.0,0.0,24,-0.00395718366327491,-0.00395718366327491,0.0,0.029967194972530864,-0.033924378635805774,-0.033924378635805774,4.7,"Agribank published board rate, 12 months VND retail term deposit, read from Wayback Machine snapshot 20250207105719 of https://www.agribank.com.vn/vn/lai-suat",equity,Vietnam Long-term Growth Fund,ssiam,0.027217175426203367,0.003526191754156666,0.023690983672046702,0.030743367180360033,True,False,0.7706047139553845
VLGF,2025-03,2025-02-27,2025-03-26,4,4803874161946.0,4762777146837.0,12242.93,12004.76,58435940449.0,-5002978974.0,53432961475.0,-94529976584.0,0.0,24,-0.019453676530046482,-0.019453676530046482,0.0,0.0177518880088412,-0.03720556453888768,-0.03720556453888768,4.7,"Agribank published board rate, 12 months VND retail term deposit, read from Wayback Machine snapshot 20250323005822 of https://www.agribank.com.vn/vn/lai-suat",equity,Vietnam Long-term Growth Fund,ssiam,0.01216433621677721,0.0010414467168251853,0.011122889499952026,0.013205782933602396,True,False,0.8422741427658633
