fund_code,period_end,check,passed,residual_vnd,detail
DCBC,2021-06-17,reconcile,True,0.0,"nav_end 484,110,287,694 vs identity 484,110,287,694, residual 0.00 VND [flow from gross legs 3.2.1+3.2.2]"
DCBC,2021-06-24,reconcile,True,0.0,"nav_end 497,069,285,788 vs identity 497,069,285,788, residual 0.00 VND [flow from gross legs 3.2.1+3.2.2]"
DCBC,2021-07-01,reconcile,True,0.0,"nav_end 518,435,572,785 vs identity 518,435,572,785, residual 0.00 VND [flow from gross legs 3.2.1+3.2.2]"
DCBC,2021-07-08,reconcile,True,0.0,"nav_end 466,642,284,372 vs identity 466,642,284,372, residual 0.00 VND [flow from gross legs 3.2.1+3.2.2]"
DCBC,2021-07-15,reconcile,True,0.0,"nav_end 364,174,305,891 vs identity 364,174,305,891, residual 0.00 VND [flow from gross legs 3.2.1+3.2.2]"
DCBC,2021-07-22,reconcile,True,0.0,"nav_end 384,485,613,493 vs identity 384,485,613,493, residual 0.00 VND [flow from gross legs 3.2.1+3.2.2]"
DCBC,2021-07-29,reconcile,True,0.0,"nav_end 375,843,007,998 vs identity 375,843,007,998, residual 0.00 VND [flow from gross legs 3.2.1+3.2.2]"
DCBC,2021-08-05,reconcile,True,0.0,"nav_end 403,399,525,985 vs identity 403,399,525,985, residual 0.00 VND [flow from gross legs 3.2.1+3.2.2]"
DCBC,2021-08-12,reconcile,True,0.0,"nav_end 400,598,854,076 vs identity 400,598,854,076, residual 0.00 VND [flow from gross legs 3.2.1+3.2.2]"
DCBC,2021-08-19,reconcile,True,0.0,"nav_end 425,507,087,724 vs identity 425,507,087,724, residual 0.00 VND [flow from gross legs 3.2.1+3.2.2]"
DCBC,2021-08-26,reconcile,True,0.0,"nav_end 405,185,581,462 vs identity 405,185,581,462, residual 0.00 VND [flow from gross legs 3.2.1+3.2.2]"
DCBC,2021-09-02,reconcile,True,0.0,"nav_end 416,082,988,943 vs identity 416,082,988,943, residual 0.00 VND [flow from gross legs 3.2.1+3.2.2]"
DCBC,2021-09-09,reconcile,True,0.0,"nav_end 428,555,162,896 vs identity 428,555,162,896, residual 0.00 VND [flow from gross legs 3.2.1+3.2.2]"
DCBC,2021-09-16,reconcile,True,0.0,"nav_end 430,442,256,498 vs identity 430,442,256,498, residual 0.00 VND [flow from gross legs 3.2.1+3.2.2]"
DCBC,2021-09-23,reconcile,True,0.0,"nav_end 433,614,021,886 vs identity 433,614,021,886, residual 0.00 VND [flow from gross legs 3.2.1+3.2.2]"
DCBC,2021-09-30,reconcile,True,0.0,"nav_end 433,851,752,510 vs identity 433,851,752,510, residual 0.00 VND [flow from gross legs 3.2.1+3.2.2]"
DCBC,2021-10-07,reconcile,True,0.0,"nav_end 447,785,807,491 vs identity 447,785,807,491, residual 0.00 VND [flow from gross legs 3.2.1+3.2.2]"
DCBC,2021-10-14,reconcile,True,0.0,"nav_end 439,044,717,141 vs identity 439,044,717,141, residual 0.00 VND [flow from gross legs 3.2.1+3.2.2]"
DCBC,2021-10-21,reconcile,True,0.0,"nav_end 437,272,309,813 vs identity 437,272,309,813, residual 0.00 VND [flow from gross legs 3.2.1+3.2.2]"
DCBC,2021-10-28,reconcile,True,0.0,"nav_end 447,936,030,496 vs identity 447,936,030,496, residual 0.00 VND [flow from gross legs 3.2.1+3.2.2]"
DCBC,2021-11-04,reconcile,True,0.0,"nav_end 446,357,006,747 vs identity 446,357,006,747, residual 0.00 VND [flow from gross legs 3.2.1+3.2.2]"
DCBC,2021-11-11,reconcile,True,0.0,"nav_end 445,241,070,030 vs identity 445,241,070,030, residual 0.00 VND [flow from gross legs 3.2.1+3.2.2]"
DCBC,2021-11-18,reconcile,True,0.0,"nav_end 452,041,702,007 vs identity 452,041,702,007, residual 0.00 VND [flow from gross legs 3.2.1+3.2.2]"
DCBC,2021-11-25,reconcile,True,0.0,"nav_end 487,639,885,445 vs identity 487,639,885,445, residual 0.00 VND [flow from gross legs 3.2.1+3.2.2]"
DCBC,2021-12-02,reconcile,True,0.0,"nav_end 478,894,595,401 vs identity 478,894,595,401, residual 0.00 VND [flow from gross legs 3.2.1+3.2.2]"
DCBC,2021-12-09,reconcile,True,0.0,"nav_end 495,795,817,910 vs identity 495,795,817,910, residual 0.00 VND [flow from gross legs 3.2.1+3.2.2]"
DCBC,2021-12-16,reconcile,True,0.0,"nav_end 487,623,997,480 vs identity 487,623,997,480, residual 0.00 VND [flow from gross legs 3.2.1+3.2.2]"
DCBC,2021-12-23,reconcile,True,0.0,"nav_end 487,579,052,927 vs identity 487,579,052,927, residual 0.00 VND [flow from gross legs 3.2.1+3.2.2]"
DCBC,2021-12-30,reconcile,True,0.0,"nav_end 510,050,896,054 vs identity 510,050,896,054, residual 0.00 VND [flow from gross legs 3.2.1+3.2.2]"
DCBC,2022-01-06,reconcile,True,0.0,"nav_end 639,740,268,815 vs identity 639,740,268,815, residual 0.00 VND [flow from gross legs 3.2.1+3.2.2]"
DCBC,2022-01-13,reconcile,True,0.0,"nav_end 620,413,123,230 vs identity 620,413,123,230, residual 0.00 VND [flow from gross legs 3.2.1+3.2.2]"
DCBC,2022-01-20,reconcile,True,0.0,"nav_end 606,117,180,392 vs identity 606,117,180,392, residual 0.00 VND [flow from gross legs 3.2.1+3.2.2]"
DCBC,2022-01-27,reconcile,True,0.0,"nav_end 608,554,830,650 vs identity 608,554,830,650, residual 0.00 VND [flow from gross legs 3.2.1+3.2.2]"
DCBC,2022-02-03,reconcile,True,0.0,"nav_end 618,027,653,718 vs identity 618,027,653,718, residual 0.00 VND [flow from gross legs 3.2.1+3.2.2]"
DCBC,2022-02-10,reconcile,True,0.0,"nav_end 635,303,639,557 vs identity 635,303,639,557, residual 0.00 VND [flow from gross legs 3.2.1+3.2.2]"
DCBC,2022-02-17,reconcile,True,0.0,"nav_end 633,832,911,119 vs identity 633,832,911,119, residual 0.00 VND [flow from gross legs 3.2.1+3.2.2]"
DCBC,2022-02-24,reconcile,True,0.0,"nav_end 639,746,928,790 vs identity 639,746,928,790, residual 0.00 VND [flow from gross legs 3.2.1+3.2.2]"
DCBC,2022-03-03,reconcile,True,0.0,"nav_end 655,464,080,491 vs identity 655,464,080,491, residual 0.00 VND [flow from gross legs 3.2.1+3.2.2]"
DCBC,2022-03-10,reconcile,True,0.0,"nav_end 643,223,455,491 vs identity 643,223,455,491, residual 0.00 VND [flow from gross legs 3.2.1+3.2.2]"
DCBC,2022-03-17,reconcile,True,0.0,"nav_end 640,326,698,706 vs identity 640,326,698,706, residual 0.00 VND [flow from gross legs 3.2.1+3.2.2]"
DCBC,2022-03-24,reconcile,True,0.0,"nav_end 652,767,929,883 vs identity 652,767,929,883, residual 0.00 VND [flow from gross legs 3.2.1+3.2.2]"
DCBC,2022-03-31,reconcile,True,0.0,"nav_end 658,788,863,942 vs identity 658,788,863,942, residual 0.00 VND [flow from gross legs 3.2.1+3.2.2]"
DCBC,2022-04-07,reconcile,True,0.0,"nav_end 671,547,479,693 vs identity 671,547,479,693, residual 0.00 VND [flow from gross legs 3.2.1+3.2.2]"
DCBC,2022-04-14,reconcile,True,0.0,"nav_end 665,196,227,301 vs identity 665,196,227,301, residual 0.00 VND [flow from gross legs 3.2.1+3.2.2]"
DCBC,2022-04-21,reconcile,True,0.0,"nav_end 624,904,837,352 vs identity 624,904,837,352, residual 0.00 VND [flow from gross legs 3.2.1+3.2.2]"
DCBC,2022-04-28,reconcile,True,0.0,"nav_end 614,228,797,634 vs identity 614,228,797,634, residual 0.00 VND [flow from gross legs 3.2.1+3.2.2]"
DCBC,2022-05-05,reconcile,True,0.0,"nav_end 615,626,437,709 vs identity 615,626,437,709, residual 0.00 VND [flow from gross legs 3.2.1+3.2.2]"
DCBC,2022-05-12,reconcile,True,0.0,"nav_end 550,719,132,440 vs identity 550,719,132,440, residual 0.00 VND [flow from gross legs 3.2.1+3.2.2]"
DCBC,2022-05-19,reconcile,True,0.0,"nav_end 554,229,312,355 vs identity 554,229,312,355, residual 0.00 VND [flow from gross legs 3.2.1+3.2.2]"
DCBC,2022-05-26,reconcile,True,0.0,"nav_end 570,298,360,618 vs identity 570,298,360,618, residual 0.00 VND [flow from gross legs 3.2.1+3.2.2]"
DCBC,2022-06-02,reconcile,True,0.0,"nav_end 586,328,276,423 vs identity 586,328,276,423, residual 0.00 VND [flow from gross legs 3.2.1+3.2.2]"
DCBC,2022-06-09,reconcile,True,0.0,"nav_end 612,406,974,583 vs identity 612,406,974,583, residual 0.00 VND [flow from gross legs 3.2.1+3.2.2]"
DCBC,2022-06-16,reconcile,True,0.0,"nav_end 594,983,802,107 vs identity 594,983,802,107, residual 0.00 VND [flow from gross legs 3.2.1+3.2.2]"
DCBC,2022-06-23,reconcile,True,0.0,"nav_end 561,669,150,301 vs identity 561,669,150,301, residual 0.00 VND [flow from gross legs 3.2.1+3.2.2]"
DCBC,2022-06-30,reconcile,True,0.0,"nav_end 555,033,538,055 vs identity 555,033,538,055, residual 0.00 VND [flow from gross legs 3.2.1+3.2.2]"
DCBC,2022-07-07,reconcile,True,0.0,"nav_end 531,286,428,301 vs identity 531,286,428,301, residual 0.00 VND [flow from gross legs 3.2.1+3.2.2]"
DCBC,2022-07-14,reconcile,True,0.0,"nav_end 535,793,605,066 vs identity 535,793,605,066, residual 0.00 VND [flow from gross legs 3.2.1+3.2.2]"
DCBC,2022-07-21,reconcile,True,0.0,"nav_end 535,396,850,087 vs identity 535,396,850,087, residual 0.00 VND [flow from gross legs 3.2.1+3.2.2]"
DCBC,2022-07-28,reconcile,True,0.0,"nav_end 530,203,530,801 vs identity 530,203,530,801, residual 0.00 VND [flow from gross legs 3.2.1+3.2.2]"
DCBC,2022-08-04,reconcile,True,0.0,"nav_end 504,475,548,453 vs identity 504,475,548,453, residual 0.00 VND [flow from gross legs 3.2.1+3.2.2]"
DCBC,2022-08-11,reconcile,True,0.0,"nav_end 487,594,435,847 vs identity 487,594,435,847, residual 0.00 VND [flow from gross legs 3.2.1+3.2.2]"
DCBC,2022-08-18,reconcile,True,0.0,"nav_end 498,001,108,557 vs identity 498,001,108,557, residual 0.00 VND [flow from gross legs 3.2.1+3.2.2]"
DCBC,2022-08-25,reconcile,True,0.0,"nav_end 507,264,107,414 vs identity 507,264,107,414, residual 0.00 VND [flow from gross legs 3.2.1+3.2.2]"
DCBC,2022-09-04,reconcile,True,0.0,"nav_end 504,793,042,941 vs identity 504,793,042,941, residual 0.00 VND [flow from gross legs 3.2.1+3.2.2]"
DCBC,2022-09-08,reconcile,True,0.0,"nav_end 483,499,409,553 vs identity 483,499,409,553, residual 0.00 VND [flow from gross legs 3.2.1+3.2.2]"
DCBC,2022-09-15,reconcile,True,0.0,"nav_end 473,155,864,359 vs identity 473,155,864,359, residual 0.00 VND [flow from gross legs 3.2.1+3.2.2]"
DCBC,2022-09-22,reconcile,True,0.0,"nav_end 458,198,125,786 vs identity 458,198,125,786, residual 0.00 VND [flow from gross legs 3.2.1+3.2.2]"
DCBC,2022-09-29,reconcile,True,0.0,"nav_end 396,422,362,108 vs identity 396,422,362,108, residual 0.00 VND [flow from gross legs 3.2.1+3.2.2]"
DCBC,2022-10-06,reconcile,True,0.0,"nav_end 371,869,748,346 vs identity 371,869,748,346, residual 0.00 VND [flow from gross legs 3.2.1+3.2.2]"
DCBC,2022-10-13,reconcile,True,0.0,"nav_end 374,920,539,108 vs identity 374,920,539,108, residual 0.00 VND (absent, treated as 0: chg_distribution) [flow from gross legs 3.2.1+3.2.2]"
DCBC,2022-10-20,reconcile,True,0.0,"nav_end 379,589,964,907 vs identity 379,589,964,907, residual 0.00 VND (absent, treated as 0: chg_distribution) [flow from gross legs 3.2.1+3.2.2]"
DCBC,2022-10-27,reconcile,True,0.0,"nav_end 372,828,921,639 vs identity 372,828,921,639, residual 0.00 VND (absent, treated as 0: chg_distribution) [flow from gross legs 3.2.1+3.2.2]"
DCBC,2022-11-03,reconcile,True,0.0,"nav_end 366,178,815,680 vs identity 366,178,815,680, residual 0.00 VND (absent, treated as 0: chg_distribution) [flow from gross legs 3.2.1+3.2.2]"
DCBC,2022-11-10,reconcile,True,0.0,"nav_end 353,536,143,700 vs identity 353,536,143,700, residual 0.00 VND (absent, treated as 0: chg_distribution) [flow from gross legs 3.2.1+3.2.2]"
DCBC,2022-11-17,reconcile,True,0.0,"nav_end 346,739,387,250 vs identity 346,739,387,250, residual 0.00 VND (absent, treated as 0: chg_distribution) [flow from gross legs 3.2.1+3.2.2]"
DCBC,2022-11-24,reconcile,True,0.0,"nav_end 341,139,755,774 vs identity 341,139,755,774, residual 0.00 VND (absent, treated as 0: chg_distribution) [flow from gross legs 3.2.1+3.2.2]"
DCBC,2022-12-01,reconcile,True,0.0,"nav_end 370,174,982,666 vs identity 370,174,982,666, residual 0.00 VND (absent, treated as 0: chg_distribution) [flow from gross legs 3.2.1+3.2.2]"
DCBC,2022-12-15,reconcile,True,0.0,"nav_end 390,739,716,246 vs identity 390,739,716,246, residual 0.00 VND (absent, treated as 0: chg_distribution) [flow from gross legs 3.2.1+3.2.2]"
DCBC,2022-12-22,reconcile,True,0.0,"nav_end 377,061,315,666 vs identity 377,061,315,666, residual 0.00 VND (absent, treated as 0: chg_distribution) [flow from gross legs 3.2.1+3.2.2]"
DCBC,2022-12-29,reconcile,True,0.0,"nav_end 368,919,788,904 vs identity 368,919,788,904, residual 0.00 VND (absent, treated as 0: chg_distribution) [flow from gross legs 3.2.1+3.2.2]"
DCBC,2023-01-05,reconcile,True,0.0,"nav_end 388,326,064,154 vs identity 388,326,064,154, residual 0.00 VND (absent, treated as 0: chg_distribution) [flow from gross legs 3.2.1+3.2.2]"
DCBC,2023-01-12,reconcile,True,0.0,"nav_end 383,874,773,305 vs identity 383,874,773,305, residual 0.00 VND (absent, treated as 0: chg_distribution) [flow from gross legs 3.2.1+3.2.2]"
DCBC,2023-01-26,reconcile,True,0.0,"nav_end 403,164,947,718 vs identity 403,164,947,718, residual 0.00 VND (absent, treated as 0: chg_distribution) [flow from gross legs 3.2.1+3.2.2]"
DCBC,2023-02-02,reconcile,True,0.0,"nav_end 390,288,564,284 vs identity 390,288,564,284, residual 0.00 VND (absent, treated as 0: chg_distribution) [flow from gross legs 3.2.1+3.2.2]"
DCBC,2023-02-09,reconcile,True,0.0,"nav_end 361,651,885,974 vs identity 361,651,885,974, residual 0.00 VND (absent, treated as 0: chg_distribution) [flow from gross legs 3.2.1+3.2.2]"
DCBC,2023-02-16,reconcile,True,0.0,"nav_end 360,498,137,451 vs identity 360,498,137,451, residual 0.00 VND (absent, treated as 0: chg_distribution) [flow from gross legs 3.2.1+3.2.2]"
DCBC,2023-02-23,reconcile,True,0.0,"nav_end 359,445,725,194 vs identity 359,445,725,194, residual 0.00 VND (absent, treated as 0: chg_distribution) [flow from gross legs 3.2.1+3.2.2]"
DCBC,2023-03-02,reconcile,True,0.0,"nav_end 352,022,882,609 vs identity 352,022,882,609, residual 0.00 VND (absent, treated as 0: chg_distribution) [flow from gross legs 3.2.1+3.2.2]"
DCBC,2023-03-09,reconcile,True,0.0,"nav_end 359,839,610,344 vs identity 359,839,610,344, residual 0.00 VND (absent, treated as 0: chg_distribution) [flow from gross legs 3.2.1+3.2.2]"
DCBC,2023-03-16,reconcile,True,0.0,"nav_end 353,017,654,702 vs identity 353,017,654,702, residual 0.00 VND (absent, treated as 0: chg_distribution) [flow from gross legs 3.2.1+3.2.2]"
DCBC,2023-03-23,reconcile,True,0.0,"nav_end 350,076,184,908 vs identity 350,076,184,908, residual 0.00 VND (absent, treated as 0: chg_distribution) [flow from gross legs 3.2.1+3.2.2]"
DCBC,2023-03-30,reconcile,True,0.0,"nav_end 354,532,475,525 vs identity 354,532,475,525, residual 0.00 VND (absent, treated as 0: chg_distribution) [flow from gross legs 3.2.1+3.2.2]"
DCBC,2023-04-06,reconcile,True,0.0,"nav_end 355,213,509,710 vs identity 355,213,509,710, residual 0.00 VND (absent, treated as 0: chg_distribution) [flow from gross legs 3.2.1+3.2.2]"
DCBC,2023-04-13,reconcile,True,0.0,"nav_end 354,591,642,137 vs identity 354,591,642,137, residual 0.00 VND (absent, treated as 0: chg_distribution) [flow from gross legs 3.2.1+3.2.2]"
DCBC,2023-04-20,reconcile,True,0.0,"nav_end 347,008,757,414 vs identity 347,008,757,414, residual 0.00 VND (absent, treated as 0: chg_distribution) [flow from gross legs 3.2.1+3.2.2]"
DCBC,2023-04-27,reconcile,True,0.0,"nav_end 346,812,750,580 vs identity 346,812,750,580, residual 0.00 VND (absent, treated as 0: chg_distribution) [flow from gross legs 3.2.1+3.2.2]"
DCBC,2023-05-04,reconcile,True,0.0,"nav_end 347,901,148,875 vs identity 347,901,148,875, residual 0.00 VND (absent, treated as 0: chg_distribution) [flow from gross legs 3.2.1+3.2.2]"
DCBC,2023-05-11,reconcile,True,0.0,"nav_end 354,153,430,249 vs identity 354,153,430,249, residual 0.00 VND (absent, treated as 0: chg_distribution) [flow from gross legs 3.2.1+3.2.2]"
DCBC,2023-05-18,reconcile,True,0.0,"nav_end 354,718,672,030 vs identity 354,718,672,030, residual 0.00 VND (absent, treated as 0: chg_distribution) [flow from gross legs 3.2.1+3.2.2]"
DCBC,2023-05-25,reconcile,True,0.0,"nav_end 354,320,469,977 vs identity 354,320,469,977, residual 0.00 VND (absent, treated as 0: chg_distribution) [flow from gross legs 3.2.1+3.2.2]"
DCBC,2023-06-01,reconcile,True,0.0,"nav_end 354,721,214,421 vs identity 354,721,214,421, residual 0.00 VND (absent, treated as 0: chg_distribution) [flow from gross legs 3.2.1+3.2.2]"
DCBC,2023-06-08,reconcile,True,0.0,"nav_end 358,939,067,446 vs identity 358,939,067,446, residual 0.00 VND (absent, treated as 0: chg_distribution) [flow from gross legs 3.2.1+3.2.2]"
DCBC,2023-06-15,reconcile,True,0.0,"nav_end 363,403,085,297 vs identity 363,403,085,297, residual 0.00 VND (absent, treated as 0: chg_distribution) [flow from gross legs 3.2.1+3.2.2]"
DCBC,2023-06-22,reconcile,True,0.0,"nav_end 370,453,226,423 vs identity 370,453,226,423, residual 0.00 VND (absent, treated as 0: chg_distribution) [flow from gross legs 3.2.1+3.2.2]"
DCBC,2023-06-29,reconcile,True,0.0,"nav_end 364,253,850,675 vs identity 364,253,850,675, residual 0.00 VND (absent, treated as 0: chg_distribution) [flow from gross legs 3.2.1+3.2.2]"
DCBC,2023-07-06,reconcile,True,0.0,"nav_end 365,775,219,522 vs identity 365,775,219,522, residual 0.00 VND (absent, treated as 0: chg_distribution) [flow from gross legs 3.2.1+3.2.2]"
DCBC,2023-07-13,reconcile,True,0.0,"nav_end 380,341,118,222 vs identity 380,341,118,222, residual 0.00 VND (absent, treated as 0: chg_distribution) [flow from gross legs 3.2.1+3.2.2]"
DCBC,2023-07-20,reconcile,True,0.0,"nav_end 384,042,891,044 vs identity 384,042,891,044, residual 0.00 VND (absent, treated as 0: chg_distribution) [flow from gross legs 3.2.1+3.2.2]"
DCBC,2023-07-27,reconcile,True,0.0,"nav_end 385,434,913,045 vs identity 385,434,913,045, residual 0.00 VND (absent, treated as 0: chg_distribution) [flow from gross legs 3.2.1+3.2.2]"
DCBC,2023-08-03,reconcile,True,0.0,"nav_end 387,824,471,417 vs identity 387,824,471,417, residual 0.00 VND (absent, treated as 0: chg_distribution) [flow from gross legs 3.2.1+3.2.2]"
DCBC,2023-08-10,reconcile,True,0.0,"nav_end 386,503,513,839 vs identity 386,503,513,839, residual 0.00 VND (absent, treated as 0: chg_distribution) [flow from gross legs 3.2.1+3.2.2]"
DCBC,2023-08-17,reconcile,True,0.0,"nav_end 393,860,053,906 vs identity 393,860,053,906, residual 0.00 VND (absent, treated as 0: chg_distribution) [flow from gross legs 3.2.1+3.2.2]"
DCBC,2023-08-24,reconcile,True,0.0,"nav_end 384,267,625,999 vs identity 384,267,625,999, residual 0.00 VND (absent, treated as 0: chg_distribution) [flow from gross legs 3.2.1+3.2.2]"
DCBC,2023-09-04,reconcile,True,0.0,"nav_end 403,595,419,948 vs identity 403,595,419,948, residual 0.00 VND (absent, treated as 0: chg_distribution) [flow from gross legs 3.2.1+3.2.2]"
DCBC,2023-09-07,reconcile,True,0.0,"nav_end 411,312,461,124 vs identity 411,312,461,124, residual 0.00 VND (absent, treated as 0: chg_distribution) [flow from gross legs 3.2.1+3.2.2]"
DCBC,2023-09-14,reconcile,True,0.0,"nav_end 407,569,591,447 vs identity 407,569,591,447, residual 0.00 VND (absent, treated as 0: chg_distribution) [flow from gross legs 3.2.1+3.2.2]"
DCBC,2023-09-21,reconcile,True,0.0,"nav_end 408,153,645,362 vs identity 408,153,645,362, residual 0.00 VND (absent, treated as 0: chg_distribution) [flow from gross legs 3.2.1+3.2.2]"
DCBC,2023-09-28,reconcile,True,0.0,"nav_end 389,651,470,035 vs identity 389,651,470,035, residual 0.00 VND (absent, treated as 0: chg_distribution) [flow from gross legs 3.2.1+3.2.2]"
DCBC,2023-10-05,reconcile,True,0.0,"nav_end 376,303,614,084 vs identity 376,303,614,084, residual 0.00 VND (absent, treated as 0: chg_distribution) [flow from gross legs 3.2.1+3.2.2]"
DCBC,2023-10-12,reconcile,True,0.0,"nav_end 394,230,837,877 vs identity 394,230,837,877, residual 0.00 VND (absent, treated as 0: chg_distribution) [flow from gross legs 3.2.1+3.2.2]"
DCBF,2021-06-17,reconcile,True,0.0,"nav_end 825,276,436,066 vs identity 825,276,436,066, residual 0.00 VND [flow from gross legs 3.2.1+3.2.2]"
DCBF,2021-06-24,reconcile,True,0.0,"nav_end 816,952,718,106 vs identity 816,952,718,106, residual 0.00 VND [flow from gross legs 3.2.1+3.2.2]"
DCBF,2021-07-01,reconcile,True,0.0,"nav_end 815,456,614,807 vs identity 815,456,614,807, residual 0.00 VND [flow from gross legs 3.2.1+3.2.2]"
DCBF,2021-07-08,reconcile,True,0.0,"nav_end 830,746,172,955 vs identity 830,746,172,955, residual 0.00 VND [flow from gross legs 3.2.1+3.2.2]"
DCBF,2021-07-15,reconcile,True,0.0,"nav_end 831,153,025,502 vs identity 831,153,025,502, residual 0.00 VND [flow from gross legs 3.2.1+3.2.2]"
DCBF,2021-07-22,reconcile,True,0.0,"nav_end 830,537,173,561 vs identity 830,537,173,561, residual 0.00 VND [flow from gross legs 3.2.1+3.2.2]"
DCBF,2021-07-29,reconcile,True,0.0,"nav_end 860,632,006,408 vs identity 860,632,006,408, residual 0.00 VND [flow from gross legs 3.2.1+3.2.2]"
DCBF,2021-08-05,reconcile,True,0.0,"nav_end 854,717,359,707 vs identity 854,717,359,707, residual 0.00 VND [flow from gross legs 3.2.1+3.2.2]"
DCBF,2021-08-12,reconcile,True,0.0,"nav_end 858,591,436,468 vs identity 858,591,436,468, residual 0.00 VND [flow from gross legs 3.2.1+3.2.2]"
DCBF,2021-08-19,reconcile,True,0.0,"nav_end 846,378,338,252 vs identity 846,378,338,252, residual 0.00 VND [flow from gross legs 3.2.1+3.2.2]"
DCBF,2021-08-26,reconcile,True,0.0,"nav_end 889,013,233,193 vs identity 889,013,233,193, residual 0.00 VND [flow from gross legs 3.2.1+3.2.2]"
DCBF,2021-09-02,reconcile,True,0.0,"nav_end 881,046,865,897 vs identity 881,046,865,897, residual 0.00 VND [flow from gross legs 3.2.1+3.2.2]"
DCBF,2021-09-09,reconcile,True,0.0,"nav_end 882,213,450,933 vs identity 882,213,450,933, residual 0.00 VND [flow from gross legs 3.2.1+3.2.2]"
DCBF,2021-09-16,reconcile,True,0.0,"nav_end 975,571,109,873 vs identity 975,571,109,873, residual 0.00 VND [flow from gross legs 3.2.1+3.2.2]"
DCBF,2021-09-23,reconcile,True,0.0,"nav_end 953,901,638,071 vs identity 953,901,638,071, residual 0.00 VND [flow from gross legs 3.2.1+3.2.2]"
DCBF,2021-09-30,reconcile,True,0.0,"nav_end 954,535,534,631 vs identity 954,535,534,631, residual 0.00 VND [flow from gross legs 3.2.1+3.2.2]"
DCBF,2021-10-07,reconcile,True,0.0,"nav_end 948,915,631,041 vs identity 948,915,631,041, residual 0.00 VND [flow from gross legs 3.2.1+3.2.2]"
DCBF,2021-10-14,reconcile,True,0.0,"nav_end 934,563,868,506 vs identity 934,563,868,506, residual 0.00 VND [flow from gross legs 3.2.1+3.2.2]"
DCBF,2021-10-21,reconcile,True,0.0,"nav_end 929,378,803,255 vs identity 929,378,803,255, residual 0.00 VND [flow from gross legs 3.2.1+3.2.2]"
DCBF,2021-10-28,reconcile,True,0.0,"nav_end 956,625,611,039 vs identity 956,625,611,039, residual 0.00 VND [flow from gross legs 3.2.1+3.2.2]"
DCBF,2021-11-04,reconcile,True,0.0,"nav_end 942,613,092,957 vs identity 942,613,092,957, residual 0.00 VND [flow from gross legs 3.2.1+3.2.2]"
DCBF,2021-11-11,reconcile,True,0.0,"nav_end 912,196,235,454 vs identity 912,196,235,454, residual 0.00 VND [flow from gross legs 3.2.1+3.2.2]"
DCBF,2021-11-18,reconcile,True,0.0,"nav_end 896,167,873,938 vs identity 896,167,873,938, residual 0.00 VND [flow from gross legs 3.2.1+3.2.2]"
DCBF,2021-11-25,reconcile,True,0.0,"nav_end 889,525,582,559 vs identity 889,525,582,559, residual 0.00 VND [flow from gross legs 3.2.1+3.2.2]"
DCBF,2021-12-02,reconcile,True,0.0,"nav_end 886,724,346,039 vs identity 886,724,346,039, residual 0.00 VND [flow from gross legs 3.2.1+3.2.2]"
DCBF,2021-12-09,reconcile,True,0.0,"nav_end 879,535,752,979 vs identity 879,535,752,979, residual 0.00 VND [flow from gross legs 3.2.1+3.2.2]"
DCBF,2021-12-16,reconcile,True,0.0,"nav_end 873,525,617,100 vs identity 873,525,617,100, residual 0.00 VND [flow from gross legs 3.2.1+3.2.2]"
DCBF,2021-12-23,reconcile,True,0.0,"nav_end 858,451,689,930 vs identity 858,451,689,930, residual 0.00 VND [flow from gross legs 3.2.1+3.2.2]"
DCBF,2021-12-30,reconcile,True,0.0,"nav_end 843,040,291,793 vs identity 843,040,291,793, residual 0.00 VND [flow from gross legs 3.2.1+3.2.2]"
DCBF,2022-01-06,reconcile,True,0.0,"nav_end 829,062,891,807 vs identity 829,062,891,807, residual 0.00 VND [flow from gross legs 3.2.1+3.2.2]"
DCBF,2022-01-13,reconcile,True,0.0,"nav_end 924,315,697,898 vs identity 924,315,697,898, residual 0.00 VND [flow from gross legs 3.2.1+3.2.2]"
DCBF,2022-01-20,reconcile,True,0.0,"nav_end 917,601,504,807 vs identity 917,601,504,807, residual 0.00 VND [flow from gross legs 3.2.1+3.2.2]"
DCBF,2022-01-27,reconcile,True,0.0,"nav_end 916,285,985,746 vs identity 916,285,985,746, residual 0.00 VND [flow from gross legs 3.2.1+3.2.2]"
DCBF,2022-02-03,reconcile,True,0.0,"nav_end 915,891,371,372 vs identity 915,891,371,372, residual 0.00 VND [flow from gross legs 3.2.1+3.2.2]"
DCBF,2022-02-10,reconcile,True,0.0,"nav_end 917,761,466,330 vs identity 917,761,466,330, residual 0.00 VND [flow from gross legs 3.2.1+3.2.2]"
DCBF,2022-02-17,reconcile,True,0.0,"nav_end 908,391,208,671 vs identity 908,391,208,671, residual 0.00 VND [flow from gross legs 3.2.1+3.2.2]"
DCBF,2022-02-24,reconcile,True,0.0,"nav_end 907,237,090,160 vs identity 907,237,090,160, residual 0.00 VND [flow from gross legs 3.2.1+3.2.2]"
DCBF,2022-03-03,reconcile,True,0.0,"nav_end 898,827,963,264 vs identity 898,827,963,264, residual 0.00 VND [flow from gross legs 3.2.1+3.2.2]"
DCBF,2022-03-10,reconcile,True,0.0,"nav_end 883,741,674,581 vs identity 883,741,674,581, residual 0.00 VND [flow from gross legs 3.2.1+3.2.2]"
DCBF,2022-03-17,reconcile,True,0.0,"nav_end 880,177,785,521 vs identity 880,177,785,521, residual 0.00 VND [flow from gross legs 3.2.1+3.2.2]"
DCBF,2022-03-24,reconcile,True,0.0,"nav_end 859,600,196,908 vs identity 859,600,196,908, residual 0.00 VND [flow from gross legs 3.2.1+3.2.2]"
DCBF,2022-03-31,reconcile,True,0.0,"nav_end 849,594,844,142 vs identity 849,594,844,142, residual 0.00 VND [flow from gross legs 3.2.1+3.2.2]"
DCBF,2022-04-07,reconcile,True,0.0,"nav_end 842,939,001,233 vs identity 842,939,001,233, residual 0.00 VND [flow from gross legs 3.2.1+3.2.2]"
DCBF,2022-04-14,reconcile,True,0.0,"nav_end 838,563,361,518 vs identity 838,563,361,518, residual 0.00 VND [flow from gross legs 3.2.1+3.2.2]"
DCBF,2022-04-21,reconcile,True,0.0,"nav_end 838,246,445,999 vs identity 838,246,445,999, residual 0.00 VND [flow from gross legs 3.2.1+3.2.2]"
DCBF,2022-04-28,reconcile,True,0.0,"nav_end 840,103,559,641 vs identity 840,103,559,641, residual 0.00 VND [flow from gross legs 3.2.1+3.2.2]"
DCBF,2022-05-05,reconcile,True,0.0,"nav_end 830,366,780,714 vs identity 830,366,780,714, residual 0.00 VND [flow from gross legs 3.2.1+3.2.2]"
DCBF,2022-05-12,reconcile,True,0.0,"nav_end 835,981,465,380 vs identity 835,981,465,380, residual 0.00 VND [flow from gross legs 3.2.1+3.2.2]"
DCBF,2022-05-19,reconcile,True,0.0,"nav_end 834,815,068,909 vs identity 834,815,068,909, residual 0.00 VND [flow from gross legs 3.2.1+3.2.2]"
DCBF,2022-05-26,reconcile,True,0.0,"nav_end 822,107,778,113 vs identity 822,107,778,113, residual 0.00 VND [flow from gross legs 3.2.1+3.2.2]"
DCBF,2022-06-02,reconcile,True,0.0,"nav_end 820,772,682,043 vs identity 820,772,682,043, residual 0.00 VND [flow from gross legs 3.2.1+3.2.2]"
DCBF,2022-06-09,reconcile,True,0.0,"nav_end 821,106,905,281 vs identity 821,106,905,281, residual 0.00 VND [flow from gross legs 3.2.1+3.2.2]"
DCBF,2022-06-16,reconcile,True,0.0,"nav_end 820,310,405,615 vs identity 820,310,405,615, residual 0.00 VND [flow from gross legs 3.2.1+3.2.2]"
DCBF,2022-06-23,reconcile,True,0.0,"nav_end 815,331,213,832 vs identity 815,331,213,832, residual 0.00 VND [flow from gross legs 3.2.1+3.2.2]"
DCBF,2022-06-30,reconcile,True,0.0,"nav_end 814,536,621,585 vs identity 814,536,621,585, residual 0.00 VND [flow from gross legs 3.2.1+3.2.2]"
DCBF,2022-07-07,reconcile,True,0.0,"nav_end 813,113,131,935 vs identity 813,113,131,935, residual 0.00 VND (absent, treated as 0: chg_distribution) [flow from gross legs 3.2.1+3.2.2]"
DCBF,2022-07-14,reconcile,True,0.0,"nav_end 812,845,931,242 vs identity 812,845,931,242, residual 0.00 VND [flow from gross legs 3.2.1+3.2.2]"
DCBF,2022-07-21,reconcile,True,0.0,"nav_end 814,565,341,750 vs identity 814,565,341,750, residual 0.00 VND [flow from gross legs 3.2.1+3.2.2]"
DCBF,2022-07-28,reconcile,True,0.0,"nav_end 816,301,008,134 vs identity 816,301,008,134, residual 0.00 VND [flow from gross legs 3.2.1+3.2.2]"
DCBF,2022-08-04,reconcile,True,0.0,"nav_end 818,725,768,844 vs identity 818,725,768,844, residual 0.00 VND [flow from gross legs 3.2.1+3.2.2]"
DCBF,2022-08-11,reconcile,True,0.0,"nav_end 823,403,598,191 vs identity 823,403,598,191, residual 0.00 VND [flow from gross legs 3.2.1+3.2.2]"
DCBF,2022-08-18,reconcile,True,0.0,"nav_end 820,395,909,533 vs identity 820,395,909,533, residual 0.00 VND [flow from gross legs 3.2.1+3.2.2]"
DCBF,2022-08-25,reconcile,True,0.0,"nav_end 821,719,663,560 vs identity 821,719,663,560, residual 0.00 VND [flow from gross legs 3.2.1+3.2.2]"
DCBF,2022-09-04,reconcile,True,0.0,"nav_end 821,786,154,644 vs identity 821,786,154,644, residual 0.00 VND [flow from gross legs 3.2.1+3.2.2]"
DCBF,2022-09-08,reconcile,True,0.0,"nav_end 822,499,027,144 vs identity 822,499,027,144, residual 0.00 VND [flow from gross legs 3.2.1+3.2.2]"
DCBF,2022-09-15,reconcile,True,0.0,"nav_end 822,509,897,073 vs identity 822,509,897,073, residual 0.00 VND [flow from gross legs 3.2.1+3.2.2]"
DCBF,2022-09-22,reconcile,True,0.0,"nav_end 819,022,432,317 vs identity 819,022,432,317, residual 0.00 VND [flow from gross legs 3.2.1+3.2.2]"
DCBF,2022-09-29,reconcile,True,0.0,"nav_end 820,464,114,199 vs identity 820,464,114,199, residual 0.00 VND [flow from gross legs 3.2.1+3.2.2]"
DCBF,2022-10-06,reconcile,True,0.0,"nav_end 818,696,838,347 vs identity 818,696,838,347, residual 0.00 VND [flow from gross legs 3.2.1+3.2.2]"
DCBF,2022-10-13,reconcile,True,0.0,"nav_end 657,927,549,321 vs identity 657,927,549,321, residual 0.00 VND (absent, treated as 0: chg_distribution) [flow from gross legs 3.2.1+3.2.2]"
DCBF,2022-10-20,reconcile,True,0.0,"nav_end 641,732,067,963 vs identity 641,732,067,963, residual 0.00 VND (absent, treated as 0: chg_distribution) [flow from gross legs 3.2.1+3.2.2]"
DCBF,2022-10-27,reconcile,True,0.0,"nav_end 638,456,930,131 vs identity 638,456,930,131, residual 0.00 VND (absent, treated as 0: chg_distribution) [flow from gross legs 3.2.1+3.2.2]"
DCBF,2022-11-03,reconcile,True,0.0,"nav_end 631,408,277,999 vs identity 631,408,277,999, residual 0.00 VND (absent, treated as 0: chg_distribution) [flow from gross legs 3.2.1+3.2.2]"
DCBF,2022-11-10,reconcile,True,0.0,"nav_end 623,127,235,070 vs identity 623,127,235,070, residual 0.00 VND (absent, treated as 0: chg_distribution) [flow from gross legs 3.2.1+3.2.2]"
DCBF,2022-11-17,reconcile,True,0.0,"nav_end 615,258,628,710 vs identity 615,258,628,710, residual 0.00 VND (absent, treated as 0: chg_distribution) [flow from gross legs 3.2.1+3.2.2]"
DCBF,2022-11-24,reconcile,True,0.0,"nav_end 594,614,481,971 vs identity 594,614,481,971, residual 0.00 VND (absent, treated as 0: chg_distribution) [flow from gross legs 3.2.1+3.2.2]"
DCBF,2022-12-01,reconcile,True,0.0,"nav_end 534,486,089,253 vs identity 534,486,089,253, residual 0.00 VND (absent, treated as 0: chg_distribution) [flow from gross legs 3.2.1+3.2.2]"
DCBF,2022-12-08,reconcile,True,0.0,"nav_end 479,205,082,952 vs identity 479,205,082,952, residual 0.00 VND (absent, treated as 0: chg_distribution) [flow from gross legs 3.2.1+3.2.2]"
DCBF,2022-12-15,reconcile,True,0.0,"nav_end 461,776,852,160 vs identity 461,776,852,160, residual 0.00 VND (absent, treated as 0: chg_distribution) [flow from gross legs 3.2.1+3.2.2]"
DCBF,2022-12-22,reconcile,True,0.0,"nav_end 448,562,282,771 vs identity 448,562,282,771, residual 0.00 VND (absent, treated as 0: chg_distribution) [flow from gross legs 3.2.1+3.2.2]"
DCBF,2022-12-29,reconcile,True,0.0,"nav_end 437,788,990,122 vs identity 437,788,990,122, residual 0.00 VND (absent, treated as 0: chg_distribution) [flow from gross legs 3.2.1+3.2.2]"
DCBF,2023-01-05,reconcile,True,0.0,"nav_end 434,969,225,166 vs identity 434,969,225,166, residual 0.00 VND (absent, treated as 0: chg_distribution) [flow from gross legs 3.2.1+3.2.2]"
DCBF,2023-01-12,reconcile,True,0.0,"nav_end 433,163,118,984 vs identity 433,163,118,984, residual 0.00 VND (absent, treated as 0: chg_distribution) [flow from gross legs 3.2.1+3.2.2]"
DCBF,2023-01-26,reconcile,True,0.0,"nav_end 431,866,364,606 vs identity 431,866,364,606, residual 0.00 VND (absent, treated as 0: chg_distribution) [flow from gross legs 3.2.1+3.2.2]"
DCBF,2023-02-02,reconcile,True,0.0,"nav_end 430,341,710,465 vs identity 430,341,710,465, residual 0.00 VND (absent, treated as 0: chg_distribution) [flow from gross legs 3.2.1+3.2.2]"
DCBF,2023-02-09,reconcile,True,0.0,"nav_end 422,219,846,111 vs identity 422,219,846,111, residual 0.00 VND (absent, treated as 0: chg_distribution) [flow from gross legs 3.2.1+3.2.2]"
DCBF,2023-02-16,reconcile,True,0.0,"nav_end 417,421,099,143 vs identity 417,421,099,143, residual 0.00 VND (absent, treated as 0: chg_distribution) [flow from gross legs 3.2.1+3.2.2]"
DCBF,2023-02-23,reconcile,True,0.0,"nav_end 410,939,282,398 vs identity 410,939,282,398, residual 0.00 VND (absent, treated as 0: chg_distribution) [flow from gross legs 3.2.1+3.2.2]"
DCBF,2023-03-02,reconcile,True,0.0,"nav_end 402,159,906,873 vs identity 402,159,906,873, residual 0.00 VND (absent, treated as 0: chg_distribution) [flow from gross legs 3.2.1+3.2.2]"
DCBF,2023-03-09,reconcile,True,0.0,"nav_end 401,214,690,465 vs identity 401,214,690,465, residual 0.00 VND (absent, treated as 0: chg_distribution) [flow from gross legs 3.2.1+3.2.2]"
DCBF,2023-03-16,reconcile,True,0.0,"nav_end 390,836,867,947 vs identity 390,836,867,947, residual 0.00 VND (absent, treated as 0: chg_distribution) [flow from gross legs 3.2.1+3.2.2]"
DCBF,2023-03-23,reconcile,True,0.0,"nav_end 390,527,797,429 vs identity 390,527,797,429, residual 0.00 VND (absent, treated as 0: chg_distribution) [flow from gross legs 3.2.1+3.2.2]"
DCBF,2023-03-30,reconcile,True,0.0,"nav_end 390,737,695,583 vs identity 390,737,695,583, residual 0.00 VND (absent, treated as 0: chg_distribution) [flow from gross legs 3.2.1+3.2.2]"
DCBF,2023-04-06,reconcile,True,0.0,"nav_end 389,068,200,215 vs identity 389,068,200,215, residual 0.00 VND (absent, treated as 0: chg_distribution) [flow from gross legs 3.2.1+3.2.2]"
DCBF,2023-04-13,reconcile,True,0.0,"nav_end 387,322,007,409 vs identity 387,322,007,409, residual 0.00 VND (absent, treated as 0: chg_distribution) [flow from gross legs 3.2.1+3.2.2]"
DCBF,2023-04-20,reconcile,True,0.0,"nav_end 387,006,314,288 vs identity 387,006,314,288, residual 0.00 VND (absent, treated as 0: chg_distribution) [flow from gross legs 3.2.1+3.2.2]"
DCBF,2023-04-27,reconcile,True,0.0,"nav_end 387,047,998,507 vs identity 387,047,998,507, residual 0.00 VND (absent, treated as 0: chg_distribution) [flow from gross legs 3.2.1+3.2.2]"
DCBF,2023-05-04,reconcile,True,0.0,"nav_end 386,698,210,374 vs identity 386,698,210,374, residual 0.00 VND (absent, treated as 0: chg_distribution) [flow from gross legs 3.2.1+3.2.2]"
DCBF,2023-05-11,reconcile,True,0.0,"nav_end 387,000,877,096 vs identity 387,000,877,096, residual 0.00 VND (absent, treated as 0: chg_distribution) [flow from gross legs 3.2.1+3.2.2]"
DCBF,2023-05-18,reconcile,True,0.0,"nav_end 387,972,353,833 vs identity 387,972,353,833, residual 0.00 VND (absent, treated as 0: chg_distribution) [flow from gross legs 3.2.1+3.2.2]"
DCBF,2023-05-25,reconcile,True,0.0,"nav_end 388,493,863,889 vs identity 388,493,863,889, residual 0.00 VND (absent, treated as 0: chg_distribution) [flow from gross legs 3.2.1+3.2.2]"
DCBF,2023-06-01,reconcile,True,0.0,"nav_end 387,520,763,966 vs identity 387,520,763,966, residual 0.00 VND (absent, treated as 0: chg_distribution) [flow from gross legs 3.2.1+3.2.2]"
DCBF,2023-06-08,reconcile,True,0.0,"nav_end 388,251,496,557 vs identity 388,251,496,557, residual 0.00 VND (absent, treated as 0: chg_distribution) [flow from gross legs 3.2.1+3.2.2]"
DCBF,2023-06-15,reconcile,True,0.0,"nav_end 388,755,486,943 vs identity 388,755,486,943, residual 0.00 VND (absent, treated as 0: chg_distribution) [flow from gross legs 3.2.1+3.2.2]"
DCBF,2023-06-22,reconcile,True,0.0,"nav_end 390,429,134,455 vs identity 390,429,134,455, residual 0.00 VND (absent, treated as 0: chg_distribution) [flow from gross legs 3.2.1+3.2.2]"
DCBF,2023-06-29,reconcile,True,0.0,"nav_end 390,283,530,039 vs identity 390,283,530,039, residual 0.00 VND (absent, treated as 0: chg_distribution) [flow from gross legs 3.2.1+3.2.2]"
DCBF,2023-07-06,reconcile,True,0.0,"nav_end 390,826,621,094 vs identity 390,826,621,094, residual 0.00 VND (absent, treated as 0: chg_distribution) [flow from gross legs 3.2.1+3.2.2]"
DCBF,2023-07-13,reconcile,True,0.0,"nav_end 391,523,906,609 vs identity 391,523,906,609, residual 0.00 VND (absent, treated as 0: chg_distribution) [flow from gross legs 3.2.1+3.2.2]"
DCBF,2023-07-20,reconcile,True,0.0,"nav_end 390,742,412,440 vs identity 390,742,412,440, residual 0.00 VND (absent, treated as 0: chg_distribution) [flow from gross legs 3.2.1+3.2.2]"
DCBF,2023-07-27,reconcile,True,0.0,"nav_end 391,215,469,346 vs identity 391,215,469,346, residual 0.00 VND (absent, treated as 0: chg_distribution) [flow from gross legs 3.2.1+3.2.2]"
DCBF,2023-08-03,reconcile,True,0.0,"nav_end 389,459,995,395 vs identity 389,459,995,395, residual 0.00 VND (absent, treated as 0: chg_distribution) [flow from gross legs 3.2.1+3.2.2]"
DCBF,2023-08-10,reconcile,True,0.0,"nav_end 390,935,109,757 vs identity 390,935,109,757, residual 0.00 VND (absent, treated as 0: chg_distribution) [flow from gross legs 3.2.1+3.2.2]"
DCBF,2023-08-17,reconcile,True,0.0,"nav_end 391,500,106,082 vs identity 391,500,106,082, residual 0.00 VND (absent, treated as 0: chg_distribution) [flow from gross legs 3.2.1+3.2.2]"
DCBF,2023-08-24,reconcile,True,0.0,"nav_end 393,716,627,277 vs identity 393,716,627,277, residual 0.00 VND (absent, treated as 0: chg_distribution) [flow from gross legs 3.2.1+3.2.2]"
DCBF,2023-09-04,reconcile,True,0.0,"nav_end 395,241,452,450 vs identity 395,241,452,450, residual 0.00 VND (absent, treated as 0: chg_distribution) [flow from gross legs 3.2.1+3.2.2]"
DCBF,2023-09-07,reconcile,True,0.0,"nav_end 395,529,410,156 vs identity 395,529,410,156, residual 0.00 VND (absent, treated as 0: chg_distribution) [flow from net line 3.2]"
DCBF,2023-09-14,reconcile,True,0.0,"nav_end 396,512,557,945 vs identity 396,512,557,945, residual 0.00 VND (absent, treated as 0: chg_distribution) [flow from gross legs 3.2.1+3.2.2]"
DCBF,2023-09-21,reconcile,True,0.0,"nav_end 400,170,892,281 vs identity 400,170,892,281, residual 0.00 VND (absent, treated as 0: chg_distribution) [flow from gross legs 3.2.1+3.2.2]"
DCBF,2023-09-28,reconcile,True,0.0,"nav_end 400,369,435,488 vs identity 400,369,435,488, residual 0.00 VND (absent, treated as 0: chg_distribution) [flow from gross legs 3.2.1+3.2.2]"
DCBF,2023-10-05,reconcile,True,0.0,"nav_end 400,978,285,377 vs identity 400,978,285,377, residual 0.00 VND (absent, treated as 0: chg_distribution) [flow from gross legs 3.2.1+3.2.2]"
DCBF,2023-10-12,reconcile,True,0.0,"nav_end 401,131,876,367 vs identity 401,131,876,367, residual 0.00 VND (absent, treated as 0: chg_distribution) [flow from gross legs 3.2.1+3.2.2]"
DCBF,2023-10-19,reconcile,True,0.0,"nav_end 401,628,194,862 vs identity 401,628,194,862, residual 0.00 VND (absent, treated as 0: chg_distribution) [flow from gross legs 3.2.1+3.2.2]"
DCBF,2023-10-26,reconcile,True,0.0,"nav_end 402,342,351,381 vs identity 402,342,351,381, residual 0.00 VND (absent, treated as 0: chg_distribution) [flow from gross legs 3.2.1+3.2.2]"
DCBF,2023-11-02,reconcile,True,0.0,"nav_end 402,562,496,670 vs identity 402,562,496,670, residual 0.00 VND (absent, treated as 0: chg_distribution) [flow from gross legs 3.2.1+3.2.2]"
DCBF,2023-11-09,reconcile,True,0.0,"nav_end 402,247,431,296 vs identity 402,247,431,296, residual 0.00 VND (absent, treated as 0: chg_distribution) [flow from gross legs 3.2.1+3.2.2]"
DCBF,2023-11-16,reconcile,True,0.0,"nav_end 414,431,807,480 vs identity 414,431,807,480, residual 0.00 VND (absent, treated as 0: chg_distribution) [flow from gross legs 3.2.1+3.2.2]"
DCBF,2023-11-23,reconcile,True,0.0,"nav_end 416,274,035,371 vs identity 416,274,035,371, residual 0.00 VND (absent, treated as 0: chg_distribution) [flow from gross legs 3.2.1+3.2.2]"
DCBF,2023-11-30,reconcile,True,0.0,"nav_end 415,129,565,645 vs identity 415,129,565,645, residual 0.00 VND (absent, treated as 0: chg_distribution) [flow from gross legs 3.2.1+3.2.2]"
DCBF,2023-12-07,reconcile,True,0.0,"nav_end 416,046,892,384 vs identity 416,046,892,384, residual 0.00 VND (absent, treated as 0: chg_distribution) [flow from gross legs 3.2.1+3.2.2]"
DCBF,2023-12-14,reconcile,True,0.0,"nav_end 417,257,701,671 vs identity 417,257,701,671, residual 0.00 VND (absent, treated as 0: chg_distribution) [flow from gross legs 3.2.1+3.2.2]"
DCBF,2023-12-21,reconcile,True,0.0,"nav_end 430,405,067,243 vs identity 430,405,067,243, residual 0.00 VND (absent, treated as 0: chg_distribution) [flow from gross legs 3.2.1+3.2.2]"
DCBF,2023-12-28,reconcile,True,0.0,"nav_end 431,704,387,168 vs identity 431,704,387,168, residual 0.00 VND (absent, treated as 0: chg_distribution) [flow from gross legs 3.2.1+3.2.2]"
DCBF,2024-01-04,reconcile,True,0.0,"nav_end 451,602,807,801 vs identity 451,602,807,801, residual 0.00 VND (absent, treated as 0: chg_distribution) [flow from gross legs 3.2.1+3.2.2]"
DCBF,2024-01-11,reconcile,True,0.0,"nav_end 460,614,304,110 vs identity 460,614,304,110, residual 0.00 VND (absent, treated as 0: chg_distribution) [flow from gross legs 3.2.1+3.2.2]"
DCBF,2024-01-18,reconcile,True,0.0,"nav_end 493,734,543,930 vs identity 493,734,543,930, residual 0.00 VND (absent, treated as 0: chg_distribution) [flow from gross legs 3.2.1+3.2.2]"
DCBF,2024-01-25,reconcile,True,0.0,"nav_end 527,388,801,026 vs identity 527,388,801,026, residual 0.00 VND (absent, treated as 0: chg_distribution) [flow from gross legs 3.2.1+3.2.2]"
DCBF,2024-02-01,reconcile,True,0.0,"nav_end 551,333,880,720 vs identity 551,333,880,720, residual 0.00 VND (absent, treated as 0: chg_distribution) [flow from gross legs 3.2.1+3.2.2]"
DCBF,2024-02-14,reconcile,True,0.0,"nav_end 632,259,710,361 vs identity 632,259,710,361, residual 0.00 VND (absent, treated as 0: chg_distribution) [flow from gross legs 3.2.1+3.2.2]"
DCBF,2024-02-15,reconcile,True,0.0,"nav_end 632,853,478,084 vs identity 632,853,478,084, residual 0.00 VND (absent, treated as 0: chg_distribution) [flow from net line 3.2]"
DCBF,2024-02-22,reconcile,True,0.0,"nav_end 676,945,644,808 vs identity 676,945,644,808, residual 0.00 VND (absent, treated as 0: chg_distribution) [flow from gross legs 3.2.1+3.2.2]"
DCBF,2024-02-29,reconcile,True,0.0,"nav_end 765,980,853,687 vs identity 765,980,853,687, residual 0.00 VND (absent, treated as 0: chg_distribution) [flow from gross legs 3.2.1+3.2.2]"
DCBF,2024-03-07,reconcile,True,0.0,"nav_end 905,142,814,051 vs identity 905,142,814,051, residual 0.00 VND (absent, treated as 0: chg_distribution) [flow from gross legs 3.2.1+3.2.2]"
DCBF,2024-03-14,reconcile,True,0.0,"nav_end 1,019,052,355,239 vs identity 1,019,052,355,239, residual 0.00 VND (absent, treated as 0: chg_distribution) [flow from gross legs 3.2.1+3.2.2]"
DCBF,2024-03-21,reconcile,True,0.0,"nav_end 1,075,593,615,788 vs identity 1,075,593,615,788, residual 0.00 VND (absent, treated as 0: chg_distribution) [flow from gross legs 3.2.1+3.2.2]"
DCBF,2024-03-28,reconcile,True,0.0,"nav_end 1,115,036,564,724 vs identity 1,115,036,564,724, residual 0.00 VND (absent, treated as 0: chg_distribution) [flow from gross legs 3.2.1+3.2.2]"
DCBF,2024-04-04,reconcile,True,0.0,"nav_end 1,118,964,775,118 vs identity 1,118,964,775,118, residual 0.00 VND (absent, treated as 0: chg_distribution) [flow from gross legs 3.2.1+3.2.2]"
DCBF,2024-04-11,reconcile,True,0.0,"nav_end 1,105,784,165,006 vs identity 1,105,784,165,006, residual 0.00 VND (absent, treated as 0: chg_distribution) [flow from gross legs 3.2.1+3.2.2]"
DCBF,2024-04-18,reconcile,True,0.0,"nav_end 1,091,814,093,903 vs identity 1,091,814,093,903, residual 0.00 VND (absent, treated as 0: chg_distribution) [flow from gross legs 3.2.1+3.2.2]"
DCBF,2024-04-25,reconcile,True,0.0,"nav_end 1,047,064,571,451 vs identity 1,047,064,571,451, residual 0.00 VND (absent, treated as 0: chg_distribution) [flow from gross legs 3.2.1+3.2.2]"
DCBF,2024-05-02,reconcile,True,0.0,"nav_end 1,103,400,774,511 vs identity 1,103,400,774,511, residual 0.00 VND (absent, treated as 0: chg_distribution) [flow from gross legs 3.2.1+3.2.2]"
DCBF,2024-05-09,reconcile,True,0.0,"nav_end 1,130,754,784,267 vs identity 1,130,754,784,267, residual 0.00 VND (absent, treated as 0: chg_distribution) [flow from gross legs 3.2.1+3.2.2]"
DCBF,2024-05-16,reconcile,True,0.0,"nav_end 1,108,636,578,346 vs identity 1,108,636,578,346, residual 0.00 VND (absent, treated as 0: chg_distribution) [flow from gross legs 3.2.1+3.2.2]"
DCBF,2024-05-23,reconcile,True,0.0,"nav_end 1,153,762,115,076 vs identity 1,153,762,115,076, residual 0.00 VND (absent, treated as 0: chg_distribution) [flow from gross legs 3.2.1+3.2.2]"
DCBF,2024-05-30,reconcile,True,0.0,"nav_end 1,200,231,301,710 vs identity 1,200,231,301,710, residual 0.00 VND (absent, treated as 0: chg_distribution) [flow from gross legs 3.2.1+3.2.2]"
DCBF,2024-06-06,reconcile,True,0.0,"nav_end 1,241,281,456,119 vs identity 1,241,281,456,119, residual 0.00 VND (absent, treated as 0: chg_distribution) [flow from gross legs 3.2.1+3.2.2]"
DCBF,2024-06-13,reconcile,True,0.0,"nav_end 1,265,590,258,633 vs identity 1,265,590,258,633, residual 0.00 VND (absent, treated as 0: chg_distribution) [flow from gross legs 3.2.1+3.2.2]"
DCBF,2024-06-20,reconcile,True,0.0,"nav_end 1,284,284,818,278 vs identity 1,284,284,818,278, residual 0.00 VND (absent, treated as 0: chg_distribution) [flow from gross legs 3.2.1+3.2.2]"
DCBF,2024-06-27,reconcile,True,0.0,"nav_end 1,333,449,334,114 vs identity 1,333,449,334,114, residual 0.00 VND (absent, treated as 0: chg_distribution) [flow from gross legs 3.2.1+3.2.2]"
DCBF,2024-07-04,reconcile,True,0.0,"nav_end 1,344,871,255,307 vs identity 1,344,871,255,307, residual 0.00 VND (absent, treated as 0: chg_distribution) [flow from gross legs 3.2.1+3.2.2]"
DCBF,2024-07-11,reconcile,True,0.0,"nav_end 1,366,579,504,717 vs identity 1,366,579,504,717, residual 0.00 VND (absent, treated as 0: chg_distribution) [flow from gross legs 3.2.1+3.2.2]"
DCBF,2024-07-18,reconcile,True,0.0,"nav_end 1,382,494,650,869 vs identity 1,382,494,650,869, residual 0.00 VND (absent, treated as 0: chg_distribution) [flow from gross legs 3.2.1+3.2.2]"
DCBF,2024-07-25,reconcile,True,0.0,"nav_end 1,401,949,083,018 vs identity 1,401,949,083,018, residual 0.00 VND (absent, treated as 0: chg_distribution) [flow from gross legs 3.2.1+3.2.2]"
DCBF,2024-08-01,reconcile,True,0.0,"nav_end 1,424,071,541,557 vs identity 1,424,071,541,557, residual 0.00 VND (absent, treated as 0: chg_distribution) [flow from gross legs 3.2.1+3.2.2]"
DCBF,2024-08-08,reconcile,True,0.0,"nav_end 1,427,732,150,018 vs identity 1,427,732,150,018, residual 0.00 VND (absent, treated as 0: chg_distribution) [flow from gross legs 3.2.1+3.2.2]"
DCBF,2024-08-15,reconcile,True,0.0,"nav_end 1,415,877,484,455 vs identity 1,415,877,484,455, residual 0.00 VND (absent, treated as 0: chg_distribution) [flow from gross legs 3.2.1+3.2.2]"
DCBF,2024-08-22,reconcile,True,0.0,"nav_end 1,467,351,069,926 vs identity 1,467,351,069,926, residual 0.00 VND (absent, treated as 0: chg_distribution) [flow from gross legs 3.2.1+3.2.2]"
DCBF,2024-08-29,reconcile,True,0.0,"nav_end 1,450,874,207,703 vs identity 1,450,874,207,703, residual 0.00 VND (absent, treated as 0: chg_distribution) [flow from gross legs 3.2.1+3.2.2]"
DCBF,2024-09-05,reconcile,True,0.0,"nav_end 1,475,760,530,627 vs identity 1,475,760,530,627, residual 0.00 VND (absent, treated as 0: chg_distribution) [flow from gross legs 3.2.1+3.2.2]"
DCBF,2024-09-12,reconcile,True,0.0,"nav_end 1,415,388,147,795 vs identity 1,415,388,147,795, residual 0.00 VND (absent, treated as 0: chg_distribution) [flow from gross legs 3.2.1+3.2.2]"
DCBF,2024-09-19,reconcile,True,0.0,"nav_end 1,451,188,420,091 vs identity 1,451,188,420,091, residual 0.00 VND (absent, treated as 0: chg_distribution) [flow from gross legs 3.2.1+3.2.2]"
DCBF,2024-09-26,reconcile,True,0.0,"nav_end 1,469,548,046,863 vs identity 1,469,548,046,863, residual 0.00 VND (absent, treated as 0: chg_distribution) [flow from gross legs 3.2.1+3.2.2]"
DCBF,2024-10-03,reconcile,True,0.0,"nav_end 1,501,569,935,382 vs identity 1,501,569,935,382, residual 0.00 VND (absent, treated as 0: chg_distribution) [flow from gross legs 3.2.1+3.2.2]"
DCBF,2024-10-10,reconcile,True,0.0,"nav_end 1,514,130,266,651 vs identity 1,514,130,266,651, residual 0.00 VND (absent, treated as 0: chg_distribution) [flow from gross legs 3.2.1+3.2.2]"
DCBF,2024-10-17,reconcile,True,0.0,"nav_end 1,527,009,650,097 vs identity 1,527,009,650,097, residual 0.00 VND (absent, treated as 0: chg_distribution) [flow from gross legs 3.2.1+3.2.2]"
DCBF,2024-10-24,reconcile,True,0.0,"nav_end 1,549,022,192,784 vs identity 1,549,022,192,784, residual 0.00 VND (absent, treated as 0: chg_distribution) [flow from gross legs 3.2.1+3.2.2]"
DCBF,2024-10-31,reconcile,True,0.0,"nav_end 1,586,926,568,438 vs identity 1,586,926,568,438, residual 0.00 VND (absent, treated as 0: chg_distribution) [flow from gross legs 3.2.1+3.2.2]"
DCBF,2024-11-07,reconcile,True,0.0,"nav_end 1,607,167,292,854 vs identity 1,607,167,292,854, residual 0.00 VND (absent, treated as 0: chg_distribution) [flow from gross legs 3.2.1+3.2.2]"
DCBF,2024-11-14,reconcile,True,0.0,"nav_end 1,631,351,715,068 vs identity 1,631,351,715,068, residual 0.00 VND (absent, treated as 0: chg_distribution) [flow from gross legs 3.2.1+3.2.2]"
DCBF,2024-11-21,reconcile,True,0.0,"nav_end 1,605,454,143,192 vs identity 1,605,454,143,192, residual 0.00 VND (absent, treated as 0: chg_distribution) [flow from gross legs 3.2.1+3.2.2]"
DCBF,2024-11-28,reconcile,True,0.0,"nav_end 1,601,611,957,703 vs identity 1,601,611,957,703, residual 0.00 VND (absent, treated as 0: chg_distribution) [flow from gross legs 3.2.1+3.2.2]"
DCBF,2024-12-05,reconcile,True,0.0,"nav_end 1,616,191,273,112 vs identity 1,616,191,273,112, residual 0.00 VND (absent, treated as 0: chg_distribution) [flow from gross legs 3.2.1+3.2.2]"
DCBF,2024-12-12,reconcile,True,0.0,"nav_end 1,610,392,956,131 vs identity 1,610,392,956,131, residual 0.00 VND (absent, treated as 0: chg_distribution) [flow from gross legs 3.2.1+3.2.2]"
DCBF,2024-12-19,reconcile,True,0.0,"nav_end 1,605,016,696,428 vs identity 1,605,016,696,428, residual 0.00 VND (absent, treated as 0: chg_distribution) [flow from gross legs 3.2.1+3.2.2]"
DCBF,2024-12-26,reconcile,True,0.0,"nav_end 1,641,476,991,031 vs identity 1,641,476,991,031, residual 0.00 VND (absent, treated as 0: chg_distribution) [flow from gross legs 3.2.1+3.2.2]"
DCBF,2025-01-02,reconcile,True,0.0,"nav_end 1,648,891,308,305 vs identity 1,648,891,308,305, residual 0.00 VND (absent, treated as 0: chg_distribution) [flow from gross legs 3.2.1+3.2.2]"
DCBF,2025-01-09,reconcile,True,0.0,"nav_end 1,676,225,301,323 vs identity 1,676,225,301,323, residual 0.00 VND (absent, treated as 0: chg_distribution) [flow from gross legs 3.2.1+3.2.2]"
DCBF,2025-01-16,reconcile,True,0.0,"nav_end 1,684,547,653,298 vs identity 1,684,547,653,298, residual 0.00 VND (absent, treated as 0: chg_distribution) [flow from gross legs 3.2.1+3.2.2]"
DCBF,2025-01-23,reconcile,True,0.0,"nav_end 1,676,864,367,163 vs identity 1,676,864,367,163, residual 0.00 VND (absent, treated as 0: chg_distribution) [flow from gross legs 3.2.1+3.2.2]"
DCBF,2025-02-02,reconcile,True,0.0,"nav_end 1,686,954,145,428 vs identity 1,686,954,145,428, residual 0.00 VND (absent, treated as 0: chg_distribution) [flow from gross legs 3.2.1+3.2.2]"
DCBF,2025-02-06,reconcile,True,0.0,"nav_end 1,635,154,869,259 vs identity 1,635,154,869,259, residual 0.00 VND (absent, treated as 0: chg_distribution) [flow from gross legs 3.2.1+3.2.2]"
DCBF,2025-02-13,reconcile,True,0.0,"nav_end 1,637,515,670,873 vs identity 1,637,515,670,873, residual 0.00 VND (absent, treated as 0: chg_distribution) [flow from gross legs 3.2.1+3.2.2]"
DCBF,2025-02-20,reconcile,True,0.0,"nav_end 1,664,065,332,763 vs identity 1,664,065,332,763, residual 0.00 VND (absent, treated as 0: chg_distribution) [flow from gross legs 3.2.1+3.2.2]"
DCBF,2025-02-27,reconcile,True,0.0,"nav_end 1,659,581,190,755 vs identity 1,659,581,190,755, residual 0.00 VND (absent, treated as 0: chg_distribution) [flow from gross legs 3.2.1+3.2.2]"
DCBF,2025-03-06,reconcile,True,0.0,"nav_end 1,642,692,786,269 vs identity 1,642,692,786,269, residual 0.00 VND (absent, treated as 0: chg_distribution) [flow from gross legs 3.2.1+3.2.2]"
DCBF,2025-03-13,reconcile,True,0.0,"nav_end 1,611,377,751,165 vs identity 1,611,377,751,165, residual 0.00 VND (absent, treated as 0: chg_distribution) [flow from gross legs 3.2.1+3.2.2]"
DCBF,2025-03-20,reconcile,True,0.0,"nav_end 1,600,839,513,643 vs identity 1,600,839,513,643, residual 0.00 VND (absent, treated as 0: chg_distribution) [flow from gross legs 3.2.1+3.2.2]"
DCBF,2025-03-27,reconcile,True,0.0,"nav_end 1,608,446,587,477 vs identity 1,608,446,587,477, residual 0.00 VND (absent, treated as 0: chg_distribution) [flow from gross legs 3.2.1+3.2.2]"
DCBF,2025-04-03,reconcile,True,0.0,"nav_end 1,580,797,000,252 vs identity 1,580,797,000,252, residual 0.00 VND (absent, treated as 0: chg_distribution) [flow from gross legs 3.2.1+3.2.2]"
DCBF,2025-04-10,reconcile,True,0.0,"nav_end 1,530,815,183,830 vs identity 1,530,815,183,830, residual 0.00 VND (absent, treated as 0: chg_distribution) [flow from gross legs 3.2.1+3.2.2]"
DCBF,2025-04-17,reconcile,True,0.0,"nav_end 1,544,671,141,098 vs identity 1,544,671,141,098, residual 0.00 VND (absent, treated as 0: chg_distribution) [flow from gross legs 3.2.1+3.2.2]"
DCBF,2025-04-24,reconcile,True,0.0,"nav_end 1,542,233,085,742 vs identity 1,542,233,085,742, residual 0.00 VND (absent, treated as 0: chg_distribution) [flow from gross legs 3.2.1+3.2.2]"
DCBF,2025-05-04,reconcile,True,0.0,"nav_end 1,538,405,698,283 vs identity 1,538,405,698,283, residual 0.00 VND (absent, treated as 0: chg_distribution) [flow from gross legs 3.2.1+3.2.2]"
DCBF,2025-05-08,reconcile,True,0.0,"nav_end 1,525,563,507,876 vs identity 1,525,563,507,876, residual 0.00 VND (absent, treated as 0: chg_distribution) [flow from gross legs 3.2.1+3.2.2]"
DCBF,2025-05-15,reconcile,True,0.0,"nav_end 1,476,235,503,556 vs identity 1,476,235,503,556, residual 0.00 VND (absent, treated as 0: chg_distribution) [flow from gross legs 3.2.1+3.2.2]"
DCBF,2025-05-22,reconcile,True,0.0,"nav_end 1,536,470,713,211 vs identity 1,536,470,713,211, residual 0.00 VND (absent, treated as 0: chg_distribution) [flow from gross legs 3.2.1+3.2.2]"
DCBF,2025-05-29,reconcile,True,0.0,"nav_end 1,556,970,767,583 vs identity 1,556,970,767,583, residual 0.00 VND (absent, treated as 0: chg_distribution) [flow from gross legs 3.2.1+3.2.2]"
DCBF,2025-06-05,reconcile,True,0.0,"nav_end 1,563,265,054,872 vs identity 1,563,265,054,872, residual 0.00 VND (absent, treated as 0: chg_distribution) [flow from gross legs 3.2.1+3.2.2]"
DCBF,2025-06-12,reconcile,True,0.0,"nav_end 1,577,296,346,419 vs identity 1,577,296,346,419, residual 0.00 VND (absent, treated as 0: chg_distribution) [flow from gross legs 3.2.1+3.2.2]"
DCBF,2025-06-19,reconcile,True,0.0,"nav_end 1,589,102,405,636 vs identity 1,589,102,405,636, residual 0.00 VND (absent, treated as 0: chg_distribution) [flow from gross legs 3.2.1+3.2.2]"
DCBF,2025-06-26,reconcile,True,0.0,"nav_end 1,613,315,647,189 vs identity 1,613,315,647,189, residual 0.00 VND (absent, treated as 0: chg_distribution) [flow from gross legs 3.2.1+3.2.2]"
DCBF,2025-07-03,reconcile,True,0.0,"nav_end 1,643,024,230,079 vs identity 1,643,024,230,079, residual 0.00 VND (absent, treated as 0: chg_distribution) [flow from gross legs 3.2.1+3.2.2]"
DCBF,2025-07-10,reconcile,True,0.0,"nav_end 1,690,844,144,616 vs identity 1,690,844,144,616, residual 0.00 VND (absent, treated as 0: chg_distribution) [flow from gross legs 3.2.1+3.2.2]"
DCBF,2025-07-17,reconcile,True,0.0,"nav_end 1,721,111,038,958 vs identity 1,721,111,038,958, residual 0.00 VND (absent, treated as 0: chg_distribution) [flow from gross legs 3.2.1+3.2.2]"
DCBF,2025-07-24,reconcile,True,0.0,"nav_end 1,734,595,443,280 vs identity 1,734,595,443,280, residual 0.00 VND (absent, treated as 0: chg_distribution) [flow from gross legs 3.2.1+3.2.2]"
DCBF,2025-07-31,reconcile,True,0.0,"nav_end 1,756,723,520,438 vs identity 1,756,723,520,438, residual 0.00 VND (absent, treated as 0: chg_distribution) [flow from gross legs 3.2.1+3.2.2]"
DCBF,2025-08-07,reconcile,True,0.0,"nav_end 1,809,153,407,379 vs identity 1,809,153,407,379, residual 0.00 VND (absent, treated as 0: chg_distribution) [flow from gross legs 3.2.1+3.2.2]"
DCBF,2025-08-14,reconcile,True,0.0,"nav_end 1,822,219,948,459 vs identity 1,822,219,948,459, residual 0.00 VND (absent, treated as 0: chg_distribution) [flow from gross legs 3.2.1+3.2.2]"
DCBF,2025-08-21,reconcile,True,0.0,"nav_end 1,861,086,832,259 vs identity 1,861,086,832,259, residual 0.00 VND (absent, treated as 0: chg_distribution) [flow from gross legs 3.2.1+3.2.2]"
DCBF,2025-08-28,reconcile,True,0.0,"nav_end 1,885,134,748,077 vs identity 1,885,134,748,077, residual 0.00 VND (absent, treated as 0: chg_distribution) [flow from gross legs 3.2.1+3.2.2]"
DCBF,2025-09-04,reconcile,True,0.0,"nav_end 1,897,224,201,100 vs identity 1,897,224,201,100, residual 0.00 VND (absent, treated as 0: chg_distribution) [flow from gross legs 3.2.1+3.2.2]"
DCBF,2025-09-11,reconcile,True,0.0,"nav_end 1,905,920,489,672 vs identity 1,905,920,489,672, residual 0.00 VND (absent, treated as 0: chg_distribution) [flow from gross legs 3.2.1+3.2.2]"
DCBF,2025-09-18,reconcile,True,0.0,"nav_end 1,842,817,769,133 vs identity 1,842,817,769,133, residual 0.00 VND (absent, treated as 0: chg_distribution) [flow from gross legs 3.2.1+3.2.2]"
DCBF,2025-09-25,reconcile,True,0.0,"nav_end 1,949,109,654,352 vs identity 1,949,109,654,352, residual 0.00 VND (absent, treated as 0: chg_distribution) [flow from gross legs 3.2.1+3.2.2]"
DCBF,2025-10-02,reconcile,True,0.0,"nav_end 1,950,331,534,156 vs identity 1,950,331,534,156, residual 0.00 VND (absent, treated as 0: chg_distribution) [flow from gross legs 3.2.1+3.2.2]"
DCBF,2025-10-09,reconcile,True,0.0,"nav_end 1,965,535,675,775 vs identity 1,965,535,675,775, residual 0.00 VND (absent, treated as 0: chg_distribution) [flow from gross legs 3.2.1+3.2.2]"
DCBF,2025-10-16,reconcile,True,0.0,"nav_end 1,966,981,591,825 vs identity 1,966,981,591,825, residual 0.00 VND (absent, treated as 0: chg_distribution) [flow from gross legs 3.2.1+3.2.2]"
DCBF,2025-10-23,reconcile,True,0.0,"nav_end 1,969,326,219,065 vs identity 1,969,326,219,065, residual 0.00 VND (absent, treated as 0: chg_distribution) [flow from gross legs 3.2.1+3.2.2]"
DCBF,2025-10-30,reconcile,True,0.0,"nav_end 1,953,756,110,311 vs identity 1,953,756,110,311, residual 0.00 VND (absent, treated as 0: chg_distribution) [flow from gross legs 3.2.1+3.2.2]"
DCBF,2025-11-06,reconcile,True,0.0,"nav_end 1,921,768,163,957 vs identity 1,921,768,163,957, residual 0.00 VND (absent, treated as 0: chg_distribution) [flow from gross legs 3.2.1+3.2.2]"
DCBF,2025-11-13,reconcile,True,0.0,"nav_end 1,925,370,064,213 vs identity 1,925,370,064,213, residual 0.00 VND (absent, treated as 0: chg_distribution) [flow from gross legs 3.2.1+3.2.2]"
DCBF,2025-11-20,reconcile,True,0.0,"nav_end 1,956,786,991,628 vs identity 1,956,786,991,628, residual 0.00 VND (absent, treated as 0: chg_distribution) [flow from gross legs 3.2.1+3.2.2]"
DCBF,2025-11-27,reconcile,True,0.0,"nav_end 1,921,392,377,140 vs identity 1,921,392,377,140, residual 0.00 VND (absent, treated as 0: chg_distribution) [flow from gross legs 3.2.1+3.2.2]"
DCBF,2025-12-04,reconcile,True,0.0,"nav_end 1,922,916,506,416 vs identity 1,922,916,506,416, residual 0.00 VND (absent, treated as 0: chg_distribution) [flow from gross legs 3.2.1+3.2.2]"
DCBF,2025-12-11,reconcile,True,0.0,"nav_end 1,904,342,217,617 vs identity 1,904,342,217,617, residual 0.00 VND (absent, treated as 0: chg_distribution) [flow from gross legs 3.2.1+3.2.2]"
DCBF,2025-12-18,reconcile,True,0.0,"nav_end 1,846,826,917,890 vs identity 1,846,826,917,890, residual 0.00 VND (absent, treated as 0: chg_distribution) [flow from gross legs 3.2.1+3.2.2]"
DCBF,2025-12-25,reconcile,True,0.0,"nav_end 1,791,800,573,662 vs identity 1,791,800,573,662, residual 0.00 VND (absent, treated as 0: chg_distribution) [flow from gross legs 3.2.1+3.2.2]"
DCBF,2026-01-04,reconcile,True,0.0,"nav_end 1,780,456,455,625 vs identity 1,780,456,455,625, residual 0.00 VND (absent, treated as 0: chg_distribution) [flow from gross legs 3.2.1+3.2.2]"
DCBF,2026-01-08,reconcile,True,0.0,"nav_end 1,800,042,627,990 vs identity 1,800,042,627,990, residual 0.00 VND (absent, treated as 0: chg_distribution) [flow from gross legs 3.2.1+3.2.2]"
DCBF,2026-01-15,reconcile,True,0.0,"nav_end 1,777,541,684,489 vs identity 1,777,541,684,489, residual 0.00 VND (absent, treated as 0: chg_distribution) [flow from gross legs 3.2.1+3.2.2]"
DCBF,2026-01-22,reconcile,True,0.0,"nav_end 1,724,112,285,479 vs identity 1,724,112,285,479, residual 0.00 VND (absent, treated as 0: chg_distribution) [flow from gross legs 3.2.1+3.2.2]"
DCBF,2026-01-29,reconcile,True,0.0,"nav_end 1,696,454,698,027 vs identity 1,696,454,698,027, residual 0.00 VND (absent, treated as 0: chg_distribution) [flow from gross legs 3.2.1+3.2.2]"
DCBF,2026-02-05,reconcile,True,0.0,"nav_end 1,688,403,602,143 vs identity 1,688,403,602,143, residual 0.00 VND (absent, treated as 0: chg_distribution) [flow from gross legs 3.2.1+3.2.2]"
DCBF,2026-02-12,reconcile,True,0.0,"nav_end 1,685,385,381,043 vs identity 1,685,385,381,043, residual 0.00 VND (absent, treated as 0: chg_distribution) [flow from gross legs 3.2.1+3.2.2]"
DCBF,2026-02-22,reconcile,True,0.0,"nav_end 1,694,586,534,297 vs identity 1,694,586,534,297, residual 0.00 VND (absent, treated as 0: chg_distribution) [flow from gross legs 3.2.1+3.2.2]"
DCBF,2026-02-26,reconcile,True,0.0,"nav_end 1,671,082,242,507 vs identity 1,671,082,242,507, residual 0.00 VND (absent, treated as 0: chg_distribution) [flow from gross legs 3.2.1+3.2.2]"
DCBF,2026-03-05,reconcile,True,0.0,"nav_end 1,621,834,747,974 vs identity 1,621,834,747,974, residual 0.00 VND (absent, treated as 0: chg_distribution) [flow from gross legs 3.2.1+3.2.2]"
DCBF,2026-03-12,reconcile,True,0.0,"nav_end 1,570,772,352,758 vs identity 1,570,772,352,758, residual 0.00 VND (absent, treated as 0: chg_distribution) [flow from gross legs 3.2.1+3.2.2]"
DCBF,2026-03-19,reconcile,True,0.0,"nav_end 1,513,486,619,215 vs identity 1,513,486,619,215, residual 0.00 VND (absent, treated as 0: chg_distribution) [flow from gross legs 3.2.1+3.2.2]"
DCBF,2026-03-26,reconcile,True,0.0,"nav_end 1,405,157,064,610 vs identity 1,405,157,064,610, residual 0.00 VND (absent, treated as 0: chg_distribution) [flow from gross legs 3.2.1+3.2.2]"
DCBF,2026-04-02,reconcile,True,0.0,"nav_end 1,398,103,808,311 vs identity 1,398,103,808,311, residual 0.00 VND (absent, treated as 0: chg_distribution) [flow from gross legs 3.2.1+3.2.2]"
DCBF,2026-04-09,reconcile,True,0.0,"nav_end 1,328,935,017,626 vs identity 1,328,935,017,626, residual 0.00 VND (absent, treated as 0: chg_distribution) [flow from gross legs 3.2.1+3.2.2]"
DCBF,2026-04-16,reconcile,True,0.0,"nav_end 1,307,686,708,039 vs identity 1,307,686,708,039, residual 0.00 VND (absent, treated as 0: chg_distribution) [flow from gross legs 3.2.1+3.2.2]"
DCBF,2026-04-23,reconcile,True,0.0,"nav_end 1,232,900,249,768 vs identity 1,232,900,249,768, residual 0.00 VND (absent, treated as 0: chg_distribution) [flow from gross legs 3.2.1+3.2.2]"
DCBF,2026-05-03,reconcile,True,0.0,"nav_end 1,218,745,755,007 vs identity 1,218,745,755,007, residual 0.00 VND (absent, treated as 0: chg_distribution) [flow from gross legs 3.2.1+3.2.2]"
DCBF,2026-05-07,reconcile,True,0.0,"nav_end 1,164,899,014,871 vs identity 1,164,899,014,871, residual 0.00 VND (absent, treated as 0: chg_distribution) [flow from gross legs 3.2.1+3.2.2]"
DCBF,2026-05-14,reconcile,True,0.0,"nav_end 1,080,952,484,492 vs identity 1,080,952,484,492, residual 0.00 VND (absent, treated as 0: chg_distribution) [flow from gross legs 3.2.1+3.2.2]"
DCBF,2026-05-21,reconcile,True,0.0,"nav_end 1,062,565,303,847 vs identity 1,062,565,303,847, residual 0.00 VND (absent, treated as 0: chg_distribution) [flow from gross legs 3.2.1+3.2.2]"
DCBF,2026-05-28,reconcile,True,0.0,"nav_end 1,030,452,062,736 vs identity 1,030,452,062,736, residual 0.00 VND (absent, treated as 0: chg_distribution) [flow from gross legs 3.2.1+3.2.2]"
DCBF,2026-06-04,reconcile,True,0.0,"nav_end 999,370,278,077 vs identity 999,370,278,077, residual 0.00 VND (absent, treated as 0: chg_distribution) [flow from gross legs 3.2.1+3.2.2]"
DCBF,2026-06-11,reconcile,True,0.0,"nav_end 984,206,559,310 vs identity 984,206,559,310, residual 0.00 VND (absent, treated as 0: chg_distribution) [flow from gross legs 3.2.1+3.2.2]"
DCBF,2026-06-18,reconcile,True,0.0,"nav_end 971,202,097,601 vs identity 971,202,097,601, residual 0.00 VND (absent, treated as 0: chg_distribution) [flow from gross legs 3.2.1+3.2.2]"
DCBF,2026-06-25,reconcile,True,0.0,"nav_end 972,268,174,390 vs identity 972,268,174,390, residual 0.00 VND (absent, treated as 0: chg_distribution) [flow from gross legs 3.2.1+3.2.2]"
DCBF,2026-07-02,reconcile,True,0.0,"nav_end 957,398,042,310 vs identity 957,398,042,310, residual 0.00 VND (absent, treated as 0: chg_distribution) [flow from gross legs 3.2.1+3.2.2]"
DCBF,2026-07-09,reconcile,True,0.0,"nav_end 952,699,047,873 vs identity 952,699,047,873, residual 0.00 VND (absent, treated as 0: chg_distribution) [flow from gross legs 3.2.1+3.2.2]"
DCBF,2026-07-16,reconcile,True,0.0,"nav_end 889,027,574,288 vs identity 889,027,574,288, residual 0.00 VND (absent, treated as 0: chg_distribution) [flow from gross legs 3.2.1+3.2.2]"
DCBF,2026-07-23,reconcile,True,0.0,"nav_end 947,430,598,863 vs identity 947,430,598,863, residual 0.00 VND (absent, treated as 0: chg_distribution) [flow from gross legs 3.2.1+3.2.2]"
DCBF,2026-07-30,reconcile,True,0.0,"nav_end 979,832,370,877 vs identity 979,832,370,877, residual 0.00 VND (absent, treated as 0: chg_distribution) [flow from gross legs 3.2.1+3.2.2]"
DCBF,2026-08-06,reconcile,True,0.0,"nav_end 975,988,938,408 vs identity 975,988,938,408, residual 0.00 VND (absent, treated as 0: chg_distribution) [flow from gross legs 3.2.1+3.2.2]"
DCBF,2026-08-13,reconcile,True,0.0,"nav_end 973,342,951,209 vs identity 973,342,951,209, residual 0.00 VND (absent, treated as 0: chg_distribution) [flow from gross legs 3.2.1+3.2.2]"
DCDE,2023-10-19,reconcile,True,0.0,"nav_end 369,335,438,555 vs identity 369,335,438,555, residual 0.00 VND (absent, treated as 0: chg_distribution) [flow from gross legs 3.2.1+3.2.2]"
DCDE,2023-10-26,reconcile,True,0.0,"nav_end 358,638,652,419 vs identity 358,638,652,419, residual 0.00 VND (absent, treated as 0: chg_distribution) [flow from gross legs 3.2.1+3.2.2]"
DCDE,2023-11-02,reconcile,True,0.0,"nav_end 366,048,646,496 vs identity 366,048,646,496, residual 0.00 VND (absent, treated as 0: chg_distribution) [flow from gross legs 3.2.1+3.2.2]"
DCDE,2023-11-09,reconcile,True,0.0,"nav_end 386,524,590,181 vs identity 386,524,590,181, residual 0.00 VND (absent, treated as 0: chg_distribution) [flow from gross legs 3.2.1+3.2.2]"
DCDE,2023-11-16,reconcile,True,0.0,"nav_end 393,363,290,523 vs identity 393,363,290,523, residual 0.00 VND (absent, treated as 0: chg_distribution) [flow from gross legs 3.2.1+3.2.2]"
DCDE,2023-11-23,reconcile,True,0.0,"nav_end 383,240,374,941 vs identity 383,240,374,941, residual 0.00 VND (absent, treated as 0: chg_distribution) [flow from gross legs 3.2.1+3.2.2]"
DCDE,2023-11-30,reconcile,True,0.0,"nav_end 388,390,706,414 vs identity 388,390,706,414, residual 0.00 VND (absent, treated as 0: chg_distribution) [flow from gross legs 3.2.1+3.2.2]"
DCDE,2023-12-07,reconcile,True,0.0,"nav_end 392,559,538,908 vs identity 392,559,538,908, residual 0.00 VND (absent, treated as 0: chg_distribution) [flow from gross legs 3.2.1+3.2.2]"
DCDE,2023-12-14,reconcile,True,0.0,"nav_end 386,371,805,823 vs identity 386,371,805,823, residual 0.00 VND (absent, treated as 0: chg_distribution) [flow from gross legs 3.2.1+3.2.2]"
DCDE,2023-12-21,reconcile,True,0.0,"nav_end 389,814,861,967 vs identity 389,814,861,967, residual 0.00 VND (absent, treated as 0: chg_distribution) [flow from gross legs 3.2.1+3.2.2]"
DCDE,2023-12-28,reconcile,True,0.0,"nav_end 399,962,176,150 vs identity 399,962,176,150, residual 0.00 VND (absent, treated as 0: chg_distribution) [flow from gross legs 3.2.1+3.2.2]"
DCDE,2024-01-04,reconcile,True,0.0,"nav_end 404,453,427,354 vs identity 404,453,427,354, residual 0.00 VND (absent, treated as 0: chg_distribution) [flow from gross legs 3.2.1+3.2.2]"
DCDE,2024-01-11,reconcile,True,0.0,"nav_end 405,337,652,232 vs identity 405,337,652,232, residual 0.00 VND (absent, treated as 0: chg_distribution) [flow from gross legs 3.2.1+3.2.2]"
DCDE,2024-01-18,reconcile,True,0.0,"nav_end 411,667,574,224 vs identity 411,667,574,224, residual 0.00 VND (absent, treated as 0: chg_distribution) [flow from gross legs 3.2.1+3.2.2]"
DCDE,2024-01-25,reconcile,True,0.0,"nav_end 413,417,904,220 vs identity 413,417,904,220, residual 0.00 VND (absent, treated as 0: chg_distribution) [flow from gross legs 3.2.1+3.2.2]"
DCDE,2024-02-01,reconcile,True,0.0,"nav_end 423,134,169,672 vs identity 423,134,169,672, residual 0.00 VND (absent, treated as 0: chg_distribution) [flow from gross legs 3.2.1+3.2.2]"
DCDE,2024-02-14,reconcile,True,0.0,"nav_end 440,337,412,500 vs identity 440,337,412,500, residual 0.00 VND (absent, treated as 0: chg_distribution) [flow from gross legs 3.2.1+3.2.2]"
DCDE,2024-02-15,reconcile,True,0.0,"nav_end 440,843,027,385 vs identity 440,843,027,385, residual 0.00 VND (absent, treated as 0: chg_distribution) [flow from gross legs 3.2.1+3.2.2]"
DCDE,2024-02-22,reconcile,True,0.0,"nav_end 447,717,531,789 vs identity 447,717,531,789, residual 0.00 VND (absent, treated as 0: chg_distribution) [flow from gross legs 3.2.1+3.2.2]"
DCDE,2024-02-29,reconcile,True,0.0,"nav_end 461,845,042,841 vs identity 461,845,042,841, residual 0.00 VND (absent, treated as 0: chg_distribution) [flow from gross legs 3.2.1+3.2.2]"
DCDE,2024-03-07,reconcile,True,0.0,"nav_end 477,275,727,607 vs identity 477,275,727,607, residual 0.00 VND (absent, treated as 0: chg_distribution) [flow from gross legs 3.2.1+3.2.2]"
DCDE,2024-03-14,reconcile,True,0.0,"nav_end 486,338,092,312 vs identity 486,338,092,312, residual 0.00 VND (absent, treated as 0: chg_distribution) [flow from gross legs 3.2.1+3.2.2]"
DCDE,2024-03-21,reconcile,True,0.0,"nav_end 488,585,295,417 vs identity 488,585,295,417, residual 0.00 VND (absent, treated as 0: chg_distribution) [flow from gross legs 3.2.1+3.2.2]"
DCDE,2024-03-28,reconcile,True,0.0,"nav_end 502,089,836,168 vs identity 502,089,836,168, residual 0.00 VND (absent, treated as 0: chg_distribution) [flow from gross legs 3.2.1+3.2.2]"
DCDE,2024-04-04,reconcile,True,0.0,"nav_end 502,025,360,164 vs identity 502,025,360,164, residual 0.00 VND (absent, treated as 0: chg_distribution) [flow from gross legs 3.2.1+3.2.2]"
DCDE,2024-04-11,reconcile,True,0.0,"nav_end 498,896,366,221 vs identity 498,896,366,221, residual 0.00 VND (absent, treated as 0: chg_distribution) [flow from gross legs 3.2.1+3.2.2]"
DCDE,2024-04-18,reconcile,True,0.0,"nav_end 477,989,544,086 vs identity 477,989,544,086, residual 0.00 VND (absent, treated as 0: chg_distribution) [flow from gross legs 3.2.1+3.2.2]"
DCDE,2024-04-25,reconcile,True,0.0,"nav_end 466,680,679,033 vs identity 466,680,679,033, residual 0.00 VND (absent, treated as 0: chg_distribution) [flow from gross legs 3.2.1+3.2.2]"
DCDE,2024-05-02,reconcile,True,0.0,"nav_end 475,952,534,361 vs identity 475,952,534,361, residual 0.00 VND (absent, treated as 0: chg_distribution) [flow from gross legs 3.2.1+3.2.2]"
DCDE,2024-05-09,reconcile,True,0.0,"nav_end 494,703,538,933 vs identity 494,703,538,933, residual 0.00 VND (absent, treated as 0: chg_distribution) [flow from gross legs 3.2.1+3.2.2]"
DCDE,2024-05-16,reconcile,True,0.0,"nav_end 508,548,312,099 vs identity 508,548,312,099, residual 0.00 VND (absent, treated as 0: chg_distribution) [flow from gross legs 3.2.1+3.2.2]"
DCDE,2024-05-23,reconcile,True,0.0,"nav_end 524,147,214,120 vs identity 524,147,214,120, residual 0.00 VND (absent, treated as 0: chg_distribution) [flow from gross legs 3.2.1+3.2.2]"
DCDE,2024-05-30,reconcile,True,0.0,"nav_end 521,758,219,289 vs identity 521,758,219,289, residual 0.00 VND (absent, treated as 0: chg_distribution) [flow from gross legs 3.2.1+3.2.2]"
DCDE,2024-06-06,reconcile,True,0.0,"nav_end 543,374,216,003 vs identity 543,374,216,003, residual 0.00 VND (absent, treated as 0: chg_distribution) [flow from gross legs 3.2.1+3.2.2]"
DCDE,2024-06-13,reconcile,True,0.0,"nav_end 552,668,232,718 vs identity 552,668,232,718, residual 0.00 VND (absent, treated as 0: chg_distribution) [flow from gross legs 3.2.1+3.2.2]"
DCDE,2024-06-20,reconcile,True,0.0,"nav_end 553,007,806,005 vs identity 553,007,806,005, residual 0.00 VND (absent, treated as 0: chg_distribution) [flow from gross legs 3.2.1+3.2.2]"
DCDE,2024-06-27,reconcile,True,0.0,"nav_end 543,987,171,613 vs identity 543,987,171,613, residual 0.00 VND (absent, treated as 0: chg_distribution) [flow from gross legs 3.2.1+3.2.2]"
DCDE,2024-07-04,reconcile,True,0.0,"nav_end 556,624,308,369 vs identity 556,624,308,369, residual 0.00 VND (absent, treated as 0: chg_distribution) [flow from gross legs 3.2.1+3.2.2]"
DCDE,2024-07-11,reconcile,True,0.0,"nav_end 552,949,152,751 vs identity 552,949,152,751, residual 0.00 VND (absent, treated as 0: chg_distribution) [flow from gross legs 3.2.1+3.2.2]"
DCDE,2024-07-18,reconcile,True,0.0,"nav_end 548,209,598,256 vs identity 548,209,598,256, residual 0.00 VND (absent, treated as 0: chg_distribution) [flow from gross legs 3.2.1+3.2.2]"
DCDE,2024-07-25,reconcile,True,0.0,"nav_end 531,371,018,941 vs identity 531,371,018,941, residual 0.00 VND (absent, treated as 0: chg_distribution) [flow from gross legs 3.2.1+3.2.2]"
DCDE,2024-08-01,reconcile,True,0.0,"nav_end 529,680,786,928 vs identity 529,680,786,928, residual 0.00 VND (absent, treated as 0: chg_distribution) [flow from gross legs 3.2.1+3.2.2]"
DCDE,2024-08-08,reconcile,True,0.0,"nav_end 530,556,440,029 vs identity 530,556,440,029, residual 0.00 VND (absent, treated as 0: chg_distribution) [flow from gross legs 3.2.1+3.2.2]"
DCDE,2024-08-15,reconcile,True,0.0,"nav_end 545,445,138,689 vs identity 545,445,138,689, residual 0.00 VND (absent, treated as 0: chg_distribution) [flow from gross legs 3.2.1+3.2.2]"
DCDE,2024-08-22,reconcile,True,0.0,"nav_end 566,491,198,395 vs identity 566,491,198,395, residual 0.00 VND (absent, treated as 0: chg_distribution) [flow from gross legs 3.2.1+3.2.2]"
DCDE,2024-08-29,reconcile,True,0.0,"nav_end 556,365,300,242 vs identity 556,365,300,242, residual 0.00 VND (absent, treated as 0: chg_distribution) [flow from gross legs 3.2.1+3.2.2]"
DCDE,2024-09-05,reconcile,True,0.0,"nav_end 549,016,393,714 vs identity 549,016,393,714, residual 0.00 VND (absent, treated as 0: chg_distribution) [flow from gross legs 3.2.1+3.2.2]"
DCDE,2024-09-12,reconcile,True,0.0,"nav_end 548,999,417,649 vs identity 548,999,417,649, residual 0.00 VND (absent, treated as 0: chg_distribution) [flow from gross legs 3.2.1+3.2.2]"
DCDE,2024-09-19,reconcile,True,0.0,"nav_end 559,195,488,385 vs identity 559,195,488,385, residual 0.00 VND (absent, treated as 0: chg_distribution) [flow from gross legs 3.2.1+3.2.2]"
DCDE,2024-09-26,reconcile,True,0.0,"nav_end 571,072,032,739 vs identity 571,072,032,739, residual 0.00 VND (absent, treated as 0: chg_distribution) [flow from gross legs 3.2.1+3.2.2]"
DCDE,2024-10-03,reconcile,True,0.0,"nav_end 560,449,080,447 vs identity 560,449,080,447, residual 0.00 VND (absent, treated as 0: chg_distribution) [flow from gross legs 3.2.1+3.2.2]"
DCDE,2024-10-10,reconcile,True,0.0,"nav_end 568,705,260,224 vs identity 568,705,260,224, residual 0.00 VND (absent, treated as 0: chg_distribution) [flow from gross legs 3.2.1+3.2.2]"
DCDE,2024-10-17,reconcile,True,0.0,"nav_end 571,918,804,619 vs identity 571,918,804,619, residual 0.00 VND (absent, treated as 0: chg_distribution) [flow from gross legs 3.2.1+3.2.2]"
DCDE,2024-10-24,reconcile,True,0.0,"nav_end 558,215,198,299 vs identity 558,215,198,299, residual 0.00 VND (absent, treated as 0: chg_distribution) [flow from gross legs 3.2.1+3.2.2]"
DCDE,2024-10-31,reconcile,True,0.0,"nav_end 566,200,163,257 vs identity 566,200,163,257, residual 0.00 VND (absent, treated as 0: chg_distribution) [flow from gross legs 3.2.1+3.2.2]"
DCDE,2024-11-07,reconcile,True,0.0,"nav_end 567,261,901,392 vs identity 567,261,901,392, residual 0.00 VND (absent, treated as 0: chg_distribution) [flow from gross legs 3.2.1+3.2.2]"
DCDE,2024-11-14,reconcile,True,0.0,"nav_end 546,543,379,696 vs identity 546,543,379,696, residual 0.00 VND (absent, treated as 0: chg_distribution) [flow from gross legs 3.2.1+3.2.2]"
DCDE,2024-11-21,reconcile,True,0.0,"nav_end 547,353,070,392 vs identity 547,353,070,392, residual 0.00 VND (absent, treated as 0: chg_distribution) [flow from gross legs 3.2.1+3.2.2]"
DCDE,2024-11-28,reconcile,True,0.0,"nav_end 550,141,586,446 vs identity 550,141,586,446, residual 0.00 VND (absent, treated as 0: chg_distribution) [flow from gross legs 3.2.1+3.2.2]"
DCDE,2024-12-05,reconcile,True,0.0,"nav_end 564,084,706,566 vs identity 564,084,706,566, residual 0.00 VND (absent, treated as 0: chg_distribution) [flow from gross legs 3.2.1+3.2.2]"
DCDE,2024-12-12,reconcile,True,0.0,"nav_end 558,544,111,504 vs identity 558,544,111,504, residual 0.00 VND (absent, treated as 0: chg_distribution) [flow from gross legs 3.2.1+3.2.2]"
DCDE,2024-12-19,reconcile,True,0.0,"nav_end 554,298,198,583 vs identity 554,298,198,583, residual 0.00 VND (absent, treated as 0: chg_distribution) [flow from gross legs 3.2.1+3.2.2]"
DCDE,2024-12-26,reconcile,True,0.0,"nav_end 563,212,147,234 vs identity 563,212,147,234, residual 0.00 VND (absent, treated as 0: chg_distribution) [flow from gross legs 3.2.1+3.2.2]"
DCDE,2025-01-02,reconcile,True,0.0,"nav_end 559,590,802,067 vs identity 559,590,802,067, residual 0.00 VND (absent, treated as 0: chg_distribution) [flow from gross legs 3.2.1+3.2.2]"
DCDE,2025-01-09,reconcile,True,0.0,"nav_end 549,143,369,281 vs identity 549,143,369,281, residual 0.00 VND (absent, treated as 0: chg_distribution) [flow from gross legs 3.2.1+3.2.2]"
DCDE,2025-01-16,reconcile,True,0.0,"nav_end 551,344,793,152 vs identity 551,344,793,152, residual 0.00 VND (absent, treated as 0: chg_distribution) [flow from gross legs 3.2.1+3.2.2]"
DCDE,2025-01-23,reconcile,True,0.0,"nav_end 563,406,883,002 vs identity 563,406,883,002, residual 0.00 VND (absent, treated as 0: chg_distribution) [flow from gross legs 3.2.1+3.2.2]"
DCDE,2025-02-02,reconcile,True,0.0,"nav_end 564,855,574,101 vs identity 564,855,574,101, residual 0.00 VND (absent, treated as 0: chg_distribution) [flow from gross legs 3.2.1+3.2.2]"
DCDE,2025-02-06,reconcile,True,0.0,"nav_end 566,036,595,648 vs identity 566,036,595,648, residual 0.00 VND (absent, treated as 0: chg_distribution) [flow from gross legs 3.2.1+3.2.2]"
DCDE,2025-02-13,reconcile,True,0.0,"nav_end 558,387,889,370 vs identity 558,387,889,370, residual 0.00 VND (absent, treated as 0: chg_distribution) [flow from gross legs 3.2.1+3.2.2]"
DCDE,2025-02-20,reconcile,True,0.0,"nav_end 561,939,619,749 vs identity 561,939,619,749, residual 0.00 VND (absent, treated as 0: chg_distribution) [flow from gross legs 3.2.1+3.2.2]"
DCDE,2025-02-27,reconcile,True,0.0,"nav_end 564,659,257,858 vs identity 564,659,257,858, residual 0.00 VND (absent, treated as 0: chg_distribution) [flow from gross legs 3.2.1+3.2.2]"
DCDE,2025-03-06,reconcile,True,0.0,"nav_end 569,403,788,684 vs identity 569,403,788,684, residual 0.00 VND (absent, treated as 0: chg_distribution) [flow from gross legs 3.2.1+3.2.2]"
DCDE,2025-03-13,reconcile,True,0.0,"nav_end 558,925,378,574 vs identity 558,925,378,574, residual 0.00 VND (absent, treated as 0: chg_distribution) [flow from gross legs 3.2.1+3.2.2]"
DCDE,2025-03-20,reconcile,True,0.0,"nav_end 541,126,333,582 vs identity 541,126,333,582, residual 0.00 VND (absent, treated as 0: chg_distribution) [flow from gross legs 3.2.1+3.2.2]"
DCDE,2025-03-27,reconcile,True,0.0,"nav_end 542,383,024,784 vs identity 542,383,024,784, residual 0.00 VND (absent, treated as 0: chg_distribution) [flow from gross legs 3.2.1+3.2.2]"
DCDE,2025-04-03,reconcile,True,0.0,"nav_end 508,215,756,044 vs identity 508,215,756,044, residual 0.00 VND (absent, treated as 0: chg_distribution) [flow from gross legs 3.2.1+3.2.2]"
DCDE,2025-04-10,reconcile,True,0.0,"nav_end 500,845,798,168 vs identity 500,845,798,168, residual 0.00 VND (absent, treated as 0: chg_distribution) [flow from gross legs 3.2.1+3.2.2]"
DCDE,2025-04-17,reconcile,True,0.0,"nav_end 537,887,153,513 vs identity 537,887,153,513, residual 0.00 VND (absent, treated as 0: chg_distribution) [flow from gross legs 3.2.1+3.2.2]"
DCDE,2025-04-24,reconcile,True,0.0,"nav_end 545,704,630,884 vs identity 545,704,630,884, residual 0.00 VND (absent, treated as 0: chg_distribution) [flow from gross legs 3.2.1+3.2.2]"
DCDE,2025-05-04,reconcile,True,0.0,"nav_end 547,598,230,783 vs identity 547,598,230,783, residual 0.00 VND (absent, treated as 0: chg_distribution) [flow from gross legs 3.2.1+3.2.2]"
DCDE,2025-05-08,reconcile,True,0.0,"nav_end 558,682,595,259 vs identity 558,682,595,259, residual 0.00 VND (absent, treated as 0: chg_distribution) [flow from gross legs 3.2.1+3.2.2]"
DCDE,2025-05-15,reconcile,True,0.0,"nav_end 585,799,168,172 vs identity 585,799,168,172, residual 0.00 VND (absent, treated as 0: chg_distribution) [flow from gross legs 3.2.1+3.2.2]"
DCDE,2025-05-22,reconcile,True,0.0,"nav_end 569,203,448,384 vs identity 569,203,448,384, residual 0.00 VND [flow from gross legs 3.2.1+3.2.2]"
DCDE,2025-05-29,reconcile,True,0.0,"nav_end 577,378,910,332 vs identity 577,378,910,332, residual 0.00 VND (absent, treated as 0: chg_distribution) [flow from gross legs 3.2.1+3.2.2]"
DCDE,2025-06-05,reconcile,True,0.0,"nav_end 577,332,918,316 vs identity 577,332,918,316, residual 0.00 VND (absent, treated as 0: chg_distribution) [flow from gross legs 3.2.1+3.2.2]"
DCDE,2025-06-12,reconcile,True,0.0,"nav_end 580,288,819,591 vs identity 580,288,819,591, residual 0.00 VND (absent, treated as 0: chg_distribution) [flow from gross legs 3.2.1+3.2.2]"
DCDE,2025-06-19,reconcile,True,0.0,"nav_end 588,841,576,311 vs identity 588,841,576,311, residual 0.00 VND (absent, treated as 0: chg_distribution) [flow from gross legs 3.2.1+3.2.2]"
DCDE,2025-06-26,reconcile,True,0.0,"nav_end 588,303,844,510 vs identity 588,303,844,510, residual 0.00 VND (absent, treated as 0: chg_distribution) [flow from gross legs 3.2.1+3.2.2]"
DCDE,2025-07-03,reconcile,True,0.0,"nav_end 591,037,935,264 vs identity 591,037,935,264, residual 0.00 VND (absent, treated as 0: chg_distribution) [flow from gross legs 3.2.1+3.2.2]"
DCDE,2025-07-10,reconcile,True,0.0,"nav_end 615,233,983,760 vs identity 615,233,983,760, residual 0.00 VND (absent, treated as 0: chg_distribution) [flow from gross legs 3.2.1+3.2.2]"
DCDE,2025-07-17,reconcile,True,0.0,"nav_end 622,243,767,617 vs identity 622,243,767,617, residual 0.00 VND (absent, treated as 0: chg_distribution) [flow from gross legs 3.2.1+3.2.2]"
DCDE,2025-07-24,reconcile,True,0.0,"nav_end 636,807,222,630 vs identity 636,807,222,630, residual 0.00 VND (absent, treated as 0: chg_distribution) [flow from gross legs 3.2.1+3.2.2]"
DCDE,2025-07-31,reconcile,True,0.0,"nav_end 616,228,771,544 vs identity 616,228,771,544, residual 0.00 VND (absent, treated as 0: chg_distribution) [flow from gross legs 3.2.1+3.2.2]"
DCDE,2025-08-07,reconcile,True,0.0,"nav_end 669,101,907,088 vs identity 669,101,907,088, residual 0.00 VND (absent, treated as 0: chg_distribution) [flow from gross legs 3.2.1+3.2.2]"
DCDE,2025-08-14,reconcile,True,0.0,"nav_end 685,658,527,906 vs identity 685,658,527,906, residual 0.00 VND (absent, treated as 0: chg_distribution) [flow from gross legs 3.2.1+3.2.2]"
DCDE,2025-08-21,reconcile,True,0.0,"nav_end 706,576,584,647 vs identity 706,576,584,647, residual 0.00 VND (absent, treated as 0: chg_distribution) [flow from gross legs 3.2.1+3.2.2]"
DCDE,2025-08-28,reconcile,True,0.0,"nav_end 760,725,044,645 vs identity 760,725,044,645, residual 0.00 VND (absent, treated as 0: chg_distribution) [flow from gross legs 3.2.1+3.2.2]"
DCDE,2025-09-04,reconcile,True,0.0,"nav_end 775,731,866,546 vs identity 775,731,866,546, residual 0.00 VND (absent, treated as 0: chg_distribution) [flow from gross legs 3.2.1+3.2.2]"
DCDE,2025-09-11,reconcile,True,0.0,"nav_end 767,245,655,769 vs identity 767,245,655,769, residual 0.00 VND (absent, treated as 0: chg_distribution) [flow from gross legs 3.2.1+3.2.2]"
DCDE,2025-09-18,reconcile,True,0.0,"nav_end 772,279,868,050 vs identity 772,279,868,050, residual 0.00 VND (absent, treated as 0: chg_distribution) [flow from gross legs 3.2.1+3.2.2]"
DCDE,2025-09-25,reconcile,True,0.0,"nav_end 781,583,296,021 vs identity 781,583,296,021, residual 0.00 VND (absent, treated as 0: chg_distribution) [flow from gross legs 3.2.1+3.2.2]"
DCDE,2025-10-02,reconcile,True,0.0,"nav_end 773,035,290,275 vs identity 773,035,290,275, residual 0.00 VND (absent, treated as 0: chg_distribution) [flow from gross legs 3.2.1+3.2.2]"
DCDE,2025-10-09,reconcile,True,0.0,"nav_end 838,596,908,049 vs identity 838,596,908,049, residual 0.00 VND (absent, treated as 0: chg_distribution) [flow from gross legs 3.2.1+3.2.2]"
DCDE,2025-10-16,reconcile,True,0.0,"nav_end 858,004,766,761 vs identity 858,004,766,761, residual 0.00 VND (absent, treated as 0: chg_distribution) [flow from gross legs 3.2.1+3.2.2]"
DCDE,2025-10-23,reconcile,True,0.0,"nav_end 830,099,209,405 vs identity 830,099,209,405, residual 0.00 VND (absent, treated as 0: chg_distribution) [flow from gross legs 3.2.1+3.2.2]"
DCDE,2025-10-30,reconcile,True,0.0,"nav_end 833,067,952,611 vs identity 833,067,952,611, residual 0.00 VND (absent, treated as 0: chg_distribution) [flow from gross legs 3.2.1+3.2.2]"
DCDE,2025-11-06,reconcile,True,0.0,"nav_end 828,293,789,965 vs identity 828,293,789,965, residual 0.00 VND (absent, treated as 0: chg_distribution) [flow from gross legs 3.2.1+3.2.2]"
DCDE,2025-11-13,reconcile,True,0.0,"nav_end 832,533,609,406 vs identity 832,533,609,406, residual 0.00 VND (absent, treated as 0: chg_distribution) [flow from gross legs 3.2.1+3.2.2]"
DCDE,2025-11-20,reconcile,True,0.0,"nav_end 845,331,667,283 vs identity 845,331,667,283, residual 0.00 VND (absent, treated as 0: chg_distribution) [flow from gross legs 3.2.1+3.2.2]"
DCDE,2025-11-27,reconcile,True,0.0,"nav_end 848,797,532,176 vs identity 848,797,532,176, residual 0.00 VND (absent, treated as 0: chg_distribution) [flow from gross legs 3.2.1+3.2.2]"
DCDE,2025-12-04,reconcile,True,0.0,"nav_end 871,169,968,036 vs identity 871,169,968,036, residual 0.00 VND (absent, treated as 0: chg_distribution) [flow from gross legs 3.2.1+3.2.2]"
DCDE,2025-12-11,reconcile,True,0.0,"nav_end 835,709,017,944 vs identity 835,709,017,944, residual 0.00 VND (absent, treated as 0: chg_distribution) [flow from gross legs 3.2.1+3.2.2]"
DCDE,2025-12-18,reconcile,True,0.0,"nav_end 834,119,235,563 vs identity 834,119,235,563, residual 0.00 VND (absent, treated as 0: chg_distribution) [flow from gross legs 3.2.1+3.2.2]"
DCDE,2025-12-25,reconcile,True,0.0,"nav_end 857,166,069,028 vs identity 857,166,069,028, residual 0.00 VND (absent, treated as 0: chg_distribution) [flow from gross legs 3.2.1+3.2.2]"
DCDE,2026-01-04,reconcile,True,0.0,"nav_end 879,704,870,018 vs identity 879,704,870,018, residual 0.00 VND (absent, treated as 0: chg_distribution) [flow from gross legs 3.2.1+3.2.2]"
DCDE,2026-01-08,reconcile,True,0.0,"nav_end 894,958,777,139 vs identity 894,958,777,139, residual 0.00 VND (absent, treated as 0: chg_distribution) [flow from gross legs 3.2.1+3.2.2]"
DCDE,2026-01-15,reconcile,True,0.0,"nav_end 908,608,098,988 vs identity 908,608,098,988, residual 0.00 VND (absent, treated as 0: chg_distribution) [flow from gross legs 3.2.1+3.2.2]"
DCDE,2026-01-22,reconcile,True,0.0,"nav_end 930,576,483,414 vs identity 930,576,483,414, residual 0.00 VND (absent, treated as 0: chg_distribution) [flow from gross legs 3.2.1+3.2.2]"
DCDE,2026-01-29,reconcile,True,0.0,"nav_end 931,655,758,181 vs identity 931,655,758,181, residual 0.00 VND (absent, treated as 0: chg_distribution) [flow from gross legs 3.2.1+3.2.2]"
DCDE,2026-02-05,reconcile,True,0.0,"nav_end 954,238,280,962 vs identity 954,238,280,962, residual 0.00 VND (absent, treated as 0: chg_distribution) [flow from gross legs 3.2.1+3.2.2]"
DCDE,2026-02-12,reconcile,True,0.0,"nav_end 954,957,722,570 vs identity 954,957,722,570, residual 0.00 VND (absent, treated as 0: chg_distribution) [flow from gross legs 3.2.1+3.2.2]"
DCDE,2026-02-22,reconcile,True,0.0,"nav_end 962,623,416,281 vs identity 962,623,416,281, residual 0.00 VND (absent, treated as 0: chg_distribution) [flow from gross legs 3.2.1+3.2.2]"
DCDE,2026-02-26,reconcile,True,0.0,"nav_end 1,004,839,326,289 vs identity 1,004,839,326,289, residual 0.00 VND (absent, treated as 0: chg_distribution) [flow from gross legs 3.2.1+3.2.2]"
DCDE,2026-03-05,reconcile,True,0.0,"nav_end 975,986,298,279 vs identity 975,986,298,279, residual 0.00 VND (absent, treated as 0: chg_distribution) [flow from gross legs 3.2.1+3.2.2]"
DCDE,2026-03-12,reconcile,True,0.0,"nav_end 961,835,600,249 vs identity 961,835,600,249, residual 0.00 VND (absent, treated as 0: chg_distribution) [flow from gross legs 3.2.1+3.2.2]"
DCDE,2026-03-19,reconcile,True,0.0,"nav_end 949,648,045,714 vs identity 949,648,045,714, residual 0.00 VND (absent, treated as 0: chg_distribution) [flow from gross legs 3.2.1+3.2.2]"
DCDE,2026-03-26,reconcile,True,0.0,"nav_end 954,097,641,582 vs identity 954,097,641,582, residual 0.00 VND (absent, treated as 0: chg_distribution) [flow from gross legs 3.2.1+3.2.2]"
DCDE,2026-04-02,reconcile,True,0.0,"nav_end 959,420,502,321 vs identity 959,420,502,321, residual 0.00 VND (absent, treated as 0: chg_distribution) [flow from gross legs 3.2.1+3.2.2]"
DCDE,2026-04-09,reconcile,True,0.0,"nav_end 967,853,968,293 vs identity 967,853,968,293, residual 0.00 VND (absent, treated as 0: chg_distribution) [flow from gross legs 3.2.1+3.2.2]"
DCDE,2026-04-16,reconcile,True,0.0,"nav_end 969,864,458,266 vs identity 969,864,458,266, residual 0.00 VND (absent, treated as 0: chg_distribution) [flow from gross legs 3.2.1+3.2.2]"
DCDE,2026-04-23,reconcile,True,0.0,"nav_end 971,541,438,655 vs identity 971,541,438,655, residual 0.00 VND (absent, treated as 0: chg_distribution) [flow from gross legs 3.2.1+3.2.2]"
DCDE,2026-05-03,reconcile,True,0.0,"nav_end 963,426,517,026 vs identity 963,426,517,026, residual 0.00 VND (absent, treated as 0: chg_distribution) [flow from gross legs 3.2.1+3.2.2]"
DCDE,2026-05-07,reconcile,True,0.0,"nav_end 988,465,636,507 vs identity 988,465,636,507, residual 0.00 VND (absent, treated as 0: chg_distribution) [flow from gross legs 3.2.1+3.2.2]"
DCDE,2026-05-14,reconcile,True,0.0,"nav_end 988,220,006,919 vs identity 988,220,006,919, residual 0.00 VND (absent, treated as 0: chg_distribution) [flow from gross legs 3.2.1+3.2.2]"
DCDE,2026-05-21,reconcile,True,0.0,"nav_end 967,324,126,055 vs identity 967,324,126,055, residual 0.00 VND (absent, treated as 0: chg_distribution) [flow from gross legs 3.2.1+3.2.2]"
DCDE,2026-05-28,reconcile,True,0.0,"nav_end 954,032,619,264 vs identity 954,032,619,264, residual 0.00 VND (absent, treated as 0: chg_distribution) [flow from gross legs 3.2.1+3.2.2]"
DCDE,2026-06-04,reconcile,True,0.0,"nav_end 958,487,662,439 vs identity 958,487,662,439, residual 0.00 VND (absent, treated as 0: chg_distribution) [flow from gross legs 3.2.1+3.2.2]"
DCDE,2026-06-11,reconcile,True,0.0,"nav_end 939,293,357,973 vs identity 939,293,357,973, residual 0.00 VND (absent, treated as 0: chg_distribution) [flow from gross legs 3.2.1+3.2.2]"
DCDE,2026-06-18,reconcile,True,0.0,"nav_end 949,863,547,466 vs identity 949,863,547,466, residual 0.00 VND (absent, treated as 0: chg_distribution) [flow from gross legs 3.2.1+3.2.2]"
DCDE,2026-06-25,reconcile,True,0.0,"nav_end 944,991,453,880 vs identity 944,991,453,880, residual 0.00 VND (absent, treated as 0: chg_distribution) [flow from gross legs 3.2.1+3.2.2]"
DCDE,2026-07-02,reconcile,True,0.0,"nav_end 964,194,228,397 vs identity 964,194,228,397, residual 0.00 VND (absent, treated as 0: chg_distribution) [flow from gross legs 3.2.1+3.2.2]"
DCDE,2026-07-09,reconcile,True,0.0,"nav_end 950,294,826,293 vs identity 950,294,826,293, residual 0.00 VND (absent, treated as 0: chg_distribution) [flow from gross legs 3.2.1+3.2.2]"
DCDE,2026-07-16,reconcile,True,0.0,"nav_end 869,951,676,859 vs identity 869,951,676,859, residual 0.00 VND [flow from gross legs 3.2.1+3.2.2]"
DCDE,2026-07-23,reconcile,True,0.0,"nav_end 833,287,210,200 vs identity 833,287,210,200, residual 0.00 VND (absent, treated as 0: chg_distribution) [flow from gross legs 3.2.1+3.2.2]"
DCDE,2026-07-30,reconcile,True,0.0,"nav_end 845,343,000,598 vs identity 845,343,000,598, residual 0.00 VND (absent, treated as 0: chg_distribution) [flow from gross legs 3.2.1+3.2.2]"
DCDE,2026-08-06,reconcile,True,0.0,"nav_end 862,108,226,811 vs identity 862,108,226,811, residual 0.00 VND (absent, treated as 0: chg_distribution) [flow from gross legs 3.2.1+3.2.2]"
DCDE,2026-08-13,reconcile,True,0.0,"nav_end 870,636,514,330 vs identity 870,636,514,330, residual 0.00 VND (absent, treated as 0: chg_distribution) [flow from gross legs 3.2.1+3.2.2]"
DCDS,2021-06-17,reconcile,True,0.0,"nav_end 851,876,301,188 vs identity 851,876,301,188, residual 0.00 VND [flow from gross legs 3.2.1+3.2.2]"
DCDS,2021-06-24,reconcile,True,0.0,"nav_end 873,558,956,629 vs identity 873,558,956,629, residual 0.00 VND [flow from gross legs 3.2.1+3.2.2]"
DCDS,2021-07-01,reconcile,True,0.0,"nav_end 917,163,045,456 vs identity 917,163,045,456, residual 0.00 VND [flow from gross legs 3.2.1+3.2.2]"
DCDS,2021-07-08,reconcile,True,0.0,"nav_end 861,560,924,019 vs identity 861,560,924,019, residual 0.00 VND [flow from gross legs 3.2.1+3.2.2]"
DCDS,2021-07-15,reconcile,True,0.0,"nav_end 821,012,747,908 vs identity 821,012,747,908, residual 0.00 VND [flow from gross legs 3.2.1+3.2.2]"
DCDS,2021-07-22,reconcile,True,0.0,"nav_end 824,670,785,723 vs identity 824,670,785,723, residual 0.00 VND [flow from gross legs 3.2.1+3.2.2]"
DCDS,2021-07-29,reconcile,True,0.0,"nav_end 842,289,268,537 vs identity 842,289,268,537, residual 0.00 VND [flow from gross legs 3.2.1+3.2.2]"
DCDS,2021-08-05,reconcile,True,0.0,"nav_end 907,396,567,610 vs identity 907,396,567,610, residual 0.00 VND [flow from gross legs 3.2.1+3.2.2]"
DCDS,2021-08-12,reconcile,True,0.0,"nav_end 894,656,526,100 vs identity 894,656,526,100, residual 0.00 VND [flow from gross legs 3.2.1+3.2.2]"
DCDS,2021-08-19,reconcile,True,0.0,"nav_end 921,141,339,088 vs identity 921,141,339,088, residual 0.00 VND [flow from gross legs 3.2.1+3.2.2]"
DCDS,2021-08-26,reconcile,True,0.0,"nav_end 922,441,206,018 vs identity 922,441,206,018, residual 0.00 VND [flow from gross legs 3.2.1+3.2.2]"
DCDS,2021-09-02,reconcile,True,0.0,"nav_end 985,379,341,677 vs identity 985,379,341,677, residual 0.00 VND [flow from gross legs 3.2.1+3.2.2]"
DCDS,2021-09-09,reconcile,True,0.0,"nav_end 1,035,010,332,719 vs identity 1,035,010,332,719, residual 0.00 VND [flow from gross legs 3.2.1+3.2.2]"
DCDS,2021-09-16,reconcile,True,0.0,"nav_end 1,039,020,274,181 vs identity 1,039,020,274,181, residual 0.00 VND [flow from gross legs 3.2.1+3.2.2]"
DCDS,2021-09-23,reconcile,True,0.0,"nav_end 1,080,857,785,932 vs identity 1,080,857,785,932, residual 0.00 VND [flow from gross legs 3.2.1+3.2.2]"
DCDS,2021-09-30,reconcile,True,0.0,"nav_end 1,115,046,527,364 vs identity 1,115,046,527,364, residual 0.00 VND [flow from gross legs 3.2.1+3.2.2]"
DCDS,2021-10-07,reconcile,True,0.0,"nav_end 1,161,688,652,106 vs identity 1,161,688,652,106, residual 0.00 VND [flow from gross legs 3.2.1+3.2.2]"
DCDS,2021-10-14,reconcile,True,0.0,"nav_end 1,194,335,794,647 vs identity 1,194,335,794,647, residual 0.00 VND [flow from gross legs 3.2.1+3.2.2]"
DCDS,2021-10-21,reconcile,True,0.0,"nav_end 1,228,160,963,036 vs identity 1,228,160,963,036, residual 0.00 VND [flow from gross legs 3.2.1+3.2.2]"
DCDS,2021-10-28,reconcile,True,0.0,"nav_end 1,302,181,929,871 vs identity 1,302,181,929,871, residual 0.00 VND [flow from gross legs 3.2.1+3.2.2]"
DCDS,2021-11-04,reconcile,True,0.0,"nav_end 1,378,029,701,653 vs identity 1,378,029,701,653, residual 0.00 VND [flow from gross legs 3.2.1+3.2.2]"
DCDS,2021-11-11,reconcile,True,0.0,"nav_end 1,419,625,488,559 vs identity 1,419,625,488,559, residual 0.00 VND [flow from gross legs 3.2.1+3.2.2]"
DCDS,2021-11-18,reconcile,True,0.0,"nav_end 1,473,615,720,751 vs identity 1,473,615,720,751, residual 0.00 VND [flow from gross legs 3.2.1+3.2.2]"
DCDS,2021-11-25,reconcile,True,0.0,"nav_end 1,583,101,921,247 vs identity 1,583,101,921,247, residual 0.00 VND [flow from gross legs 3.2.1+3.2.2]"
DCDS,2021-12-02,reconcile,True,0.0,"nav_end 1,565,660,065,644 vs identity 1,565,660,065,644, residual 0.00 VND [flow from gross legs 3.2.1+3.2.2]"
DCDS,2021-12-09,reconcile,True,0.0,"nav_end 1,587,140,359,126 vs identity 1,587,140,359,126, residual 0.00 VND [flow from gross legs 3.2.1+3.2.2]"
DCDS,2021-12-16,reconcile,True,0.0,"nav_end 1,604,086,672,765 vs identity 1,604,086,672,765, residual 0.00 VND [flow from gross legs 3.2.1+3.2.2]"
DCDS,2021-12-23,reconcile,True,0.0,"nav_end 1,582,831,951,317 vs identity 1,582,831,951,317, residual 0.00 VND [flow from gross legs 3.2.1+3.2.2]"
DCDS,2021-12-30,reconcile,True,0.0,"nav_end 1,630,752,957,003 vs identity 1,630,752,957,003, residual 0.00 VND [flow from gross legs 3.2.1+3.2.2]"
DCDS,2022-01-06,reconcile,True,0.0,"nav_end 1,744,414,900,622 vs identity 1,744,414,900,622, residual 0.00 VND [flow from gross legs 3.2.1+3.2.2]"
DCDS,2022-01-13,reconcile,True,0.0,"nav_end 1,707,267,858,709 vs identity 1,707,267,858,709, residual 0.00 VND [flow from gross legs 3.2.1+3.2.2]"
DCDS,2022-01-20,reconcile,True,0.0,"nav_end 1,685,933,780,278 vs identity 1,685,933,780,278, residual 0.00 VND [flow from gross legs 3.2.1+3.2.2]"
DCDS,2022-01-27,reconcile,True,0.0,"nav_end 1,692,070,814,674 vs identity 1,692,070,814,674, residual 0.00 VND [flow from gross legs 3.2.1+3.2.2]"
DCDS,2022-02-03,reconcile,True,0.0,"nav_end 1,714,547,024,421 vs identity 1,714,547,024,421, residual 0.00 VND [flow from gross legs 3.2.1+3.2.2]"
DCDS,2022-02-10,reconcile,True,0.0,"nav_end 1,774,325,026,256 vs identity 1,774,325,026,256, residual 0.00 VND [flow from gross legs 3.2.1+3.2.2]"
DCDS,2022-02-17,reconcile,True,0.0,"nav_end 1,783,614,002,387 vs identity 1,783,614,002,387, residual 0.00 VND [flow from gross legs 3.2.1+3.2.2]"
DCDS,2022-02-24,reconcile,True,0.0,"nav_end 1,798,323,149,025 vs identity 1,798,323,149,025, residual 0.00 VND [flow from gross legs 3.2.1+3.2.2]"
DCDS,2022-03-03,reconcile,True,0.0,"nav_end 1,809,667,177,675 vs identity 1,809,667,177,675, residual 0.00 VND [flow from gross legs 3.2.1+3.2.2]"
DCDS,2022-03-10,reconcile,True,0.0,"nav_end 1,780,418,683,804 vs identity 1,780,418,683,804, residual 0.00 VND [flow from gross legs 3.2.1+3.2.2]"
DCDS,2022-03-17,reconcile,True,0.0,"nav_end 1,793,226,431,294 vs identity 1,793,226,431,294, residual 0.00 VND [flow from gross legs 3.2.1+3.2.2]"
DCDS,2022-03-24,reconcile,True,0.0,"nav_end 1,830,440,062,334 vs identity 1,830,440,062,334, residual 0.00 VND [flow from gross legs 3.2.1+3.2.2]"
DCDS,2022-03-31,reconcile,True,0.0,"nav_end 1,840,024,386,720 vs identity 1,840,024,386,720, residual 0.00 VND [flow from gross legs 3.2.1+3.2.2]"
DCDS,2022-04-07,reconcile,True,0.0,"nav_end 1,853,646,364,918 vs identity 1,853,646,364,918, residual 0.00 VND [flow from gross legs 3.2.1+3.2.2]"
DCDS,2022-04-14,reconcile,True,0.0,"nav_end 1,830,222,752,082 vs identity 1,830,222,752,082, residual 0.00 VND [flow from gross legs 3.2.1+3.2.2]"
DCDS,2022-04-21,reconcile,True,0.0,"nav_end 1,718,256,180,844 vs identity 1,718,256,180,844, residual 0.00 VND [flow from gross legs 3.2.1+3.2.2]"
DCDS,2022-04-28,reconcile,True,0.0,"nav_end 1,690,118,189,844 vs identity 1,690,118,189,844, residual 0.00 VND [flow from gross legs 3.2.1+3.2.2]"
DCDS,2022-05-05,reconcile,True,0.0,"nav_end 1,696,753,053,426 vs identity 1,696,753,053,426, residual 0.00 VND [flow from gross legs 3.2.1+3.2.2]"
DCDS,2022-05-12,reconcile,True,0.0,"nav_end 1,528,153,846,986 vs identity 1,528,153,846,986, residual 0.00 VND [flow from gross legs 3.2.1+3.2.2]"
DCDS,2022-05-19,reconcile,True,0.0,"nav_end 1,523,954,199,904 vs identity 1,523,954,199,904, residual 0.00 VND [flow from gross legs 3.2.1+3.2.2]"
DCDS,2022-05-26,reconcile,True,0.0,"nav_end 1,586,365,046,041 vs identity 1,586,365,046,041, residual 0.00 VND [flow from gross legs 3.2.1+3.2.2]"
DCDS,2022-06-02,reconcile,True,0.0,"nav_end 1,624,024,371,252 vs identity 1,624,024,371,252, residual 0.00 VND [flow from gross legs 3.2.1+3.2.2]"
DCDS,2022-06-09,reconcile,True,0.0,"nav_end 1,678,513,531,272 vs identity 1,678,513,531,272, residual 0.00 VND [flow from gross legs 3.2.1+3.2.2]"
DCDS,2022-06-16,reconcile,True,0.0,"nav_end 1,618,192,082,594 vs identity 1,618,192,082,594, residual 0.00 VND [flow from gross legs 3.2.1+3.2.2]"
DCDS,2022-06-23,reconcile,True,0.0,"nav_end 1,552,405,920,791 vs identity 1,552,405,920,791, residual 0.00 VND [flow from gross legs 3.2.1+3.2.2]"
DCDS,2022-06-30,reconcile,True,0.0,"nav_end 1,561,678,860,275 vs identity 1,561,678,860,275, residual 0.00 VND [flow from gross legs 3.2.1+3.2.2]"
DCDS,2022-07-07,reconcile,True,0.0,"nav_end 1,489,769,498,775 vs identity 1,489,769,498,775, residual 0.00 VND [flow from gross legs 3.2.1+3.2.2]"
DCDS,2022-07-14,reconcile,True,0.0,"nav_end 1,508,382,887,138 vs identity 1,508,382,887,138, residual 0.00 VND [flow from gross legs 3.2.1+3.2.2]"
DCDS,2022-07-21,reconcile,True,0.0,"nav_end 1,532,926,701,888 vs identity 1,532,926,701,888, residual 0.00 VND [flow from gross legs 3.2.1+3.2.2]"
DCDS,2022-07-28,reconcile,True,0.0,"nav_end 1,527,778,938,115 vs identity 1,527,778,938,115, residual 0.00 VND [flow from gross legs 3.2.1+3.2.2]"
DCDS,2022-08-04,reconcile,True,0.0,"nav_end 1,555,486,461,689 vs identity 1,555,486,461,689, residual 0.00 VND [flow from gross legs 3.2.1+3.2.2]"
DCDS,2022-08-11,reconcile,True,0.0,"nav_end 1,551,774,050,101 vs identity 1,551,774,050,101, residual 0.00 VND [flow from gross legs 3.2.1+3.2.2]"
DCDS,2022-08-18,reconcile,True,0.0,"nav_end 1,585,046,075,714 vs identity 1,585,046,075,714, residual 0.00 VND [flow from gross legs 3.2.1+3.2.2]"
DCDS,2022-08-25,reconcile,True,0.0,"nav_end 1,612,183,630,210 vs identity 1,612,183,630,210, residual 0.00 VND [flow from gross legs 3.2.1+3.2.2]"
DCDS,2022-09-04,reconcile,True,0.0,"nav_end 1,610,276,082,031 vs identity 1,610,276,082,031, residual 0.00 VND [flow from gross legs 3.2.1+3.2.2]"
DCDS,2022-09-08,reconcile,True,0.0,"nav_end 1,551,355,873,959 vs identity 1,551,355,873,959, residual 0.00 VND [flow from gross legs 3.2.1+3.2.2]"
DCDS,2022-09-15,reconcile,True,0.0,"nav_end 1,570,000,183,972 vs identity 1,570,000,183,972, residual 0.00 VND [flow from gross legs 3.2.1+3.2.2]"
DCDS,2022-09-22,reconcile,True,0.0,"nav_end 1,521,039,535,870 vs identity 1,521,039,535,870, residual 0.00 VND [flow from gross legs 3.2.1+3.2.2]"
DCDS,2022-09-29,reconcile,True,0.0,"nav_end 1,380,793,893,771 vs identity 1,380,793,893,771, residual 0.00 VND [flow from gross legs 3.2.1+3.2.2]"
DCDS,2022-10-06,reconcile,True,0.0,"nav_end 1,322,143,672,673 vs identity 1,322,143,672,673, residual 0.00 VND [flow from gross legs 3.2.1+3.2.2]"
DCDS,2022-10-13,reconcile,True,0.0,"nav_end 1,323,976,581,813 vs identity 1,323,976,581,813, residual 0.00 VND (absent, treated as 0: chg_distribution) [flow from gross legs 3.2.1+3.2.2]"
DCDS,2022-10-20,reconcile,True,0.0,"nav_end 1,344,533,385,150 vs identity 1,344,533,385,150, residual 0.00 VND (absent, treated as 0: chg_distribution) [flow from gross legs 3.2.1+3.2.2]"
DCDS,2022-10-27,reconcile,True,0.0,"nav_end 1,304,816,661,906 vs identity 1,304,816,661,906, residual 0.00 VND (absent, treated as 0: chg_distribution) [flow from gross legs 3.2.1+3.2.2]"
DCDS,2022-11-03,reconcile,True,0.0,"nav_end 1,293,691,382,491 vs identity 1,293,691,382,491, residual 0.00 VND (absent, treated as 0: chg_distribution) [flow from gross legs 3.2.1+3.2.2]"
DCDS,2022-11-10,reconcile,True,0.0,"nav_end 1,205,281,070,568 vs identity 1,205,281,070,568, residual 0.00 VND (absent, treated as 0: chg_distribution) [flow from gross legs 3.2.1+3.2.2]"
DCDS,2022-11-17,reconcile,True,0.0,"nav_end 1,187,618,022,467 vs identity 1,187,618,022,467, residual 0.00 VND (absent, treated as 0: chg_distribution) [flow from gross legs 3.2.1+3.2.2]"
DCDS,2022-11-24,reconcile,True,0.0,"nav_end 1,172,043,587,333 vs identity 1,172,043,587,333, residual 0.00 VND (absent, treated as 0: chg_distribution) [flow from gross legs 3.2.1+3.2.2]"
DCDS,2022-12-01,reconcile,True,0.0,"nav_end 1,274,840,153,270 vs identity 1,274,840,153,270, residual 0.00 VND (absent, treated as 0: chg_distribution) [flow from gross legs 3.2.1+3.2.2]"
DCDS,2022-12-08,reconcile,True,0.0,"nav_end 1,309,277,334,974 vs identity 1,309,277,334,974, residual 0.00 VND (absent, treated as 0: chg_distribution) [flow from gross legs 3.2.1+3.2.2]"
DCDS,2022-12-15,reconcile,True,0.0,"nav_end 1,331,490,042,546 vs identity 1,331,490,042,546, residual 0.00 VND (absent, treated as 0: chg_distribution) [flow from gross legs 3.2.1+3.2.2]"
DCDS,2022-12-22,reconcile,True,0.0,"nav_end 1,286,170,089,005 vs identity 1,286,170,089,005, residual 0.00 VND (absent, treated as 0: chg_distribution) [flow from gross legs 3.2.1+3.2.2]"
DCDS,2022-12-29,reconcile,True,0.0,"nav_end 1,252,805,677,983 vs identity 1,252,805,677,983, residual 0.00 VND (absent, treated as 0: chg_distribution) [flow from gross legs 3.2.1+3.2.2]"
DCDS,2023-01-05,reconcile,True,0.0,"nav_end 1,314,489,325,734 vs identity 1,314,489,325,734, residual 0.00 VND (absent, treated as 0: chg_distribution) [flow from gross legs 3.2.1+3.2.2]"
DCDS,2023-01-12,reconcile,True,0.0,"nav_end 1,298,351,227,248 vs identity 1,298,351,227,248, residual 0.00 VND (absent, treated as 0: chg_distribution) [flow from gross legs 3.2.1+3.2.2]"
DCDS,2023-01-26,reconcile,True,0.0,"nav_end 1,363,912,898,706 vs identity 1,363,912,898,706, residual 0.00 VND (absent, treated as 0: chg_distribution) [flow from gross legs 3.2.1+3.2.2]"
DCDS,2023-02-02,reconcile,True,0.0,"nav_end 1,312,909,539,398 vs identity 1,312,909,539,398, residual 0.00 VND (absent, treated as 0: chg_distribution) [flow from gross legs 3.2.1+3.2.2]"
DCDS,2023-02-09,reconcile,True,0.0,"nav_end 1,262,145,204,032 vs identity 1,262,145,204,032, residual 0.00 VND (absent, treated as 0: chg_distribution) [flow from gross legs 3.2.1+3.2.2]"
DCDS,2023-02-16,reconcile,True,0.0,"nav_end 1,262,057,023,554 vs identity 1,262,057,023,554, residual 0.00 VND (absent, treated as 0: chg_distribution) [flow from gross legs 3.2.1+3.2.2]"
DCDS,2023-02-23,reconcile,True,0.0,"nav_end 1,254,637,020,735 vs identity 1,254,637,020,735, residual 0.00 VND (absent, treated as 0: chg_distribution) [flow from gross legs 3.2.1+3.2.2]"
DCDS,2023-03-02,reconcile,True,0.0,"nav_end 1,230,649,891,533 vs identity 1,230,649,891,533, residual 0.00 VND (absent, treated as 0: chg_distribution) [flow from gross legs 3.2.1+3.2.2]"
DCDS,2023-03-09,reconcile,True,0.0,"nav_end 1,254,750,107,223 vs identity 1,254,750,107,223, residual 0.00 VND (absent, treated as 0: chg_distribution) [flow from gross legs 3.2.1+3.2.2]"
DCDS,2023-03-16,reconcile,True,0.0,"nav_end 1,228,927,621,259 vs identity 1,228,927,621,259, residual 0.00 VND (absent, treated as 0: chg_distribution) [flow from gross legs 3.2.1+3.2.2]"
DCDS,2023-03-23,reconcile,True,0.0,"nav_end 1,226,670,584,497 vs identity 1,226,670,584,497, residual 0.00 VND (absent, treated as 0: chg_distribution) [flow from gross legs 3.2.1+3.2.2]"
DCDS,2023-03-30,reconcile,True,0.0,"nav_end 1,237,387,342,141 vs identity 1,237,387,342,141, residual 0.00 VND (absent, treated as 0: chg_distribution) [flow from gross legs 3.2.1+3.2.2]"
DCDS,2023-04-06,reconcile,True,0.0,"nav_end 1,252,698,081,478 vs identity 1,252,698,081,478, residual 0.00 VND (absent, treated as 0: chg_distribution) [flow from gross legs 3.2.1+3.2.2]"
DCDS,2023-04-13,reconcile,True,0.0,"nav_end 1,254,886,161,429 vs identity 1,254,886,161,429, residual 0.00 VND (absent, treated as 0: chg_distribution) [flow from gross legs 3.2.1+3.2.2]"
DCDS,2023-04-20,reconcile,True,0.0,"nav_end 1,221,604,815,901 vs identity 1,221,604,815,901, residual 0.00 VND (absent, treated as 0: chg_distribution) [flow from gross legs 3.2.1+3.2.2]"
DCDS,2023-04-27,reconcile,True,0.0,"nav_end 1,216,020,364,417 vs identity 1,216,020,364,417, residual 0.00 VND (absent, treated as 0: chg_distribution) [flow from gross legs 3.2.1+3.2.2]"
DCDS,2023-05-04,reconcile,True,0.0,"nav_end 1,222,102,588,764 vs identity 1,222,102,588,764, residual 0.00 VND (absent, treated as 0: chg_distribution) [flow from gross legs 3.2.1+3.2.2]"
DCDS,2023-05-11,reconcile,True,0.0,"nav_end 1,240,026,437,590 vs identity 1,240,026,437,590, residual 0.00 VND (absent, treated as 0: chg_distribution) [flow from gross legs 3.2.1+3.2.2]"
DCDS,2023-05-18,reconcile,True,0.0,"nav_end 1,239,327,573,175 vs identity 1,239,327,573,175, residual 0.00 VND (absent, treated as 0: chg_distribution) [flow from gross legs 3.2.1+3.2.2]"
DCDS,2023-05-25,reconcile,True,0.0,"nav_end 1,241,383,475,437 vs identity 1,241,383,475,437, residual 0.00 VND (absent, treated as 0: chg_distribution) [flow from gross legs 3.2.1+3.2.2]"
DCDS,2023-06-01,reconcile,True,0.0,"nav_end 1,274,682,267,683 vs identity 1,274,682,267,683, residual 0.00 VND (absent, treated as 0: chg_distribution) [flow from gross legs 3.2.1+3.2.2]"
DCDS,2023-06-08,reconcile,True,0.0,"nav_end 1,298,126,870,877 vs identity 1,298,126,870,877, residual 0.00 VND (absent, treated as 0: chg_distribution) [flow from gross legs 3.2.1+3.2.2]"
DCDS,2023-06-15,reconcile,True,0.0,"nav_end 1,320,015,127,584 vs identity 1,320,015,127,584, residual 0.00 VND (absent, treated as 0: chg_distribution) [flow from gross legs 3.2.1+3.2.2]"
DCDS,2023-06-22,reconcile,True,0.0,"nav_end 1,341,678,856,796 vs identity 1,341,678,856,796, residual 0.00 VND (absent, treated as 0: chg_distribution) [flow from gross legs 3.2.1+3.2.2]"
DCDS,2023-06-29,reconcile,True,0.0,"nav_end 1,318,812,964,508 vs identity 1,318,812,964,508, residual 0.00 VND (absent, treated as 0: chg_distribution) [flow from gross legs 3.2.1+3.2.2]"
DCDS,2023-07-06,reconcile,True,0.0,"nav_end 1,333,398,978,071 vs identity 1,333,398,978,071, residual 0.00 VND (absent, treated as 0: chg_distribution) [flow from gross legs 3.2.1+3.2.2]"
DCDS,2023-07-13,reconcile,True,0.0,"nav_end 1,389,647,634,295 vs identity 1,389,647,634,295, residual 0.00 VND (absent, treated as 0: chg_distribution) [flow from gross legs 3.2.1+3.2.2]"
DCDS,2023-07-20,reconcile,True,0.0,"nav_end 1,401,227,792,244 vs identity 1,401,227,792,244, residual 0.00 VND (absent, treated as 0: chg_distribution) [flow from gross legs 3.2.1+3.2.2]"
DCDS,2023-07-27,reconcile,True,0.0,"nav_end 1,445,022,683,931 vs identity 1,445,022,683,931, residual 0.00 VND (absent, treated as 0: chg_distribution) [flow from gross legs 3.2.1+3.2.2]"
DCDS,2023-08-03,reconcile,True,0.0,"nav_end 1,459,610,562,535 vs identity 1,459,610,562,535, residual 0.00 VND (absent, treated as 0: chg_distribution) [flow from gross legs 3.2.1+3.2.2]"
DCDS,2023-08-10,reconcile,True,0.0,"nav_end 1,457,357,138,236 vs identity 1,457,357,138,236, residual 0.00 VND (absent, treated as 0: chg_distribution) [flow from gross legs 3.2.1+3.2.2]"
DCDS,2023-08-17,reconcile,True,0.0,"nav_end 1,482,532,392,464 vs identity 1,482,532,392,464, residual 0.00 VND (absent, treated as 0: chg_distribution) [flow from gross legs 3.2.1+3.2.2]"
DCDS,2023-08-24,reconcile,True,0.0,"nav_end 1,443,287,076,125 vs identity 1,443,287,076,125, residual 0.00 VND (absent, treated as 0: chg_distribution) [flow from gross legs 3.2.1+3.2.2]"
DCDS,2023-09-04,reconcile,True,0.0,"nav_end 1,525,718,440,855 vs identity 1,525,718,440,855, residual 0.00 VND (absent, treated as 0: chg_distribution) [flow from gross legs 3.2.1+3.2.2]"
DCDS,2023-09-07,reconcile,True,0.0,"nav_end 1,549,725,721,035 vs identity 1,549,725,721,035, residual 0.00 VND (absent, treated as 0: chg_distribution) [flow from gross legs 3.2.1+3.2.2]"
DCDS,2023-09-14,reconcile,True,0.0,"nav_end 1,537,407,032,838 vs identity 1,537,407,032,838, residual 0.00 VND (absent, treated as 0: chg_distribution) [flow from gross legs 3.2.1+3.2.2]"
DCDS,2023-09-21,reconcile,True,0.0,"nav_end 1,546,199,147,780 vs identity 1,546,199,147,780, residual 0.00 VND (absent, treated as 0: chg_distribution) [flow from gross legs 3.2.1+3.2.2]"
DCDS,2023-09-28,reconcile,True,0.0,"nav_end 1,469,255,351,718 vs identity 1,469,255,351,718, residual 0.00 VND (absent, treated as 0: chg_distribution) [flow from gross legs 3.2.1+3.2.2]"
DCDS,2023-10-05,reconcile,True,0.0,"nav_end 1,415,995,267,227 vs identity 1,415,995,267,227, residual 0.00 VND (absent, treated as 0: chg_distribution) [flow from gross legs 3.2.1+3.2.2]"
DCDS,2023-10-12,reconcile,True,0.0,"nav_end 1,491,218,737,780 vs identity 1,491,218,737,780, residual 0.00 VND (absent, treated as 0: chg_distribution) [flow from gross legs 3.2.1+3.2.2]"
DCDS,2023-10-19,reconcile,True,0.0,"nav_end 1,392,385,985,892 vs identity 1,392,385,985,892, residual 0.00 VND (absent, treated as 0: chg_distribution) [flow from gross legs 3.2.1+3.2.2]"
DCDS,2023-10-26,reconcile,True,0.0,"nav_end 1,344,025,288,971 vs identity 1,344,025,288,971, residual 0.00 VND (absent, treated as 0: chg_distribution) [flow from gross legs 3.2.1+3.2.2]"
DCDS,2023-11-02,reconcile,True,0.0,"nav_end 1,359,966,218,655 vs identity 1,359,966,218,655, residual 0.00 VND (absent, treated as 0: chg_distribution) [flow from gross legs 3.2.1+3.2.2]"
DCDS,2023-11-09,reconcile,True,0.0,"nav_end 1,445,102,150,871 vs identity 1,445,102,150,871, residual 0.00 VND (absent, treated as 0: chg_distribution) [flow from gross legs 3.2.1+3.2.2]"
DCDS,2023-11-16,reconcile,True,0.0,"nav_end 1,473,895,351,725 vs identity 1,473,895,351,725, residual 0.00 VND (absent, treated as 0: chg_distribution) [flow from gross legs 3.2.1+3.2.2]"
DCDS,2023-11-23,reconcile,True,0.0,"nav_end 1,426,127,734,196 vs identity 1,426,127,734,196, residual 0.00 VND (absent, treated as 0: chg_distribution) [flow from gross legs 3.2.1+3.2.2]"
DCDS,2023-11-30,reconcile,True,0.0,"nav_end 1,448,622,382,868 vs identity 1,448,622,382,868, residual 0.00 VND (absent, treated as 0: chg_distribution) [flow from gross legs 3.2.1+3.2.2]"
DCDS,2023-12-07,reconcile,True,0.0,"nav_end 1,481,951,314,983 vs identity 1,481,951,314,983, residual 0.00 VND (absent, treated as 0: chg_distribution) [flow from gross legs 3.2.1+3.2.2]"
DCDS,2023-12-14,reconcile,True,0.0,"nav_end 1,456,058,991,256 vs identity 1,456,058,991,256, residual 0.00 VND (absent, treated as 0: chg_distribution) [flow from gross legs 3.2.1+3.2.2]"
DCDS,2023-12-21,reconcile,True,0.0,"nav_end 1,473,836,841,907 vs identity 1,473,836,841,907, residual 0.00 VND (absent, treated as 0: chg_distribution) [flow from gross legs 3.2.1+3.2.2]"
DCDS,2023-12-28,reconcile,True,0.0,"nav_end 1,503,956,494,692 vs identity 1,503,956,494,692, residual 0.00 VND (absent, treated as 0: chg_distribution) [flow from gross legs 3.2.1+3.2.2]"
DCDS,2024-01-04,reconcile,True,0.0,"nav_end 1,514,901,213,039 vs identity 1,514,901,213,039, residual 0.00 VND (absent, treated as 0: chg_distribution) [flow from gross legs 3.2.1+3.2.2]"
DCDS,2024-01-11,reconcile,True,0.0,"nav_end 1,502,576,855,827 vs identity 1,502,576,855,827, residual 0.00 VND (absent, treated as 0: chg_distribution) [flow from gross legs 3.2.1+3.2.2]"
DCDS,2024-01-18,reconcile,True,0.0,"nav_end 1,517,839,121,254 vs identity 1,517,839,121,254, residual 0.00 VND (absent, treated as 0: chg_distribution) [flow from gross legs 3.2.1+3.2.2]"
DCDS,2024-01-25,reconcile,True,0.0,"nav_end 1,508,545,141,379 vs identity 1,508,545,141,379, residual 0.00 VND (absent, treated as 0: chg_distribution) [flow from gross legs 3.2.1+3.2.2]"
DCDS,2024-02-01,reconcile,True,0.0,"nav_end 1,539,480,298,995 vs identity 1,539,480,298,995, residual 0.00 VND (absent, treated as 0: chg_distribution) [flow from gross legs 3.2.1+3.2.2]"
DCDS,2024-02-14,reconcile,True,0.0,"nav_end 1,589,995,685,404 vs identity 1,589,995,685,404, residual 0.00 VND (absent, treated as 0: chg_distribution) [flow from gross legs 3.2.1+3.2.2]"
DCDS,2024-02-15,reconcile,True,0.0,"nav_end 1,591,238,009,077 vs identity 1,591,238,009,077, residual 0.00 VND (absent, treated as 0: chg_distribution) [flow from gross legs 3.2.1+3.2.2]"
DCDS,2024-02-22,reconcile,True,0.0,"nav_end 1,595,961,533,054 vs identity 1,595,961,533,054, residual 0.00 VND (absent, treated as 0: chg_distribution) [flow from gross legs 3.2.1+3.2.2]"
DCDS,2024-02-29,reconcile,True,0.0,"nav_end 1,653,815,522,444 vs identity 1,653,815,522,444, residual 0.00 VND (absent, treated as 0: chg_distribution) [flow from gross legs 3.2.1+3.2.2]"
DCDS,2024-03-07,reconcile,True,0.0,"nav_end 1,697,541,478,427 vs identity 1,697,541,478,427, residual 0.00 VND (absent, treated as 0: chg_distribution) [flow from gross legs 3.2.1+3.2.2]"
DCDS,2024-03-14,reconcile,True,0.0,"nav_end 1,733,870,589,090 vs identity 1,733,870,589,090, residual 0.00 VND (absent, treated as 0: chg_distribution) [flow from gross legs 3.2.1+3.2.2]"
DCDS,2024-03-21,reconcile,True,0.0,"nav_end 1,762,013,906,475 vs identity 1,762,013,906,475, residual 0.00 VND (absent, treated as 0: chg_distribution) [flow from gross legs 3.2.1+3.2.2]"
DCDS,2024-03-28,reconcile,True,0.0,"nav_end 1,796,366,754,561 vs identity 1,796,366,754,561, residual 0.00 VND (absent, treated as 0: chg_distribution) [flow from gross legs 3.2.1+3.2.2]"
DCDS,2024-04-04,reconcile,True,0.0,"nav_end 1,766,696,871,422 vs identity 1,766,696,871,422, residual 0.00 VND (absent, treated as 0: chg_distribution) [flow from gross legs 3.2.1+3.2.2]"
DCDS,2024-04-11,reconcile,True,0.0,"nav_end 1,773,610,375,402 vs identity 1,773,610,375,402, residual 0.00 VND (absent, treated as 0: chg_distribution) [flow from gross legs 3.2.1+3.2.2]"
DCDS,2024-04-18,reconcile,True,0.0,"nav_end 1,717,411,658,179 vs identity 1,717,411,658,179, residual 0.00 VND (absent, treated as 0: chg_distribution) [flow from gross legs 3.2.1+3.2.2]"
DCDS,2024-04-25,reconcile,True,0.0,"nav_end 1,791,635,306,562 vs identity 1,791,635,306,562, residual 0.00 VND (absent, treated as 0: chg_distribution) [flow from gross legs 3.2.1+3.2.2]"
DCDS,2024-05-02,reconcile,True,0.0,"nav_end 1,829,561,132,491 vs identity 1,829,561,132,491, residual 0.00 VND (absent, treated as 0: chg_distribution) [flow from gross legs 3.2.1+3.2.2]"
DCDS,2024-05-09,reconcile,True,0.0,"nav_end 1,885,352,190,121 vs identity 1,885,352,190,121, residual 0.00 VND (absent, treated as 0: chg_distribution) [flow from gross legs 3.2.1+3.2.2]"
DCDS,2024-05-16,reconcile,True,0.0,"nav_end 1,925,632,688,351 vs identity 1,925,632,688,351, residual 0.00 VND (absent, treated as 0: chg_distribution) [flow from gross legs 3.2.1+3.2.2]"
DCDS,2024-05-23,reconcile,True,0.0,"nav_end 1,922,464,476,603 vs identity 1,922,464,476,603, residual 0.00 VND (absent, treated as 0: chg_distribution) [flow from gross legs 3.2.1+3.2.2]"
DCDS,2024-05-30,reconcile,True,0.0,"nav_end 1,929,028,992,578 vs identity 1,929,028,992,578, residual 0.00 VND (absent, treated as 0: chg_distribution) [flow from gross legs 3.2.1+3.2.2]"
DCDS,2024-06-06,reconcile,True,0.0,"nav_end 1,968,623,347,485 vs identity 1,968,623,347,485, residual 0.00 VND (absent, treated as 0: chg_distribution) [flow from gross legs 3.2.1+3.2.2]"
DCDS,2024-06-13,reconcile,True,0.0,"nav_end 2,054,849,548,623 vs identity 2,054,849,548,623, residual 0.00 VND (absent, treated as 0: chg_distribution) [flow from gross legs 3.2.1+3.2.2]"
DCDS,2024-06-20,reconcile,True,0.0,"nav_end 2,015,132,972,848 vs identity 2,015,132,972,848, residual 0.00 VND (absent, treated as 0: chg_distribution) [flow from gross legs 3.2.1+3.2.2]"
DCDS,2024-06-27,reconcile,True,0.0,"nav_end 1,995,617,832,263 vs identity 1,995,617,832,263, residual 0.00 VND (absent, treated as 0: chg_distribution) [flow from gross legs 3.2.1+3.2.2]"
DCDS,2024-07-04,reconcile,True,0.0,"nav_end 2,088,104,158,478 vs identity 2,088,104,158,478, residual 0.00 VND (absent, treated as 0: chg_distribution) [flow from gross legs 3.2.1+3.2.2]"
DCDS,2024-07-11,reconcile,True,0.0,"nav_end 2,105,790,680,405 vs identity 2,105,790,680,405, residual 0.00 VND (absent, treated as 0: chg_distribution) [flow from gross legs 3.2.1+3.2.2]"
DCDS,2024-07-18,reconcile,True,0.0,"nav_end 2,113,863,328,092 vs identity 2,113,863,328,092, residual 0.00 VND (absent, treated as 0: chg_distribution) [flow from gross legs 3.2.1+3.2.2]"
DCDS,2024-07-25,reconcile,True,0.0,"nav_end 2,129,210,583,713 vs identity 2,129,210,583,713, residual 0.00 VND (absent, treated as 0: chg_distribution) [flow from gross legs 3.2.1+3.2.2]"
DCDS,2024-08-01,reconcile,True,0.0,"nav_end 2,143,070,598,318 vs identity 2,143,070,598,318, residual 0.00 VND (absent, treated as 0: chg_distribution) [flow from gross legs 3.2.1+3.2.2]"
DCDS,2024-08-08,reconcile,True,0.0,"nav_end 2,163,587,623,875 vs identity 2,163,587,623,875, residual 0.00 VND (absent, treated as 0: chg_distribution) [flow from gross legs 3.2.1+3.2.2]"
DCDS,2024-08-15,reconcile,True,0.0,"nav_end 2,240,552,007,122 vs identity 2,240,552,007,122, residual 0.00 VND (absent, treated as 0: chg_distribution) [flow from gross legs 3.2.1+3.2.2]"
DCDS,2024-08-22,reconcile,True,0.0,"nav_end 2,343,270,584,837 vs identity 2,343,270,584,837, residual 0.00 VND (absent, treated as 0: chg_distribution) [flow from gross legs 3.2.1+3.2.2]"
DCDS,2024-08-29,reconcile,True,0.0,"nav_end 2,268,601,958,107 vs identity 2,268,601,958,107, residual 0.00 VND (absent, treated as 0: chg_distribution) [flow from gross legs 3.2.1+3.2.2]"
DCDS,2024-09-05,reconcile,True,0.0,"nav_end 2,254,521,668,154 vs identity 2,254,521,668,154, residual 0.00 VND (absent, treated as 0: chg_distribution) [flow from gross legs 3.2.1+3.2.2]"
DCDS,2024-09-12,reconcile,True,0.0,"nav_end 2,428,551,764,711 vs identity 2,428,551,764,711, residual 0.00 VND (absent, treated as 0: chg_distribution) [flow from gross legs 3.2.1+3.2.2]"
DCDS,2024-09-19,reconcile,True,0.0,"nav_end 2,533,538,574,077 vs identity 2,533,538,574,077, residual 0.00 VND (absent, treated as 0: chg_distribution) [flow from gross legs 3.2.1+3.2.2]"
DCDS,2024-09-26,reconcile,True,0.0,"nav_end 2,579,945,813,476 vs identity 2,579,945,813,476, residual 0.00 VND (absent, treated as 0: chg_distribution) [flow from gross legs 3.2.1+3.2.2]"
DCDS,2024-10-03,reconcile,True,0.0,"nav_end 2,482,781,225,145 vs identity 2,482,781,225,145, residual 0.00 VND (absent, treated as 0: chg_distribution) [flow from gross legs 3.2.1+3.2.2]"
DCDS,2024-10-10,reconcile,True,0.0,"nav_end 2,546,028,126,383 vs identity 2,546,028,126,383, residual 0.00 VND (absent, treated as 0: chg_distribution) [flow from gross legs 3.2.1+3.2.2]"
DCDS,2024-10-17,reconcile,True,0.0,"nav_end 2,561,718,642,896 vs identity 2,561,718,642,896, residual 0.00 VND (absent, treated as 0: chg_distribution) [flow from gross legs 3.2.1+3.2.2]"
DCDS,2024-10-24,reconcile,True,0.0,"nav_end 2,538,518,080,796 vs identity 2,538,518,080,796, residual 0.00 VND (absent, treated as 0: chg_distribution) [flow from gross legs 3.2.1+3.2.2]"
DCDS,2024-10-31,reconcile,True,0.0,"nav_end 2,613,534,019,879 vs identity 2,613,534,019,879, residual 0.00 VND (absent, treated as 0: chg_distribution) [flow from gross legs 3.2.1+3.2.2]"
DCDS,2024-11-07,reconcile,True,0.0,"nav_end 2,662,113,434,034 vs identity 2,662,113,434,034, residual 0.00 VND (absent, treated as 0: chg_distribution) [flow from gross legs 3.2.1+3.2.2]"
DCDS,2024-11-14,reconcile,True,0.0,"nav_end 2,632,621,892,273 vs identity 2,632,621,892,273, residual 0.00 VND (absent, treated as 0: chg_distribution) [flow from gross legs 3.2.1+3.2.2]"
DCDS,2024-11-21,reconcile,True,0.0,"nav_end 2,657,990,536,869 vs identity 2,657,990,536,869, residual 0.00 VND (absent, treated as 0: chg_distribution) [flow from gross legs 3.2.1+3.2.2]"
DCDS,2024-11-28,reconcile,True,0.0,"nav_end 2,770,021,138,573 vs identity 2,770,021,138,573, residual 0.00 VND (absent, treated as 0: chg_distribution) [flow from gross legs 3.2.1+3.2.2]"
DCDS,2024-12-05,reconcile,True,0.0,"nav_end 2,863,168,212,496 vs identity 2,863,168,212,496, residual 0.00 VND (absent, treated as 0: chg_distribution) [flow from gross legs 3.2.1+3.2.2]"
DCDS,2024-12-12,reconcile,True,0.0,"nav_end 2,805,973,633,368 vs identity 2,805,973,633,368, residual 0.00 VND (absent, treated as 0: chg_distribution) [flow from gross legs 3.2.1+3.2.2]"
DCDS,2024-12-19,reconcile,True,0.0,"nav_end 2,808,529,954,934 vs identity 2,808,529,954,934, residual 0.00 VND (absent, treated as 0: chg_distribution) [flow from gross legs 3.2.1+3.2.2]"
DCDS,2024-12-26,reconcile,True,0.0,"nav_end 2,858,990,511,401 vs identity 2,858,990,511,401, residual 0.00 VND (absent, treated as 0: chg_distribution) [flow from gross legs 3.2.1+3.2.2]"
DCDS,2025-01-02,reconcile,True,0.0,"nav_end 2,864,149,958,133 vs identity 2,864,149,958,133, residual 0.00 VND (absent, treated as 0: chg_distribution) [flow from gross legs 3.2.1+3.2.2]"
DCDS,2025-01-09,reconcile,True,0.0,"nav_end 2,812,546,312,085 vs identity 2,812,546,312,085, residual 0.00 VND (absent, treated as 0: chg_distribution) [flow from gross legs 3.2.1+3.2.2]"
DCDS,2025-01-16,reconcile,True,0.0,"nav_end 2,872,414,396,958 vs identity 2,872,414,396,958, residual 0.00 VND (absent, treated as 0: chg_distribution) [flow from gross legs 3.2.1+3.2.2]"
DCDS,2025-01-23,reconcile,True,0.0,"nav_end 2,956,059,094,381 vs identity 2,956,059,094,381, residual 0.00 VND (absent, treated as 0: chg_distribution) [flow from gross legs 3.2.1+3.2.2]"
DCDS,2025-02-02,reconcile,True,0.0,"nav_end 2,964,026,075,889 vs identity 2,964,026,075,889, residual 0.00 VND (absent, treated as 0: chg_distribution) [flow from gross legs 3.2.1+3.2.2]"
DCDS,2025-02-06,reconcile,True,0.0,"nav_end 2,967,527,798,783 vs identity 2,967,527,798,783, residual 0.00 VND (absent, treated as 0: chg_distribution) [flow from gross legs 3.2.1+3.2.2]"
DCDS,2025-02-13,reconcile,True,0.0,"nav_end 2,867,678,724,560 vs identity 2,867,678,724,560, residual 0.00 VND (absent, treated as 0: chg_distribution) [flow from gross legs 3.2.1+3.2.2]"
DCDS,2025-02-20,reconcile,True,0.0,"nav_end 2,894,915,897,292 vs identity 2,894,915,897,292, residual 0.00 VND (absent, treated as 0: chg_distribution) [flow from gross legs 3.2.1+3.2.2]"
DCDS,2025-02-27,reconcile,True,0.0,"nav_end 2,866,718,318,538 vs identity 2,866,718,318,538, residual 0.00 VND (absent, treated as 0: chg_distribution) [flow from gross legs 3.2.1+3.2.2]"
DCDS,2025-03-06,reconcile,True,0.0,"nav_end 2,865,354,737,501 vs identity 2,865,354,737,501, residual 0.00 VND (absent, treated as 0: chg_distribution) [flow from gross legs 3.2.1+3.2.2]"
DCDS,2025-03-13,reconcile,True,0.0,"nav_end 2,787,136,393,765 vs identity 2,787,136,393,765, residual 0.00 VND (absent, treated as 0: chg_distribution) [flow from gross legs 3.2.1+3.2.2]"
DCDS,2025-03-20,reconcile,True,0.0,"nav_end 2,742,175,366,713 vs identity 2,742,175,366,713, residual 0.00 VND (absent, treated as 0: chg_distribution) [flow from gross legs 3.2.1+3.2.2]"
DCDS,2025-03-27,reconcile,True,0.0,"nav_end 2,807,391,246,248 vs identity 2,807,391,246,248, residual 0.00 VND (absent, treated as 0: chg_distribution) [flow from gross legs 3.2.1+3.2.2]"
DCDS,2025-04-03,reconcile,True,0.0,"nav_end 2,634,064,276,431 vs identity 2,634,064,276,431, residual 0.00 VND (absent, treated as 0: chg_distribution) [flow from gross legs 3.2.1+3.2.2]"
DCDS,2025-04-10,reconcile,True,0.0,"nav_end 2,557,134,565,149 vs identity 2,557,134,565,149, residual 0.00 VND (absent, treated as 0: chg_distribution) [flow from gross legs 3.2.1+3.2.2]"
DCDS,2025-04-17,reconcile,True,0.0,"nav_end 2,785,108,432,400 vs identity 2,785,108,432,400, residual 0.00 VND (absent, treated as 0: chg_distribution) [flow from gross legs 3.2.1+3.2.2]"
DCDS,2025-04-24,reconcile,True,0.0,"nav_end 2,849,602,890,712 vs identity 2,849,602,890,712, residual 0.00 VND (absent, treated as 0: chg_distribution) [flow from gross legs 3.2.1+3.2.2]"
DCDS,2025-05-04,reconcile,True,0.0,"nav_end 2,862,468,897,117 vs identity 2,862,468,897,117, residual 0.00 VND (absent, treated as 0: chg_distribution) [flow from gross legs 3.2.1+3.2.2]"
DCDS,2025-05-08,reconcile,True,0.0,"nav_end 2,963,101,915,082 vs identity 2,963,101,915,082, residual 0.00 VND (absent, treated as 0: chg_distribution) [flow from gross legs 3.2.1+3.2.2]"
DCDS,2025-05-15,reconcile,True,0.0,"nav_end 3,037,972,552,459 vs identity 3,037,972,552,459, residual 0.00 VND (absent, treated as 0: chg_distribution) [flow from gross legs 3.2.1+3.2.2]"
DCDS,2025-05-22,reconcile,True,0.0,"nav_end 3,025,291,229,563 vs identity 3,025,291,229,563, residual 0.00 VND (absent, treated as 0: chg_distribution) [flow from gross legs 3.2.1+3.2.2]"
DCDS,2025-05-29,reconcile,True,0.0,"nav_end 3,026,396,095,931 vs identity 3,026,396,095,931, residual 0.00 VND (absent, treated as 0: chg_distribution) [flow from gross legs 3.2.1+3.2.2]"
DCDS,2025-06-05,reconcile,True,0.0,"nav_end 3,002,111,771,634 vs identity 3,002,111,771,634, residual 0.00 VND (absent, treated as 0: chg_distribution) [flow from gross legs 3.2.1+3.2.2]"
DCDS,2025-06-12,reconcile,True,0.0,"nav_end 3,014,355,966,671 vs identity 3,014,355,966,671, residual 0.00 VND (absent, treated as 0: chg_distribution) [flow from gross legs 3.2.1+3.2.2]"
DCDS,2025-06-19,reconcile,True,0.0,"nav_end 3,076,691,411,504 vs identity 3,076,691,411,504, residual 0.00 VND (absent, treated as 0: chg_distribution) [flow from gross legs 3.2.1+3.2.2]"
DCDS,2025-06-26,reconcile,True,0.0,"nav_end 3,116,273,619,986 vs identity 3,116,273,619,986, residual 0.00 VND (absent, treated as 0: chg_distribution) [flow from gross legs 3.2.1+3.2.2]"
DCDS,2025-07-03,reconcile,True,0.0,"nav_end 3,152,153,259,911 vs identity 3,152,153,259,911, residual 0.00 VND (absent, treated as 0: chg_distribution) [flow from gross legs 3.2.1+3.2.2]"
DCDS,2025-07-10,reconcile,True,0.0,"nav_end 3,251,095,478,947 vs identity 3,251,095,478,947, residual 0.00 VND (absent, treated as 0: chg_distribution) [flow from gross legs 3.2.1+3.2.2]"
DCDS,2025-07-17,reconcile,True,0.0,"nav_end 3,403,618,722,456 vs identity 3,403,618,722,456, residual 0.00 VND (absent, treated as 0: chg_distribution) [flow from gross legs 3.2.1+3.2.2]"
DCDS,2025-07-24,reconcile,True,0.0,"nav_end 3,443,459,716,234 vs identity 3,443,459,716,234, residual 0.00 VND (absent, treated as 0: chg_distribution) [flow from gross legs 3.2.1+3.2.2]"
DCDS,2025-07-31,reconcile,True,0.0,"nav_end 3,397,281,062,763 vs identity 3,397,281,062,763, residual 0.00 VND (absent, treated as 0: chg_distribution) [flow from gross legs 3.2.1+3.2.2]"
DCDS,2025-08-07,reconcile,True,0.0,"nav_end 3,679,958,127,866 vs identity 3,679,958,127,866, residual 0.00 VND (absent, treated as 0: chg_distribution) [flow from gross legs 3.2.1+3.2.2]"
DCDS,2025-08-14,reconcile,True,0.0,"nav_end 3,812,922,549,613 vs identity 3,812,922,549,613, residual 0.00 VND (absent, treated as 0: chg_distribution) [flow from gross legs 3.2.1+3.2.2]"
DCDS,2025-08-21,reconcile,True,0.0,"nav_end 3,943,406,944,261 vs identity 3,943,406,944,261, residual 0.00 VND (absent, treated as 0: chg_distribution) [flow from gross legs 3.2.1+3.2.2]"
DCDS,2025-08-28,reconcile,True,0.0,"nav_end 4,024,878,450,023 vs identity 4,024,878,450,023, residual 0.00 VND (absent, treated as 0: chg_distribution) [flow from gross legs 3.2.1+3.2.2]"
DCDS,2025-09-04,reconcile,True,0.0,"nav_end 4,108,285,023,869 vs identity 4,108,285,023,869, residual 0.00 VND (absent, treated as 0: chg_distribution) [flow from gross legs 3.2.1+3.2.2]"
DCDS,2025-09-11,reconcile,True,0.0,"nav_end 4,143,349,784,885 vs identity 4,143,349,784,885, residual 0.00 VND (absent, treated as 0: chg_distribution) [flow from gross legs 3.2.1+3.2.2]"
DCDS,2025-09-18,reconcile,True,0.0,"nav_end 4,231,931,662,665 vs identity 4,231,931,662,665, residual 0.00 VND (absent, treated as 0: chg_distribution) [flow from gross legs 3.2.1+3.2.2]"
DCDS,2025-09-25,reconcile,True,0.0,"nav_end 4,363,031,168,076 vs identity 4,363,031,168,076, residual 0.00 VND (absent, treated as 0: chg_distribution) [flow from gross legs 3.2.1+3.2.2]"
DCDS,2025-10-02,reconcile,True,0.0,"nav_end 4,375,573,950,293 vs identity 4,375,573,950,293, residual 0.00 VND (absent, treated as 0: chg_distribution) [flow from gross legs 3.2.1+3.2.2]"
DCDS,2025-10-09,reconcile,True,0.0,"nav_end 4,651,790,945,387 vs identity 4,651,790,945,387, residual 0.00 VND (absent, treated as 0: chg_distribution) [flow from gross legs 3.2.1+3.2.2]"
DCDS,2025-10-16,reconcile,True,0.0,"nav_end 4,856,034,909,289 vs identity 4,856,034,909,289, residual 0.00 VND (absent, treated as 0: chg_distribution) [flow from gross legs 3.2.1+3.2.2]"
DCDS,2025-10-23,reconcile,True,0.0,"nav_end 4,914,141,656,332 vs identity 4,914,141,656,332, residual 0.00 VND (absent, treated as 0: chg_distribution) [flow from gross legs 3.2.1+3.2.2]"
DCDS,2025-10-30,reconcile,True,0.0,"nav_end 5,052,957,013,881 vs identity 5,052,957,013,881, residual 0.00 VND (absent, treated as 0: chg_distribution) [flow from gross legs 3.2.1+3.2.2]"
DCDS,2025-11-06,reconcile,True,0.0,"nav_end 5,066,679,570,144 vs identity 5,066,679,570,144, residual 0.00 VND (absent, treated as 0: chg_distribution) [flow from gross legs 3.2.1+3.2.2]"
DCDS,2025-11-13,reconcile,True,0.0,"nav_end 5,168,402,341,607 vs identity 5,168,402,341,607, residual 0.00 VND (absent, treated as 0: chg_distribution) [flow from gross legs 3.2.1+3.2.2]"
DCDS,2025-11-20,reconcile,True,0.0,"nav_end 5,324,471,381,216 vs identity 5,324,471,381,216, residual 0.00 VND (absent, treated as 0: chg_distribution) [flow from gross legs 3.2.1+3.2.2]"
DCDS,2025-11-27,reconcile,True,0.0,"nav_end 5,444,487,437,635 vs identity 5,444,487,437,635, residual 0.00 VND (absent, treated as 0: chg_distribution) [flow from gross legs 3.2.1+3.2.2]"
DCDS,2025-12-04,reconcile,True,0.0,"nav_end 5,659,122,910,531 vs identity 5,659,122,910,531, residual 0.00 VND (absent, treated as 0: chg_distribution) [flow from gross legs 3.2.1+3.2.2]"
DCDS,2025-12-11,reconcile,True,0.0,"nav_end 5,484,862,615,770 vs identity 5,484,862,615,770, residual 0.00 VND (absent, treated as 0: chg_distribution) [flow from gross legs 3.2.1+3.2.2]"
DCDS,2025-12-18,reconcile,True,0.0,"nav_end 5,478,443,398,642 vs identity 5,478,443,398,642, residual 0.00 VND (absent, treated as 0: chg_distribution) [flow from gross legs 3.2.1+3.2.2]"
DCDS,2025-12-25,reconcile,True,0.0,"nav_end 5,694,025,046,515 vs identity 5,694,025,046,515, residual 0.00 VND (absent, treated as 0: chg_distribution) [flow from gross legs 3.2.1+3.2.2]"
DCDS,2026-01-04,reconcile,True,0.0,"nav_end 5,772,720,329,626 vs identity 5,772,720,329,626, residual 0.00 VND (absent, treated as 0: chg_distribution) [flow from gross legs 3.2.1+3.2.2]"
DCDS,2026-01-08,reconcile,True,0.0,"nav_end 5,799,761,319,065 vs identity 5,799,761,319,065, residual 0.00 VND (absent, treated as 0: chg_distribution) [flow from gross legs 3.2.1+3.2.2]"
DCDS,2026-01-15,reconcile,True,0.0,"nav_end 5,734,084,810,373 vs identity 5,734,084,810,373, residual 0.00 VND (absent, treated as 0: chg_distribution) [flow from gross legs 3.2.1+3.2.2]"
DCDS,2026-01-22,reconcile,True,0.0,"nav_end 5,808,936,425,008 vs identity 5,808,936,425,008, residual 0.00 VND (absent, treated as 0: chg_distribution) [flow from gross legs 3.2.1+3.2.2]"
DCDS,2026-01-29,reconcile,True,0.0,"nav_end 5,791,229,651,054 vs identity 5,791,229,651,054, residual 0.00 VND (absent, treated as 0: chg_distribution) [flow from gross legs 3.2.1+3.2.2]"
DCDS,2026-02-05,reconcile,True,0.0,"nav_end 5,864,835,533,470 vs identity 5,864,835,533,470, residual 0.00 VND (absent, treated as 0: chg_distribution) [flow from gross legs 3.2.1+3.2.2]"
DCDS,2026-02-12,reconcile,True,0.0,"nav_end 6,051,103,244,884 vs identity 6,051,103,244,884, residual 0.00 VND (absent, treated as 0: chg_distribution) [flow from gross legs 3.2.1+3.2.2]"
DCDS,2026-02-22,reconcile,True,0.0,"nav_end 6,110,421,576,752 vs identity 6,110,421,576,752, residual 0.00 VND (absent, treated as 0: chg_distribution) [flow from gross legs 3.2.1+3.2.2]"
DCDS,2026-02-26,reconcile,True,0.0,"nav_end 6,344,419,577,092 vs identity 6,344,419,577,092, residual 0.00 VND (absent, treated as 0: chg_distribution) [flow from gross legs 3.2.1+3.2.2]"
DCDS,2026-03-05,reconcile,True,0.0,"nav_end 6,037,479,685,769 vs identity 6,037,479,685,769, residual 0.00 VND (absent, treated as 0: chg_distribution) [flow from gross legs 3.2.1+3.2.2]"
DCDS,2026-03-12,reconcile,True,0.0,"nav_end 5,977,261,107,006 vs identity 5,977,261,107,006, residual 0.00 VND (absent, treated as 0: chg_distribution) [flow from gross legs 3.2.1+3.2.2]"
DCDS,2026-03-19,reconcile,True,0.0,"nav_end 5,961,901,481,551 vs identity 5,961,901,481,551, residual 0.00 VND (absent, treated as 0: chg_distribution) [flow from gross legs 3.2.1+3.2.2]"
DCDS,2026-03-26,reconcile,True,0.0,"nav_end 5,734,658,173,462 vs identity 5,734,658,173,462, residual 0.00 VND (absent, treated as 0: chg_distribution) [flow from gross legs 3.2.1+3.2.2]"
DCDS,2026-04-02,reconcile,True,0.0,"nav_end 5,867,820,509,607 vs identity 5,867,820,509,607, residual 0.00 VND (absent, treated as 0: chg_distribution) [flow from gross legs 3.2.1+3.2.2]"
DCDS,2026-04-09,reconcile,True,0.0,"nav_end 5,940,246,704,963 vs identity 5,940,246,704,963, residual 0.00 VND (absent, treated as 0: chg_distribution) [flow from gross legs 3.2.1+3.2.2]"
DCDS,2026-04-16,reconcile,True,0.0,"nav_end 6,040,077,207,589 vs identity 6,040,077,207,589, residual 0.00 VND (absent, treated as 0: chg_distribution) [flow from gross legs 3.2.1+3.2.2]"
DCDS,2026-04-23,reconcile,True,0.0,"nav_end 6,154,144,389,967 vs identity 6,154,144,389,967, residual 0.00 VND (absent, treated as 0: chg_distribution) [flow from gross legs 3.2.1+3.2.2]"
DCDS,2026-05-03,reconcile,True,0.0,"nav_end 6,119,891,212,722 vs identity 6,119,891,212,722, residual 0.00 VND (absent, treated as 0: chg_distribution) [flow from gross legs 3.2.1+3.2.2]"
DCDS,2026-05-07,reconcile,True,0.0,"nav_end 6,235,430,392,100 vs identity 6,235,430,392,100, residual 0.00 VND (absent, treated as 0: chg_distribution) [flow from gross legs 3.2.1+3.2.2]"
DCDS,2026-05-14,reconcile,True,0.0,"nav_end 6,267,553,204,749 vs identity 6,267,553,204,749, residual 0.00 VND (absent, treated as 0: chg_distribution) [flow from gross legs 3.2.1+3.2.2]"
DCDS,2026-05-21,reconcile,True,0.0,"nav_end 6,109,382,539,886 vs identity 6,109,382,539,886, residual 0.00 VND (absent, treated as 0: chg_distribution) [flow from gross legs 3.2.1+3.2.2]"
DCDS,2026-05-28,reconcile,True,0.0,"nav_end 6,000,434,927,069 vs identity 6,000,434,927,069, residual 0.00 VND (absent, treated as 0: chg_distribution) [flow from gross legs 3.2.1+3.2.2]"
DCDS,2026-06-04,reconcile,True,0.0,"nav_end 5,955,390,572,665 vs identity 5,955,390,572,665, residual 0.00 VND (absent, treated as 0: chg_distribution) [flow from gross legs 3.2.1+3.2.2]"
DCDS,2026-06-11,reconcile,True,0.0,"nav_end 5,867,438,242,937 vs identity 5,867,438,242,937, residual 0.00 VND (absent, treated as 0: chg_distribution) [flow from gross legs 3.2.1+3.2.2]"
DCDS,2026-06-18,reconcile,True,0.0,"nav_end 6,003,970,284,995 vs identity 6,003,970,284,995, residual 0.00 VND (absent, treated as 0: chg_distribution) [flow from gross legs 3.2.1+3.2.2]"
DCDS,2026-06-25,reconcile,True,0.0,"nav_end 6,031,840,742,473 vs identity 6,031,840,742,473, residual 0.00 VND (absent, treated as 0: chg_distribution) [flow from gross legs 3.2.1+3.2.2]"
DCDS,2026-07-02,reconcile,True,0.0,"nav_end 6,099,135,825,088 vs identity 6,099,135,825,088, residual 0.00 VND (absent, treated as 0: chg_distribution) [flow from gross legs 3.2.1+3.2.2]"
DCDS,2026-07-09,reconcile,True,0.0,"nav_end 5,982,790,873,647 vs identity 5,982,790,873,647, residual 0.00 VND (absent, treated as 0: chg_distribution) [flow from gross legs 3.2.1+3.2.2]"
DCDS,2026-07-16,reconcile,True,0.0,"nav_end 5,896,980,165,538 vs identity 5,896,980,165,538, residual 0.00 VND (absent, treated as 0: chg_distribution) [flow from gross legs 3.2.1+3.2.2]"
DCDS,2026-07-23,reconcile,True,0.0,"nav_end 5,629,730,370,724 vs identity 5,629,730,370,724, residual 0.00 VND (absent, treated as 0: chg_distribution) [flow from gross legs 3.2.1+3.2.2]"
DCDS,2026-07-30,reconcile,True,0.0,"nav_end 5,734,531,806,657 vs identity 5,734,531,806,657, residual 0.00 VND (absent, treated as 0: chg_distribution) [flow from gross legs 3.2.1+3.2.2]"
DCDS,2026-08-06,reconcile,True,0.0,"nav_end 5,802,809,297,939 vs identity 5,802,809,297,939, residual 0.00 VND (absent, treated as 0: chg_distribution) [flow from gross legs 3.2.1+3.2.2]"
DCDS,2026-08-13,reconcile,True,0.0,"nav_end 5,818,659,772,312 vs identity 5,818,659,772,312, residual 0.00 VND (absent, treated as 0: chg_distribution) [flow from gross legs 3.2.1+3.2.2]"
DCIP,2021-06-17,reconcile,True,0.0,"nav_end 211,322,955,435 vs identity 211,322,955,435, residual 0.00 VND [flow from gross legs 3.2.1+3.2.2]"
DCIP,2021-06-24,reconcile,True,0.0,"nav_end 211,344,999,043 vs identity 211,344,999,043, residual 0.00 VND [flow from gross legs 3.2.1+3.2.2]"
DCIP,2021-07-01,reconcile,True,0.0,"nav_end 212,182,054,387 vs identity 212,182,054,387, residual 0.00 VND [flow from gross legs 3.2.1+3.2.2]"
DCIP,2021-07-08,reconcile,True,0.0,"nav_end 212,387,264,634 vs identity 212,387,264,634, residual 0.00 VND [flow from gross legs 3.2.1+3.2.2]"
DCIP,2021-07-15,reconcile,True,0.0,"nav_end 212,623,534,428 vs identity 212,623,534,428, residual 0.00 VND [flow from gross legs 3.2.1+3.2.2]"
DCIP,2021-07-22,reconcile,True,0.0,"nav_end 212,865,550,412 vs identity 212,865,550,412, residual 0.00 VND [flow from gross legs 3.2.1+3.2.2]"
DCIP,2021-07-29,reconcile,True,0.0,"nav_end 213,150,004,652 vs identity 213,150,004,652, residual 0.00 VND [flow from gross legs 3.2.1+3.2.2]"
DCIP,2021-08-05,reconcile,True,0.0,"nav_end 213,502,619,370 vs identity 213,502,619,370, residual 0.00 VND [flow from gross legs 3.2.1+3.2.2]"
DCIP,2021-08-12,reconcile,True,0.0,"nav_end 214,471,002,940 vs identity 214,471,002,940, residual 0.00 VND [flow from gross legs 3.2.1+3.2.2]"
DCIP,2021-08-19,reconcile,True,0.0,"nav_end 216,695,348,577 vs identity 216,695,348,577, residual 0.00 VND [flow from gross legs 3.2.1+3.2.2]"
DCIP,2021-08-26,reconcile,True,0.0,"nav_end 217,077,282,012 vs identity 217,077,282,012, residual 0.00 VND [flow from gross legs 3.2.1+3.2.2]"
DCIP,2021-09-02,reconcile,True,0.0,"nav_end 217,443,542,112 vs identity 217,443,542,112, residual 0.00 VND [flow from gross legs 3.2.1+3.2.2]"
DCIP,2021-09-09,reconcile,True,0.0,"nav_end 219,105,259,353 vs identity 219,105,259,353, residual 0.00 VND [flow from gross legs 3.2.1+3.2.2]"
DCIP,2021-09-16,reconcile,True,0.0,"nav_end 222,974,908,167 vs identity 222,974,908,167, residual 0.00 VND [flow from gross legs 3.2.1+3.2.2]"
DCIP,2021-09-23,reconcile,True,0.0,"nav_end 274,510,026,836 vs identity 274,510,026,836, residual 0.00 VND [flow from gross legs 3.2.1+3.2.2]"
DCIP,2021-09-30,reconcile,True,0.0,"nav_end 275,800,235,445 vs identity 275,800,235,445, residual 0.00 VND [flow from gross legs 3.2.1+3.2.2]"
DCIP,2021-10-07,reconcile,True,0.0,"nav_end 276,181,709,148 vs identity 276,181,709,148, residual 0.00 VND [flow from gross legs 3.2.1+3.2.2]"
DCIP,2021-10-14,reconcile,True,0.0,"nav_end 276,753,351,641 vs identity 276,753,351,641, residual 0.00 VND [flow from gross legs 3.2.1+3.2.2]"
DCIP,2021-10-21,reconcile,True,0.0,"nav_end 268,433,047,855 vs identity 268,433,047,855, residual 0.00 VND [flow from gross legs 3.2.1+3.2.2]"
DCIP,2021-10-28,reconcile,True,0.0,"nav_end 268,742,672,246 vs identity 268,742,672,246, residual 0.00 VND [flow from gross legs 3.2.1+3.2.2]"
DCIP,2021-11-04,reconcile,True,0.0,"nav_end 269,397,117,842 vs identity 269,397,117,842, residual 0.00 VND [flow from gross legs 3.2.1+3.2.2]"
DCIP,2021-11-11,reconcile,True,0.0,"nav_end 269,707,424,209 vs identity 269,707,424,209, residual 0.00 VND [flow from gross legs 3.2.1+3.2.2]"
DCIP,2021-11-18,reconcile,True,0.0,"nav_end 269,997,463,844 vs identity 269,997,463,844, residual 0.00 VND [flow from gross legs 3.2.1+3.2.2]"
DCIP,2021-11-25,reconcile,True,0.0,"nav_end 269,844,101,184 vs identity 269,844,101,184, residual 0.00 VND [flow from gross legs 3.2.1+3.2.2]"
DCIP,2021-12-02,reconcile,True,0.0,"nav_end 271,311,685,339 vs identity 271,311,685,339, residual 0.00 VND [flow from gross legs 3.2.1+3.2.2]"
DCIP,2021-12-09,reconcile,True,0.0,"nav_end 271,637,358,545 vs identity 271,637,358,545, residual 0.00 VND [flow from gross legs 3.2.1+3.2.2]"
DCIP,2021-12-16,reconcile,True,0.0,"nav_end 271,977,947,729 vs identity 271,977,947,729, residual 0.00 VND [flow from gross legs 3.2.1+3.2.2]"
DCIP,2021-12-23,reconcile,True,0.0,"nav_end 272,026,825,389 vs identity 272,026,825,389, residual 0.00 VND [flow from gross legs 3.2.1+3.2.2]"
DCIP,2021-12-30,reconcile,True,0.0,"nav_end 271,255,566,431 vs identity 271,255,566,431, residual 0.00 VND [flow from gross legs 3.2.1+3.2.2]"
DCIP,2022-01-06,reconcile,True,0.0,"nav_end 271,635,479,734 vs identity 271,635,479,734, residual 0.00 VND [flow from gross legs 3.2.1+3.2.2]"
DCIP,2022-01-13,reconcile,True,0.0,"nav_end 272,142,196,238 vs identity 272,142,196,238, residual 0.00 VND [flow from gross legs 3.2.1+3.2.2]"
DCIP,2022-01-20,reconcile,True,0.0,"nav_end 272,176,704,803 vs identity 272,176,704,803, residual 0.00 VND [flow from gross legs 3.2.1+3.2.2]"
DCIP,2022-01-27,reconcile,True,0.0,"nav_end 274,292,670,039 vs identity 274,292,670,039, residual 0.00 VND [flow from gross legs 3.2.1+3.2.2]"
DCIP,2022-02-03,reconcile,True,0.0,"nav_end 274,648,424,957 vs identity 274,648,424,957, residual 0.00 VND [flow from gross legs 3.2.1+3.2.2]"
DCIP,2022-02-10,reconcile,True,0.0,"nav_end 275,415,674,839 vs identity 275,415,674,839, residual 0.00 VND [flow from gross legs 3.2.1+3.2.2]"
DCIP,2022-02-17,reconcile,True,0.0,"nav_end 276,101,233,346 vs identity 276,101,233,346, residual 0.00 VND [flow from gross legs 3.2.1+3.2.2]"
DCIP,2022-02-24,reconcile,True,0.0,"nav_end 277,141,440,954 vs identity 277,141,440,954, residual 0.00 VND [flow from gross legs 3.2.1+3.2.2]"
DCIP,2022-03-03,reconcile,True,0.0,"nav_end 274,796,484,883 vs identity 274,796,484,883, residual 0.00 VND [flow from gross legs 3.2.1+3.2.2]"
DCIP,2022-03-10,reconcile,True,0.0,"nav_end 276,728,828,906 vs identity 276,728,828,906, residual 0.00 VND [flow from gross legs 3.2.1+3.2.2]"
DCIP,2022-03-17,reconcile,True,0.0,"nav_end 277,217,655,629 vs identity 277,217,655,629, residual 0.00 VND [flow from gross legs 3.2.1+3.2.2]"
DCIP,2022-03-24,reconcile,True,0.0,"nav_end 278,264,889,533 vs identity 278,264,889,533, residual 0.00 VND [flow from gross legs 3.2.1+3.2.2]"
DCIP,2022-03-31,reconcile,True,0.0,"nav_end 280,164,586,481 vs identity 280,164,586,481, residual 0.00 VND [flow from gross legs 3.2.1+3.2.2]"
DCIP,2022-04-07,reconcile,True,0.0,"nav_end 282,803,772,055 vs identity 282,803,772,055, residual 0.00 VND [flow from gross legs 3.2.1+3.2.2]"
DCIP,2022-04-14,reconcile,True,0.0,"nav_end 292,223,904,900 vs identity 292,223,904,900, residual 0.00 VND [flow from gross legs 3.2.1+3.2.2]"
DCIP,2022-04-21,reconcile,True,0.0,"nav_end 292,393,158,456 vs identity 292,393,158,456, residual 0.00 VND [flow from gross legs 3.2.1+3.2.2]"
DCIP,2022-04-28,reconcile,True,0.0,"nav_end 293,687,508,001 vs identity 293,687,508,001, residual 0.00 VND (absent, treated as 0: chg_distribution) [flow from gross legs 3.2.1+3.2.2]"
DCIP,2022-05-05,reconcile,True,0.0,"nav_end 294,366,888,992 vs identity 294,366,888,992, residual 0.00 VND [flow from gross legs 3.2.1+3.2.2]"
DCIP,2022-05-12,reconcile,True,0.0,"nav_end 295,891,858,730 vs identity 295,891,858,730, residual 0.00 VND [flow from gross legs 3.2.1+3.2.2]"
DCIP,2022-05-19,reconcile,True,0.0,"nav_end 299,196,080,578 vs identity 299,196,080,578, residual 0.00 VND [flow from gross legs 3.2.1+3.2.2]"
DCIP,2022-05-26,reconcile,True,0.0,"nav_end 302,268,103,223 vs identity 302,268,103,223, residual 0.00 VND [flow from gross legs 3.2.1+3.2.2]"
DCIP,2022-06-02,reconcile,True,0.0,"nav_end 312,562,104,536 vs identity 312,562,104,536, residual 0.00 VND [flow from gross legs 3.2.1+3.2.2]"
DCIP,2022-06-09,reconcile,True,0.0,"nav_end 321,401,059,036 vs identity 321,401,059,036, residual 0.00 VND [flow from gross legs 3.2.1+3.2.2]"
DCIP,2022-06-16,reconcile,True,0.0,"nav_end 341,593,374,901 vs identity 341,593,374,901, residual 0.00 VND [flow from gross legs 3.2.1+3.2.2]"
DCIP,2022-06-23,reconcile,True,0.0,"nav_end 352,838,893,082 vs identity 352,838,893,082, residual 0.00 VND [flow from gross legs 3.2.1+3.2.2]"
DCIP,2022-06-30,reconcile,True,0.0,"nav_end 361,357,528,100 vs identity 361,357,528,100, residual 0.00 VND [flow from gross legs 3.2.1+3.2.2]"
DCIP,2022-07-07,reconcile,True,0.0,"nav_end 378,217,697,095 vs identity 378,217,697,095, residual 0.00 VND [flow from gross legs 3.2.1+3.2.2]"
DCIP,2022-07-21,reconcile,True,0.0,"nav_end 401,897,324,086 vs identity 401,897,324,086, residual 0.00 VND [flow from gross legs 3.2.1+3.2.2]"
DCIP,2022-07-28,reconcile,True,0.0,"nav_end 465,255,360,989 vs identity 465,255,360,989, residual 0.00 VND [flow from gross legs 3.2.1+3.2.2]"
DCIP,2022-08-04,reconcile,True,0.0,"nav_end 510,062,704,511 vs identity 510,062,704,511, residual 0.00 VND [flow from gross legs 3.2.1+3.2.2]"
DCIP,2022-08-11,reconcile,True,0.0,"nav_end 558,135,275,622 vs identity 558,135,275,622, residual 0.00 VND [flow from gross legs 3.2.1+3.2.2]"
DCIP,2022-08-18,reconcile,True,0.0,"nav_end 674,086,335,792 vs identity 674,086,335,792, residual 0.00 VND [flow from gross legs 3.2.1+3.2.2]"
DCIP,2022-08-25,reconcile,True,0.0,"nav_end 766,456,653,357 vs identity 766,456,653,357, residual 0.00 VND [flow from gross legs 3.2.1+3.2.2]"
DCIP,2022-09-04,reconcile,True,0.0,"nav_end 845,279,041,010 vs identity 845,279,041,010, residual 0.00 VND [flow from gross legs 3.2.1+3.2.2]"
DCIP,2022-09-08,reconcile,True,0.0,"nav_end 877,877,522,910 vs identity 877,877,522,910, residual 0.00 VND [flow from gross legs 3.2.1+3.2.2]"
DCIP,2022-09-15,reconcile,True,0.0,"nav_end 926,822,732,950 vs identity 926,822,732,950, residual 0.00 VND [flow from gross legs 3.2.1+3.2.2]"
DCIP,2022-09-22,reconcile,True,0.0,"nav_end 970,459,822,079 vs identity 970,459,822,079, residual 0.00 VND [flow from gross legs 3.2.1+3.2.2]"
DCIP,2022-09-29,reconcile,True,0.0,"nav_end 1,015,498,379,036 vs identity 1,015,498,379,036, residual 0.00 VND [flow from gross legs 3.2.1+3.2.2]"
DCIP,2022-10-06,reconcile,True,0.0,"nav_end 1,025,403,772,433 vs identity 1,025,403,772,433, residual 0.00 VND [flow from gross legs 3.2.1+3.2.2]"
DCIP,2022-10-13,reconcile,True,0.0,"nav_end 908,847,778,068 vs identity 908,847,778,068, residual 0.00 VND (absent, treated as 0: chg_distribution) [flow from gross legs 3.2.1+3.2.2]"
DCIP,2022-10-20,reconcile,True,0.0,"nav_end 840,330,757,118 vs identity 840,330,757,118, residual 0.00 VND (absent, treated as 0: chg_distribution) [flow from gross legs 3.2.1+3.2.2]"
DCIP,2022-10-27,reconcile,True,0.0,"nav_end 764,389,742,660 vs identity 764,389,742,660, residual 0.00 VND (absent, treated as 0: chg_distribution) [flow from gross legs 3.2.1+3.2.2]"
DCIP,2022-11-03,reconcile,True,0.0,"nav_end 675,518,418,471 vs identity 675,518,418,471, residual 0.00 VND (absent, treated as 0: chg_distribution) [flow from gross legs 3.2.1+3.2.2]"
DCIP,2022-11-10,reconcile,True,0.0,"nav_end 562,932,127,070 vs identity 562,932,127,070, residual 0.00 VND (absent, treated as 0: chg_distribution) [flow from gross legs 3.2.1+3.2.2]"
DCIP,2022-11-17,reconcile,True,0.0,"nav_end 469,910,952,170 vs identity 469,910,952,170, residual 0.00 VND (absent, treated as 0: chg_distribution) [flow from gross legs 3.2.1+3.2.2]"
DCIP,2022-11-24,reconcile,True,0.0,"nav_end 377,271,364,045 vs identity 377,271,364,045, residual 0.00 VND (absent, treated as 0: chg_distribution) [flow from gross legs 3.2.1+3.2.2]"
DCIP,2022-12-01,reconcile,True,0.0,"nav_end 318,813,675,903 vs identity 318,813,675,903, residual 0.00 VND (absent, treated as 0: chg_distribution) [flow from gross legs 3.2.1+3.2.2]"
DCIP,2022-12-08,reconcile,True,0.0,"nav_end 315,493,070,210 vs identity 315,493,070,210, residual 0.00 VND (absent, treated as 0: chg_distribution) [flow from gross legs 3.2.1+3.2.2]"
DCIP,2022-12-15,reconcile,True,0.0,"nav_end 313,928,585,562 vs identity 313,928,585,562, residual 0.00 VND (absent, treated as 0: chg_distribution) [flow from gross legs 3.2.1+3.2.2]"
DCIP,2022-12-22,reconcile,True,0.0,"nav_end 312,357,149,928 vs identity 312,357,149,928, residual 0.00 VND (absent, treated as 0: chg_distribution) [flow from gross legs 3.2.1+3.2.2]"
DCIP,2022-12-29,reconcile,True,0.0,"nav_end 296,494,190,049 vs identity 296,494,190,049, residual 0.00 VND (absent, treated as 0: chg_distribution) [flow from gross legs 3.2.1+3.2.2]"
DCIP,2023-01-05,reconcile,True,0.0,"nav_end 292,967,342,027 vs identity 292,967,342,027, residual 0.00 VND (absent, treated as 0: chg_distribution) [flow from gross legs 3.2.1+3.2.2]"
DCIP,2023-01-12,reconcile,True,0.0,"nav_end 291,251,056,031 vs identity 291,251,056,031, residual 0.00 VND (absent, treated as 0: chg_distribution) [flow from gross legs 3.2.1+3.2.2]"
DCIP,2023-01-26,reconcile,True,0.0,"nav_end 291,572,282,204 vs identity 291,572,282,204, residual 0.00 VND (absent, treated as 0: chg_distribution) [flow from gross legs 3.2.1+3.2.2]"
DCIP,2023-02-02,reconcile,True,0.0,"nav_end 291,454,121,150 vs identity 291,454,121,150, residual 0.00 VND (absent, treated as 0: chg_distribution) [flow from gross legs 3.2.1+3.2.2]"
DCIP,2023-02-16,reconcile,True,0.0,"nav_end 290,532,120,688 vs identity 290,532,120,688, residual 0.00 VND (absent, treated as 0: chg_distribution) [flow from gross legs 3.2.1+3.2.2]"
DCIP,2023-02-23,reconcile,True,0.0,"nav_end 290,856,048,765 vs identity 290,856,048,765, residual 0.00 VND (absent, treated as 0: chg_distribution) [flow from gross legs 3.2.1+3.2.2]"
DCIP,2023-03-02,reconcile,True,0.0,"nav_end 290,969,381,290 vs identity 290,969,381,290, residual 0.00 VND (absent, treated as 0: chg_distribution) [flow from gross legs 3.2.1+3.2.2]"
DCIP,2023-03-09,reconcile,True,0.0,"nav_end 291,091,725,774 vs identity 291,091,725,774, residual 0.00 VND (absent, treated as 0: chg_distribution) [flow from gross legs 3.2.1+3.2.2]"
DCIP,2023-03-16,reconcile,True,0.0,"nav_end 291,362,760,560 vs identity 291,362,760,560, residual 0.00 VND (absent, treated as 0: chg_distribution) [flow from gross legs 3.2.1+3.2.2]"
DCIP,2023-03-23,reconcile,True,0.0,"nav_end 292,548,630,301 vs identity 292,548,630,301, residual 0.00 VND (absent, treated as 0: chg_distribution) [flow from gross legs 3.2.1+3.2.2]"
DCIP,2023-03-30,reconcile,True,0.0,"nav_end 293,175,370,965 vs identity 293,175,370,965, residual 0.00 VND (absent, treated as 0: chg_distribution) [flow from gross legs 3.2.1+3.2.2]"
DCIP,2023-04-06,reconcile,True,0.0,"nav_end 293,314,512,373 vs identity 293,314,512,373, residual 0.00 VND (absent, treated as 0: chg_distribution) [flow from gross legs 3.2.1+3.2.2]"
DCIP,2023-04-13,reconcile,True,0.0,"nav_end 293,958,763,064 vs identity 293,958,763,064, residual 0.00 VND (absent, treated as 0: chg_distribution) [flow from gross legs 3.2.1+3.2.2]"
DCIP,2023-04-20,reconcile,True,0.0,"nav_end 294,302,660,235 vs identity 294,302,660,235, residual 0.00 VND (absent, treated as 0: chg_distribution) [flow from gross legs 3.2.1+3.2.2]"
DCIP,2023-04-27,reconcile,True,0.0,"nav_end 294,178,832,195 vs identity 294,178,832,195, residual 0.00 VND (absent, treated as 0: chg_distribution) [flow from gross legs 3.2.1+3.2.2]"
DCIP,2023-05-04,reconcile,True,0.0,"nav_end 295,605,915,003 vs identity 295,605,915,003, residual 0.00 VND (absent, treated as 0: chg_distribution) [flow from gross legs 3.2.1+3.2.2]"
DCIP,2023-05-11,reconcile,True,0.0,"nav_end 296,118,998,543 vs identity 296,118,998,543, residual 0.00 VND (absent, treated as 0: chg_distribution) [flow from gross legs 3.2.1+3.2.2]"
DCIP,2023-05-18,reconcile,True,0.0,"nav_end 296,422,985,402 vs identity 296,422,985,402, residual 0.00 VND (absent, treated as 0: chg_distribution) [flow from gross legs 3.2.1+3.2.2]"
DCIP,2023-05-25,reconcile,True,0.0,"nav_end 296,637,572,946 vs identity 296,637,572,946, residual 0.00 VND (absent, treated as 0: chg_distribution) [flow from gross legs 3.2.1+3.2.2]"
DCIP,2023-06-01,reconcile,True,0.0,"nav_end 288,001,057,331 vs identity 288,001,057,331, residual 0.00 VND (absent, treated as 0: chg_distribution) [flow from gross legs 3.2.1+3.2.2]"
DCIP,2023-06-08,reconcile,True,0.0,"nav_end 288,087,744,976 vs identity 288,087,744,976, residual 0.00 VND (absent, treated as 0: chg_distribution) [flow from gross legs 3.2.1+3.2.2]"
DCIP,2023-06-15,reconcile,True,0.0,"nav_end 287,617,381,795 vs identity 287,617,381,795, residual 0.00 VND (absent, treated as 0: chg_distribution) [flow from gross legs 3.2.1+3.2.2]"
DCIP,2023-06-22,reconcile,True,0.0,"nav_end 288,390,485,426 vs identity 288,390,485,426, residual 0.00 VND (absent, treated as 0: chg_distribution) [flow from gross legs 3.2.1+3.2.2]"
DCIP,2023-06-29,reconcile,True,0.0,"nav_end 288,801,805,880 vs identity 288,801,805,880, residual 0.00 VND (absent, treated as 0: chg_distribution) [flow from gross legs 3.2.1+3.2.2]"
DCIP,2023-07-06,reconcile,True,0.0,"nav_end 289,150,480,980 vs identity 289,150,480,980, residual 0.00 VND (absent, treated as 0: chg_distribution) [flow from gross legs 3.2.1+3.2.2]"
DCIP,2023-07-13,reconcile,True,0.0,"nav_end 289,911,120,712 vs identity 289,911,120,712, residual 0.00 VND (absent, treated as 0: chg_distribution) [flow from gross legs 3.2.1+3.2.2]"
DCIP,2023-07-20,reconcile,True,0.0,"nav_end 290,115,005,398 vs identity 290,115,005,398, residual 0.00 VND (absent, treated as 0: chg_distribution) [flow from gross legs 3.2.1+3.2.2]"
DCIP,2023-07-27,reconcile,True,0.0,"nav_end 291,530,282,309 vs identity 291,530,282,309, residual 0.00 VND (absent, treated as 0: chg_distribution) [flow from gross legs 3.2.1+3.2.2]"
DCIP,2023-08-03,reconcile,True,0.0,"nav_end 324,825,977,212 vs identity 324,825,977,212, residual 0.00 VND (absent, treated as 0: chg_distribution) [flow from gross legs 3.2.1+3.2.2]"
DCIP,2023-08-10,reconcile,True,0.0,"nav_end 343,301,126,670 vs identity 343,301,126,670, residual 0.00 VND (absent, treated as 0: chg_distribution) [flow from gross legs 3.2.1+3.2.2]"
DCIP,2023-08-17,reconcile,True,0.0,"nav_end 397,401,026,692 vs identity 397,401,026,692, residual 0.00 VND (absent, treated as 0: chg_distribution) [flow from gross legs 3.2.1+3.2.2]"
DCIP,2023-08-24,reconcile,True,0.0,"nav_end 415,156,694,266 vs identity 415,156,694,266, residual 0.00 VND (absent, treated as 0: chg_distribution) [flow from gross legs 3.2.1+3.2.2]"
DCIP,2023-09-04,reconcile,True,0.0,"nav_end 424,320,872,964 vs identity 424,320,872,964, residual 0.00 VND (absent, treated as 0: chg_distribution) [flow from gross legs 3.2.1+3.2.2]"
DCIP,2023-09-07,reconcile,True,0.0,"nav_end 429,950,484,736 vs identity 429,950,484,736, residual 0.00 VND (absent, treated as 0: chg_distribution) [flow from gross legs 3.2.1+3.2.2]"
DCIP,2023-09-14,reconcile,True,0.0,"nav_end 436,469,799,637 vs identity 436,469,799,637, residual 0.00 VND (absent, treated as 0: chg_distribution) [flow from gross legs 3.2.1+3.2.2]"
DCIP,2023-09-21,reconcile,True,0.0,"nav_end 472,404,004,555 vs identity 472,404,004,555, residual 0.00 VND (absent, treated as 0: chg_distribution) [flow from gross legs 3.2.1+3.2.2]"
DCIP,2023-09-28,reconcile,True,0.0,"nav_end 491,629,453,183 vs identity 491,629,453,183, residual 0.00 VND (absent, treated as 0: chg_distribution) [flow from gross legs 3.2.1+3.2.2]"
DCIP,2023-10-05,reconcile,True,0.0,"nav_end 522,904,061,592 vs identity 522,904,061,592, residual 0.00 VND (absent, treated as 0: chg_distribution) [flow from gross legs 3.2.1+3.2.2]"
DCIP,2023-10-12,reconcile,True,0.0,"nav_end 534,013,334,711 vs identity 534,013,334,711, residual 0.00 VND (absent, treated as 0: chg_distribution) [flow from gross legs 3.2.1+3.2.2]"
DCIP,2023-10-19,reconcile,True,0.0,"nav_end 586,299,078,814 vs identity 586,299,078,814, residual 0.00 VND (absent, treated as 0: chg_distribution) [flow from gross legs 3.2.1+3.2.2]"
DCIP,2023-10-26,reconcile,True,0.0,"nav_end 611,596,239,945 vs identity 611,596,239,945, residual 0.00 VND (absent, treated as 0: chg_distribution) [flow from gross legs 3.2.1+3.2.2]"
DCIP,2023-11-02,reconcile,True,0.0,"nav_end 693,031,269,469 vs identity 693,031,269,469, residual 0.00 VND (absent, treated as 0: chg_distribution) [flow from gross legs 3.2.1+3.2.2]"
DCIP,2023-11-09,reconcile,True,0.0,"nav_end 728,776,262,030 vs identity 728,776,262,030, residual 0.00 VND (absent, treated as 0: chg_distribution) [flow from gross legs 3.2.1+3.2.2]"
DCIP,2023-11-16,reconcile,True,0.0,"nav_end 859,468,293,462 vs identity 859,468,293,462, residual 0.00 VND (absent, treated as 0: chg_distribution) [flow from gross legs 3.2.1+3.2.2]"
DCIP,2023-11-23,reconcile,True,0.0,"nav_end 992,764,922,634 vs identity 992,764,922,634, residual 0.00 VND (absent, treated as 0: chg_distribution) [flow from gross legs 3.2.1+3.2.2]"
DCIP,2023-11-30,reconcile,True,0.0,"nav_end 1,120,115,101,686 vs identity 1,120,115,101,686, residual 0.00 VND (absent, treated as 0: chg_distribution) [flow from gross legs 3.2.1+3.2.2]"
DCIP,2023-12-07,reconcile,True,0.0,"nav_end 1,170,349,466,190 vs identity 1,170,349,466,190, residual 0.00 VND (absent, treated as 0: chg_distribution) [flow from gross legs 3.2.1+3.2.2]"
DCIP,2023-12-14,reconcile,True,0.0,"nav_end 1,310,412,604,672 vs identity 1,310,412,604,672, residual 0.00 VND (absent, treated as 0: chg_distribution) [flow from gross legs 3.2.1+3.2.2]"
DCIP,2023-12-21,reconcile,True,0.0,"nav_end 1,381,467,736,244 vs identity 1,381,467,736,244, residual 0.00 VND (absent, treated as 0: chg_distribution) [flow from gross legs 3.2.1+3.2.2]"
DCIP,2023-12-28,reconcile,True,0.0,"nav_end 1,459,851,078,077 vs identity 1,459,851,078,077, residual 0.00 VND (absent, treated as 0: chg_distribution) [flow from gross legs 3.2.1+3.2.2]"
DCIP,2024-01-04,reconcile,True,0.0,"nav_end 1,738,136,694,771 vs identity 1,738,136,694,771, residual 0.00 VND (absent, treated as 0: chg_distribution) [flow from gross legs 3.2.1+3.2.2]"
DCIP,2024-01-11,reconcile,True,0.0,"nav_end 1,857,272,957,199 vs identity 1,857,272,957,199, residual 0.00 VND (absent, treated as 0: chg_distribution) [flow from gross legs 3.2.1+3.2.2]"
DCIP,2024-01-18,reconcile,True,0.0,"nav_end 1,950,438,664,348 vs identity 1,950,438,664,348, residual 0.00 VND (absent, treated as 0: chg_distribution) [flow from gross legs 3.2.1+3.2.2]"
DCIP,2024-01-25,reconcile,True,0.0,"nav_end 2,130,508,923,675 vs identity 2,130,508,923,675, residual 0.00 VND (absent, treated as 0: chg_distribution) [flow from gross legs 3.2.1+3.2.2]"
DCIP,2024-02-01,reconcile,True,0.0,"nav_end 2,181,741,857,010 vs identity 2,181,741,857,010, residual 0.00 VND (absent, treated as 0: chg_distribution) [flow from gross legs 3.2.1+3.2.2]"
DCIP,2024-02-14,reconcile,True,0.0,"nav_end 2,304,884,285,965 vs identity 2,304,884,285,965, residual 0.00 VND (absent, treated as 0: chg_distribution) [flow from gross legs 3.2.1+3.2.2]"
DCIP,2024-02-15,reconcile,True,0.0,"nav_end 2,309,301,069,662 vs identity 2,309,301,069,662, residual 0.00 VND (absent, treated as 0: chg_distribution) [flow from gross legs 3.2.1+3.2.2]"
DCIP,2024-02-22,reconcile,True,0.0,"nav_end 2,292,411,538,913 vs identity 2,292,411,538,913, residual 0.00 VND (absent, treated as 0: chg_distribution) [flow from gross legs 3.2.1+3.2.2]"
DCIP,2024-02-29,reconcile,True,0.0,"nav_end 2,248,982,381,258 vs identity 2,248,982,381,258, residual 0.00 VND (absent, treated as 0: chg_distribution) [flow from gross legs 3.2.1+3.2.2]"
DCIP,2024-03-07,reconcile,True,0.0,"nav_end 2,237,066,533,357 vs identity 2,237,066,533,357, residual 0.00 VND (absent, treated as 0: chg_distribution) [flow from gross legs 3.2.1+3.2.2]"
DCIP,2024-03-14,reconcile,True,0.0,"nav_end 2,320,464,310,988 vs identity 2,320,464,310,988, residual 0.00 VND (absent, treated as 0: chg_distribution) [flow from gross legs 3.2.1+3.2.2]"
DCIP,2024-03-21,reconcile,True,0.0,"nav_end 2,409,524,854,629 vs identity 2,409,524,854,629, residual 0.00 VND (absent, treated as 0: chg_distribution) [flow from gross legs 3.2.1+3.2.2]"
DCIP,2024-03-28,reconcile,True,0.0,"nav_end 2,388,752,039,677 vs identity 2,388,752,039,677, residual 0.00 VND (absent, treated as 0: chg_distribution) [flow from gross legs 3.2.1+3.2.2]"
DCIP,2024-04-04,reconcile,True,0.0,"nav_end 2,244,443,699,400 vs identity 2,244,443,699,400, residual 0.00 VND (absent, treated as 0: chg_distribution) [flow from gross legs 3.2.1+3.2.2]"
DCIP,2024-04-11,reconcile,True,0.0,"nav_end 2,247,237,595,603 vs identity 2,247,237,595,603, residual 0.00 VND (absent, treated as 0: chg_distribution) [flow from gross legs 3.2.1+3.2.2]"
DCIP,2024-04-18,reconcile,True,0.0,"nav_end 2,154,304,127,893 vs identity 2,154,304,127,893, residual 0.00 VND (absent, treated as 0: chg_distribution) [flow from gross legs 3.2.1+3.2.2]"
DCIP,2024-04-25,reconcile,True,0.0,"nav_end 2,046,463,731,856 vs identity 2,046,463,731,856, residual 0.00 VND (absent, treated as 0: chg_distribution) [flow from gross legs 3.2.1+3.2.2]"
DCIP,2024-05-02,reconcile,True,0.0,"nav_end 2,106,930,866,622 vs identity 2,106,930,866,622, residual 0.00 VND (absent, treated as 0: chg_distribution) [flow from gross legs 3.2.1+3.2.2]"
DCIP,2024-05-09,reconcile,True,0.0,"nav_end 2,083,186,670,385 vs identity 2,083,186,670,385, residual 0.00 VND (absent, treated as 0: chg_distribution) [flow from gross legs 3.2.1+3.2.2]"
DCIP,2024-05-16,reconcile,True,0.0,"nav_end 1,971,674,163,614 vs identity 1,971,674,163,614, residual 0.00 VND (absent, treated as 0: chg_distribution) [flow from gross legs 3.2.1+3.2.2]"
DCIP,2024-05-23,reconcile,True,0.0,"nav_end 1,908,947,952,657 vs identity 1,908,947,952,657, residual 0.00 VND (absent, treated as 0: chg_distribution) [flow from gross legs 3.2.1+3.2.2]"
DCIP,2024-05-30,reconcile,True,0.0,"nav_end 1,878,154,001,010 vs identity 1,878,154,001,010, residual 0.00 VND (absent, treated as 0: chg_distribution) [flow from gross legs 3.2.1+3.2.2]"
DCIP,2024-06-06,reconcile,True,0.0,"nav_end 1,778,837,713,652 vs identity 1,778,837,713,652, residual 0.00 VND (absent, treated as 0: chg_distribution) [flow from gross legs 3.2.1+3.2.2]"
DCIP,2024-06-13,reconcile,True,0.0,"nav_end 1,695,045,680,799 vs identity 1,695,045,680,799, residual 0.00 VND (absent, treated as 0: chg_distribution) [flow from gross legs 3.2.1+3.2.2]"
DCIP,2024-06-20,reconcile,True,0.0,"nav_end 1,695,543,847,931 vs identity 1,695,543,847,931, residual 0.00 VND (absent, treated as 0: chg_distribution) [flow from gross legs 3.2.1+3.2.2]"
DCIP,2024-06-27,reconcile,True,0.0,"nav_end 1,669,720,628,041 vs identity 1,669,720,628,041, residual 0.00 VND (absent, treated as 0: chg_distribution) [flow from gross legs 3.2.1+3.2.2]"
DCIP,2024-07-04,reconcile,True,0.0,"nav_end 1,700,793,633,600 vs identity 1,700,793,633,600, residual 0.00 VND (absent, treated as 0: chg_distribution) [flow from gross legs 3.2.1+3.2.2]"
DCIP,2024-07-11,reconcile,True,0.0,"nav_end 1,694,409,276,354 vs identity 1,694,409,276,354, residual 0.00 VND (absent, treated as 0: chg_distribution) [flow from gross legs 3.2.1+3.2.2]"
DCIP,2024-07-18,reconcile,True,0.0,"nav_end 1,728,209,385,192 vs identity 1,728,209,385,192, residual 0.00 VND (absent, treated as 0: chg_distribution) [flow from gross legs 3.2.1+3.2.2]"
DCIP,2024-07-25,reconcile,True,0.0,"nav_end 1,734,713,770,166 vs identity 1,734,713,770,166, residual 0.00 VND (absent, treated as 0: chg_distribution) [flow from gross legs 3.2.1+3.2.2]"
DCIP,2024-08-01,reconcile,True,0.0,"nav_end 1,727,372,183,360 vs identity 1,727,372,183,360, residual 0.00 VND (absent, treated as 0: chg_distribution) [flow from gross legs 3.2.1+3.2.2]"
DCIP,2024-08-08,reconcile,True,0.0,"nav_end 1,673,892,642,584 vs identity 1,673,892,642,584, residual 0.00 VND (absent, treated as 0: chg_distribution) [flow from gross legs 3.2.1+3.2.2]"
DCIP,2024-08-15,reconcile,True,0.0,"nav_end 1,580,443,386,740 vs identity 1,580,443,386,740, residual 0.00 VND (absent, treated as 0: chg_distribution) [flow from gross legs 3.2.1+3.2.2]"
DCIP,2024-08-22,reconcile,True,0.0,"nav_end 1,492,140,967,430 vs identity 1,492,140,967,430, residual 0.00 VND (absent, treated as 0: chg_distribution) [flow from gross legs 3.2.1+3.2.2]"
DCIP,2024-08-29,reconcile,True,0.0,"nav_end 1,356,975,004,119 vs identity 1,356,975,004,119, residual 0.00 VND (absent, treated as 0: chg_distribution) [flow from gross legs 3.2.1+3.2.2]"
DCIP,2024-09-05,reconcile,True,0.0,"nav_end 1,287,630,448,522 vs identity 1,287,630,448,522, residual 0.00 VND (absent, treated as 0: chg_distribution) [flow from gross legs 3.2.1+3.2.2]"
DCIP,2024-09-12,reconcile,True,0.0,"nav_end 1,227,639,182,832 vs identity 1,227,639,182,832, residual 0.00 VND (absent, treated as 0: chg_distribution) [flow from gross legs 3.2.1+3.2.2]"
DCIP,2024-09-19,reconcile,True,0.0,"nav_end 1,262,261,018,493 vs identity 1,262,261,018,493, residual 0.00 VND (absent, treated as 0: chg_distribution) [flow from gross legs 3.2.1+3.2.2]"
DCIP,2024-09-26,reconcile,True,0.0,"nav_end 1,138,185,159,806 vs identity 1,138,185,159,806, residual 0.00 VND (absent, treated as 0: chg_distribution) [flow from gross legs 3.2.1+3.2.2]"
DCIP,2024-10-03,reconcile,True,0.0,"nav_end 1,176,643,496,840 vs identity 1,176,643,496,840, residual 0.00 VND (absent, treated as 0: chg_distribution) [flow from gross legs 3.2.1+3.2.2]"
DCIP,2024-10-10,reconcile,True,0.0,"nav_end 1,141,546,021,329 vs identity 1,141,546,021,329, residual 0.00 VND (absent, treated as 0: chg_distribution) [flow from gross legs 3.2.1+3.2.2]"
DCIP,2024-10-17,reconcile,True,0.0,"nav_end 1,182,047,165,478 vs identity 1,182,047,165,478, residual 0.00 VND (absent, treated as 0: chg_distribution) [flow from gross legs 3.2.1+3.2.2]"
DCIP,2024-10-24,reconcile,True,0.0,"nav_end 1,162,530,773,068 vs identity 1,162,530,773,068, residual 0.00 VND (absent, treated as 0: chg_distribution) [flow from gross legs 3.2.1+3.2.2]"
DCIP,2024-10-31,reconcile,True,0.0,"nav_end 1,204,691,095,638 vs identity 1,204,691,095,638, residual 0.00 VND (absent, treated as 0: chg_distribution) [flow from gross legs 3.2.1+3.2.2]"
DCIP,2024-11-07,reconcile,True,0.0,"nav_end 1,071,962,114,574 vs identity 1,071,962,114,574, residual 0.00 VND (absent, treated as 0: chg_distribution) [flow from gross legs 3.2.1+3.2.2]"
DCIP,2024-11-14,reconcile,True,0.0,"nav_end 1,105,114,238,451 vs identity 1,105,114,238,451, residual 0.00 VND (absent, treated as 0: chg_distribution) [flow from gross legs 3.2.1+3.2.2]"
DCIP,2024-11-21,reconcile,True,0.0,"nav_end 1,085,189,795,582 vs identity 1,085,189,795,582, residual 0.00 VND (absent, treated as 0: chg_distribution) [flow from gross legs 3.2.1+3.2.2]"
DCIP,2024-11-28,reconcile,True,0.0,"nav_end 1,118,935,715,689 vs identity 1,118,935,715,689, residual 0.00 VND (absent, treated as 0: chg_distribution) [flow from gross legs 3.2.1+3.2.2]"
DCIP,2024-12-05,reconcile,True,0.0,"nav_end 1,062,452,002,654 vs identity 1,062,452,002,654, residual 0.00 VND (absent, treated as 0: chg_distribution) [flow from gross legs 3.2.1+3.2.2]"
DCIP,2024-12-12,reconcile,True,0.0,"nav_end 1,031,105,631,023 vs identity 1,031,105,631,023, residual 0.00 VND (absent, treated as 0: chg_distribution) [flow from gross legs 3.2.1+3.2.2]"
DCIP,2024-12-19,reconcile,True,0.0,"nav_end 1,022,777,247,232 vs identity 1,022,777,247,232, residual 0.00 VND (absent, treated as 0: chg_distribution) [flow from gross legs 3.2.1+3.2.2]"
DCIP,2024-12-26,reconcile,True,0.0,"nav_end 979,892,625,924 vs identity 979,892,625,924, residual 0.00 VND (absent, treated as 0: chg_distribution) [flow from gross legs 3.2.1+3.2.2]"
DCIP,2025-01-02,reconcile,True,0.0,"nav_end 1,183,252,364,844 vs identity 1,183,252,364,844, residual 0.00 VND (absent, treated as 0: chg_distribution) [flow from gross legs 3.2.1+3.2.2]"
DCIP,2025-01-09,reconcile,True,0.0,"nav_end 1,133,123,996,086 vs identity 1,133,123,996,086, residual 0.00 VND (absent, treated as 0: chg_distribution) [flow from gross legs 3.2.1+3.2.2]"
DCIP,2025-01-16,reconcile,True,0.0,"nav_end 1,164,811,743,654 vs identity 1,164,811,743,654, residual 0.00 VND (absent, treated as 0: chg_distribution) [flow from gross legs 3.2.1+3.2.2]"
DCIP,2025-01-23,reconcile,True,0.0,"nav_end 1,151,691,363,046 vs identity 1,151,691,363,046, residual 0.00 VND (absent, treated as 0: chg_distribution) [flow from gross legs 3.2.1+3.2.2]"
DCIP,2025-02-02,reconcile,True,0.0,"nav_end 1,163,138,688,796 vs identity 1,163,138,688,796, residual 0.00 VND (absent, treated as 0: chg_distribution) [flow from gross legs 3.2.1+3.2.2]"
DCIP,2025-02-06,reconcile,True,0.0,"nav_end 1,196,695,020,661 vs identity 1,196,695,020,661, residual 0.00 VND (absent, treated as 0: chg_distribution) [flow from gross legs 3.2.1+3.2.2]"
DCIP,2025-02-13,reconcile,True,0.0,"nav_end 1,272,995,707,725 vs identity 1,272,995,707,725, residual 0.00 VND (absent, treated as 0: chg_distribution) [flow from gross legs 3.2.1+3.2.2]"
DCIP,2025-02-20,reconcile,True,0.0,"nav_end 1,228,721,634,938 vs identity 1,228,721,634,938, residual 0.00 VND (absent, treated as 0: chg_distribution) [flow from gross legs 3.2.1+3.2.2]"
DCIP,2025-02-27,reconcile,True,0.0,"nav_end 1,204,801,838,985 vs identity 1,204,801,838,985, residual 0.00 VND (absent, treated as 0: chg_distribution) [flow from gross legs 3.2.1+3.2.2]"
DCIP,2025-03-06,reconcile,True,0.0,"nav_end 1,206,638,397,550 vs identity 1,206,638,397,550, residual 0.00 VND (absent, treated as 0: chg_distribution) [flow from gross legs 3.2.1+3.2.2]"
DCIP,2025-03-13,reconcile,True,0.0,"nav_end 1,293,633,445,500 vs identity 1,293,633,445,500, residual 0.00 VND (absent, treated as 0: chg_distribution) [flow from gross legs 3.2.1+3.2.2]"
DCIP,2025-03-20,reconcile,True,0.0,"nav_end 1,239,507,633,108 vs identity 1,239,507,633,108, residual 0.00 VND (absent, treated as 0: chg_distribution) [flow from gross legs 3.2.1+3.2.2]"
DCIP,2025-03-27,reconcile,True,0.0,"nav_end 1,197,553,442,583 vs identity 1,197,553,442,583, residual 0.00 VND (absent, treated as 0: chg_distribution) [flow from gross legs 3.2.1+3.2.2]"
DCIP,2025-04-03,reconcile,True,0.0,"nav_end 1,163,801,488,612 vs identity 1,163,801,488,612, residual 0.00 VND (absent, treated as 0: chg_distribution) [flow from gross legs 3.2.1+3.2.2]"
DCIP,2025-04-10,reconcile,True,0.0,"nav_end 1,141,998,011,048 vs identity 1,141,998,011,048, residual 0.00 VND (absent, treated as 0: chg_distribution) [flow from gross legs 3.2.1+3.2.2]"
DCIP,2025-04-17,reconcile,True,0.0,"nav_end 1,110,210,367,311 vs identity 1,110,210,367,311, residual 0.00 VND (absent, treated as 0: chg_distribution) [flow from gross legs 3.2.1+3.2.2]"
DCIP,2025-04-24,reconcile,True,0.0,"nav_end 1,102,356,130,695 vs identity 1,102,356,130,695, residual 0.00 VND (absent, treated as 0: chg_distribution) [flow from gross legs 3.2.1+3.2.2]"
DCIP,2025-05-04,reconcile,True,0.0,"nav_end 1,078,209,550,965 vs identity 1,078,209,550,965, residual 0.00 VND (absent, treated as 0: chg_distribution) [flow from gross legs 3.2.1+3.2.2]"
DCIP,2025-05-08,reconcile,True,0.0,"nav_end 1,075,957,646,928 vs identity 1,075,957,646,928, residual 0.00 VND (absent, treated as 0: chg_distribution) [flow from gross legs 3.2.1+3.2.2]"
DCIP,2025-05-15,reconcile,True,0.0,"nav_end 1,110,086,162,109 vs identity 1,110,086,162,109, residual 0.00 VND (absent, treated as 0: chg_distribution) [flow from gross legs 3.2.1+3.2.2]"
DCIP,2025-05-22,reconcile,True,0.0,"nav_end 1,229,043,629,703 vs identity 1,229,043,629,703, residual 0.00 VND (absent, treated as 0: chg_distribution) [flow from gross legs 3.2.1+3.2.2]"
DCIP,2025-05-29,reconcile,True,0.0,"nav_end 1,257,625,568,438 vs identity 1,257,625,568,438, residual 0.00 VND (absent, treated as 0: chg_distribution) [flow from gross legs 3.2.1+3.2.2]"
DCIP,2025-06-05,reconcile,True,0.0,"nav_end 1,340,931,890,472 vs identity 1,340,931,890,472, residual 0.00 VND (absent, treated as 0: chg_distribution) [flow from gross legs 3.2.1+3.2.2]"
DCIP,2025-06-12,reconcile,True,0.0,"nav_end 1,314,004,184,959 vs identity 1,314,004,184,959, residual 0.00 VND (absent, treated as 0: chg_distribution) [flow from gross legs 3.2.1+3.2.2]"
DCIP,2025-06-19,reconcile,True,0.0,"nav_end 1,351,523,050,874 vs identity 1,351,523,050,874, residual 0.00 VND (absent, treated as 0: chg_distribution) [flow from gross legs 3.2.1+3.2.2]"
DCIP,2025-06-26,reconcile,True,0.0,"nav_end 1,477,559,622,123 vs identity 1,477,559,622,123, residual 0.00 VND (absent, treated as 0: chg_distribution) [flow from gross legs 3.2.1+3.2.2]"
DCIP,2025-07-03,reconcile,True,0.0,"nav_end 1,485,649,046,835 vs identity 1,485,649,046,835, residual 0.00 VND (absent, treated as 0: chg_distribution) [flow from gross legs 3.2.1+3.2.2]"
DCIP,2025-07-10,reconcile,True,0.0,"nav_end 1,457,861,500,286 vs identity 1,457,861,500,286, residual 0.00 VND (absent, treated as 0: chg_distribution) [flow from gross legs 3.2.1+3.2.2]"
DCIP,2025-07-17,reconcile,True,0.0,"nav_end 1,511,318,798,467 vs identity 1,511,318,798,467, residual 0.00 VND (absent, treated as 0: chg_distribution) [flow from gross legs 3.2.1+3.2.2]"
DCIP,2025-07-24,reconcile,True,0.0,"nav_end 1,724,577,351,884 vs identity 1,724,577,351,884, residual 0.00 VND (absent, treated as 0: chg_distribution) [flow from gross legs 3.2.1+3.2.2]"
DCIP,2025-07-31,reconcile,True,0.0,"nav_end 1,855,526,544,015 vs identity 1,855,526,544,015, residual 0.00 VND (absent, treated as 0: chg_distribution) [flow from gross legs 3.2.1+3.2.2]"
DCIP,2025-08-07,reconcile,True,0.0,"nav_end 1,917,827,639,612 vs identity 1,917,827,639,612, residual 0.00 VND (absent, treated as 0: chg_distribution) [flow from gross legs 3.2.1+3.2.2]"
DCIP,2025-08-14,reconcile,True,0.0,"nav_end 1,949,005,520,431 vs identity 1,949,005,520,431, residual 0.00 VND (absent, treated as 0: chg_distribution) [flow from gross legs 3.2.1+3.2.2]"
DCIP,2025-08-21,reconcile,True,0.0,"nav_end 2,011,906,473,389 vs identity 2,011,906,473,389, residual 0.00 VND (absent, treated as 0: chg_distribution) [flow from gross legs 3.2.1+3.2.2]"
DCIP,2025-08-28,reconcile,True,0.0,"nav_end 1,920,670,572,023 vs identity 1,920,670,572,023, residual 0.00 VND (absent, treated as 0: chg_distribution) [flow from gross legs 3.2.1+3.2.2]"
DCIP,2025-09-04,reconcile,True,0.0,"nav_end 1,928,043,492,079 vs identity 1,928,043,492,079, residual 0.00 VND (absent, treated as 0: chg_distribution) [flow from gross legs 3.2.1+3.2.2]"
DCIP,2025-09-11,reconcile,True,0.0,"nav_end 2,091,985,834,665 vs identity 2,091,985,834,665, residual 0.00 VND (absent, treated as 0: chg_distribution) [flow from gross legs 3.2.1+3.2.2]"
DCIP,2025-09-18,reconcile,True,0.0,"nav_end 2,039,585,075,891 vs identity 2,039,585,075,891, residual 0.00 VND (absent, treated as 0: chg_distribution) [flow from gross legs 3.2.1+3.2.2]"
DCIP,2025-09-25,reconcile,True,0.0,"nav_end 2,005,102,512,306 vs identity 2,005,102,512,306, residual 0.00 VND (absent, treated as 0: chg_distribution) [flow from gross legs 3.2.1+3.2.2]"
DCIP,2025-10-02,reconcile,True,0.0,"nav_end 2,023,873,569,056 vs identity 2,023,873,569,056, residual 0.00 VND (absent, treated as 0: chg_distribution) [flow from gross legs 3.2.1+3.2.2]"
DCIP,2025-10-09,reconcile,True,0.0,"nav_end 2,005,710,212,289 vs identity 2,005,710,212,289, residual 0.00 VND (absent, treated as 0: chg_distribution) [flow from gross legs 3.2.1+3.2.2]"
DCIP,2025-10-16,reconcile,True,0.0,"nav_end 1,990,669,907,449 vs identity 1,990,669,907,449, residual 0.00 VND (absent, treated as 0: chg_distribution) [flow from gross legs 3.2.1+3.2.2]"
DCIP,2025-10-23,reconcile,True,0.0,"nav_end 1,947,347,901,890 vs identity 1,947,347,901,890, residual 0.00 VND (absent, treated as 0: chg_distribution) [flow from gross legs 3.2.1+3.2.2]"
DCIP,2025-10-30,reconcile,True,0.0,"nav_end 1,922,529,251,425 vs identity 1,922,529,251,425, residual 0.00 VND (absent, treated as 0: chg_distribution) [flow from gross legs 3.2.1+3.2.2]"
DCIP,2025-11-06,reconcile,True,0.0,"nav_end 1,889,947,555,789 vs identity 1,889,947,555,789, residual 0.00 VND (absent, treated as 0: chg_distribution) [flow from gross legs 3.2.1+3.2.2]"
DCIP,2025-11-13,reconcile,True,0.0,"nav_end 1,837,067,499,118 vs identity 1,837,067,499,118, residual 0.00 VND (absent, treated as 0: chg_distribution) [flow from gross legs 3.2.1+3.2.2]"
DCIP,2025-11-20,reconcile,True,0.0,"nav_end 1,816,953,211,927 vs identity 1,816,953,211,927, residual 0.00 VND (absent, treated as 0: chg_distribution) [flow from gross legs 3.2.1+3.2.2]"
DCIP,2025-11-27,reconcile,True,0.0,"nav_end 1,810,132,682,787 vs identity 1,810,132,682,787, residual 0.00 VND (absent, treated as 0: chg_distribution) [flow from gross legs 3.2.1+3.2.2]"
DCIP,2025-12-04,reconcile,True,0.0,"nav_end 1,851,290,817,120 vs identity 1,851,290,817,120, residual 0.00 VND (absent, treated as 0: chg_distribution) [flow from gross legs 3.2.1+3.2.2]"
DCIP,2025-12-11,reconcile,True,0.0,"nav_end 1,902,769,705,387 vs identity 1,902,769,705,387, residual 0.00 VND (absent, treated as 0: chg_distribution) [flow from gross legs 3.2.1+3.2.2]"
DCIP,2025-12-18,reconcile,True,0.0,"nav_end 1,654,829,297,209 vs identity 1,654,829,297,209, residual 0.00 VND (absent, treated as 0: chg_distribution) [flow from gross legs 3.2.1+3.2.2]"
DCIP,2025-12-25,reconcile,True,0.0,"nav_end 1,559,093,838,877 vs identity 1,559,093,838,877, residual 0.00 VND (absent, treated as 0: chg_distribution) [flow from gross legs 3.2.1+3.2.2]"
DCIP,2026-01-04,reconcile,True,0.0,"nav_end 1,343,236,695,803 vs identity 1,343,236,695,803, residual 0.00 VND (absent, treated as 0: chg_distribution) [flow from gross legs 3.2.1+3.2.2]"
DCIP,2026-01-08,reconcile,True,0.0,"nav_end 1,368,261,903,826 vs identity 1,368,261,903,826, residual 0.00 VND (absent, treated as 0: chg_distribution) [flow from gross legs 3.2.1+3.2.2]"
DCIP,2026-01-15,reconcile,True,0.0,"nav_end 1,276,287,585,385 vs identity 1,276,287,585,385, residual 0.00 VND (absent, treated as 0: chg_distribution) [flow from gross legs 3.2.1+3.2.2]"
DCIP,2026-01-22,reconcile,True,0.0,"nav_end 1,211,712,027,215 vs identity 1,211,712,027,215, residual 0.00 VND (absent, treated as 0: chg_distribution) [flow from gross legs 3.2.1+3.2.2]"
DCIP,2026-01-29,reconcile,True,0.0,"nav_end 1,232,052,897,747 vs identity 1,232,052,897,747, residual 0.00 VND (absent, treated as 0: chg_distribution) [flow from gross legs 3.2.1+3.2.2]"
DCIP,2026-02-05,reconcile,True,0.0,"nav_end 1,175,781,977,627 vs identity 1,175,781,977,627, residual 0.00 VND (absent, treated as 0: chg_distribution) [flow from gross legs 3.2.1+3.2.2]"
DCIP,2026-02-12,reconcile,True,0.0,"nav_end 1,103,315,873,739 vs identity 1,103,315,873,739, residual 0.00 VND (absent, treated as 0: chg_distribution) [flow from gross legs 3.2.1+3.2.2]"
DCIP,2026-02-22,reconcile,True,0.0,"nav_end 1,127,267,533,864 vs identity 1,127,267,533,864, residual 0.00 VND (absent, treated as 0: chg_distribution) [flow from gross legs 3.2.1+3.2.2]"
DCIP,2026-02-26,reconcile,True,0.0,"nav_end 1,132,427,894,910 vs identity 1,132,427,894,910, residual 0.00 VND (absent, treated as 0: chg_distribution) [flow from gross legs 3.2.1+3.2.2]"
DCIP,2026-03-05,reconcile,True,0.0,"nav_end 1,130,809,239,885 vs identity 1,130,809,239,885, residual 0.00 VND (absent, treated as 0: chg_distribution) [flow from gross legs 3.2.1+3.2.2]"
DCIP,2026-03-12,reconcile,True,0.0,"nav_end 1,111,087,480,702 vs identity 1,111,087,480,702, residual 0.00 VND (absent, treated as 0: chg_distribution) [flow from gross legs 3.2.1+3.2.2]"
DCIP,2026-03-19,reconcile,True,0.0,"nav_end 1,022,811,347,375 vs identity 1,022,811,347,375, residual 0.00 VND (absent, treated as 0: chg_distribution) [flow from gross legs 3.2.1+3.2.2]"
DCIP,2026-03-26,reconcile,True,0.0,"nav_end 968,181,356,120 vs identity 968,181,356,120, residual 0.00 VND (absent, treated as 0: chg_distribution) [flow from gross legs 3.2.1+3.2.2]"
DCIP,2026-04-02,reconcile,True,0.0,"nav_end 976,740,199,005 vs identity 976,740,199,005, residual 0.00 VND (absent, treated as 0: chg_distribution) [flow from gross legs 3.2.1+3.2.2]"
DCIP,2026-04-09,reconcile,True,0.0,"nav_end 901,826,477,026 vs identity 901,826,477,026, residual 0.00 VND (absent, treated as 0: chg_distribution) [flow from gross legs 3.2.1+3.2.2]"
DCIP,2026-04-16,reconcile,True,0.0,"nav_end 891,475,482,079 vs identity 891,475,482,079, residual 0.00 VND (absent, treated as 0: chg_distribution) [flow from gross legs 3.2.1+3.2.2]"
DCIP,2026-04-23,reconcile,True,0.0,"nav_end 832,024,074,343 vs identity 832,024,074,343, residual 0.00 VND (absent, treated as 0: chg_distribution) [flow from gross legs 3.2.1+3.2.2]"
DCIP,2026-05-03,reconcile,True,0.0,"nav_end 813,333,967,474 vs identity 813,333,967,474, residual 0.00 VND (absent, treated as 0: chg_distribution) [flow from gross legs 3.2.1+3.2.2]"
DCIP,2026-05-07,reconcile,True,0.0,"nav_end 787,205,473,253 vs identity 787,205,473,253, residual 0.00 VND (absent, treated as 0: chg_distribution) [flow from gross legs 3.2.1+3.2.2]"
DCIP,2026-05-14,reconcile,True,0.0,"nav_end 816,095,860,912 vs identity 816,095,860,912, residual 0.00 VND (absent, treated as 0: chg_distribution) [flow from gross legs 3.2.1+3.2.2]"
DCIP,2026-05-21,reconcile,True,0.0,"nav_end 791,344,873,237 vs identity 791,344,873,237, residual 0.00 VND (absent, treated as 0: chg_distribution) [flow from gross legs 3.2.1+3.2.2]"
DCIP,2026-05-28,reconcile,True,0.0,"nav_end 777,668,458,976 vs identity 777,668,458,976, residual 0.00 VND (absent, treated as 0: chg_distribution) [flow from gross legs 3.2.1+3.2.2]"
DCIP,2026-06-04,reconcile,True,0.0,"nav_end 756,179,446,701 vs identity 756,179,446,701, residual 0.00 VND (absent, treated as 0: chg_distribution) [flow from gross legs 3.2.1+3.2.2]"
DCIP,2026-06-11,reconcile,True,0.0,"nav_end 753,033,181,001 vs identity 753,033,181,001, residual 0.00 VND (absent, treated as 0: chg_distribution) [flow from gross legs 3.2.1+3.2.2]"
DCIP,2026-06-18,reconcile,True,0.0,"nav_end 730,471,213,381 vs identity 730,471,213,381, residual 0.00 VND (absent, treated as 0: chg_distribution) [flow from gross legs 3.2.1+3.2.2]"
DCIP,2026-06-25,reconcile,True,0.0,"nav_end 745,735,353,635 vs identity 745,735,353,635, residual 0.00 VND (absent, treated as 0: chg_distribution) [flow from gross legs 3.2.1+3.2.2]"
DCIP,2026-07-02,reconcile,True,0.0,"nav_end 680,047,216,305 vs identity 680,047,216,305, residual 0.00 VND (absent, treated as 0: chg_distribution) [flow from gross legs 3.2.1+3.2.2]"
DCIP,2026-07-09,reconcile,True,0.0,"nav_end 618,181,793,804 vs identity 618,181,793,804, residual 0.00 VND (absent, treated as 0: chg_distribution) [flow from gross legs 3.2.1+3.2.2]"
DCIP,2026-07-16,reconcile,True,0.0,"nav_end 609,211,612,372 vs identity 609,211,612,372, residual 0.00 VND (absent, treated as 0: chg_distribution) [flow from gross legs 3.2.1+3.2.2]"
DCIP,2026-07-23,reconcile,True,0.0,"nav_end 594,556,659,448 vs identity 594,556,659,448, residual 0.00 VND (absent, treated as 0: chg_distribution) [flow from gross legs 3.2.1+3.2.2]"
DCIP,2026-07-30,reconcile,True,0.0,"nav_end 577,126,823,165 vs identity 577,126,823,165, residual 0.00 VND (absent, treated as 0: chg_distribution) [flow from gross legs 3.2.1+3.2.2]"
DCIP,2026-08-06,reconcile,True,0.0,"nav_end 571,190,514,849 vs identity 571,190,514,849, residual 0.00 VND (absent, treated as 0: chg_distribution) [flow from gross legs 3.2.1+3.2.2]"
DCIP,2026-08-13,reconcile,True,0.0,"nav_end 580,961,876,610 vs identity 580,961,876,610, residual 0.00 VND (absent, treated as 0: chg_distribution) [flow from gross legs 3.2.1+3.2.2]"
DCBC,2021-06-24,chain_continuity,True,0.0,"opening 484,110,287,694 matches prior closing 484,110,287,694"
DCBC,2021-07-01,chain_continuity,True,0.0,"opening 497,069,285,788 matches prior closing 497,069,285,788"
DCBC,2021-07-08,chain_continuity,True,0.0,"opening 518,435,572,785 matches prior closing 518,435,572,785"
DCBC,2021-07-15,chain_continuity,True,0.0,"opening 466,642,284,372 matches prior closing 466,642,284,372"
DCBC,2021-07-22,chain_continuity,True,0.0,"opening 364,174,305,891 matches prior closing 364,174,305,891"
DCBC,2021-07-29,chain_continuity,True,0.0,"opening 384,485,613,493 matches prior closing 384,485,613,493"
DCBC,2021-08-05,chain_continuity,True,0.0,"opening 375,843,007,998 matches prior closing 375,843,007,998"
DCBC,2021-08-12,chain_continuity,True,0.0,"opening 403,399,525,985 matches prior closing 403,399,525,985"
DCBC,2021-08-19,chain_continuity,True,0.0,"opening 400,598,854,076 matches prior closing 400,598,854,076"
DCBC,2021-08-26,chain_continuity,True,0.0,"opening 425,507,087,724 matches prior closing 425,507,087,724"
DCBC,2021-09-02,chain_continuity,True,0.0,"opening 405,185,581,462 matches prior closing 405,185,581,462"
DCBC,2021-09-09,chain_continuity,True,0.0,"opening 416,082,988,943 matches prior closing 416,082,988,943"
DCBC,2021-09-16,chain_continuity,True,0.0,"opening 428,555,162,896 matches prior closing 428,555,162,896"
DCBC,2021-09-23,chain_continuity,True,0.0,"opening 430,442,256,498 matches prior closing 430,442,256,498"
DCBC,2021-09-30,chain_continuity,True,0.0,"opening 433,614,021,886 matches prior closing 433,614,021,886"
DCBC,2021-10-07,chain_continuity,True,0.0,"opening 433,851,752,510 matches prior closing 433,851,752,510"
DCBC,2021-10-14,chain_continuity,True,0.0,"opening 447,785,807,491 matches prior closing 447,785,807,491"
DCBC,2021-10-21,chain_continuity,True,0.0,"opening 439,044,717,141 matches prior closing 439,044,717,141"
DCBC,2021-10-28,chain_continuity,True,0.0,"opening 437,272,309,813 matches prior closing 437,272,309,813"
DCBC,2021-11-04,chain_continuity,True,0.0,"opening 447,936,030,496 matches prior closing 447,936,030,496"
DCBC,2021-11-11,chain_continuity,True,0.0,"opening 446,357,006,747 matches prior closing 446,357,006,747"
DCBC,2021-11-18,chain_continuity,True,0.0,"opening 445,241,070,030 matches prior closing 445,241,070,030"
DCBC,2021-11-25,chain_continuity,True,0.0,"opening 452,041,702,007 matches prior closing 452,041,702,007"
DCBC,2021-12-02,chain_continuity,True,0.0,"opening 487,639,885,445 matches prior closing 487,639,885,445"
DCBC,2021-12-09,chain_continuity,True,0.0,"opening 478,894,595,401 matches prior closing 478,894,595,401"
DCBC,2021-12-16,chain_continuity,True,0.0,"opening 495,795,817,910 matches prior closing 495,795,817,910"
DCBC,2021-12-23,chain_continuity,True,0.0,"opening 487,623,997,480 matches prior closing 487,623,997,480"
DCBC,2021-12-30,chain_continuity,True,0.0,"opening 487,579,052,927 matches prior closing 487,579,052,927"
DCBC,2022-01-06,chain_continuity,True,0.0,"opening 510,050,896,054 matches prior closing 510,050,896,054"
DCBC,2022-01-13,chain_continuity,True,0.0,"opening 639,740,268,815 matches prior closing 639,740,268,815"
DCBC,2022-01-20,chain_continuity,True,0.0,"opening 620,413,123,230 matches prior closing 620,413,123,230"
DCBC,2022-01-27,chain_continuity,True,0.0,"opening 606,117,180,392 matches prior closing 606,117,180,392"
DCBC,2022-02-03,chain_continuity,True,0.0,"opening 608,554,830,650 matches prior closing 608,554,830,650"
DCBC,2022-02-10,chain_continuity,True,0.0,"opening 618,027,653,718 matches prior closing 618,027,653,718"
DCBC,2022-02-17,chain_continuity,True,0.0,"opening 635,303,639,557 matches prior closing 635,303,639,557"
DCBC,2022-02-24,chain_continuity,True,0.0,"opening 633,832,911,119 matches prior closing 633,832,911,119"
DCBC,2022-03-03,chain_continuity,True,0.0,"opening 639,746,928,790 matches prior closing 639,746,928,790"
DCBC,2022-03-10,chain_continuity,True,0.0,"opening 655,464,080,491 matches prior closing 655,464,080,491"
DCBC,2022-03-17,chain_continuity,True,0.0,"opening 643,223,455,491 matches prior closing 643,223,455,491"
DCBC,2022-03-24,chain_continuity,True,0.0,"opening 640,326,698,706 matches prior closing 640,326,698,706"
DCBC,2022-03-31,chain_continuity,True,0.0,"opening 652,767,929,883 matches prior closing 652,767,929,883"
DCBC,2022-04-07,chain_continuity,True,0.0,"opening 658,788,863,942 matches prior closing 658,788,863,942"
DCBC,2022-04-14,chain_continuity,True,0.0,"opening 671,547,479,693 matches prior closing 671,547,479,693"
DCBC,2022-04-21,chain_continuity,True,0.0,"opening 665,196,227,301 matches prior closing 665,196,227,301"
DCBC,2022-04-28,chain_continuity,True,0.0,"opening 624,904,837,352 matches prior closing 624,904,837,352"
DCBC,2022-05-05,chain_continuity,True,0.0,"opening 614,228,797,634 matches prior closing 614,228,797,634"
DCBC,2022-05-12,chain_continuity,True,0.0,"opening 615,626,437,709 matches prior closing 615,626,437,709"
DCBC,2022-05-19,chain_continuity,True,0.0,"opening 550,719,132,440 matches prior closing 550,719,132,440"
DCBC,2022-05-26,chain_continuity,True,0.0,"opening 554,229,312,355 matches prior closing 554,229,312,355"
DCBC,2022-06-02,chain_continuity,True,0.0,"opening 570,298,360,618 matches prior closing 570,298,360,618"
DCBC,2022-06-09,chain_continuity,True,0.0,"opening 586,328,276,423 matches prior closing 586,328,276,423"
DCBC,2022-06-16,chain_continuity,True,0.0,"opening 612,406,974,583 matches prior closing 612,406,974,583"
DCBC,2022-06-23,chain_continuity,True,0.0,"opening 594,983,802,107 matches prior closing 594,983,802,107"
DCBC,2022-06-30,chain_continuity,True,0.0,"opening 561,669,150,301 matches prior closing 561,669,150,301"
DCBC,2022-07-07,chain_continuity,True,0.0,"opening 555,033,538,055 matches prior closing 555,033,538,055"
DCBC,2022-07-14,chain_continuity,True,0.0,"opening 531,286,428,301 matches prior closing 531,286,428,301"
DCBC,2022-07-21,chain_continuity,True,0.0,"opening 535,793,605,066 matches prior closing 535,793,605,066"
DCBC,2022-07-28,chain_continuity,True,0.0,"opening 535,396,850,087 matches prior closing 535,396,850,087"
DCBC,2022-08-04,chain_continuity,True,0.0,"opening 530,203,530,801 matches prior closing 530,203,530,801"
DCBC,2022-08-11,chain_continuity,True,0.0,"opening 504,475,548,453 matches prior closing 504,475,548,453"
DCBC,2022-08-18,chain_continuity,True,0.0,"opening 487,594,435,847 matches prior closing 487,594,435,847"
DCBC,2022-08-25,chain_continuity,True,0.0,"opening 498,001,108,557 matches prior closing 498,001,108,557"
DCBC,2022-09-04,chain_continuity,True,0.0,"opening 507,264,107,414 matches prior closing 507,264,107,414"
DCBC,2022-09-08,chain_continuity,True,0.0,"opening 504,793,042,941 matches prior closing 504,793,042,941"
DCBC,2022-09-15,chain_continuity,True,0.0,"opening 483,499,409,553 matches prior closing 483,499,409,553"
DCBC,2022-09-22,chain_continuity,True,0.0,"opening 473,155,864,359 matches prior closing 473,155,864,359"
DCBC,2022-09-29,chain_continuity,True,0.0,"opening 458,198,125,786 matches prior closing 458,198,125,786"
DCBC,2022-10-06,chain_continuity,True,0.0,"opening 396,422,362,108 matches prior closing 396,422,362,108"
DCBC,2022-10-13,chain_continuity,True,0.0,"opening 371,869,748,346 matches prior closing 371,869,748,346"
DCBC,2022-10-20,chain_continuity,True,0.0,"opening 374,920,539,108 matches prior closing 374,920,539,108"
DCBC,2022-10-27,chain_continuity,True,0.0,"opening 379,589,964,907 matches prior closing 379,589,964,907"
DCBC,2022-11-03,chain_continuity,True,0.0,"opening 372,828,921,639 matches prior closing 372,828,921,639"
DCBC,2022-11-10,chain_continuity,True,0.0,"opening 366,178,815,680 matches prior closing 366,178,815,680"
DCBC,2022-11-17,chain_continuity,True,0.0,"opening 353,536,143,700 matches prior closing 353,536,143,700"
DCBC,2022-11-24,chain_continuity,True,0.0,"opening 346,739,387,250 matches prior closing 346,739,387,250"
DCBC,2022-12-01,chain_continuity,True,0.0,"opening 341,139,755,774 matches prior closing 341,139,755,774"
DCBC,2022-12-15,chain_continuity,False,12739019235.0,"opening 382,914,001,901 does not match prior closing 370,174,982,666 (gap 12,739,019,235 VND); likely a missed filing between 2022-12-01 and 2022-12-09"
DCBC,2022-12-22,chain_continuity,True,0.0,"opening 390,739,716,246 matches prior closing 390,739,716,246"
DCBC,2022-12-29,chain_continuity,True,0.0,"opening 377,061,315,666 matches prior closing 377,061,315,666"
DCBC,2023-01-05,chain_continuity,True,0.0,"opening 368,919,788,904 matches prior closing 368,919,788,904"
DCBC,2023-01-12,chain_continuity,True,0.0,"opening 388,326,064,154 matches prior closing 388,326,064,154"
DCBC,2023-01-26,chain_continuity,True,0.0,"opening 383,874,773,305 matches prior closing 383,874,773,305"
DCBC,2023-02-02,chain_continuity,True,0.0,"opening 403,164,947,718 matches prior closing 403,164,947,718"
DCBC,2023-02-09,chain_continuity,True,0.0,"opening 390,288,564,284 matches prior closing 390,288,564,284"
DCBC,2023-02-16,chain_continuity,True,0.0,"opening 361,651,885,974 matches prior closing 361,651,885,974"
DCBC,2023-02-23,chain_continuity,True,0.0,"opening 360,498,137,451 matches prior closing 360,498,137,451"
DCBC,2023-03-02,chain_continuity,True,0.0,"opening 359,445,725,194 matches prior closing 359,445,725,194"
DCBC,2023-03-09,chain_continuity,True,0.0,"opening 352,022,882,609 matches prior closing 352,022,882,609"
DCBC,2023-03-16,chain_continuity,True,0.0,"opening 359,839,610,344 matches prior closing 359,839,610,344"
DCBC,2023-03-23,chain_continuity,True,0.0,"opening 353,017,654,702 matches prior closing 353,017,654,702"
DCBC,2023-03-30,chain_continuity,True,0.0,"opening 350,076,184,908 matches prior closing 350,076,184,908"
DCBC,2023-04-06,chain_continuity,True,0.0,"opening 354,532,475,525 matches prior closing 354,532,475,525"
DCBC,2023-04-13,chain_continuity,True,0.0,"opening 355,213,509,710 matches prior closing 355,213,509,710"
DCBC,2023-04-20,chain_continuity,True,0.0,"opening 354,591,642,137 matches prior closing 354,591,642,137"
DCBC,2023-04-27,chain_continuity,True,0.0,"opening 347,008,757,414 matches prior closing 347,008,757,414"
DCBC,2023-05-04,chain_continuity,True,0.0,"opening 346,812,750,580 matches prior closing 346,812,750,580"
DCBC,2023-05-11,chain_continuity,True,0.0,"opening 347,901,148,875 matches prior closing 347,901,148,875"
DCBC,2023-05-18,chain_continuity,True,0.0,"opening 354,153,430,249 matches prior closing 354,153,430,249"
DCBC,2023-05-25,chain_continuity,True,0.0,"opening 354,718,672,030 matches prior closing 354,718,672,030"
DCBC,2023-06-01,chain_continuity,True,0.0,"opening 354,320,469,977 matches prior closing 354,320,469,977"
DCBC,2023-06-08,chain_continuity,True,0.0,"opening 354,721,214,421 matches prior closing 354,721,214,421"
DCBC,2023-06-15,chain_continuity,True,0.0,"opening 358,939,067,446 matches prior closing 358,939,067,446"
DCBC,2023-06-22,chain_continuity,True,0.0,"opening 363,403,085,297 matches prior closing 363,403,085,297"
DCBC,2023-06-29,chain_continuity,True,0.0,"opening 370,453,226,423 matches prior closing 370,453,226,423"
DCBC,2023-07-06,chain_continuity,True,0.0,"opening 364,253,850,675 matches prior closing 364,253,850,675"
DCBC,2023-07-13,chain_continuity,True,0.0,"opening 365,775,219,522 matches prior closing 365,775,219,522"
DCBC,2023-07-20,chain_continuity,True,0.0,"opening 380,341,118,222 matches prior closing 380,341,118,222"
DCBC,2023-07-27,chain_continuity,True,0.0,"opening 384,042,891,044 matches prior closing 384,042,891,044"
DCBC,2023-08-03,chain_continuity,True,0.0,"opening 385,434,913,045 matches prior closing 385,434,913,045"
DCBC,2023-08-10,chain_continuity,True,0.0,"opening 387,824,471,417 matches prior closing 387,824,471,417"
DCBC,2023-08-17,chain_continuity,True,0.0,"opening 386,503,513,839 matches prior closing 386,503,513,839"
DCBC,2023-08-24,chain_continuity,True,0.0,"opening 393,860,053,906 matches prior closing 393,860,053,906"
DCBC,2023-09-04,chain_continuity,True,0.0,"opening 384,267,625,999 matches prior closing 384,267,625,999"
DCBC,2023-09-07,chain_continuity,True,0.0,"opening 403,595,419,948 matches prior closing 403,595,419,948"
DCBC,2023-09-14,chain_continuity,True,0.0,"opening 411,312,461,124 matches prior closing 411,312,461,124"
DCBC,2023-09-21,chain_continuity,True,0.0,"opening 407,569,591,447 matches prior closing 407,569,591,447"
DCBC,2023-09-28,chain_continuity,True,0.0,"opening 408,153,645,362 matches prior closing 408,153,645,362"
DCBC,2023-10-05,chain_continuity,True,0.0,"opening 389,651,470,035 matches prior closing 389,651,470,035"
DCBC,2023-10-12,chain_continuity,True,0.0,"opening 376,303,614,084 matches prior closing 376,303,614,084"
DCBF,2021-06-24,chain_continuity,True,0.0,"opening 825,276,436,066 matches prior closing 825,276,436,066"
DCBF,2021-07-01,chain_continuity,True,0.0,"opening 816,952,718,106 matches prior closing 816,952,718,106"
DCBF,2021-07-08,chain_continuity,True,0.0,"opening 815,456,614,807 matches prior closing 815,456,614,807"
DCBF,2021-07-15,chain_continuity,True,0.0,"opening 830,746,172,955 matches prior closing 830,746,172,955"
DCBF,2021-07-22,chain_continuity,True,0.0,"opening 831,153,025,502 matches prior closing 831,153,025,502"
DCBF,2021-07-29,chain_continuity,True,0.0,"opening 830,537,173,561 matches prior closing 830,537,173,561"
DCBF,2021-08-05,chain_continuity,True,0.0,"opening 860,632,006,408 matches prior closing 860,632,006,408"
DCBF,2021-08-12,chain_continuity,True,0.0,"opening 854,717,359,707 matches prior closing 854,717,359,707"
DCBF,2021-08-19,chain_continuity,True,0.0,"opening 858,591,436,468 matches prior closing 858,591,436,468"
DCBF,2021-08-26,chain_continuity,True,0.0,"opening 846,378,338,252 matches prior closing 846,378,338,252"
DCBF,2021-09-02,chain_continuity,True,0.0,"opening 889,013,233,193 matches prior closing 889,013,233,193"
DCBF,2021-09-09,chain_continuity,True,0.0,"opening 881,046,865,897 matches prior closing 881,046,865,897"
DCBF,2021-09-16,chain_continuity,True,0.0,"opening 882,213,450,933 matches prior closing 882,213,450,933"
DCBF,2021-09-23,chain_continuity,True,0.0,"opening 975,571,109,873 matches prior closing 975,571,109,873"
DCBF,2021-09-30,chain_continuity,True,0.0,"opening 953,901,638,071 matches prior closing 953,901,638,071"
DCBF,2021-10-07,chain_continuity,True,0.0,"opening 954,535,534,631 matches prior closing 954,535,534,631"
DCBF,2021-10-14,chain_continuity,True,0.0,"opening 948,915,631,041 matches prior closing 948,915,631,041"
DCBF,2021-10-21,chain_continuity,True,0.0,"opening 934,563,868,506 matches prior closing 934,563,868,506"
DCBF,2021-10-28,chain_continuity,True,0.0,"opening 929,378,803,255 matches prior closing 929,378,803,255"
DCBF,2021-11-04,chain_continuity,True,0.0,"opening 956,625,611,039 matches prior closing 956,625,611,039"
DCBF,2021-11-11,chain_continuity,True,0.0,"opening 942,613,092,957 matches prior closing 942,613,092,957"
DCBF,2021-11-18,chain_continuity,True,0.0,"opening 912,196,235,454 matches prior closing 912,196,235,454"
DCBF,2021-11-25,chain_continuity,True,0.0,"opening 896,167,873,938 matches prior closing 896,167,873,938"
DCBF,2021-12-02,chain_continuity,True,0.0,"opening 889,525,582,559 matches prior closing 889,525,582,559"
DCBF,2021-12-09,chain_continuity,True,0.0,"opening 886,724,346,039 matches prior closing 886,724,346,039"
DCBF,2021-12-16,chain_continuity,True,0.0,"opening 879,535,752,979 matches prior closing 879,535,752,979"
DCBF,2021-12-23,chain_continuity,True,0.0,"opening 873,525,617,100 matches prior closing 873,525,617,100"
DCBF,2021-12-30,chain_continuity,True,0.0,"opening 858,451,689,930 matches prior closing 858,451,689,930"
DCBF,2022-01-06,chain_continuity,True,0.0,"opening 843,040,291,793 matches prior closing 843,040,291,793"
DCBF,2022-01-13,chain_continuity,True,0.0,"opening 829,062,891,807 matches prior closing 829,062,891,807"
DCBF,2022-01-20,chain_continuity,True,0.0,"opening 924,315,697,898 matches prior closing 924,315,697,898"
DCBF,2022-01-27,chain_continuity,True,0.0,"opening 917,601,504,807 matches prior closing 917,601,504,807"
DCBF,2022-02-03,chain_continuity,True,0.0,"opening 916,285,985,746 matches prior closing 916,285,985,746"
DCBF,2022-02-10,chain_continuity,True,0.0,"opening 915,891,371,372 matches prior closing 915,891,371,372"
DCBF,2022-02-17,chain_continuity,True,0.0,"opening 917,761,466,330 matches prior closing 917,761,466,330"
DCBF,2022-02-24,chain_continuity,True,0.0,"opening 908,391,208,671 matches prior closing 908,391,208,671"
DCBF,2022-03-03,chain_continuity,True,0.0,"opening 907,237,090,160 matches prior closing 907,237,090,160"
DCBF,2022-03-10,chain_continuity,True,0.0,"opening 898,827,963,264 matches prior closing 898,827,963,264"
DCBF,2022-03-17,chain_continuity,True,0.0,"opening 883,741,674,581 matches prior closing 883,741,674,581"
DCBF,2022-03-24,chain_continuity,True,0.0,"opening 880,177,785,521 matches prior closing 880,177,785,521"
DCBF,2022-03-31,chain_continuity,True,0.0,"opening 859,600,196,908 matches prior closing 859,600,196,908"
DCBF,2022-04-07,chain_continuity,True,0.0,"opening 849,594,844,142 matches prior closing 849,594,844,142"
DCBF,2022-04-14,chain_continuity,True,0.0,"opening 842,939,001,233 matches prior closing 842,939,001,233"
DCBF,2022-04-21,chain_continuity,True,0.0,"opening 838,563,361,518 matches prior closing 838,563,361,518"
DCBF,2022-04-28,chain_continuity,True,0.0,"opening 838,246,445,999 matches prior closing 838,246,445,999"
DCBF,2022-05-05,chain_continuity,True,0.0,"opening 840,103,559,641 matches prior closing 840,103,559,641"
DCBF,2022-05-12,chain_continuity,True,0.0,"opening 830,366,780,714 matches prior closing 830,366,780,714"
DCBF,2022-05-19,chain_continuity,True,0.0,"opening 835,981,465,380 matches prior closing 835,981,465,380"
DCBF,2022-05-26,chain_continuity,True,0.0,"opening 834,815,068,909 matches prior closing 834,815,068,909"
DCBF,2022-06-02,chain_continuity,True,0.0,"opening 822,107,778,113 matches prior closing 822,107,778,113"
DCBF,2022-06-09,chain_continuity,True,0.0,"opening 820,772,682,043 matches prior closing 820,772,682,043"
DCBF,2022-06-16,chain_continuity,True,0.0,"opening 821,106,905,281 matches prior closing 821,106,905,281"
DCBF,2022-06-23,chain_continuity,True,0.0,"opening 820,310,405,615 matches prior closing 820,310,405,615"
DCBF,2022-06-30,chain_continuity,True,0.0,"opening 815,331,213,832 matches prior closing 815,331,213,832"
DCBF,2022-07-07,chain_continuity,True,0.0,"opening 814,536,621,585 matches prior closing 814,536,621,585"
DCBF,2022-07-14,chain_continuity,True,0.0,"opening 813,113,131,935 matches prior closing 813,113,131,935"
DCBF,2022-07-21,chain_continuity,True,0.0,"opening 812,845,931,242 matches prior closing 812,845,931,242"
DCBF,2022-07-28,chain_continuity,True,0.0,"opening 814,565,341,750 matches prior closing 814,565,341,750"
DCBF,2022-08-04,chain_continuity,True,0.0,"opening 816,301,008,134 matches prior closing 816,301,008,134"
DCBF,2022-08-11,chain_continuity,True,0.0,"opening 818,725,768,844 matches prior closing 818,725,768,844"
DCBF,2022-08-18,chain_continuity,True,0.0,"opening 823,403,598,191 matches prior closing 823,403,598,191"
DCBF,2022-08-25,chain_continuity,True,0.0,"opening 820,395,909,533 matches prior closing 820,395,909,533"
DCBF,2022-09-04,chain_continuity,True,0.0,"opening 821,719,663,560 matches prior closing 821,719,663,560"
DCBF,2022-09-08,chain_continuity,True,0.0,"opening 821,786,154,644 matches prior closing 821,786,154,644"
DCBF,2022-09-15,chain_continuity,True,0.0,"opening 822,499,027,144 matches prior closing 822,499,027,144"
DCBF,2022-09-22,chain_continuity,True,0.0,"opening 822,509,897,073 matches prior closing 822,509,897,073"
DCBF,2022-09-29,chain_continuity,True,0.0,"opening 819,022,432,317 matches prior closing 819,022,432,317"
DCBF,2022-10-06,chain_continuity,True,0.0,"opening 820,464,114,199 matches prior closing 820,464,114,199"
DCBF,2022-10-13,chain_continuity,True,0.0,"opening 818,696,838,347 matches prior closing 818,696,838,347"
DCBF,2022-10-20,chain_continuity,True,0.0,"opening 657,927,549,321 matches prior closing 657,927,549,321"
DCBF,2022-10-27,chain_continuity,True,0.0,"opening 641,732,067,963 matches prior closing 641,732,067,963"
DCBF,2022-11-03,chain_continuity,True,0.0,"opening 638,456,930,131 matches prior closing 638,456,930,131"
DCBF,2022-11-10,chain_continuity,True,0.0,"opening 631,408,277,999 matches prior closing 631,408,277,999"
DCBF,2022-11-17,chain_continuity,True,0.0,"opening 623,127,235,070 matches prior closing 623,127,235,070"
DCBF,2022-11-24,chain_continuity,True,0.0,"opening 615,258,628,710 matches prior closing 615,258,628,710"
DCBF,2022-12-01,chain_continuity,True,0.0,"opening 594,614,481,971 matches prior closing 594,614,481,971"
DCBF,2022-12-08,chain_continuity,True,0.0,"opening 534,486,089,253 matches prior closing 534,486,089,253"
DCBF,2022-12-15,chain_continuity,True,0.0,"opening 479,205,082,952 matches prior closing 479,205,082,952"
DCBF,2022-12-22,chain_continuity,True,0.0,"opening 461,776,852,160 matches prior closing 461,776,852,160"
DCBF,2022-12-29,chain_continuity,True,0.0,"opening 448,562,282,771 matches prior closing 448,562,282,771"
DCBF,2023-01-05,chain_continuity,True,0.0,"opening 437,788,990,122 matches prior closing 437,788,990,122"
DCBF,2023-01-12,chain_continuity,True,0.0,"opening 434,969,225,166 matches prior closing 434,969,225,166"
DCBF,2023-01-26,chain_continuity,True,0.0,"opening 433,163,118,984 matches prior closing 433,163,118,984"
DCBF,2023-02-02,chain_continuity,True,0.0,"opening 431,866,364,606 matches prior closing 431,866,364,606"
DCBF,2023-02-09,chain_continuity,True,0.0,"opening 430,341,710,465 matches prior closing 430,341,710,465"
DCBF,2023-02-16,chain_continuity,True,0.0,"opening 422,219,846,111 matches prior closing 422,219,846,111"
DCBF,2023-02-23,chain_continuity,True,0.0,"opening 417,421,099,143 matches prior closing 417,421,099,143"
DCBF,2023-03-02,chain_continuity,True,0.0,"opening 410,939,282,398 matches prior closing 410,939,282,398"
DCBF,2023-03-09,chain_continuity,True,0.0,"opening 402,159,906,873 matches prior closing 402,159,906,873"
DCBF,2023-03-16,chain_continuity,True,0.0,"opening 401,214,690,465 matches prior closing 401,214,690,465"
DCBF,2023-03-23,chain_continuity,True,0.0,"opening 390,836,867,947 matches prior closing 390,836,867,947"
DCBF,2023-03-30,chain_continuity,True,0.0,"opening 390,527,797,429 matches prior closing 390,527,797,429"
DCBF,2023-04-06,chain_continuity,True,0.0,"opening 390,737,695,583 matches prior closing 390,737,695,583"
DCBF,2023-04-13,chain_continuity,True,0.0,"opening 389,068,200,215 matches prior closing 389,068,200,215"
DCBF,2023-04-20,chain_continuity,True,0.0,"opening 387,322,007,409 matches prior closing 387,322,007,409"
DCBF,2023-04-27,chain_continuity,True,0.0,"opening 387,006,314,288 matches prior closing 387,006,314,288"
DCBF,2023-05-04,chain_continuity,True,0.0,"opening 387,047,998,507 matches prior closing 387,047,998,507"
DCBF,2023-05-11,chain_continuity,True,0.0,"opening 386,698,210,374 matches prior closing 386,698,210,374"
DCBF,2023-05-18,chain_continuity,True,0.0,"opening 387,000,877,096 matches prior closing 387,000,877,096"
DCBF,2023-05-25,chain_continuity,True,0.0,"opening 387,972,353,833 matches prior closing 387,972,353,833"
DCBF,2023-06-01,chain_continuity,True,0.0,"opening 388,493,863,889 matches prior closing 388,493,863,889"
DCBF,2023-06-08,chain_continuity,True,0.0,"opening 387,520,763,966 matches prior closing 387,520,763,966"
DCBF,2023-06-15,chain_continuity,True,0.0,"opening 388,251,496,557 matches prior closing 388,251,496,557"
DCBF,2023-06-22,chain_continuity,True,0.0,"opening 388,755,486,943 matches prior closing 388,755,486,943"
DCBF,2023-06-29,chain_continuity,True,0.0,"opening 390,429,134,455 matches prior closing 390,429,134,455"
DCBF,2023-07-06,chain_continuity,True,0.0,"opening 390,283,530,039 matches prior closing 390,283,530,039"
DCBF,2023-07-13,chain_continuity,True,0.0,"opening 390,826,621,094 matches prior closing 390,826,621,094"
DCBF,2023-07-20,chain_continuity,True,0.0,"opening 391,523,906,609 matches prior closing 391,523,906,609"
DCBF,2023-07-27,chain_continuity,True,0.0,"opening 390,742,412,440 matches prior closing 390,742,412,440"
DCBF,2023-08-03,chain_continuity,True,0.0,"opening 391,215,469,346 matches prior closing 391,215,469,346"
DCBF,2023-08-10,chain_continuity,True,0.0,"opening 389,459,995,395 matches prior closing 389,459,995,395"
DCBF,2023-08-17,chain_continuity,True,0.0,"opening 390,935,109,757 matches prior closing 390,935,109,757"
DCBF,2023-08-24,chain_continuity,True,0.0,"opening 391,500,106,082 matches prior closing 391,500,106,082"
DCBF,2023-09-04,chain_continuity,True,0.0,"opening 393,716,627,277 matches prior closing 393,716,627,277"
DCBF,2023-09-07,chain_continuity,True,0.0,"opening 395,241,452,450 matches prior closing 395,241,452,450"
DCBF,2023-09-14,chain_continuity,True,0.0,"opening 395,529,410,156 matches prior closing 395,529,410,156"
DCBF,2023-09-21,chain_continuity,True,0.0,"opening 396,512,557,945 matches prior closing 396,512,557,945"
DCBF,2023-09-28,chain_continuity,True,0.0,"opening 400,170,892,281 matches prior closing 400,170,892,281"
DCBF,2023-10-05,chain_continuity,True,0.0,"opening 400,369,435,488 matches prior closing 400,369,435,488"
DCBF,2023-10-12,chain_continuity,True,0.0,"opening 400,978,285,377 matches prior closing 400,978,285,377"
DCBF,2023-10-19,chain_continuity,True,0.0,"opening 401,131,876,367 matches prior closing 401,131,876,367"
DCBF,2023-10-26,chain_continuity,True,0.0,"opening 401,628,194,862 matches prior closing 401,628,194,862"
DCBF,2023-11-02,chain_continuity,True,0.0,"opening 402,342,351,381 matches prior closing 402,342,351,381"
DCBF,2023-11-09,chain_continuity,True,0.0,"opening 402,562,496,670 matches prior closing 402,562,496,670"
DCBF,2023-11-16,chain_continuity,True,0.0,"opening 402,247,431,296 matches prior closing 402,247,431,296"
DCBF,2023-11-23,chain_continuity,True,0.0,"opening 414,431,807,480 matches prior closing 414,431,807,480"
DCBF,2023-11-30,chain_continuity,True,0.0,"opening 416,274,035,371 matches prior closing 416,274,035,371"
DCBF,2023-12-07,chain_continuity,True,0.0,"opening 415,129,565,645 matches prior closing 415,129,565,645"
DCBF,2023-12-14,chain_continuity,True,0.0,"opening 416,046,892,384 matches prior closing 416,046,892,384"
DCBF,2023-12-21,chain_continuity,True,0.0,"opening 417,257,701,671 matches prior closing 417,257,701,671"
DCBF,2023-12-28,chain_continuity,True,0.0,"opening 430,405,067,243 matches prior closing 430,405,067,243"
DCBF,2024-01-04,chain_continuity,True,0.0,"opening 431,704,387,168 matches prior closing 431,704,387,168"
DCBF,2024-01-11,chain_continuity,True,0.0,"opening 451,602,807,801 matches prior closing 451,602,807,801"
DCBF,2024-01-18,chain_continuity,True,0.0,"opening 460,614,304,110 matches prior closing 460,614,304,110"
DCBF,2024-01-25,chain_continuity,True,0.0,"opening 493,734,543,930 matches prior closing 493,734,543,930"
DCBF,2024-02-01,chain_continuity,True,0.0,"opening 527,388,801,026 matches prior closing 527,388,801,026"
DCBF,2024-02-14,chain_continuity,True,0.0,"opening 551,333,880,720 matches prior closing 551,333,880,720"
DCBF,2024-02-15,chain_continuity,True,0.0,"opening 632,259,710,361 matches prior closing 632,259,710,361"
DCBF,2024-02-22,chain_continuity,True,0.0,"opening 632,853,478,084 matches prior closing 632,853,478,084"
DCBF,2024-02-29,chain_continuity,True,0.0,"opening 676,945,644,808 matches prior closing 676,945,644,808"
DCBF,2024-03-07,chain_continuity,True,0.0,"opening 765,980,853,687 matches prior closing 765,980,853,687"
DCBF,2024-03-14,chain_continuity,True,0.0,"opening 905,142,814,051 matches prior closing 905,142,814,051"
DCBF,2024-03-21,chain_continuity,True,0.0,"opening 1,019,052,355,239 matches prior closing 1,019,052,355,239"
DCBF,2024-03-28,chain_continuity,True,0.0,"opening 1,075,593,615,788 matches prior closing 1,075,593,615,788"
DCBF,2024-04-04,chain_continuity,True,0.0,"opening 1,115,036,564,724 matches prior closing 1,115,036,564,724"
DCBF,2024-04-11,chain_continuity,True,0.0,"opening 1,118,964,775,118 matches prior closing 1,118,964,775,118"
DCBF,2024-04-18,chain_continuity,True,0.0,"opening 1,105,784,165,006 matches prior closing 1,105,784,165,006"
DCBF,2024-04-25,chain_continuity,True,0.0,"opening 1,091,814,093,903 matches prior closing 1,091,814,093,903"
DCBF,2024-05-02,chain_continuity,True,0.0,"opening 1,047,064,571,451 matches prior closing 1,047,064,571,451"
DCBF,2024-05-09,chain_continuity,True,0.0,"opening 1,103,400,774,511 matches prior closing 1,103,400,774,511"
DCBF,2024-05-16,chain_continuity,True,0.0,"opening 1,130,754,784,267 matches prior closing 1,130,754,784,267"
DCBF,2024-05-23,chain_continuity,True,0.0,"opening 1,108,636,578,346 matches prior closing 1,108,636,578,346"
DCBF,2024-05-30,chain_continuity,True,0.0,"opening 1,153,762,115,076 matches prior closing 1,153,762,115,076"
DCBF,2024-06-06,chain_continuity,True,0.0,"opening 1,200,231,301,710 matches prior closing 1,200,231,301,710"
DCBF,2024-06-13,chain_continuity,True,0.0,"opening 1,241,281,456,119 matches prior closing 1,241,281,456,119"
DCBF,2024-06-20,chain_continuity,True,0.0,"opening 1,265,590,258,633 matches prior closing 1,265,590,258,633"
DCBF,2024-06-27,chain_continuity,True,0.0,"opening 1,284,284,818,278 matches prior closing 1,284,284,818,278"
DCBF,2024-07-04,chain_continuity,True,0.0,"opening 1,333,449,334,114 matches prior closing 1,333,449,334,114"
DCBF,2024-07-11,chain_continuity,True,0.0,"opening 1,344,871,255,307 matches prior closing 1,344,871,255,307"
DCBF,2024-07-18,chain_continuity,True,0.0,"opening 1,366,579,504,717 matches prior closing 1,366,579,504,717"
DCBF,2024-07-25,chain_continuity,True,0.0,"opening 1,382,494,650,869 matches prior closing 1,382,494,650,869"
DCBF,2024-08-01,chain_continuity,True,0.0,"opening 1,401,949,083,018 matches prior closing 1,401,949,083,018"
DCBF,2024-08-08,chain_continuity,True,0.0,"opening 1,424,071,541,557 matches prior closing 1,424,071,541,557"
DCBF,2024-08-15,chain_continuity,True,0.0,"opening 1,427,732,150,018 matches prior closing 1,427,732,150,018"
DCBF,2024-08-22,chain_continuity,True,0.0,"opening 1,415,877,484,455 matches prior closing 1,415,877,484,455"
DCBF,2024-08-29,chain_continuity,True,0.0,"opening 1,467,351,069,926 matches prior closing 1,467,351,069,926"
DCBF,2024-09-05,chain_continuity,True,0.0,"opening 1,450,874,207,703 matches prior closing 1,450,874,207,703"
DCBF,2024-09-12,chain_continuity,True,0.0,"opening 1,475,760,530,627 matches prior closing 1,475,760,530,627"
DCBF,2024-09-19,chain_continuity,True,0.0,"opening 1,415,388,147,795 matches prior closing 1,415,388,147,795"
DCBF,2024-09-26,chain_continuity,True,0.0,"opening 1,451,188,420,091 matches prior closing 1,451,188,420,091"
DCBF,2024-10-03,chain_continuity,True,0.0,"opening 1,469,548,046,863 matches prior closing 1,469,548,046,863"
DCBF,2024-10-10,chain_continuity,True,0.0,"opening 1,501,569,935,382 matches prior closing 1,501,569,935,382"
DCBF,2024-10-17,chain_continuity,True,0.0,"opening 1,514,130,266,651 matches prior closing 1,514,130,266,651"
DCBF,2024-10-24,chain_continuity,True,0.0,"opening 1,527,009,650,097 matches prior closing 1,527,009,650,097"
DCBF,2024-10-31,chain_continuity,True,0.0,"opening 1,549,022,192,784 matches prior closing 1,549,022,192,784"
DCBF,2024-11-07,chain_continuity,True,0.0,"opening 1,586,926,568,438 matches prior closing 1,586,926,568,438"
DCBF,2024-11-14,chain_continuity,True,0.0,"opening 1,607,167,292,854 matches prior closing 1,607,167,292,854"
DCBF,2024-11-21,chain_continuity,True,0.0,"opening 1,631,351,715,068 matches prior closing 1,631,351,715,068"
DCBF,2024-11-28,chain_continuity,True,0.0,"opening 1,605,454,143,192 matches prior closing 1,605,454,143,192"
DCBF,2024-12-05,chain_continuity,True,0.0,"opening 1,601,611,957,703 matches prior closing 1,601,611,957,703"
DCBF,2024-12-12,chain_continuity,True,0.0,"opening 1,616,191,273,112 matches prior closing 1,616,191,273,112"
DCBF,2024-12-19,chain_continuity,True,0.0,"opening 1,610,392,956,131 matches prior closing 1,610,392,956,131"
DCBF,2024-12-26,chain_continuity,True,0.0,"opening 1,605,016,696,428 matches prior closing 1,605,016,696,428"
DCBF,2025-01-02,chain_continuity,True,0.0,"opening 1,641,476,991,031 matches prior closing 1,641,476,991,031"
DCBF,2025-01-09,chain_continuity,True,0.0,"opening 1,648,891,308,305 matches prior closing 1,648,891,308,305"
DCBF,2025-01-16,chain_continuity,True,0.0,"opening 1,676,225,301,323 matches prior closing 1,676,225,301,323"
DCBF,2025-01-23,chain_continuity,True,0.0,"opening 1,684,547,653,298 matches prior closing 1,684,547,653,298"
DCBF,2025-02-02,chain_continuity,True,0.0,"opening 1,676,864,367,163 matches prior closing 1,676,864,367,163"
DCBF,2025-02-06,chain_continuity,True,0.0,"opening 1,686,954,145,428 matches prior closing 1,686,954,145,428"
DCBF,2025-02-13,chain_continuity,True,0.0,"opening 1,635,154,869,259 matches prior closing 1,635,154,869,259"
DCBF,2025-02-20,chain_continuity,True,0.0,"opening 1,637,515,670,873 matches prior closing 1,637,515,670,873"
DCBF,2025-02-27,chain_continuity,True,0.0,"opening 1,664,065,332,763 matches prior closing 1,664,065,332,763"
DCBF,2025-03-06,chain_continuity,True,0.0,"opening 1,659,581,190,755 matches prior closing 1,659,581,190,755"
DCBF,2025-03-13,chain_continuity,True,0.0,"opening 1,642,692,786,269 matches prior closing 1,642,692,786,269"
DCBF,2025-03-20,chain_continuity,True,0.0,"opening 1,611,377,751,165 matches prior closing 1,611,377,751,165"
DCBF,2025-03-27,chain_continuity,True,0.0,"opening 1,600,839,513,643 matches prior closing 1,600,839,513,643"
DCBF,2025-04-03,chain_continuity,True,0.0,"opening 1,608,446,587,477 matches prior closing 1,608,446,587,477"
DCBF,2025-04-10,chain_continuity,True,0.0,"opening 1,580,797,000,252 matches prior closing 1,580,797,000,252"
DCBF,2025-04-17,chain_continuity,True,0.0,"opening 1,530,815,183,830 matches prior closing 1,530,815,183,830"
DCBF,2025-04-24,chain_continuity,True,0.0,"opening 1,544,671,141,098 matches prior closing 1,544,671,141,098"
DCBF,2025-05-04,chain_continuity,True,0.0,"opening 1,542,233,085,742 matches prior closing 1,542,233,085,742"
DCBF,2025-05-08,chain_continuity,True,0.0,"opening 1,538,405,698,283 matches prior closing 1,538,405,698,283"
DCBF,2025-05-15,chain_continuity,True,0.0,"opening 1,525,563,507,876 matches prior closing 1,525,563,507,876"
DCBF,2025-05-22,chain_continuity,True,0.0,"opening 1,476,235,503,556 matches prior closing 1,476,235,503,556"
DCBF,2025-05-29,chain_continuity,True,0.0,"opening 1,536,470,713,211 matches prior closing 1,536,470,713,211"
DCBF,2025-06-05,chain_continuity,True,0.0,"opening 1,556,970,767,583 matches prior closing 1,556,970,767,583"
DCBF,2025-06-12,chain_continuity,True,0.0,"opening 1,563,265,054,872 matches prior closing 1,563,265,054,872"
DCBF,2025-06-19,chain_continuity,True,0.0,"opening 1,577,296,346,419 matches prior closing 1,577,296,346,419"
DCBF,2025-06-26,chain_continuity,True,0.0,"opening 1,589,102,405,636 matches prior closing 1,589,102,405,636"
DCBF,2025-07-03,chain_continuity,True,0.0,"opening 1,613,315,647,189 matches prior closing 1,613,315,647,189"
DCBF,2025-07-10,chain_continuity,True,0.0,"opening 1,643,024,230,079 matches prior closing 1,643,024,230,079"
DCBF,2025-07-17,chain_continuity,True,0.0,"opening 1,690,844,144,616 matches prior closing 1,690,844,144,616"
DCBF,2025-07-24,chain_continuity,True,0.0,"opening 1,721,111,038,958 matches prior closing 1,721,111,038,958"
DCBF,2025-07-31,chain_continuity,True,0.0,"opening 1,734,595,443,280 matches prior closing 1,734,595,443,280"
DCBF,2025-08-07,chain_continuity,True,0.0,"opening 1,756,723,520,438 matches prior closing 1,756,723,520,438"
DCBF,2025-08-14,chain_continuity,True,0.0,"opening 1,809,153,407,379 matches prior closing 1,809,153,407,379"
DCBF,2025-08-21,chain_continuity,True,0.0,"opening 1,822,219,948,459 matches prior closing 1,822,219,948,459"
DCBF,2025-08-28,chain_continuity,True,0.0,"opening 1,861,086,832,259 matches prior closing 1,861,086,832,259"
DCBF,2025-09-04,chain_continuity,True,0.0,"opening 1,885,134,748,077 matches prior closing 1,885,134,748,077"
DCBF,2025-09-11,chain_continuity,True,0.0,"opening 1,897,224,201,100 matches prior closing 1,897,224,201,100"
DCBF,2025-09-18,chain_continuity,True,0.0,"opening 1,905,920,489,672 matches prior closing 1,905,920,489,672"
DCBF,2025-09-25,chain_continuity,True,0.0,"opening 1,842,817,769,133 matches prior closing 1,842,817,769,133"
DCBF,2025-10-02,chain_continuity,True,0.0,"opening 1,949,109,654,352 matches prior closing 1,949,109,654,352"
DCBF,2025-10-09,chain_continuity,True,0.0,"opening 1,950,331,534,156 matches prior closing 1,950,331,534,156"
DCBF,2025-10-16,chain_continuity,True,0.0,"opening 1,965,535,675,775 matches prior closing 1,965,535,675,775"
DCBF,2025-10-23,chain_continuity,True,0.0,"opening 1,966,981,591,825 matches prior closing 1,966,981,591,825"
DCBF,2025-10-30,chain_continuity,True,0.0,"opening 1,969,326,219,065 matches prior closing 1,969,326,219,065"
DCBF,2025-11-06,chain_continuity,True,0.0,"opening 1,953,756,110,311 matches prior closing 1,953,756,110,311"
DCBF,2025-11-13,chain_continuity,True,0.0,"opening 1,921,768,163,957 matches prior closing 1,921,768,163,957"
DCBF,2025-11-20,chain_continuity,True,0.0,"opening 1,925,370,064,213 matches prior closing 1,925,370,064,213"
DCBF,2025-11-27,chain_continuity,True,0.0,"opening 1,956,786,991,628 matches prior closing 1,956,786,991,628"
DCBF,2025-12-04,chain_continuity,True,0.0,"opening 1,921,392,377,140 matches prior closing 1,921,392,377,140"
DCBF,2025-12-11,chain_continuity,True,0.0,"opening 1,922,916,506,416 matches prior closing 1,922,916,506,416"
DCBF,2025-12-18,chain_continuity,True,0.0,"opening 1,904,342,217,617 matches prior closing 1,904,342,217,617"
DCBF,2025-12-25,chain_continuity,True,0.0,"opening 1,846,826,917,890 matches prior closing 1,846,826,917,890"
DCBF,2026-01-04,chain_continuity,True,0.0,"opening 1,791,800,573,662 matches prior closing 1,791,800,573,662"
DCBF,2026-01-08,chain_continuity,True,0.0,"opening 1,780,456,455,625 matches prior closing 1,780,456,455,625"
DCBF,2026-01-15,chain_continuity,True,0.0,"opening 1,800,042,627,990 matches prior closing 1,800,042,627,990"
DCBF,2026-01-22,chain_continuity,True,0.0,"opening 1,777,541,684,489 matches prior closing 1,777,541,684,489"
DCBF,2026-01-29,chain_continuity,True,0.0,"opening 1,724,112,285,479 matches prior closing 1,724,112,285,479"
DCBF,2026-02-05,chain_continuity,True,0.0,"opening 1,696,454,698,027 matches prior closing 1,696,454,698,027"
DCBF,2026-02-12,chain_continuity,True,0.0,"opening 1,688,403,602,143 matches prior closing 1,688,403,602,143"
DCBF,2026-02-22,chain_continuity,True,0.0,"opening 1,685,385,381,043 matches prior closing 1,685,385,381,043"
DCBF,2026-02-26,chain_continuity,True,0.0,"opening 1,694,586,534,297 matches prior closing 1,694,586,534,297"
DCBF,2026-03-05,chain_continuity,True,0.0,"opening 1,671,082,242,507 matches prior closing 1,671,082,242,507"
DCBF,2026-03-12,chain_continuity,True,0.0,"opening 1,621,834,747,974 matches prior closing 1,621,834,747,974"
DCBF,2026-03-19,chain_continuity,True,0.0,"opening 1,570,772,352,758 matches prior closing 1,570,772,352,758"
DCBF,2026-03-26,chain_continuity,True,0.0,"opening 1,513,486,619,215 matches prior closing 1,513,486,619,215"
DCBF,2026-04-02,chain_continuity,True,0.0,"opening 1,405,157,064,610 matches prior closing 1,405,157,064,610"
DCBF,2026-04-09,chain_continuity,True,0.0,"opening 1,398,103,808,311 matches prior closing 1,398,103,808,311"
DCBF,2026-04-16,chain_continuity,True,0.0,"opening 1,328,935,017,626 matches prior closing 1,328,935,017,626"
DCBF,2026-04-23,chain_continuity,True,0.0,"opening 1,307,686,708,039 matches prior closing 1,307,686,708,039"
DCBF,2026-05-03,chain_continuity,True,0.0,"opening 1,232,900,249,768 matches prior closing 1,232,900,249,768"
DCBF,2026-05-07,chain_continuity,True,0.0,"opening 1,218,745,755,007 matches prior closing 1,218,745,755,007"
DCBF,2026-05-14,chain_continuity,True,0.0,"opening 1,164,899,014,871 matches prior closing 1,164,899,014,871"
DCBF,2026-05-21,chain_continuity,True,0.0,"opening 1,080,952,484,492 matches prior closing 1,080,952,484,492"
DCBF,2026-05-28,chain_continuity,True,0.0,"opening 1,062,565,303,847 matches prior closing 1,062,565,303,847"
DCBF,2026-06-04,chain_continuity,True,0.0,"opening 1,030,452,062,736 matches prior closing 1,030,452,062,736"
DCBF,2026-06-11,chain_continuity,True,0.0,"opening 999,370,278,077 matches prior closing 999,370,278,077"
DCBF,2026-06-18,chain_continuity,True,0.0,"opening 984,206,559,310 matches prior closing 984,206,559,310"
DCBF,2026-06-25,chain_continuity,True,0.0,"opening 971,202,097,601 matches prior closing 971,202,097,601"
DCBF,2026-07-02,chain_continuity,True,0.0,"opening 972,268,174,390 matches prior closing 972,268,174,390"
DCBF,2026-07-09,chain_continuity,True,0.0,"opening 957,398,042,310 matches prior closing 957,398,042,310"
DCBF,2026-07-16,chain_continuity,True,0.0,"opening 952,699,047,873 matches prior closing 952,699,047,873"
DCBF,2026-07-23,chain_continuity,True,0.0,"opening 889,027,574,288 matches prior closing 889,027,574,288"
DCBF,2026-07-30,chain_continuity,True,0.0,"opening 947,430,598,863 matches prior closing 947,430,598,863"
DCBF,2026-08-06,chain_continuity,True,0.0,"opening 979,832,370,877 matches prior closing 979,832,370,877"
DCBF,2026-08-13,chain_continuity,True,0.0,"opening 975,988,938,408 matches prior closing 975,988,938,408"
DCDE,2023-10-26,chain_continuity,True,0.0,"opening 369,335,438,555 matches prior closing 369,335,438,555"
DCDE,2023-11-02,chain_continuity,True,0.0,"opening 358,638,652,419 matches prior closing 358,638,652,419"
DCDE,2023-11-09,chain_continuity,True,0.0,"opening 366,048,646,496 matches prior closing 366,048,646,496"
DCDE,2023-11-16,chain_continuity,True,0.0,"opening 386,524,590,181 matches prior closing 386,524,590,181"
DCDE,2023-11-23,chain_continuity,True,0.0,"opening 393,363,290,523 matches prior closing 393,363,290,523"
DCDE,2023-11-30,chain_continuity,True,0.0,"opening 383,240,374,941 matches prior closing 383,240,374,941"
DCDE,2023-12-07,chain_continuity,True,0.0,"opening 388,390,706,414 matches prior closing 388,390,706,414"
DCDE,2023-12-14,chain_continuity,True,0.0,"opening 392,559,538,908 matches prior closing 392,559,538,908"
DCDE,2023-12-21,chain_continuity,True,0.0,"opening 386,371,805,823 matches prior closing 386,371,805,823"
DCDE,2023-12-28,chain_continuity,True,0.0,"opening 389,814,861,967 matches prior closing 389,814,861,967"
DCDE,2024-01-04,chain_continuity,True,0.0,"opening 399,962,176,150 matches prior closing 399,962,176,150"
DCDE,2024-01-11,chain_continuity,True,0.0,"opening 404,453,427,354 matches prior closing 404,453,427,354"
DCDE,2024-01-18,chain_continuity,True,0.0,"opening 405,337,652,232 matches prior closing 405,337,652,232"
DCDE,2024-01-25,chain_continuity,True,0.0,"opening 411,667,574,224 matches prior closing 411,667,574,224"
DCDE,2024-02-01,chain_continuity,True,0.0,"opening 413,417,904,220 matches prior closing 413,417,904,220"
DCDE,2024-02-14,chain_continuity,True,0.0,"opening 423,134,169,672 matches prior closing 423,134,169,672"
DCDE,2024-02-15,chain_continuity,True,0.0,"opening 440,337,412,500 matches prior closing 440,337,412,500"
DCDE,2024-02-22,chain_continuity,True,0.0,"opening 440,843,027,385 matches prior closing 440,843,027,385"
DCDE,2024-02-29,chain_continuity,True,0.0,"opening 447,717,531,789 matches prior closing 447,717,531,789"
DCDE,2024-03-07,chain_continuity,True,0.0,"opening 461,845,042,841 matches prior closing 461,845,042,841"
DCDE,2024-03-14,chain_continuity,True,0.0,"opening 477,275,727,607 matches prior closing 477,275,727,607"
DCDE,2024-03-21,chain_continuity,True,0.0,"opening 486,338,092,312 matches prior closing 486,338,092,312"
DCDE,2024-03-28,chain_continuity,True,0.0,"opening 488,585,295,417 matches prior closing 488,585,295,417"
DCDE,2024-04-04,chain_continuity,True,0.0,"opening 502,089,836,168 matches prior closing 502,089,836,168"
DCDE,2024-04-11,chain_continuity,True,0.0,"opening 502,025,360,164 matches prior closing 502,025,360,164"
DCDE,2024-04-18,chain_continuity,True,0.0,"opening 498,896,366,221 matches prior closing 498,896,366,221"
DCDE,2024-04-25,chain_continuity,True,0.0,"opening 477,989,544,086 matches prior closing 477,989,544,086"
DCDE,2024-05-02,chain_continuity,True,0.0,"opening 466,680,679,033 matches prior closing 466,680,679,033"
DCDE,2024-05-09,chain_continuity,True,0.0,"opening 475,952,534,361 matches prior closing 475,952,534,361"
DCDE,2024-05-16,chain_continuity,True,0.0,"opening 494,703,538,933 matches prior closing 494,703,538,933"
DCDE,2024-05-23,chain_continuity,True,0.0,"opening 508,548,312,099 matches prior closing 508,548,312,099"
DCDE,2024-05-30,chain_continuity,True,0.0,"opening 524,147,214,120 matches prior closing 524,147,214,120"
DCDE,2024-06-06,chain_continuity,True,0.0,"opening 521,758,219,289 matches prior closing 521,758,219,289"
DCDE,2024-06-13,chain_continuity,True,0.0,"opening 543,374,216,003 matches prior closing 543,374,216,003"
DCDE,2024-06-20,chain_continuity,True,0.0,"opening 552,668,232,718 matches prior closing 552,668,232,718"
DCDE,2024-06-27,chain_continuity,True,0.0,"opening 553,007,806,005 matches prior closing 553,007,806,005"
DCDE,2024-07-04,chain_continuity,True,0.0,"opening 543,987,171,613 matches prior closing 543,987,171,613"
DCDE,2024-07-11,chain_continuity,True,0.0,"opening 556,624,308,369 matches prior closing 556,624,308,369"
DCDE,2024-07-18,chain_continuity,True,0.0,"opening 552,949,152,751 matches prior closing 552,949,152,751"
DCDE,2024-07-25,chain_continuity,True,0.0,"opening 548,209,598,256 matches prior closing 548,209,598,256"
DCDE,2024-08-01,chain_continuity,True,0.0,"opening 531,371,018,941 matches prior closing 531,371,018,941"
DCDE,2024-08-08,chain_continuity,True,0.0,"opening 529,680,786,928 matches prior closing 529,680,786,928"
DCDE,2024-08-15,chain_continuity,True,0.0,"opening 530,556,440,029 matches prior closing 530,556,440,029"
DCDE,2024-08-22,chain_continuity,True,0.0,"opening 545,445,138,689 matches prior closing 545,445,138,689"
DCDE,2024-08-29,chain_continuity,True,0.0,"opening 566,491,198,395 matches prior closing 566,491,198,395"
DCDE,2024-09-05,chain_continuity,True,0.0,"opening 556,365,300,242 matches prior closing 556,365,300,242"
DCDE,2024-09-12,chain_continuity,True,0.0,"opening 549,016,393,714 matches prior closing 549,016,393,714"
DCDE,2024-09-19,chain_continuity,True,0.0,"opening 548,999,417,649 matches prior closing 548,999,417,649"
DCDE,2024-09-26,chain_continuity,True,0.0,"opening 559,195,488,385 matches prior closing 559,195,488,385"
DCDE,2024-10-03,chain_continuity,True,0.0,"opening 571,072,032,739 matches prior closing 571,072,032,739"
DCDE,2024-10-10,chain_continuity,True,0.0,"opening 560,449,080,447 matches prior closing 560,449,080,447"
DCDE,2024-10-17,chain_continuity,True,0.0,"opening 568,705,260,224 matches prior closing 568,705,260,224"
DCDE,2024-10-24,chain_continuity,True,0.0,"opening 571,918,804,619 matches prior closing 571,918,804,619"
DCDE,2024-10-31,chain_continuity,True,0.0,"opening 558,215,198,299 matches prior closing 558,215,198,299"
DCDE,2024-11-07,chain_continuity,True,0.0,"opening 566,200,163,257 matches prior closing 566,200,163,257"
DCDE,2024-11-14,chain_continuity,True,0.0,"opening 567,261,901,392 matches prior closing 567,261,901,392"
DCDE,2024-11-21,chain_continuity,True,0.0,"opening 546,543,379,696 matches prior closing 546,543,379,696"
DCDE,2024-11-28,chain_continuity,True,0.0,"opening 547,353,070,392 matches prior closing 547,353,070,392"
DCDE,2024-12-05,chain_continuity,True,0.0,"opening 550,141,586,446 matches prior closing 550,141,586,446"
DCDE,2024-12-12,chain_continuity,True,0.0,"opening 564,084,706,566 matches prior closing 564,084,706,566"
DCDE,2024-12-19,chain_continuity,True,0.0,"opening 558,544,111,504 matches prior closing 558,544,111,504"
DCDE,2024-12-26,chain_continuity,True,0.0,"opening 554,298,198,583 matches prior closing 554,298,198,583"
DCDE,2025-01-02,chain_continuity,True,0.0,"opening 563,212,147,234 matches prior closing 563,212,147,234"
DCDE,2025-01-09,chain_continuity,True,0.0,"opening 559,590,802,067 matches prior closing 559,590,802,067"
DCDE,2025-01-16,chain_continuity,True,0.0,"opening 549,143,369,281 matches prior closing 549,143,369,281"
DCDE,2025-01-23,chain_continuity,True,0.0,"opening 551,344,793,152 matches prior closing 551,344,793,152"
DCDE,2025-02-02,chain_continuity,True,0.0,"opening 563,406,883,002 matches prior closing 563,406,883,002"
DCDE,2025-02-06,chain_continuity,True,0.0,"opening 564,855,574,101 matches prior closing 564,855,574,101"
DCDE,2025-02-13,chain_continuity,True,0.0,"opening 566,036,595,648 matches prior closing 566,036,595,648"
DCDE,2025-02-20,chain_continuity,True,0.0,"opening 558,387,889,370 matches prior closing 558,387,889,370"
DCDE,2025-02-27,chain_continuity,True,0.0,"opening 561,939,619,749 matches prior closing 561,939,619,749"
DCDE,2025-03-06,chain_continuity,True,0.0,"opening 564,659,257,858 matches prior closing 564,659,257,858"
DCDE,2025-03-13,chain_continuity,True,0.0,"opening 569,403,788,684 matches prior closing 569,403,788,684"
DCDE,2025-03-20,chain_continuity,True,0.0,"opening 558,925,378,574 matches prior closing 558,925,378,574"
DCDE,2025-03-27,chain_continuity,True,0.0,"opening 541,126,333,582 matches prior closing 541,126,333,582"
DCDE,2025-04-03,chain_continuity,True,0.0,"opening 542,383,024,784 matches prior closing 542,383,024,784"
DCDE,2025-04-10,chain_continuity,True,0.0,"opening 508,215,756,044 matches prior closing 508,215,756,044"
DCDE,2025-04-17,chain_continuity,True,0.0,"opening 500,845,798,168 matches prior closing 500,845,798,168"
DCDE,2025-04-24,chain_continuity,True,0.0,"opening 537,887,153,513 matches prior closing 537,887,153,513"
DCDE,2025-05-04,chain_continuity,True,0.0,"opening 545,704,630,884 matches prior closing 545,704,630,884"
DCDE,2025-05-08,chain_continuity,True,0.0,"opening 547,598,230,783 matches prior closing 547,598,230,783"
DCDE,2025-05-15,chain_continuity,True,0.0,"opening 558,682,595,259 matches prior closing 558,682,595,259"
DCDE,2025-05-22,chain_continuity,True,0.0,"opening 585,799,168,172 matches prior closing 585,799,168,172"
DCDE,2025-05-29,chain_continuity,True,0.0,"opening 569,203,448,384 matches prior closing 569,203,448,384"
DCDE,2025-06-05,chain_continuity,True,0.0,"opening 577,378,910,332 matches prior closing 577,378,910,332"
DCDE,2025-06-12,chain_continuity,True,0.0,"opening 577,332,918,316 matches prior closing 577,332,918,316"
DCDE,2025-06-19,chain_continuity,True,0.0,"opening 580,288,819,591 matches prior closing 580,288,819,591"
DCDE,2025-06-26,chain_continuity,True,0.0,"opening 588,841,576,311 matches prior closing 588,841,576,311"
DCDE,2025-07-03,chain_continuity,True,0.0,"opening 588,303,844,510 matches prior closing 588,303,844,510"
DCDE,2025-07-10,chain_continuity,True,0.0,"opening 591,037,935,264 matches prior closing 591,037,935,264"
DCDE,2025-07-17,chain_continuity,True,0.0,"opening 615,233,983,760 matches prior closing 615,233,983,760"
DCDE,2025-07-24,chain_continuity,True,0.0,"opening 622,243,767,617 matches prior closing 622,243,767,617"
DCDE,2025-07-31,chain_continuity,True,0.0,"opening 636,807,222,630 matches prior closing 636,807,222,630"
DCDE,2025-08-07,chain_continuity,True,0.0,"opening 616,228,771,544 matches prior closing 616,228,771,544"
DCDE,2025-08-14,chain_continuity,True,0.0,"opening 669,101,907,088 matches prior closing 669,101,907,088"
DCDE,2025-08-21,chain_continuity,True,0.0,"opening 685,658,527,906 matches prior closing 685,658,527,906"
DCDE,2025-08-28,chain_continuity,True,0.0,"opening 706,576,584,647 matches prior closing 706,576,584,647"
DCDE,2025-09-04,chain_continuity,True,0.0,"opening 760,725,044,645 matches prior closing 760,725,044,645"
DCDE,2025-09-11,chain_continuity,True,0.0,"opening 775,731,866,546 matches prior closing 775,731,866,546"
DCDE,2025-09-18,chain_continuity,True,0.0,"opening 767,245,655,769 matches prior closing 767,245,655,769"
DCDE,2025-09-25,chain_continuity,True,0.0,"opening 772,279,868,050 matches prior closing 772,279,868,050"
DCDE,2025-10-02,chain_continuity,True,0.0,"opening 781,583,296,021 matches prior closing 781,583,296,021"
DCDE,2025-10-09,chain_continuity,True,0.0,"opening 773,035,290,275 matches prior closing 773,035,290,275"
DCDE,2025-10-16,chain_continuity,True,0.0,"opening 838,596,908,049 matches prior closing 838,596,908,049"
DCDE,2025-10-23,chain_continuity,True,0.0,"opening 858,004,766,761 matches prior closing 858,004,766,761"
DCDE,2025-10-30,chain_continuity,True,0.0,"opening 830,099,209,405 matches prior closing 830,099,209,405"
DCDE,2025-11-06,chain_continuity,True,0.0,"opening 833,067,952,611 matches prior closing 833,067,952,611"
DCDE,2025-11-13,chain_continuity,True,0.0,"opening 828,293,789,965 matches prior closing 828,293,789,965"
DCDE,2025-11-20,chain_continuity,True,0.0,"opening 832,533,609,406 matches prior closing 832,533,609,406"
DCDE,2025-11-27,chain_continuity,True,0.0,"opening 845,331,667,283 matches prior closing 845,331,667,283"
DCDE,2025-12-04,chain_continuity,True,0.0,"opening 848,797,532,176 matches prior closing 848,797,532,176"
DCDE,2025-12-11,chain_continuity,True,0.0,"opening 871,169,968,036 matches prior closing 871,169,968,036"
DCDE,2025-12-18,chain_continuity,True,0.0,"opening 835,709,017,944 matches prior closing 835,709,017,944"
DCDE,2025-12-25,chain_continuity,True,0.0,"opening 834,119,235,563 matches prior closing 834,119,235,563"
DCDE,2026-01-04,chain_continuity,True,0.0,"opening 857,166,069,028 matches prior closing 857,166,069,028"
DCDE,2026-01-08,chain_continuity,True,0.0,"opening 879,704,870,018 matches prior closing 879,704,870,018"
DCDE,2026-01-15,chain_continuity,True,0.0,"opening 894,958,777,139 matches prior closing 894,958,777,139"
DCDE,2026-01-22,chain_continuity,True,0.0,"opening 908,608,098,988 matches prior closing 908,608,098,988"
DCDE,2026-01-29,chain_continuity,True,0.0,"opening 930,576,483,414 matches prior closing 930,576,483,414"
DCDE,2026-02-05,chain_continuity,True,0.0,"opening 931,655,758,181 matches prior closing 931,655,758,181"
DCDE,2026-02-12,chain_continuity,True,0.0,"opening 954,238,280,962 matches prior closing 954,238,280,962"
DCDE,2026-02-22,chain_continuity,True,0.0,"opening 954,957,722,570 matches prior closing 954,957,722,570"
DCDE,2026-02-26,chain_continuity,True,0.0,"opening 962,623,416,281 matches prior closing 962,623,416,281"
DCDE,2026-03-05,chain_continuity,True,0.0,"opening 1,004,839,326,289 matches prior closing 1,004,839,326,289"
DCDE,2026-03-12,chain_continuity,True,0.0,"opening 975,986,298,279 matches prior closing 975,986,298,279"
DCDE,2026-03-19,chain_continuity,True,0.0,"opening 961,835,600,249 matches prior closing 961,835,600,249"
DCDE,2026-03-26,chain_continuity,True,0.0,"opening 949,648,045,714 matches prior closing 949,648,045,714"
DCDE,2026-04-02,chain_continuity,True,0.0,"opening 954,097,641,582 matches prior closing 954,097,641,582"
DCDE,2026-04-09,chain_continuity,True,0.0,"opening 959,420,502,321 matches prior closing 959,420,502,321"
DCDE,2026-04-16,chain_continuity,True,0.0,"opening 967,853,968,293 matches prior closing 967,853,968,293"
DCDE,2026-04-23,chain_continuity,True,0.0,"opening 969,864,458,266 matches prior closing 969,864,458,266"
DCDE,2026-05-03,chain_continuity,True,0.0,"opening 971,541,438,655 matches prior closing 971,541,438,655"
DCDE,2026-05-07,chain_continuity,True,0.0,"opening 963,426,517,026 matches prior closing 963,426,517,026"
DCDE,2026-05-14,chain_continuity,True,0.0,"opening 988,465,636,507 matches prior closing 988,465,636,507"
DCDE,2026-05-21,chain_continuity,True,0.0,"opening 988,220,006,919 matches prior closing 988,220,006,919"
DCDE,2026-05-28,chain_continuity,True,0.0,"opening 967,324,126,055 matches prior closing 967,324,126,055"
DCDE,2026-06-04,chain_continuity,True,0.0,"opening 954,032,619,264 matches prior closing 954,032,619,264"
DCDE,2026-06-11,chain_continuity,True,0.0,"opening 958,487,662,439 matches prior closing 958,487,662,439"
DCDE,2026-06-18,chain_continuity,True,0.0,"opening 939,293,357,973 matches prior closing 939,293,357,973"
DCDE,2026-06-25,chain_continuity,True,0.0,"opening 949,863,547,466 matches prior closing 949,863,547,466"
DCDE,2026-07-02,chain_continuity,True,0.0,"opening 944,991,453,880 matches prior closing 944,991,453,880"
DCDE,2026-07-09,chain_continuity,True,0.0,"opening 964,194,228,397 matches prior closing 964,194,228,397"
DCDE,2026-07-16,chain_continuity,True,0.0,"opening 950,294,826,293 matches prior closing 950,294,826,293"
DCDE,2026-07-23,chain_continuity,True,0.0,"opening 869,951,676,859 matches prior closing 869,951,676,859"
DCDE,2026-07-30,chain_continuity,True,0.0,"opening 833,287,210,200 matches prior closing 833,287,210,200"
DCDE,2026-08-06,chain_continuity,True,0.0,"opening 845,343,000,598 matches prior closing 845,343,000,598"
DCDE,2026-08-13,chain_continuity,True,0.0,"opening 862,108,226,811 matches prior closing 862,108,226,811"
DCDS,2021-06-24,chain_continuity,True,0.0,"opening 851,876,301,188 matches prior closing 851,876,301,188"
DCDS,2021-07-01,chain_continuity,True,0.0,"opening 873,558,956,629 matches prior closing 873,558,956,629"
DCDS,2021-07-08,chain_continuity,True,0.0,"opening 917,163,045,456 matches prior closing 917,163,045,456"
DCDS,2021-07-15,chain_continuity,True,0.0,"opening 861,560,924,019 matches prior closing 861,560,924,019"
DCDS,2021-07-22,chain_continuity,True,0.0,"opening 821,012,747,908 matches prior closing 821,012,747,908"
DCDS,2021-07-29,chain_continuity,True,0.0,"opening 824,670,785,723 matches prior closing 824,670,785,723"
DCDS,2021-08-05,chain_continuity,True,0.0,"opening 842,289,268,537 matches prior closing 842,289,268,537"
DCDS,2021-08-12,chain_continuity,True,0.0,"opening 907,396,567,610 matches prior closing 907,396,567,610"
DCDS,2021-08-19,chain_continuity,True,0.0,"opening 894,656,526,100 matches prior closing 894,656,526,100"
DCDS,2021-08-26,chain_continuity,True,0.0,"opening 921,141,339,088 matches prior closing 921,141,339,088"
DCDS,2021-09-02,chain_continuity,True,0.0,"opening 922,441,206,018 matches prior closing 922,441,206,018"
DCDS,2021-09-09,chain_continuity,True,0.0,"opening 985,379,341,677 matches prior closing 985,379,341,677"
DCDS,2021-09-16,chain_continuity,True,0.0,"opening 1,035,010,332,719 matches prior closing 1,035,010,332,719"
DCDS,2021-09-23,chain_continuity,True,0.0,"opening 1,039,020,274,181 matches prior closing 1,039,020,274,181"
DCDS,2021-09-30,chain_continuity,True,0.0,"opening 1,080,857,785,932 matches prior closing 1,080,857,785,932"
DCDS,2021-10-07,chain_continuity,True,0.0,"opening 1,115,046,527,364 matches prior closing 1,115,046,527,364"
DCDS,2021-10-14,chain_continuity,True,0.0,"opening 1,161,688,652,106 matches prior closing 1,161,688,652,106"
DCDS,2021-10-21,chain_continuity,True,0.0,"opening 1,194,335,794,647 matches prior closing 1,194,335,794,647"
DCDS,2021-10-28,chain_continuity,True,0.0,"opening 1,228,160,963,036 matches prior closing 1,228,160,963,036"
DCDS,2021-11-04,chain_continuity,True,0.0,"opening 1,302,181,929,871 matches prior closing 1,302,181,929,871"
DCDS,2021-11-11,chain_continuity,True,0.0,"opening 1,378,029,701,653 matches prior closing 1,378,029,701,653"
DCDS,2021-11-18,chain_continuity,True,0.0,"opening 1,419,625,488,559 matches prior closing 1,419,625,488,559"
DCDS,2021-11-25,chain_continuity,True,0.0,"opening 1,473,615,720,751 matches prior closing 1,473,615,720,751"
DCDS,2021-12-02,chain_continuity,True,0.0,"opening 1,583,101,921,247 matches prior closing 1,583,101,921,247"
DCDS,2021-12-09,chain_continuity,True,0.0,"opening 1,565,660,065,644 matches prior closing 1,565,660,065,644"
DCDS,2021-12-16,chain_continuity,True,0.0,"opening 1,587,140,359,126 matches prior closing 1,587,140,359,126"
DCDS,2021-12-23,chain_continuity,True,0.0,"opening 1,604,086,672,765 matches prior closing 1,604,086,672,765"
DCDS,2021-12-30,chain_continuity,True,0.0,"opening 1,582,831,951,317 matches prior closing 1,582,831,951,317"
DCDS,2022-01-06,chain_continuity,True,0.0,"opening 1,630,752,957,003 matches prior closing 1,630,752,957,003"
DCDS,2022-01-13,chain_continuity,True,0.0,"opening 1,744,414,900,622 matches prior closing 1,744,414,900,622"
DCDS,2022-01-20,chain_continuity,True,0.0,"opening 1,707,267,858,709 matches prior closing 1,707,267,858,709"
DCDS,2022-01-27,chain_continuity,True,0.0,"opening 1,685,933,780,278 matches prior closing 1,685,933,780,278"
DCDS,2022-02-03,chain_continuity,True,0.0,"opening 1,692,070,814,674 matches prior closing 1,692,070,814,674"
DCDS,2022-02-10,chain_continuity,True,0.0,"opening 1,714,547,024,421 matches prior closing 1,714,547,024,421"
DCDS,2022-02-17,chain_continuity,True,0.0,"opening 1,774,325,026,256 matches prior closing 1,774,325,026,256"
DCDS,2022-02-24,chain_continuity,True,0.0,"opening 1,783,614,002,387 matches prior closing 1,783,614,002,387"
DCDS,2022-03-03,chain_continuity,True,0.0,"opening 1,798,323,149,025 matches prior closing 1,798,323,149,025"
DCDS,2022-03-10,chain_continuity,True,0.0,"opening 1,809,667,177,675 matches prior closing 1,809,667,177,675"
DCDS,2022-03-17,chain_continuity,True,0.0,"opening 1,780,418,683,804 matches prior closing 1,780,418,683,804"
DCDS,2022-03-24,chain_continuity,True,0.0,"opening 1,793,226,431,294 matches prior closing 1,793,226,431,294"
DCDS,2022-03-31,chain_continuity,True,0.0,"opening 1,830,440,062,334 matches prior closing 1,830,440,062,334"
DCDS,2022-04-07,chain_continuity,True,0.0,"opening 1,840,024,386,720 matches prior closing 1,840,024,386,720"
DCDS,2022-04-14,chain_continuity,True,0.0,"opening 1,853,646,364,918 matches prior closing 1,853,646,364,918"
DCDS,2022-04-21,chain_continuity,True,0.0,"opening 1,830,222,752,082 matches prior closing 1,830,222,752,082"
DCDS,2022-04-28,chain_continuity,True,0.0,"opening 1,718,256,180,844 matches prior closing 1,718,256,180,844"
DCDS,2022-05-05,chain_continuity,True,0.0,"opening 1,690,118,189,844 matches prior closing 1,690,118,189,844"
DCDS,2022-05-12,chain_continuity,True,0.0,"opening 1,696,753,053,426 matches prior closing 1,696,753,053,426"
DCDS,2022-05-19,chain_continuity,True,0.0,"opening 1,528,153,846,986 matches prior closing 1,528,153,846,986"
DCDS,2022-05-26,chain_continuity,True,0.0,"opening 1,523,954,199,904 matches prior closing 1,523,954,199,904"
DCDS,2022-06-02,chain_continuity,True,0.0,"opening 1,586,365,046,041 matches prior closing 1,586,365,046,041"
DCDS,2022-06-09,chain_continuity,True,0.0,"opening 1,624,024,371,252 matches prior closing 1,624,024,371,252"
DCDS,2022-06-16,chain_continuity,True,0.0,"opening 1,678,513,531,272 matches prior closing 1,678,513,531,272"
DCDS,2022-06-23,chain_continuity,True,0.0,"opening 1,618,192,082,594 matches prior closing 1,618,192,082,594"
DCDS,2022-06-30,chain_continuity,True,0.0,"opening 1,552,405,920,791 matches prior closing 1,552,405,920,791"
DCDS,2022-07-07,chain_continuity,True,0.0,"opening 1,561,678,860,275 matches prior closing 1,561,678,860,275"
DCDS,2022-07-14,chain_continuity,True,0.0,"opening 1,489,769,498,775 matches prior closing 1,489,769,498,775"
DCDS,2022-07-21,chain_continuity,True,0.0,"opening 1,508,382,887,138 matches prior closing 1,508,382,887,138"
DCDS,2022-07-28,chain_continuity,True,0.0,"opening 1,532,926,701,888 matches prior closing 1,532,926,701,888"
DCDS,2022-08-04,chain_continuity,True,0.0,"opening 1,527,778,938,115 matches prior closing 1,527,778,938,115"
DCDS,2022-08-11,chain_continuity,True,0.0,"opening 1,555,486,461,689 matches prior closing 1,555,486,461,689"
DCDS,2022-08-18,chain_continuity,True,0.0,"opening 1,551,774,050,101 matches prior closing 1,551,774,050,101"
DCDS,2022-08-25,chain_continuity,True,0.0,"opening 1,585,046,075,714 matches prior closing 1,585,046,075,714"
DCDS,2022-09-04,chain_continuity,True,0.0,"opening 1,612,183,630,210 matches prior closing 1,612,183,630,210"
DCDS,2022-09-08,chain_continuity,True,0.0,"opening 1,610,276,082,031 matches prior closing 1,610,276,082,031"
DCDS,2022-09-15,chain_continuity,True,0.0,"opening 1,551,355,873,959 matches prior closing 1,551,355,873,959"
DCDS,2022-09-22,chain_continuity,True,0.0,"opening 1,570,000,183,972 matches prior closing 1,570,000,183,972"
DCDS,2022-09-29,chain_continuity,True,0.0,"opening 1,521,039,535,870 matches prior closing 1,521,039,535,870"
DCDS,2022-10-06,chain_continuity,True,0.0,"opening 1,380,793,893,771 matches prior closing 1,380,793,893,771"
DCDS,2022-10-13,chain_continuity,True,0.0,"opening 1,322,143,672,673 matches prior closing 1,322,143,672,673"
DCDS,2022-10-20,chain_continuity,True,0.0,"opening 1,323,976,581,813 matches prior closing 1,323,976,581,813"
DCDS,2022-10-27,chain_continuity,True,0.0,"opening 1,344,533,385,150 matches prior closing 1,344,533,385,150"
DCDS,2022-11-03,chain_continuity,True,0.0,"opening 1,304,816,661,906 matches prior closing 1,304,816,661,906"
DCDS,2022-11-10,chain_continuity,True,0.0,"opening 1,293,691,382,491 matches prior closing 1,293,691,382,491"
DCDS,2022-11-17,chain_continuity,True,0.0,"opening 1,205,281,070,568 matches prior closing 1,205,281,070,568"
DCDS,2022-11-24,chain_continuity,True,0.0,"opening 1,187,618,022,467 matches prior closing 1,187,618,022,467"
DCDS,2022-12-01,chain_continuity,True,0.0,"opening 1,172,043,587,333 matches prior closing 1,172,043,587,333"
DCDS,2022-12-08,chain_continuity,True,0.0,"opening 1,274,840,153,270 matches prior closing 1,274,840,153,270"
DCDS,2022-12-15,chain_continuity,True,0.0,"opening 1,309,277,334,974 matches prior closing 1,309,277,334,974"
DCDS,2022-12-22,chain_continuity,True,0.0,"opening 1,331,490,042,546 matches prior closing 1,331,490,042,546"
DCDS,2022-12-29,chain_continuity,True,0.0,"opening 1,286,170,089,005 matches prior closing 1,286,170,089,005"
DCDS,2023-01-05,chain_continuity,True,0.0,"opening 1,252,805,677,983 matches prior closing 1,252,805,677,983"
DCDS,2023-01-12,chain_continuity,True,0.0,"opening 1,314,489,325,734 matches prior closing 1,314,489,325,734"
DCDS,2023-01-26,chain_continuity,True,0.0,"opening 1,298,351,227,248 matches prior closing 1,298,351,227,248"
DCDS,2023-02-02,chain_continuity,True,0.0,"opening 1,363,912,898,706 matches prior closing 1,363,912,898,706"
DCDS,2023-02-09,chain_continuity,True,0.0,"opening 1,312,909,539,398 matches prior closing 1,312,909,539,398"
DCDS,2023-02-16,chain_continuity,True,0.0,"opening 1,262,145,204,032 matches prior closing 1,262,145,204,032"
DCDS,2023-02-23,chain_continuity,True,0.0,"opening 1,262,057,023,554 matches prior closing 1,262,057,023,554"
DCDS,2023-03-02,chain_continuity,True,0.0,"opening 1,254,637,020,735 matches prior closing 1,254,637,020,735"
DCDS,2023-03-09,chain_continuity,True,0.0,"opening 1,230,649,891,533 matches prior closing 1,230,649,891,533"
DCDS,2023-03-16,chain_continuity,True,0.0,"opening 1,254,750,107,223 matches prior closing 1,254,750,107,223"
DCDS,2023-03-23,chain_continuity,True,0.0,"opening 1,228,927,621,259 matches prior closing 1,228,927,621,259"
DCDS,2023-03-30,chain_continuity,True,0.0,"opening 1,226,670,584,497 matches prior closing 1,226,670,584,497"
DCDS,2023-04-06,chain_continuity,True,0.0,"opening 1,237,387,342,141 matches prior closing 1,237,387,342,141"
DCDS,2023-04-13,chain_continuity,True,0.0,"opening 1,252,698,081,478 matches prior closing 1,252,698,081,478"
DCDS,2023-04-20,chain_continuity,True,0.0,"opening 1,254,886,161,429 matches prior closing 1,254,886,161,429"
DCDS,2023-04-27,chain_continuity,True,0.0,"opening 1,221,604,815,901 matches prior closing 1,221,604,815,901"
DCDS,2023-05-04,chain_continuity,True,0.0,"opening 1,216,020,364,417 matches prior closing 1,216,020,364,417"
DCDS,2023-05-11,chain_continuity,True,0.0,"opening 1,222,102,588,764 matches prior closing 1,222,102,588,764"
DCDS,2023-05-18,chain_continuity,True,0.0,"opening 1,240,026,437,590 matches prior closing 1,240,026,437,590"
DCDS,2023-05-25,chain_continuity,True,0.0,"opening 1,239,327,573,175 matches prior closing 1,239,327,573,175"
DCDS,2023-06-01,chain_continuity,True,0.0,"opening 1,241,383,475,437 matches prior closing 1,241,383,475,437"
DCDS,2023-06-08,chain_continuity,True,0.0,"opening 1,274,682,267,683 matches prior closing 1,274,682,267,683"
DCDS,2023-06-15,chain_continuity,True,0.0,"opening 1,298,126,870,877 matches prior closing 1,298,126,870,877"
DCDS,2023-06-22,chain_continuity,True,0.0,"opening 1,320,015,127,584 matches prior closing 1,320,015,127,584"
DCDS,2023-06-29,chain_continuity,True,0.0,"opening 1,341,678,856,796 matches prior closing 1,341,678,856,796"
DCDS,2023-07-06,chain_continuity,True,0.0,"opening 1,318,812,964,508 matches prior closing 1,318,812,964,508"
DCDS,2023-07-13,chain_continuity,True,0.0,"opening 1,333,398,978,071 matches prior closing 1,333,398,978,071"
DCDS,2023-07-20,chain_continuity,True,0.0,"opening 1,389,647,634,295 matches prior closing 1,389,647,634,295"
DCDS,2023-07-27,chain_continuity,True,0.0,"opening 1,401,227,792,244 matches prior closing 1,401,227,792,244"
DCDS,2023-08-03,chain_continuity,True,0.0,"opening 1,445,022,683,931 matches prior closing 1,445,022,683,931"
DCDS,2023-08-10,chain_continuity,True,0.0,"opening 1,459,610,562,535 matches prior closing 1,459,610,562,535"
DCDS,2023-08-17,chain_continuity,True,0.0,"opening 1,457,357,138,236 matches prior closing 1,457,357,138,236"
DCDS,2023-08-24,chain_continuity,True,0.0,"opening 1,482,532,392,464 matches prior closing 1,482,532,392,464"
DCDS,2023-09-04,chain_continuity,True,0.0,"opening 1,443,287,076,125 matches prior closing 1,443,287,076,125"
DCDS,2023-09-07,chain_continuity,True,0.0,"opening 1,525,718,440,855 matches prior closing 1,525,718,440,855"
DCDS,2023-09-14,chain_continuity,True,0.0,"opening 1,549,725,721,035 matches prior closing 1,549,725,721,035"
DCDS,2023-09-21,chain_continuity,True,0.0,"opening 1,537,407,032,838 matches prior closing 1,537,407,032,838"
DCDS,2023-09-28,chain_continuity,True,0.0,"opening 1,546,199,147,780 matches prior closing 1,546,199,147,780"
DCDS,2023-10-05,chain_continuity,True,0.0,"opening 1,469,255,351,718 matches prior closing 1,469,255,351,718"
DCDS,2023-10-12,chain_continuity,True,0.0,"opening 1,415,995,267,227 matches prior closing 1,415,995,267,227"
DCDS,2023-10-19,chain_continuity,True,0.0,"opening 1,491,218,737,780 matches prior closing 1,491,218,737,780"
DCDS,2023-10-26,chain_continuity,True,0.0,"opening 1,392,385,985,892 matches prior closing 1,392,385,985,892"
DCDS,2023-11-02,chain_continuity,True,0.0,"opening 1,344,025,288,971 matches prior closing 1,344,025,288,971"
DCDS,2023-11-09,chain_continuity,True,0.0,"opening 1,359,966,218,655 matches prior closing 1,359,966,218,655"
DCDS,2023-11-16,chain_continuity,True,0.0,"opening 1,445,102,150,871 matches prior closing 1,445,102,150,871"
DCDS,2023-11-23,chain_continuity,True,0.0,"opening 1,473,895,351,725 matches prior closing 1,473,895,351,725"
DCDS,2023-11-30,chain_continuity,True,0.0,"opening 1,426,127,734,196 matches prior closing 1,426,127,734,196"
DCDS,2023-12-07,chain_continuity,True,0.0,"opening 1,448,622,382,868 matches prior closing 1,448,622,382,868"
DCDS,2023-12-14,chain_continuity,True,0.0,"opening 1,481,951,314,983 matches prior closing 1,481,951,314,983"
DCDS,2023-12-21,chain_continuity,True,0.0,"opening 1,456,058,991,256 matches prior closing 1,456,058,991,256"
DCDS,2023-12-28,chain_continuity,True,0.0,"opening 1,473,836,841,907 matches prior closing 1,473,836,841,907"
DCDS,2024-01-04,chain_continuity,True,0.0,"opening 1,503,956,494,692 matches prior closing 1,503,956,494,692"
DCDS,2024-01-11,chain_continuity,True,0.0,"opening 1,514,901,213,039 matches prior closing 1,514,901,213,039"
DCDS,2024-01-18,chain_continuity,True,0.0,"opening 1,502,576,855,827 matches prior closing 1,502,576,855,827"
DCDS,2024-01-25,chain_continuity,True,0.0,"opening 1,517,839,121,254 matches prior closing 1,517,839,121,254"
DCDS,2024-02-01,chain_continuity,True,0.0,"opening 1,508,545,141,379 matches prior closing 1,508,545,141,379"
DCDS,2024-02-14,chain_continuity,True,0.0,"opening 1,539,480,298,995 matches prior closing 1,539,480,298,995"
DCDS,2024-02-15,chain_continuity,True,0.0,"opening 1,589,995,685,404 matches prior closing 1,589,995,685,404"
DCDS,2024-02-22,chain_continuity,True,0.0,"opening 1,591,238,009,077 matches prior closing 1,591,238,009,077"
DCDS,2024-02-29,chain_continuity,True,0.0,"opening 1,595,961,533,054 matches prior closing 1,595,961,533,054"
DCDS,2024-03-07,chain_continuity,True,0.0,"opening 1,653,815,522,444 matches prior closing 1,653,815,522,444"
DCDS,2024-03-14,chain_continuity,True,0.0,"opening 1,697,541,478,427 matches prior closing 1,697,541,478,427"
DCDS,2024-03-21,chain_continuity,True,0.0,"opening 1,733,870,589,090 matches prior closing 1,733,870,589,090"
DCDS,2024-03-28,chain_continuity,True,0.0,"opening 1,762,013,906,475 matches prior closing 1,762,013,906,475"
DCDS,2024-04-04,chain_continuity,True,0.0,"opening 1,796,366,754,561 matches prior closing 1,796,366,754,561"
DCDS,2024-04-11,chain_continuity,True,0.0,"opening 1,766,696,871,422 matches prior closing 1,766,696,871,422"
DCDS,2024-04-18,chain_continuity,True,0.0,"opening 1,773,610,375,402 matches prior closing 1,773,610,375,402"
DCDS,2024-04-25,chain_continuity,True,0.0,"opening 1,717,411,658,179 matches prior closing 1,717,411,658,179"
DCDS,2024-05-02,chain_continuity,True,0.0,"opening 1,791,635,306,562 matches prior closing 1,791,635,306,562"
DCDS,2024-05-09,chain_continuity,True,0.0,"opening 1,829,561,132,491 matches prior closing 1,829,561,132,491"
DCDS,2024-05-16,chain_continuity,True,0.0,"opening 1,885,352,190,121 matches prior closing 1,885,352,190,121"
DCDS,2024-05-23,chain_continuity,True,0.0,"opening 1,925,632,688,351 matches prior closing 1,925,632,688,351"
DCDS,2024-05-30,chain_continuity,True,0.0,"opening 1,922,464,476,603 matches prior closing 1,922,464,476,603"
DCDS,2024-06-06,chain_continuity,True,0.0,"opening 1,929,028,992,578 matches prior closing 1,929,028,992,578"
DCDS,2024-06-13,chain_continuity,True,0.0,"opening 1,968,623,347,485 matches prior closing 1,968,623,347,485"
DCDS,2024-06-20,chain_continuity,True,0.0,"opening 2,054,849,548,623 matches prior closing 2,054,849,548,623"
DCDS,2024-06-27,chain_continuity,True,0.0,"opening 2,015,132,972,848 matches prior closing 2,015,132,972,848"
DCDS,2024-07-04,chain_continuity,True,0.0,"opening 1,995,617,832,263 matches prior closing 1,995,617,832,263"
DCDS,2024-07-11,chain_continuity,True,0.0,"opening 2,088,104,158,478 matches prior closing 2,088,104,158,478"
DCDS,2024-07-18,chain_continuity,True,0.0,"opening 2,105,790,680,405 matches prior closing 2,105,790,680,405"
DCDS,2024-07-25,chain_continuity,True,0.0,"opening 2,113,863,328,092 matches prior closing 2,113,863,328,092"
DCDS,2024-08-01,chain_continuity,True,0.0,"opening 2,129,210,583,713 matches prior closing 2,129,210,583,713"
DCDS,2024-08-08,chain_continuity,True,0.0,"opening 2,143,070,598,318 matches prior closing 2,143,070,598,318"
DCDS,2024-08-15,chain_continuity,True,0.0,"opening 2,163,587,623,875 matches prior closing 2,163,587,623,875"
DCDS,2024-08-22,chain_continuity,True,0.0,"opening 2,240,552,007,122 matches prior closing 2,240,552,007,122"
DCDS,2024-08-29,chain_continuity,True,0.0,"opening 2,343,270,584,837 matches prior closing 2,343,270,584,837"
DCDS,2024-09-05,chain_continuity,True,0.0,"opening 2,268,601,958,107 matches prior closing 2,268,601,958,107"
DCDS,2024-09-12,chain_continuity,True,0.0,"opening 2,254,521,668,154 matches prior closing 2,254,521,668,154"
DCDS,2024-09-19,chain_continuity,True,0.0,"opening 2,428,551,764,711 matches prior closing 2,428,551,764,711"
DCDS,2024-09-26,chain_continuity,True,0.0,"opening 2,533,538,574,077 matches prior closing 2,533,538,574,077"
DCDS,2024-10-03,chain_continuity,True,0.0,"opening 2,579,945,813,476 matches prior closing 2,579,945,813,476"
DCDS,2024-10-10,chain_continuity,True,0.0,"opening 2,482,781,225,145 matches prior closing 2,482,781,225,145"
DCDS,2024-10-17,chain_continuity,True,0.0,"opening 2,546,028,126,383 matches prior closing 2,546,028,126,383"
DCDS,2024-10-24,chain_continuity,True,0.0,"opening 2,561,718,642,896 matches prior closing 2,561,718,642,896"
DCDS,2024-10-31,chain_continuity,True,0.0,"opening 2,538,518,080,796 matches prior closing 2,538,518,080,796"
DCDS,2024-11-07,chain_continuity,True,0.0,"opening 2,613,534,019,879 matches prior closing 2,613,534,019,879"
DCDS,2024-11-14,chain_continuity,True,0.0,"opening 2,662,113,434,034 matches prior closing 2,662,113,434,034"
DCDS,2024-11-21,chain_continuity,True,0.0,"opening 2,632,621,892,273 matches prior closing 2,632,621,892,273"
DCDS,2024-11-28,chain_continuity,True,0.0,"opening 2,657,990,536,869 matches prior closing 2,657,990,536,869"
DCDS,2024-12-05,chain_continuity,True,0.0,"opening 2,770,021,138,573 matches prior closing 2,770,021,138,573"
DCDS,2024-12-12,chain_continuity,True,0.0,"opening 2,863,168,212,496 matches prior closing 2,863,168,212,496"
DCDS,2024-12-19,chain_continuity,True,0.0,"opening 2,805,973,633,368 matches prior closing 2,805,973,633,368"
DCDS,2024-12-26,chain_continuity,True,0.0,"opening 2,808,529,954,934 matches prior closing 2,808,529,954,934"
DCDS,2025-01-02,chain_continuity,True,0.0,"opening 2,858,990,511,401 matches prior closing 2,858,990,511,401"
DCDS,2025-01-09,chain_continuity,True,0.0,"opening 2,864,149,958,133 matches prior closing 2,864,149,958,133"
DCDS,2025-01-16,chain_continuity,True,0.0,"opening 2,812,546,312,085 matches prior closing 2,812,546,312,085"
DCDS,2025-01-23,chain_continuity,True,0.0,"opening 2,872,414,396,958 matches prior closing 2,872,414,396,958"
DCDS,2025-02-02,chain_continuity,True,0.0,"opening 2,956,059,094,381 matches prior closing 2,956,059,094,381"
DCDS,2025-02-06,chain_continuity,True,0.0,"opening 2,964,026,075,889 matches prior closing 2,964,026,075,889"
DCDS,2025-02-13,chain_continuity,True,0.0,"opening 2,967,527,798,783 matches prior closing 2,967,527,798,783"
DCDS,2025-02-20,chain_continuity,True,0.0,"opening 2,867,678,724,560 matches prior closing 2,867,678,724,560"
DCDS,2025-02-27,chain_continuity,True,0.0,"opening 2,894,915,897,292 matches prior closing 2,894,915,897,292"
DCDS,2025-03-06,chain_continuity,True,0.0,"opening 2,866,718,318,538 matches prior closing 2,866,718,318,538"
DCDS,2025-03-13,chain_continuity,True,0.0,"opening 2,865,354,737,501 matches prior closing 2,865,354,737,501"
DCDS,2025-03-20,chain_continuity,True,0.0,"opening 2,787,136,393,765 matches prior closing 2,787,136,393,765"
DCDS,2025-03-27,chain_continuity,True,0.0,"opening 2,742,175,366,713 matches prior closing 2,742,175,366,713"
DCDS,2025-04-03,chain_continuity,True,0.0,"opening 2,807,391,246,248 matches prior closing 2,807,391,246,248"
DCDS,2025-04-10,chain_continuity,True,0.0,"opening 2,634,064,276,431 matches prior closing 2,634,064,276,431"
DCDS,2025-04-17,chain_continuity,True,0.0,"opening 2,557,134,565,149 matches prior closing 2,557,134,565,149"
DCDS,2025-04-24,chain_continuity,True,0.0,"opening 2,785,108,432,400 matches prior closing 2,785,108,432,400"
DCDS,2025-05-04,chain_continuity,True,0.0,"opening 2,849,602,890,712 matches prior closing 2,849,602,890,712"
DCDS,2025-05-08,chain_continuity,True,0.0,"opening 2,862,468,897,117 matches prior closing 2,862,468,897,117"
DCDS,2025-05-15,chain_continuity,True,0.0,"opening 2,963,101,915,082 matches prior closing 2,963,101,915,082"
DCDS,2025-05-22,chain_continuity,True,0.0,"opening 3,037,972,552,459 matches prior closing 3,037,972,552,459"
DCDS,2025-05-29,chain_continuity,True,0.0,"opening 3,025,291,229,563 matches prior closing 3,025,291,229,563"
DCDS,2025-06-05,chain_continuity,True,0.0,"opening 3,026,396,095,931 matches prior closing 3,026,396,095,931"
DCDS,2025-06-12,chain_continuity,True,0.0,"opening 3,002,111,771,634 matches prior closing 3,002,111,771,634"
DCDS,2025-06-19,chain_continuity,True,0.0,"opening 3,014,355,966,671 matches prior closing 3,014,355,966,671"
DCDS,2025-06-26,chain_continuity,True,0.0,"opening 3,076,691,411,504 matches prior closing 3,076,691,411,504"
DCDS,2025-07-03,chain_continuity,True,0.0,"opening 3,116,273,619,986 matches prior closing 3,116,273,619,986"
DCDS,2025-07-10,chain_continuity,True,0.0,"opening 3,152,153,259,911 matches prior closing 3,152,153,259,911"
DCDS,2025-07-17,chain_continuity,True,0.0,"opening 3,251,095,478,947 matches prior closing 3,251,095,478,947"
DCDS,2025-07-24,chain_continuity,True,0.0,"opening 3,403,618,722,456 matches prior closing 3,403,618,722,456"
DCDS,2025-07-31,chain_continuity,True,0.0,"opening 3,443,459,716,234 matches prior closing 3,443,459,716,234"
DCDS,2025-08-07,chain_continuity,True,0.0,"opening 3,397,281,062,763 matches prior closing 3,397,281,062,763"
DCDS,2025-08-14,chain_continuity,True,0.0,"opening 3,679,958,127,866 matches prior closing 3,679,958,127,866"
DCDS,2025-08-21,chain_continuity,True,0.0,"opening 3,812,922,549,613 matches prior closing 3,812,922,549,613"
DCDS,2025-08-28,chain_continuity,True,0.0,"opening 3,943,406,944,261 matches prior closing 3,943,406,944,261"
DCDS,2025-09-04,chain_continuity,True,0.0,"opening 4,024,878,450,023 matches prior closing 4,024,878,450,023"
DCDS,2025-09-11,chain_continuity,True,0.0,"opening 4,108,285,023,869 matches prior closing 4,108,285,023,869"
DCDS,2025-09-18,chain_continuity,True,0.0,"opening 4,143,349,784,885 matches prior closing 4,143,349,784,885"
DCDS,2025-09-25,chain_continuity,True,0.0,"opening 4,231,931,662,665 matches prior closing 4,231,931,662,665"
DCDS,2025-10-02,chain_continuity,True,0.0,"opening 4,363,031,168,076 matches prior closing 4,363,031,168,076"
DCDS,2025-10-09,chain_continuity,True,0.0,"opening 4,375,573,950,293 matches prior closing 4,375,573,950,293"
DCDS,2025-10-16,chain_continuity,True,0.0,"opening 4,651,790,945,387 matches prior closing 4,651,790,945,387"
DCDS,2025-10-23,chain_continuity,True,0.0,"opening 4,856,034,909,289 matches prior closing 4,856,034,909,289"
DCDS,2025-10-30,chain_continuity,True,0.0,"opening 4,914,141,656,332 matches prior closing 4,914,141,656,332"
DCDS,2025-11-06,chain_continuity,True,0.0,"opening 5,052,957,013,881 matches prior closing 5,052,957,013,881"
DCDS,2025-11-13,chain_continuity,True,0.0,"opening 5,066,679,570,144 matches prior closing 5,066,679,570,144"
DCDS,2025-11-20,chain_continuity,True,0.0,"opening 5,168,402,341,607 matches prior closing 5,168,402,341,607"
DCDS,2025-11-27,chain_continuity,True,0.0,"opening 5,324,471,381,216 matches prior closing 5,324,471,381,216"
DCDS,2025-12-04,chain_continuity,True,0.0,"opening 5,444,487,437,635 matches prior closing 5,444,487,437,635"
DCDS,2025-12-11,chain_continuity,True,0.0,"opening 5,659,122,910,531 matches prior closing 5,659,122,910,531"
DCDS,2025-12-18,chain_continuity,True,0.0,"opening 5,484,862,615,770 matches prior closing 5,484,862,615,770"
DCDS,2025-12-25,chain_continuity,True,0.0,"opening 5,478,443,398,642 matches prior closing 5,478,443,398,642"
DCDS,2026-01-04,chain_continuity,True,0.0,"opening 5,694,025,046,515 matches prior closing 5,694,025,046,515"
DCDS,2026-01-08,chain_continuity,True,0.0,"opening 5,772,720,329,626 matches prior closing 5,772,720,329,626"
DCDS,2026-01-15,chain_continuity,True,0.0,"opening 5,799,761,319,065 matches prior closing 5,799,761,319,065"
DCDS,2026-01-22,chain_continuity,True,0.0,"opening 5,734,084,810,373 matches prior closing 5,734,084,810,373"
DCDS,2026-01-29,chain_continuity,True,0.0,"opening 5,808,936,425,008 matches prior closing 5,808,936,425,008"
DCDS,2026-02-05,chain_continuity,True,0.0,"opening 5,791,229,651,054 matches prior closing 5,791,229,651,054"
DCDS,2026-02-12,chain_continuity,True,0.0,"opening 5,864,835,533,470 matches prior closing 5,864,835,533,470"
DCDS,2026-02-22,chain_continuity,True,0.0,"opening 6,051,103,244,884 matches prior closing 6,051,103,244,884"
DCDS,2026-02-26,chain_continuity,True,0.0,"opening 6,110,421,576,752 matches prior closing 6,110,421,576,752"
DCDS,2026-03-05,chain_continuity,True,0.0,"opening 6,344,419,577,092 matches prior closing 6,344,419,577,092"
DCDS,2026-03-12,chain_continuity,True,0.0,"opening 6,037,479,685,769 matches prior closing 6,037,479,685,769"
DCDS,2026-03-19,chain_continuity,True,0.0,"opening 5,977,261,107,006 matches prior closing 5,977,261,107,006"
DCDS,2026-03-26,chain_continuity,True,0.0,"opening 5,961,901,481,551 matches prior closing 5,961,901,481,551"
DCDS,2026-04-02,chain_continuity,True,0.0,"opening 5,734,658,173,462 matches prior closing 5,734,658,173,462"
DCDS,2026-04-09,chain_continuity,True,0.0,"opening 5,867,820,509,607 matches prior closing 5,867,820,509,607"
DCDS,2026-04-16,chain_continuity,True,0.0,"opening 5,940,246,704,963 matches prior closing 5,940,246,704,963"
DCDS,2026-04-23,chain_continuity,True,0.0,"opening 6,040,077,207,589 matches prior closing 6,040,077,207,589"
DCDS,2026-05-03,chain_continuity,True,0.0,"opening 6,154,144,389,967 matches prior closing 6,154,144,389,967"
DCDS,2026-05-07,chain_continuity,True,0.0,"opening 6,119,891,212,722 matches prior closing 6,119,891,212,722"
DCDS,2026-05-14,chain_continuity,True,0.0,"opening 6,235,430,392,100 matches prior closing 6,235,430,392,100"
DCDS,2026-05-21,chain_continuity,True,0.0,"opening 6,267,553,204,749 matches prior closing 6,267,553,204,749"
DCDS,2026-05-28,chain_continuity,True,0.0,"opening 6,109,382,539,886 matches prior closing 6,109,382,539,886"
DCDS,2026-06-04,chain_continuity,True,0.0,"opening 6,000,434,927,069 matches prior closing 6,000,434,927,069"
DCDS,2026-06-11,chain_continuity,True,0.0,"opening 5,955,390,572,665 matches prior closing 5,955,390,572,665"
DCDS,2026-06-18,chain_continuity,True,0.0,"opening 5,867,438,242,937 matches prior closing 5,867,438,242,937"
DCDS,2026-06-25,chain_continuity,True,0.0,"opening 6,003,970,284,995 matches prior closing 6,003,970,284,995"
DCDS,2026-07-02,chain_continuity,True,0.0,"opening 6,031,840,742,473 matches prior closing 6,031,840,742,473"
DCDS,2026-07-09,chain_continuity,True,0.0,"opening 6,099,135,825,088 matches prior closing 6,099,135,825,088"
DCDS,2026-07-16,chain_continuity,True,0.0,"opening 5,982,790,873,647 matches prior closing 5,982,790,873,647"
DCDS,2026-07-23,chain_continuity,True,0.0,"opening 5,896,980,165,538 matches prior closing 5,896,980,165,538"
DCDS,2026-07-30,chain_continuity,True,0.0,"opening 5,629,730,370,724 matches prior closing 5,629,730,370,724"
DCDS,2026-08-06,chain_continuity,True,0.0,"opening 5,734,531,806,657 matches prior closing 5,734,531,806,657"
DCDS,2026-08-13,chain_continuity,True,0.0,"opening 5,802,809,297,939 matches prior closing 5,802,809,297,939"
DCIP,2021-06-24,chain_continuity,True,0.0,"opening 211,322,955,435 matches prior closing 211,322,955,435"
DCIP,2021-07-01,chain_continuity,True,0.0,"opening 211,344,999,043 matches prior closing 211,344,999,043"
DCIP,2021-07-08,chain_continuity,True,0.0,"opening 212,182,054,387 matches prior closing 212,182,054,387"
DCIP,2021-07-15,chain_continuity,True,0.0,"opening 212,387,264,634 matches prior closing 212,387,264,634"
DCIP,2021-07-22,chain_continuity,True,0.0,"opening 212,623,534,428 matches prior closing 212,623,534,428"
DCIP,2021-07-29,chain_continuity,True,0.0,"opening 212,865,550,412 matches prior closing 212,865,550,412"
DCIP,2021-08-05,chain_continuity,True,0.0,"opening 213,150,004,652 matches prior closing 213,150,004,652"
DCIP,2021-08-12,chain_continuity,True,0.0,"opening 213,502,619,370 matches prior closing 213,502,619,370"
DCIP,2021-08-19,chain_continuity,True,0.0,"opening 214,471,002,940 matches prior closing 214,471,002,940"
DCIP,2021-08-26,chain_continuity,True,0.0,"opening 216,695,348,577 matches prior closing 216,695,348,577"
DCIP,2021-09-02,chain_continuity,True,0.0,"opening 217,077,282,012 matches prior closing 217,077,282,012"
DCIP,2021-09-09,chain_continuity,True,0.0,"opening 217,443,542,112 matches prior closing 217,443,542,112"
DCIP,2021-09-16,chain_continuity,True,0.0,"opening 219,105,259,353 matches prior closing 219,105,259,353"
DCIP,2021-09-23,chain_continuity,True,0.0,"opening 222,974,908,167 matches prior closing 222,974,908,167"
DCIP,2021-09-30,chain_continuity,True,0.0,"opening 274,510,026,836 matches prior closing 274,510,026,836"
DCIP,2021-10-07,chain_continuity,True,0.0,"opening 275,800,235,445 matches prior closing 275,800,235,445"
DCIP,2021-10-14,chain_continuity,True,0.0,"opening 276,181,709,148 matches prior closing 276,181,709,148"
DCIP,2021-10-21,chain_continuity,True,0.0,"opening 276,753,351,641 matches prior closing 276,753,351,641"
DCIP,2021-10-28,chain_continuity,True,0.0,"opening 268,433,047,855 matches prior closing 268,433,047,855"
DCIP,2021-11-04,chain_continuity,True,0.0,"opening 268,742,672,246 matches prior closing 268,742,672,246"
DCIP,2021-11-11,chain_continuity,True,0.0,"opening 269,397,117,842 matches prior closing 269,397,117,842"
DCIP,2021-11-18,chain_continuity,True,0.0,"opening 269,707,424,209 matches prior closing 269,707,424,209"
DCIP,2021-11-25,chain_continuity,True,0.0,"opening 269,997,463,844 matches prior closing 269,997,463,844"
DCIP,2021-12-02,chain_continuity,True,0.0,"opening 269,844,101,184 matches prior closing 269,844,101,184"
DCIP,2021-12-09,chain_continuity,True,0.0,"opening 271,311,685,339 matches prior closing 271,311,685,339"
DCIP,2021-12-16,chain_continuity,True,0.0,"opening 271,637,358,545 matches prior closing 271,637,358,545"
DCIP,2021-12-23,chain_continuity,True,0.0,"opening 271,977,947,729 matches prior closing 271,977,947,729"
DCIP,2021-12-30,chain_continuity,True,0.0,"opening 272,026,825,389 matches prior closing 272,026,825,389"
DCIP,2022-01-06,chain_continuity,True,0.0,"opening 271,255,566,431 matches prior closing 271,255,566,431"
DCIP,2022-01-13,chain_continuity,True,0.0,"opening 271,635,479,734 matches prior closing 271,635,479,734"
DCIP,2022-01-20,chain_continuity,True,0.0,"opening 272,142,196,238 matches prior closing 272,142,196,238"
DCIP,2022-01-27,chain_continuity,True,0.0,"opening 272,176,704,803 matches prior closing 272,176,704,803"
DCIP,2022-02-03,chain_continuity,True,0.0,"opening 274,292,670,039 matches prior closing 274,292,670,039"
DCIP,2022-02-10,chain_continuity,True,0.0,"opening 274,648,424,957 matches prior closing 274,648,424,957"
DCIP,2022-02-17,chain_continuity,True,0.0,"opening 275,415,674,839 matches prior closing 275,415,674,839"
DCIP,2022-02-24,chain_continuity,True,0.0,"opening 276,101,233,346 matches prior closing 276,101,233,346"
DCIP,2022-03-03,chain_continuity,True,0.0,"opening 277,141,440,954 matches prior closing 277,141,440,954"
DCIP,2022-03-10,chain_continuity,True,0.0,"opening 274,796,484,883 matches prior closing 274,796,484,883"
DCIP,2022-03-17,chain_continuity,True,0.0,"opening 276,728,828,906 matches prior closing 276,728,828,906"
DCIP,2022-03-24,chain_continuity,True,0.0,"opening 277,217,655,629 matches prior closing 277,217,655,629"
DCIP,2022-03-31,chain_continuity,True,0.0,"opening 278,264,889,533 matches prior closing 278,264,889,533"
DCIP,2022-04-07,chain_continuity,True,0.0,"opening 280,164,586,481 matches prior closing 280,164,586,481"
DCIP,2022-04-14,chain_continuity,True,0.0,"opening 282,803,772,055 matches prior closing 282,803,772,055"
DCIP,2022-04-21,chain_continuity,True,0.0,"opening 292,223,904,900 matches prior closing 292,223,904,900"
DCIP,2022-04-28,chain_continuity,True,0.0,"opening 292,393,158,456 matches prior closing 292,393,158,456"
DCIP,2022-05-05,chain_continuity,True,0.0,"opening 293,687,508,001 matches prior closing 293,687,508,001"
DCIP,2022-05-12,chain_continuity,True,0.0,"opening 294,366,888,992 matches prior closing 294,366,888,992"
DCIP,2022-05-19,chain_continuity,True,0.0,"opening 295,891,858,730 matches prior closing 295,891,858,730"
DCIP,2022-05-26,chain_continuity,True,0.0,"opening 299,196,080,578 matches prior closing 299,196,080,578"
DCIP,2022-06-02,chain_continuity,True,0.0,"opening 302,268,103,223 matches prior closing 302,268,103,223"
DCIP,2022-06-09,chain_continuity,True,0.0,"opening 312,562,104,536 matches prior closing 312,562,104,536"
DCIP,2022-06-16,chain_continuity,True,0.0,"opening 321,401,059,036 matches prior closing 321,401,059,036"
DCIP,2022-06-23,chain_continuity,True,0.0,"opening 341,593,374,901 matches prior closing 341,593,374,901"
DCIP,2022-06-30,chain_continuity,True,0.0,"opening 352,838,893,082 matches prior closing 352,838,893,082"
DCIP,2022-07-07,chain_continuity,True,0.0,"opening 361,357,528,100 matches prior closing 361,357,528,100"
DCIP,2022-07-21,chain_continuity,False,4620203273.0,"opening 382,837,900,368 does not match prior closing 378,217,697,095 (gap 4,620,203,273 VND); likely a missed filing between 2022-07-07 and 2022-07-15"
DCIP,2022-07-28,chain_continuity,True,0.0,"opening 401,897,324,086 matches prior closing 401,897,324,086"
DCIP,2022-08-04,chain_continuity,True,0.0,"opening 465,255,360,989 matches prior closing 465,255,360,989"
DCIP,2022-08-11,chain_continuity,True,0.0,"opening 510,062,704,511 matches prior closing 510,062,704,511"
DCIP,2022-08-18,chain_continuity,True,0.0,"opening 558,135,275,622 matches prior closing 558,135,275,622"
DCIP,2022-08-25,chain_continuity,True,0.0,"opening 674,086,335,792 matches prior closing 674,086,335,792"
DCIP,2022-09-04,chain_continuity,True,0.0,"opening 766,456,653,357 matches prior closing 766,456,653,357"
DCIP,2022-09-08,chain_continuity,True,0.0,"opening 845,279,041,010 matches prior closing 845,279,041,010"
DCIP,2022-09-15,chain_continuity,True,0.0,"opening 877,877,522,910 matches prior closing 877,877,522,910"
DCIP,2022-09-22,chain_continuity,True,0.0,"opening 926,822,732,950 matches prior closing 926,822,732,950"
DCIP,2022-09-29,chain_continuity,True,0.0,"opening 970,459,822,079 matches prior closing 970,459,822,079"
DCIP,2022-10-06,chain_continuity,True,0.0,"opening 1,015,498,379,036 matches prior closing 1,015,498,379,036"
DCIP,2022-10-13,chain_continuity,True,0.0,"opening 1,025,403,772,433 matches prior closing 1,025,403,772,433"
DCIP,2022-10-20,chain_continuity,True,0.0,"opening 908,847,778,068 matches prior closing 908,847,778,068"
DCIP,2022-10-27,chain_continuity,True,0.0,"opening 840,330,757,118 matches prior closing 840,330,757,118"
DCIP,2022-11-03,chain_continuity,True,0.0,"opening 764,389,742,660 matches prior closing 764,389,742,660"
DCIP,2022-11-10,chain_continuity,True,0.0,"opening 675,518,418,471 matches prior closing 675,518,418,471"
DCIP,2022-11-17,chain_continuity,True,0.0,"opening 562,932,127,070 matches prior closing 562,932,127,070"
DCIP,2022-11-24,chain_continuity,True,0.0,"opening 469,910,952,170 matches prior closing 469,910,952,170"
DCIP,2022-12-01,chain_continuity,True,0.0,"opening 377,271,364,045 matches prior closing 377,271,364,045"
DCIP,2022-12-08,chain_continuity,True,0.0,"opening 318,813,675,903 matches prior closing 318,813,675,903"
DCIP,2022-12-15,chain_continuity,True,0.0,"opening 315,493,070,210 matches prior closing 315,493,070,210"
DCIP,2022-12-22,chain_continuity,True,0.0,"opening 313,928,585,562 matches prior closing 313,928,585,562"
DCIP,2022-12-29,chain_continuity,True,0.0,"opening 312,357,149,928 matches prior closing 312,357,149,928"
DCIP,2023-01-05,chain_continuity,True,0.0,"opening 296,494,190,049 matches prior closing 296,494,190,049"
DCIP,2023-01-12,chain_continuity,True,0.0,"opening 292,967,342,027 matches prior closing 292,967,342,027"
DCIP,2023-01-26,chain_continuity,True,0.0,"opening 291,251,056,031 matches prior closing 291,251,056,031"
DCIP,2023-02-02,chain_continuity,True,0.0,"opening 291,572,282,204 matches prior closing 291,572,282,204"
DCIP,2023-02-16,chain_continuity,False,-657576139.0,"opening 290,796,545,011 does not match prior closing 291,454,121,150 (gap -657,576,139 VND); likely a missed filing between 2023-02-02 and 2023-02-10"
DCIP,2023-02-23,chain_continuity,True,0.0,"opening 290,532,120,688 matches prior closing 290,532,120,688"
DCIP,2023-03-02,chain_continuity,True,0.0,"opening 290,856,048,765 matches prior closing 290,856,048,765"
DCIP,2023-03-09,chain_continuity,True,0.0,"opening 290,969,381,290 matches prior closing 290,969,381,290"
DCIP,2023-03-16,chain_continuity,True,0.0,"opening 291,091,725,774 matches prior closing 291,091,725,774"
DCIP,2023-03-23,chain_continuity,True,0.0,"opening 291,362,760,560 matches prior closing 291,362,760,560"
DCIP,2023-03-30,chain_continuity,True,0.0,"opening 292,548,630,301 matches prior closing 292,548,630,301"
DCIP,2023-04-06,chain_continuity,True,0.0,"opening 293,175,370,965 matches prior closing 293,175,370,965"
DCIP,2023-04-13,chain_continuity,True,0.0,"opening 293,314,512,373 matches prior closing 293,314,512,373"
DCIP,2023-04-20,chain_continuity,True,0.0,"opening 293,958,763,064 matches prior closing 293,958,763,064"
DCIP,2023-04-27,chain_continuity,True,0.0,"opening 294,302,660,235 matches prior closing 294,302,660,235"
DCIP,2023-05-04,chain_continuity,True,0.0,"opening 294,178,832,195 matches prior closing 294,178,832,195"
DCIP,2023-05-11,chain_continuity,True,0.0,"opening 295,605,915,003 matches prior closing 295,605,915,003"
DCIP,2023-05-18,chain_continuity,True,0.0,"opening 296,118,998,543 matches prior closing 296,118,998,543"
DCIP,2023-05-25,chain_continuity,True,0.0,"opening 296,422,985,402 matches prior closing 296,422,985,402"
DCIP,2023-06-01,chain_continuity,True,0.0,"opening 296,637,572,946 matches prior closing 296,637,572,946"
DCIP,2023-06-08,chain_continuity,True,0.0,"opening 288,001,057,331 matches prior closing 288,001,057,331"
DCIP,2023-06-15,chain_continuity,True,0.0,"opening 288,087,744,976 matches prior closing 288,087,744,976"
DCIP,2023-06-22,chain_continuity,True,0.0,"opening 287,617,381,795 matches prior closing 287,617,381,795"
DCIP,2023-06-29,chain_continuity,True,0.0,"opening 288,390,485,426 matches prior closing 288,390,485,426"
DCIP,2023-07-06,chain_continuity,True,0.0,"opening 288,801,805,880 matches prior closing 288,801,805,880"
DCIP,2023-07-13,chain_continuity,True,0.0,"opening 289,150,480,980 matches prior closing 289,150,480,980"
DCIP,2023-07-20,chain_continuity,True,0.0,"opening 289,911,120,712 matches prior closing 289,911,120,712"
DCIP,2023-07-27,chain_continuity,True,0.0,"opening 290,115,005,398 matches prior closing 290,115,005,398"
DCIP,2023-08-03,chain_continuity,True,0.0,"opening 291,530,282,309 matches prior closing 291,530,282,309"
DCIP,2023-08-10,chain_continuity,True,0.0,"opening 324,825,977,212 matches prior closing 324,825,977,212"
DCIP,2023-08-17,chain_continuity,True,0.0,"opening 343,301,126,670 matches prior closing 343,301,126,670"
DCIP,2023-08-24,chain_continuity,True,0.0,"opening 397,401,026,692 matches prior closing 397,401,026,692"
DCIP,2023-09-04,chain_continuity,True,0.0,"opening 415,156,694,266 matches prior closing 415,156,694,266"
DCIP,2023-09-07,chain_continuity,True,0.0,"opening 424,320,872,964 matches prior closing 424,320,872,964"
DCIP,2023-09-14,chain_continuity,True,0.0,"opening 429,950,484,736 matches prior closing 429,950,484,736"
DCIP,2023-09-21,chain_continuity,True,0.0,"opening 436,469,799,637 matches prior closing 436,469,799,637"
DCIP,2023-09-28,chain_continuity,True,0.0,"opening 472,404,004,555 matches prior closing 472,404,004,555"
DCIP,2023-10-05,chain_continuity,True,0.0,"opening 491,629,453,183 matches prior closing 491,629,453,183"
DCIP,2023-10-12,chain_continuity,True,0.0,"opening 522,904,061,592 matches prior closing 522,904,061,592"
DCIP,2023-10-19,chain_continuity,True,0.0,"opening 534,013,334,711 matches prior closing 534,013,334,711"
DCIP,2023-10-26,chain_continuity,True,0.0,"opening 586,299,078,814 matches prior closing 586,299,078,814"
DCIP,2023-11-02,chain_continuity,True,0.0,"opening 611,596,239,945 matches prior closing 611,596,239,945"
DCIP,2023-11-09,chain_continuity,True,0.0,"opening 693,031,269,469 matches prior closing 693,031,269,469"
DCIP,2023-11-16,chain_continuity,True,0.0,"opening 728,776,262,030 matches prior closing 728,776,262,030"
DCIP,2023-11-23,chain_continuity,True,0.0,"opening 859,468,293,462 matches prior closing 859,468,293,462"
DCIP,2023-11-30,chain_continuity,True,0.0,"opening 992,764,922,634 matches prior closing 992,764,922,634"
DCIP,2023-12-07,chain_continuity,True,0.0,"opening 1,120,115,101,686 matches prior closing 1,120,115,101,686"
DCIP,2023-12-14,chain_continuity,True,0.0,"opening 1,170,349,466,190 matches prior closing 1,170,349,466,190"
DCIP,2023-12-21,chain_continuity,True,0.0,"opening 1,310,412,604,672 matches prior closing 1,310,412,604,672"
DCIP,2023-12-28,chain_continuity,True,0.0,"opening 1,381,467,736,244 matches prior closing 1,381,467,736,244"
DCIP,2024-01-04,chain_continuity,True,0.0,"opening 1,459,851,078,077 matches prior closing 1,459,851,078,077"
DCIP,2024-01-11,chain_continuity,True,0.0,"opening 1,738,136,694,771 matches prior closing 1,738,136,694,771"
DCIP,2024-01-18,chain_continuity,True,0.0,"opening 1,857,272,957,199 matches prior closing 1,857,272,957,199"
DCIP,2024-01-25,chain_continuity,True,0.0,"opening 1,950,438,664,348 matches prior closing 1,950,438,664,348"
DCIP,2024-02-01,chain_continuity,True,0.0,"opening 2,130,508,923,675 matches prior closing 2,130,508,923,675"
DCIP,2024-02-14,chain_continuity,True,0.0,"opening 2,181,741,857,010 matches prior closing 2,181,741,857,010"
DCIP,2024-02-15,chain_continuity,True,0.0,"opening 2,304,884,285,965 matches prior closing 2,304,884,285,965"
DCIP,2024-02-22,chain_continuity,True,0.0,"opening 2,309,301,069,662 matches prior closing 2,309,301,069,662"
DCIP,2024-02-29,chain_continuity,True,0.0,"opening 2,292,411,538,913 matches prior closing 2,292,411,538,913"
DCIP,2024-03-07,chain_continuity,True,0.0,"opening 2,248,982,381,258 matches prior closing 2,248,982,381,258"
DCIP,2024-03-14,chain_continuity,True,0.0,"opening 2,237,066,533,357 matches prior closing 2,237,066,533,357"
DCIP,2024-03-21,chain_continuity,True,0.0,"opening 2,320,464,310,988 matches prior closing 2,320,464,310,988"
DCIP,2024-03-28,chain_continuity,True,0.0,"opening 2,409,524,854,629 matches prior closing 2,409,524,854,629"
DCIP,2024-04-04,chain_continuity,True,0.0,"opening 2,388,752,039,677 matches prior closing 2,388,752,039,677"
DCIP,2024-04-11,chain_continuity,True,0.0,"opening 2,244,443,699,400 matches prior closing 2,244,443,699,400"
DCIP,2024-04-18,chain_continuity,True,0.0,"opening 2,247,237,595,603 matches prior closing 2,247,237,595,603"
DCIP,2024-04-25,chain_continuity,True,0.0,"opening 2,154,304,127,893 matches prior closing 2,154,304,127,893"
DCIP,2024-05-02,chain_continuity,True,0.0,"opening 2,046,463,731,856 matches prior closing 2,046,463,731,856"
DCIP,2024-05-09,chain_continuity,True,0.0,"opening 2,106,930,866,622 matches prior closing 2,106,930,866,622"
DCIP,2024-05-16,chain_continuity,True,0.0,"opening 2,083,186,670,385 matches prior closing 2,083,186,670,385"
DCIP,2024-05-23,chain_continuity,True,0.0,"opening 1,971,674,163,614 matches prior closing 1,971,674,163,614"
DCIP,2024-05-30,chain_continuity,True,0.0,"opening 1,908,947,952,657 matches prior closing 1,908,947,952,657"
DCIP,2024-06-06,chain_continuity,True,0.0,"opening 1,878,154,001,010 matches prior closing 1,878,154,001,010"
DCIP,2024-06-13,chain_continuity,True,0.0,"opening 1,778,837,713,652 matches prior closing 1,778,837,713,652"
DCIP,2024-06-20,chain_continuity,True,0.0,"opening 1,695,045,680,799 matches prior closing 1,695,045,680,799"
DCIP,2024-06-27,chain_continuity,True,0.0,"opening 1,695,543,847,931 matches prior closing 1,695,543,847,931"
DCIP,2024-07-04,chain_continuity,True,0.0,"opening 1,669,720,628,041 matches prior closing 1,669,720,628,041"
DCIP,2024-07-11,chain_continuity,True,0.0,"opening 1,700,793,633,600 matches prior closing 1,700,793,633,600"
DCIP,2024-07-18,chain_continuity,True,0.0,"opening 1,694,409,276,354 matches prior closing 1,694,409,276,354"
DCIP,2024-07-25,chain_continuity,True,0.0,"opening 1,728,209,385,192 matches prior closing 1,728,209,385,192"
DCIP,2024-08-01,chain_continuity,True,0.0,"opening 1,734,713,770,166 matches prior closing 1,734,713,770,166"
DCIP,2024-08-08,chain_continuity,True,0.0,"opening 1,727,372,183,360 matches prior closing 1,727,372,183,360"
DCIP,2024-08-15,chain_continuity,True,0.0,"opening 1,673,892,642,584 matches prior closing 1,673,892,642,584"
DCIP,2024-08-22,chain_continuity,True,0.0,"opening 1,580,443,386,740 matches prior closing 1,580,443,386,740"
DCIP,2024-08-29,chain_continuity,True,0.0,"opening 1,492,140,967,430 matches prior closing 1,492,140,967,430"
DCIP,2024-09-05,chain_continuity,True,0.0,"opening 1,356,975,004,119 matches prior closing 1,356,975,004,119"
DCIP,2024-09-12,chain_continuity,True,0.0,"opening 1,287,630,448,522 matches prior closing 1,287,630,448,522"
DCIP,2024-09-19,chain_continuity,True,0.0,"opening 1,227,639,182,832 matches prior closing 1,227,639,182,832"
DCIP,2024-09-26,chain_continuity,True,0.0,"opening 1,262,261,018,493 matches prior closing 1,262,261,018,493"
DCIP,2024-10-03,chain_continuity,True,0.0,"opening 1,138,185,159,806 matches prior closing 1,138,185,159,806"
DCIP,2024-10-10,chain_continuity,True,0.0,"opening 1,176,643,496,840 matches prior closing 1,176,643,496,840"
DCIP,2024-10-17,chain_continuity,True,0.0,"opening 1,141,546,021,329 matches prior closing 1,141,546,021,329"
DCIP,2024-10-24,chain_continuity,True,0.0,"opening 1,182,047,165,478 matches prior closing 1,182,047,165,478"
DCIP,2024-10-31,chain_continuity,True,0.0,"opening 1,162,530,773,068 matches prior closing 1,162,530,773,068"
DCIP,2024-11-07,chain_continuity,True,0.0,"opening 1,204,691,095,638 matches prior closing 1,204,691,095,638"
DCIP,2024-11-14,chain_continuity,True,0.0,"opening 1,071,962,114,574 matches prior closing 1,071,962,114,574"
DCIP,2024-11-21,chain_continuity,True,0.0,"opening 1,105,114,238,451 matches prior closing 1,105,114,238,451"
DCIP,2024-11-28,chain_continuity,True,0.0,"opening 1,085,189,795,582 matches prior closing 1,085,189,795,582"
DCIP,2024-12-05,chain_continuity,True,0.0,"opening 1,118,935,715,689 matches prior closing 1,118,935,715,689"
DCIP,2024-12-12,chain_continuity,True,0.0,"opening 1,062,452,002,654 matches prior closing 1,062,452,002,654"
DCIP,2024-12-19,chain_continuity,True,0.0,"opening 1,031,105,631,023 matches prior closing 1,031,105,631,023"
DCIP,2024-12-26,chain_continuity,True,0.0,"opening 1,022,777,247,232 matches prior closing 1,022,777,247,232"
DCIP,2025-01-02,chain_continuity,True,0.0,"opening 979,892,625,924 matches prior closing 979,892,625,924"
DCIP,2025-01-09,chain_continuity,True,0.0,"opening 1,183,252,364,844 matches prior closing 1,183,252,364,844"
DCIP,2025-01-16,chain_continuity,True,0.0,"opening 1,133,123,996,086 matches prior closing 1,133,123,996,086"
DCIP,2025-01-23,chain_continuity,True,0.0,"opening 1,164,811,743,654 matches prior closing 1,164,811,743,654"
DCIP,2025-02-02,chain_continuity,True,0.0,"opening 1,151,691,363,046 matches prior closing 1,151,691,363,046"
DCIP,2025-02-06,chain_continuity,True,0.0,"opening 1,163,138,688,796 matches prior closing 1,163,138,688,796"
DCIP,2025-02-13,chain_continuity,True,0.0,"opening 1,196,695,020,661 matches prior closing 1,196,695,020,661"
DCIP,2025-02-20,chain_continuity,True,0.0,"opening 1,272,995,707,725 matches prior closing 1,272,995,707,725"
DCIP,2025-02-27,chain_continuity,True,0.0,"opening 1,228,721,634,938 matches prior closing 1,228,721,634,938"
DCIP,2025-03-06,chain_continuity,True,0.0,"opening 1,204,801,838,985 matches prior closing 1,204,801,838,985"
DCIP,2025-03-13,chain_continuity,True,0.0,"opening 1,206,638,397,550 matches prior closing 1,206,638,397,550"
DCIP,2025-03-20,chain_continuity,True,0.0,"opening 1,293,633,445,500 matches prior closing 1,293,633,445,500"
DCIP,2025-03-27,chain_continuity,True,0.0,"opening 1,239,507,633,108 matches prior closing 1,239,507,633,108"
DCIP,2025-04-03,chain_continuity,True,0.0,"opening 1,197,553,442,583 matches prior closing 1,197,553,442,583"
DCIP,2025-04-10,chain_continuity,True,0.0,"opening 1,163,801,488,612 matches prior closing 1,163,801,488,612"
DCIP,2025-04-17,chain_continuity,True,0.0,"opening 1,141,998,011,048 matches prior closing 1,141,998,011,048"
DCIP,2025-04-24,chain_continuity,True,0.0,"opening 1,110,210,367,311 matches prior closing 1,110,210,367,311"
DCIP,2025-05-04,chain_continuity,True,0.0,"opening 1,102,356,130,695 matches prior closing 1,102,356,130,695"
DCIP,2025-05-08,chain_continuity,True,0.0,"opening 1,078,209,550,965 matches prior closing 1,078,209,550,965"
DCIP,2025-05-15,chain_continuity,True,0.0,"opening 1,075,957,646,928 matches prior closing 1,075,957,646,928"
DCIP,2025-05-22,chain_continuity,True,0.0,"opening 1,110,086,162,109 matches prior closing 1,110,086,162,109"
DCIP,2025-05-29,chain_continuity,True,0.0,"opening 1,229,043,629,703 matches prior closing 1,229,043,629,703"
DCIP,2025-06-05,chain_continuity,True,0.0,"opening 1,257,625,568,438 matches prior closing 1,257,625,568,438"
DCIP,2025-06-12,chain_continuity,True,0.0,"opening 1,340,931,890,472 matches prior closing 1,340,931,890,472"
DCIP,2025-06-19,chain_continuity,True,0.0,"opening 1,314,004,184,959 matches prior closing 1,314,004,184,959"
DCIP,2025-06-26,chain_continuity,True,0.0,"opening 1,351,523,050,874 matches prior closing 1,351,523,050,874"
DCIP,2025-07-03,chain_continuity,True,0.0,"opening 1,477,559,622,123 matches prior closing 1,477,559,622,123"
DCIP,2025-07-10,chain_continuity,True,0.0,"opening 1,485,649,046,835 matches prior closing 1,485,649,046,835"
DCIP,2025-07-17,chain_continuity,True,0.0,"opening 1,457,861,500,286 matches prior closing 1,457,861,500,286"
DCIP,2025-07-24,chain_continuity,True,0.0,"opening 1,511,318,798,467 matches prior closing 1,511,318,798,467"
DCIP,2025-07-31,chain_continuity,True,0.0,"opening 1,724,577,351,884 matches prior closing 1,724,577,351,884"
DCIP,2025-08-07,chain_continuity,True,0.0,"opening 1,855,526,544,015 matches prior closing 1,855,526,544,015"
DCIP,2025-08-14,chain_continuity,True,0.0,"opening 1,917,827,639,612 matches prior closing 1,917,827,639,612"
DCIP,2025-08-21,chain_continuity,True,0.0,"opening 1,949,005,520,431 matches prior closing 1,949,005,520,431"
DCIP,2025-08-28,chain_continuity,True,0.0,"opening 2,011,906,473,389 matches prior closing 2,011,906,473,389"
DCIP,2025-09-04,chain_continuity,True,0.0,"opening 1,920,670,572,023 matches prior closing 1,920,670,572,023"
DCIP,2025-09-11,chain_continuity,True,0.0,"opening 1,928,043,492,079 matches prior closing 1,928,043,492,079"
DCIP,2025-09-18,chain_continuity,True,0.0,"opening 2,091,985,834,665 matches prior closing 2,091,985,834,665"
DCIP,2025-09-25,chain_continuity,True,0.0,"opening 2,039,585,075,891 matches prior closing 2,039,585,075,891"
DCIP,2025-10-02,chain_continuity,True,0.0,"opening 2,005,102,512,306 matches prior closing 2,005,102,512,306"
DCIP,2025-10-09,chain_continuity,True,0.0,"opening 2,023,873,569,056 matches prior closing 2,023,873,569,056"
DCIP,2025-10-16,chain_continuity,True,0.0,"opening 2,005,710,212,289 matches prior closing 2,005,710,212,289"
DCIP,2025-10-23,chain_continuity,True,0.0,"opening 1,990,669,907,449 matches prior closing 1,990,669,907,449"
DCIP,2025-10-30,chain_continuity,True,0.0,"opening 1,947,347,901,890 matches prior closing 1,947,347,901,890"
DCIP,2025-11-06,chain_continuity,True,0.0,"opening 1,922,529,251,425 matches prior closing 1,922,529,251,425"
DCIP,2025-11-13,chain_continuity,True,0.0,"opening 1,889,947,555,789 matches prior closing 1,889,947,555,789"
DCIP,2025-11-20,chain_continuity,True,0.0,"opening 1,837,067,499,118 matches prior closing 1,837,067,499,118"
DCIP,2025-11-27,chain_continuity,True,0.0,"opening 1,816,953,211,927 matches prior closing 1,816,953,211,927"
DCIP,2025-12-04,chain_continuity,True,0.0,"opening 1,810,132,682,787 matches prior closing 1,810,132,682,787"
DCIP,2025-12-11,chain_continuity,True,0.0,"opening 1,851,290,817,120 matches prior closing 1,851,290,817,120"
DCIP,2025-12-18,chain_continuity,True,0.0,"opening 1,902,769,705,387 matches prior closing 1,902,769,705,387"
DCIP,2025-12-25,chain_continuity,True,0.0,"opening 1,654,829,297,209 matches prior closing 1,654,829,297,209"
DCIP,2026-01-04,chain_continuity,True,0.0,"opening 1,559,093,838,877 matches prior closing 1,559,093,838,877"
DCIP,2026-01-08,chain_continuity,True,0.0,"opening 1,343,236,695,803 matches prior closing 1,343,236,695,803"
DCIP,2026-01-15,chain_continuity,True,0.0,"opening 1,368,261,903,826 matches prior closing 1,368,261,903,826"
DCIP,2026-01-22,chain_continuity,True,0.0,"opening 1,276,287,585,385 matches prior closing 1,276,287,585,385"
DCIP,2026-01-29,chain_continuity,True,0.0,"opening 1,211,712,027,215 matches prior closing 1,211,712,027,215"
DCIP,2026-02-05,chain_continuity,True,0.0,"opening 1,232,052,897,747 matches prior closing 1,232,052,897,747"
DCIP,2026-02-12,chain_continuity,True,0.0,"opening 1,175,781,977,627 matches prior closing 1,175,781,977,627"
DCIP,2026-02-22,chain_continuity,True,0.0,"opening 1,103,315,873,739 matches prior closing 1,103,315,873,739"
DCIP,2026-02-26,chain_continuity,True,0.0,"opening 1,127,267,533,864 matches prior closing 1,127,267,533,864"
DCIP,2026-03-05,chain_continuity,True,0.0,"opening 1,132,427,894,910 matches prior closing 1,132,427,894,910"
DCIP,2026-03-12,chain_continuity,True,0.0,"opening 1,130,809,239,885 matches prior closing 1,130,809,239,885"
DCIP,2026-03-19,chain_continuity,True,0.0,"opening 1,111,087,480,702 matches prior closing 1,111,087,480,702"
DCIP,2026-03-26,chain_continuity,True,0.0,"opening 1,022,811,347,375 matches prior closing 1,022,811,347,375"
DCIP,2026-04-02,chain_continuity,True,0.0,"opening 968,181,356,120 matches prior closing 968,181,356,120"
DCIP,2026-04-09,chain_continuity,True,0.0,"opening 976,740,199,005 matches prior closing 976,740,199,005"
DCIP,2026-04-16,chain_continuity,True,0.0,"opening 901,826,477,026 matches prior closing 901,826,477,026"
DCIP,2026-04-23,chain_continuity,True,0.0,"opening 891,475,482,079 matches prior closing 891,475,482,079"
DCIP,2026-05-03,chain_continuity,True,0.0,"opening 832,024,074,343 matches prior closing 832,024,074,343"
DCIP,2026-05-07,chain_continuity,True,0.0,"opening 813,333,967,474 matches prior closing 813,333,967,474"
DCIP,2026-05-14,chain_continuity,True,0.0,"opening 787,205,473,253 matches prior closing 787,205,473,253"
DCIP,2026-05-21,chain_continuity,True,0.0,"opening 816,095,860,912 matches prior closing 816,095,860,912"
DCIP,2026-05-28,chain_continuity,True,0.0,"opening 791,344,873,237 matches prior closing 791,344,873,237"
DCIP,2026-06-04,chain_continuity,True,0.0,"opening 777,668,458,976 matches prior closing 777,668,458,976"
DCIP,2026-06-11,chain_continuity,True,0.0,"opening 756,179,446,701 matches prior closing 756,179,446,701"
DCIP,2026-06-18,chain_continuity,True,0.0,"opening 753,033,181,001 matches prior closing 753,033,181,001"
DCIP,2026-06-25,chain_continuity,True,0.0,"opening 730,471,213,381 matches prior closing 730,471,213,381"
DCIP,2026-07-02,chain_continuity,True,0.0,"opening 745,735,353,635 matches prior closing 745,735,353,635"
DCIP,2026-07-09,chain_continuity,True,0.0,"opening 680,047,216,305 matches prior closing 680,047,216,305"
DCIP,2026-07-16,chain_continuity,True,0.0,"opening 618,181,793,804 matches prior closing 618,181,793,804"
DCIP,2026-07-23,chain_continuity,True,0.0,"opening 609,211,612,372 matches prior closing 609,211,612,372"
DCIP,2026-07-30,chain_continuity,True,0.0,"opening 594,556,659,448 matches prior closing 594,556,659,448"
DCIP,2026-08-06,chain_continuity,True,0.0,"opening 577,126,823,165 matches prior closing 577,126,823,165"
DCIP,2026-08-13,chain_continuity,True,0.0,"opening 571,190,514,849 matches prior closing 571,190,514,849"
