fund_code,period_end,check,passed,residual_vnd,detail
VCBF-AIF,2025-02-12,reconcile,True,0.0,"nav_end 95,977,887,309 vs identity 95,977,887,309, residual 0.00 VND (absent, treated as 0: chg_distribution) [flow from net line 3.2]"
VCBF-AIF,2025-02-19,reconcile,True,0.0,"nav_end 121,680,048,741 vs identity 121,680,048,741, residual 0.00 VND (absent, treated as 0: chg_distribution) [flow from gross legs 3.2.1+3.2.2]"
VCBF-AIF,2025-02-26,reconcile,True,0.0,"nav_end 139,558,617,930 vs identity 139,558,617,930, residual 0.00 VND (absent, treated as 0: chg_distribution) [flow from gross legs 3.2.1+3.2.2]"
VCBF-AIF,2025-03-05,reconcile,True,0.0,"nav_end 159,856,368,481 vs identity 159,856,368,481, residual 0.00 VND (absent, treated as 0: chg_distribution) [flow from gross legs 3.2.1+3.2.2]"
VCBF-AIF,2025-03-12,reconcile,True,0.0,"nav_end 171,680,269,184 vs identity 171,680,269,184, residual 0.00 VND (absent, treated as 0: chg_distribution) [flow from gross legs 3.2.1+3.2.2]"
VCBF-AIF,2025-03-19,reconcile,True,0.0,"nav_end 179,555,910,123 vs identity 179,555,910,123, residual 0.00 VND (absent, treated as 0: chg_distribution) [flow from gross legs 3.2.1+3.2.2]"
VCBF-AIF,2025-03-26,reconcile,True,0.0,"nav_end 198,612,356,313 vs identity 198,612,356,313, residual 0.00 VND (absent, treated as 0: chg_distribution) [flow from gross legs 3.2.1+3.2.2]"
VCBF-AIF,2025-04-02,reconcile,True,0.0,"nav_end 202,564,845,009 vs identity 202,564,845,009, residual 0.00 VND (absent, treated as 0: chg_distribution) [flow from gross legs 3.2.1+3.2.2]"
VCBF-AIF,2025-04-09,reconcile,True,0.0,"nav_end 172,990,578,269 vs identity 172,990,578,269, residual 0.00 VND (absent, treated as 0: chg_distribution) [flow from gross legs 3.2.1+3.2.2]"
VCBF-AIF,2025-04-16,reconcile,True,0.0,"nav_end 196,221,281,087 vs identity 196,221,281,087, residual 0.00 VND (absent, treated as 0: chg_distribution) [flow from gross legs 3.2.1+3.2.2]"
VCBF-AIF,2025-04-23,reconcile,True,0.0,"nav_end 201,308,720,636 vs identity 201,308,720,636, residual 0.00 VND (absent, treated as 0: chg_distribution) [flow from gross legs 3.2.1+3.2.2]"
VCBF-AIF,2025-04-30,reconcile,True,0.0,"nav_end 207,716,161,452 vs identity 207,716,161,452, residual 0.00 VND (absent, treated as 0: chg_distribution) [flow from gross legs 3.2.1+3.2.2]"
VCBF-AIF,2025-05-07,reconcile,True,0.0,"nav_end 212,283,610,385 vs identity 212,283,610,385, residual 0.00 VND (absent, treated as 0: chg_distribution) [flow from gross legs 3.2.1+3.2.2]"
VCBF-AIF,2025-05-14,reconcile,True,0.0,"nav_end 229,229,073,218 vs identity 229,229,073,218, residual 0.00 VND (absent, treated as 0: chg_distribution) [flow from gross legs 3.2.1+3.2.2]"
VCBF-AIF,2025-05-21,reconcile,True,0.0,"nav_end 230,800,249,664 vs identity 230,800,249,664, residual 0.00 VND (absent, treated as 0: chg_distribution) [flow from gross legs 3.2.1+3.2.2]"
VCBF-AIF,2025-05-28,reconcile,True,0.0,"nav_end 235,389,979,847 vs identity 235,389,979,847, residual 0.00 VND (absent, treated as 0: chg_distribution) [flow from gross legs 3.2.1+3.2.2]"
VCBF-AIF,2025-06-11,reconcile,True,0.0,"nav_end 234,128,316,484 vs identity 234,128,316,484, residual 0.00 VND (absent, treated as 0: chg_distribution) [flow from gross legs 3.2.1+3.2.2]"
VCBF-AIF,2025-06-18,reconcile,True,0.0,"nav_end 241,408,354,022 vs identity 241,408,354,022, residual 0.00 VND (absent, treated as 0: chg_distribution) [flow from gross legs 3.2.1+3.2.2]"
VCBF-AIF,2025-06-25,reconcile,True,0.0,"nav_end 247,828,673,083 vs identity 247,828,673,083, residual 0.00 VND (absent, treated as 0: chg_distribution) [flow from gross legs 3.2.1+3.2.2]"
VCBF-AIF,2025-07-02,reconcile,True,0.0,"nav_end 254,162,492,936 vs identity 254,162,492,936, residual 0.00 VND (absent, treated as 0: chg_distribution) [flow from gross legs 3.2.1+3.2.2]"
VCBF-AIF,2025-07-09,reconcile,True,0.0,"nav_end 262,559,034,138 vs identity 262,559,034,138, residual 0.00 VND (absent, treated as 0: chg_distribution) [flow from gross legs 3.2.1+3.2.2]"
VCBF-AIF,2025-07-16,reconcile,True,0.0,"nav_end 268,972,539,700 vs identity 268,972,539,700, residual 0.00 VND (absent, treated as 0: chg_distribution) [flow from gross legs 3.2.1+3.2.2]"
VCBF-AIF,2025-07-23,reconcile,True,0.0,"nav_end 262,802,394,546 vs identity 262,802,394,546, residual 0.00 VND (absent, treated as 0: chg_distribution) [flow from gross legs 3.2.1+3.2.2]"
VCBF-AIF,2025-07-30,reconcile,True,0.0,"nav_end 268,031,249,870 vs identity 268,031,249,870, residual 0.00 VND (absent, treated as 0: chg_distribution) [flow from gross legs 3.2.1+3.2.2]"
VCBF-AIF,2025-08-06,reconcile,True,0.0,"nav_end 284,738,659,882 vs identity 284,738,659,882, residual 0.00 VND (absent, treated as 0: chg_distribution) [flow from gross legs 3.2.1+3.2.2]"
VCBF-AIF,2025-08-13,reconcile,True,0.0,"nav_end 291,098,238,124 vs identity 291,098,238,124, residual 0.00 VND (absent, treated as 0: chg_distribution) [flow from gross legs 3.2.1+3.2.2]"
VCBF-AIF,2025-08-20,reconcile,True,0.0,"nav_end 295,422,704,462 vs identity 295,422,704,462, residual 0.00 VND (absent, treated as 0: chg_distribution) [flow from gross legs 3.2.1+3.2.2]"
VCBF-AIF,2025-08-27,reconcile,True,0.0,"nav_end 296,214,356,662 vs identity 296,214,356,662, residual 0.00 VND (absent, treated as 0: chg_distribution) [flow from gross legs 3.2.1+3.2.2]"
VCBF-AIF,2025-09-03,reconcile,True,0.0,"nav_end 302,991,966,616 vs identity 302,991,966,616, residual 0.00 VND (absent, treated as 0: chg_distribution) [flow from gross legs 3.2.1+3.2.2]"
VCBF-AIF,2025-09-10,reconcile,True,0.0,"nav_end 301,071,452,458 vs identity 301,071,452,458, residual 0.00 VND (absent, treated as 0: chg_distribution) [flow from gross legs 3.2.1+3.2.2]"
VCBF-AIF,2025-09-17,reconcile,True,0.0,"nav_end 313,045,126,958 vs identity 313,045,126,958, residual 0.00 VND (absent, treated as 0: chg_distribution) [flow from gross legs 3.2.1+3.2.2]"
VCBF-AIF,2025-09-24,reconcile,True,0.0,"nav_end 314,621,020,453 vs identity 314,621,020,453, residual 0.00 VND (absent, treated as 0: chg_distribution) [flow from gross legs 3.2.1+3.2.2]"
VCBF-AIF,2025-10-01,reconcile,True,0.0,"nav_end 315,901,214,758 vs identity 315,901,214,758, residual 0.00 VND (absent, treated as 0: chg_distribution) [flow from gross legs 3.2.1+3.2.2]"
VCBF-AIF,2025-10-08,reconcile,True,0.0,"nav_end 326,375,934,788 vs identity 326,375,934,788, residual 0.00 VND (absent, treated as 0: chg_distribution) [flow from gross legs 3.2.1+3.2.2]"
VCBF-AIF,2025-10-15,reconcile,True,0.0,"nav_end 330,570,396,594 vs identity 330,570,396,594, residual 0.00 VND (absent, treated as 0: chg_distribution) [flow from gross legs 3.2.1+3.2.2]"
VCBF-AIF,2025-10-22,reconcile,True,0.0,"nav_end 334,693,473,933 vs identity 334,693,473,933, residual 0.00 VND (absent, treated as 0: chg_distribution) [flow from gross legs 3.2.1+3.2.2]"
VCBF-AIF,2025-10-29,reconcile,True,0.0,"nav_end 350,277,799,196 vs identity 350,277,799,196, residual 0.00 VND (absent, treated as 0: chg_distribution) [flow from gross legs 3.2.1+3.2.2]"
VCBF-AIF,2025-11-05,reconcile,True,0.0,"nav_end 351,411,029,341 vs identity 351,411,029,341, residual 0.00 VND (absent, treated as 0: chg_distribution) [flow from gross legs 3.2.1+3.2.2]"
VCBF-AIF,2025-11-12,reconcile,True,0.0,"nav_end 348,228,049,421 vs identity 348,228,049,421, residual 0.00 VND (absent, treated as 0: chg_distribution) [flow from gross legs 3.2.1+3.2.2]"
VCBF-AIF,2025-11-19,reconcile,True,0.0,"nav_end 354,411,111,042 vs identity 354,411,111,042, residual 0.00 VND (absent, treated as 0: chg_distribution) [flow from gross legs 3.2.1+3.2.2]"
VCBF-AIF,2025-12-03,reconcile,True,0.0,"nav_end 364,870,842,074 vs identity 364,870,842,074, residual 0.00 VND (absent, treated as 0: chg_distribution) [flow from gross legs 3.2.1+3.2.2]"
VCBF-AIF,2025-12-10,reconcile,True,0.0,"nav_end 367,385,246,410 vs identity 367,385,246,410, residual 0.00 VND (absent, treated as 0: chg_distribution) [flow from gross legs 3.2.1+3.2.2]"
VCBF-AIF,2025-12-17,reconcile,True,0.0,"nav_end 370,035,781,116 vs identity 370,035,781,116, residual 0.00 VND (absent, treated as 0: chg_distribution) [flow from gross legs 3.2.1+3.2.2]"
VCBF-AIF,2025-12-24,reconcile,True,0.0,"nav_end 384,443,510,735 vs identity 384,443,510,735, residual 0.00 VND (absent, treated as 0: chg_distribution) [flow from gross legs 3.2.1+3.2.2]"
VCBF-AIF,2025-12-31,reconcile,True,0.0,"nav_end 389,194,328,755 vs identity 389,194,328,755, residual 0.00 VND (absent, treated as 0: chg_distribution) [flow from gross legs 3.2.1+3.2.2]"
VCBF-AIF,2026-01-07,reconcile,True,0.0,"nav_end 401,829,596,576 vs identity 401,829,596,576, residual 0.00 VND (absent, treated as 0: chg_distribution) [flow from gross legs 3.2.1+3.2.2]"
VCBF-AIF,2026-01-14,reconcile,True,0.0,"nav_end 416,805,443,404 vs identity 416,805,443,404, residual 0.00 VND (absent, treated as 0: chg_distribution) [flow from gross legs 3.2.1+3.2.2]"
VCBF-AIF,2026-01-21,reconcile,True,0.0,"nav_end 424,542,986,395 vs identity 424,542,986,395, residual 0.00 VND (absent, treated as 0: chg_distribution) [flow from gross legs 3.2.1+3.2.2]"
VCBF-AIF,2026-01-28,reconcile,True,0.0,"nav_end 428,689,874,691 vs identity 428,689,874,691, residual 0.00 VND (absent, treated as 0: chg_distribution) [flow from gross legs 3.2.1+3.2.2]"
VCBF-AIF,2026-02-04,reconcile,True,0.0,"nav_end 452,526,984,989 vs identity 452,526,984,989, residual 0.00 VND (absent, treated as 0: chg_distribution) [flow from gross legs 3.2.1+3.2.2]"
VCBF-AIF,2026-02-11,reconcile,True,0.0,"nav_end 457,200,502,356 vs identity 457,200,502,356, residual 0.00 VND (absent, treated as 0: chg_distribution) [flow from gross legs 3.2.1+3.2.2]"
VCBF-AIF,2026-02-18,reconcile,True,0.0,"nav_end 468,623,665,205 vs identity 468,623,665,205, residual 0.00 VND (absent, treated as 0: chg_distribution) [flow from gross legs 3.2.1+3.2.2]"
VCBF-AIF,2026-02-25,reconcile,True,0.0,"nav_end 488,071,661,167 vs identity 488,071,661,167, residual 0.00 VND (absent, treated as 0: chg_distribution) [flow from gross legs 3.2.1+3.2.2]"
VCBF-AIF,2026-03-04,reconcile,True,0.0,"nav_end 482,461,926,259 vs identity 482,461,926,259, residual 0.00 VND (absent, treated as 0: chg_distribution) [flow from gross legs 3.2.1+3.2.2]"
VCBF-AIF,2026-03-11,reconcile,True,0.0,"nav_end 478,588,134,733 vs identity 478,588,134,733, residual 0.00 VND (absent, treated as 0: chg_distribution) [flow from gross legs 3.2.1+3.2.2]"
VCBF-AIF,2026-03-18,reconcile,True,0.0,"nav_end 485,132,661,036 vs identity 485,132,661,036, residual 0.00 VND (absent, treated as 0: chg_distribution) [flow from gross legs 3.2.1+3.2.2]"
VCBF-AIF,2026-03-25,reconcile,True,0.0,"nav_end 490,325,376,755 vs identity 490,325,376,755, residual 0.00 VND (absent, treated as 0: chg_distribution) [flow from gross legs 3.2.1+3.2.2]"
VCBF-AIF,2026-04-01,reconcile,True,0.0,"nav_end 499,091,005,177 vs identity 499,091,005,177, residual 0.00 VND (absent, treated as 0: chg_distribution) [flow from gross legs 3.2.1+3.2.2]"
VCBF-AIF,2026-04-08,reconcile,True,0.0,"nav_end 505,565,328,034 vs identity 505,565,328,034, residual 0.00 VND (absent, treated as 0: chg_distribution) [flow from gross legs 3.2.1+3.2.2]"
VCBF-AIF,2026-04-15,reconcile,True,0.0,"nav_end 506,360,202,801 vs identity 506,360,202,801, residual 0.00 VND (absent, treated as 0: chg_distribution) [flow from gross legs 3.2.1+3.2.2]"
VCBF-AIF,2026-04-22,reconcile,True,0.0,"nav_end 508,306,994,664 vs identity 508,306,994,664, residual 0.00 VND (absent, treated as 0: chg_distribution) [flow from gross legs 3.2.1+3.2.2]"
VCBF-AIF,2026-04-29,reconcile,True,0.0,"nav_end 507,515,642,735 vs identity 507,515,642,735, residual 0.00 VND (absent, treated as 0: chg_distribution) [flow from gross legs 3.2.1+3.2.2]"
VCBF-AIF,2026-05-06,reconcile,True,0.0,"nav_end 515,080,816,821 vs identity 515,080,816,821, residual 0.00 VND (absent, treated as 0: chg_distribution) [flow from gross legs 3.2.1+3.2.2]"
VCBF-AIF,2026-05-13,reconcile,True,0.0,"nav_end 514,512,942,186 vs identity 514,512,942,186, residual 0.00 VND (absent, treated as 0: chg_distribution) [flow from gross legs 3.2.1+3.2.2]"
VCBF-AIF,2026-05-20,reconcile,True,0.0,"nav_end 512,902,776,873 vs identity 512,902,776,873, residual 0.00 VND (absent, treated as 0: chg_distribution) [flow from gross legs 3.2.1+3.2.2]"
VCBF-AIF,2026-05-27,reconcile,True,0.0,"nav_end 514,465,559,514 vs identity 514,465,559,514, residual 0.00 VND (absent, treated as 0: chg_distribution) [flow from gross legs 3.2.1+3.2.2]"
VCBF-AIF,2026-06-03,reconcile,True,0.0,"nav_end 511,213,924,975 vs identity 511,213,924,975, residual 0.00 VND (absent, treated as 0: chg_distribution) [flow from gross legs 3.2.1+3.2.2]"
VCBF-AIF,2026-06-10,reconcile,True,0.0,"nav_end 508,786,606,954 vs identity 508,786,606,954, residual 0.00 VND (absent, treated as 0: chg_distribution) [flow from gross legs 3.2.1+3.2.2]"
VCBF-AIF,2026-06-17,reconcile,True,0.0,"nav_end 514,394,780,834 vs identity 514,394,780,834, residual 0.00 VND (absent, treated as 0: chg_distribution) [flow from gross legs 3.2.1+3.2.2]"
VCBF-AIF,2026-06-24,reconcile,True,0.0,"nav_end 508,023,217,677 vs identity 508,023,217,677, residual 0.00 VND (absent, treated as 0: chg_distribution) [flow from gross legs 3.2.1+3.2.2]"
VCBF-AIF,2026-07-01,reconcile,True,0.0,"nav_end 515,125,814,882 vs identity 515,125,814,882, residual 0.00 VND (absent, treated as 0: chg_distribution) [flow from gross legs 3.2.1+3.2.2]"
VCBF-AIF,2026-07-08,reconcile,True,0.0,"nav_end 506,544,338,196 vs identity 506,544,338,196, residual 0.00 VND (absent, treated as 0: chg_distribution) [flow from gross legs 3.2.1+3.2.2]"
VCBF-AIF,2026-07-15,reconcile,True,0.0,"nav_end 490,131,122,550 vs identity 490,131,122,550, residual 0.00 VND (absent, treated as 0: chg_distribution) [flow from gross legs 3.2.1+3.2.2]"
VCBF-AIF,2026-07-22,reconcile,True,0.0,"nav_end 460,211,984,943 vs identity 460,211,984,943, residual 0.00 VND (absent, treated as 0: chg_distribution) [flow from gross legs 3.2.1+3.2.2]"
VCBF-AIF,2026-07-29,reconcile,True,0.0,"nav_end 461,049,420,388 vs identity 461,049,420,388, residual 0.00 VND (absent, treated as 0: chg_distribution) [flow from gross legs 3.2.1+3.2.2]"
VCBF-AIF,2026-08-05,reconcile,True,0.0,"nav_end 482,962,648,738 vs identity 482,962,648,738, residual 0.00 VND (absent, treated as 0: chg_distribution) [flow from gross legs 3.2.1+3.2.2]"
VCBF-AIF,2026-08-12,reconcile,True,0.0,"nav_end 492,629,047,039 vs identity 492,629,047,039, residual 0.00 VND (absent, treated as 0: chg_distribution) [flow from gross legs 3.2.1+3.2.2]"
VCBF-BCF,2022-07-06,reconcile,True,0.0,"nav_end 371,782,299,103 vs identity 371,782,299,103, residual 0.00 VND (absent, treated as 0: chg_distribution) [flow from gross legs 3.2.1+3.2.2]"
VCBF-BCF,2022-07-13,reconcile,True,0.0,"nav_end 379,086,899,071 vs identity 379,086,899,071, residual 0.00 VND (absent, treated as 0: chg_distribution) [flow from gross legs 3.2.1+3.2.2]"
VCBF-BCF,2022-07-27,reconcile,True,0.0,"nav_end 380,542,387,739 vs identity 380,542,387,739, residual 0.00 VND (absent, treated as 0: chg_distribution) [flow from gross legs 3.2.1+3.2.2]"
VCBF-BCF,2022-08-03,reconcile,True,0.0,"nav_end 397,359,048,869 vs identity 397,359,048,869, residual 0.00 VND (absent, treated as 0: chg_distribution) [flow from gross legs 3.2.1+3.2.2]"
VCBF-BCF,2022-08-10,reconcile,True,0.0,"nav_end 396,897,012,645 vs identity 396,897,012,645, residual 0.00 VND (absent, treated as 0: chg_distribution) [flow from gross legs 3.2.1+3.2.2]"
VCBF-BCF,2022-08-17,reconcile,True,0.0,"nav_end 404,149,167,385 vs identity 404,149,167,385, residual 0.00 VND (absent, treated as 0: chg_distribution) [flow from gross legs 3.2.1+3.2.2]"
VCBF-BCF,2022-08-24,reconcile,True,0.0,"nav_end 404,628,191,329 vs identity 404,628,191,329, residual 0.00 VND (absent, treated as 0: chg_distribution) [flow from gross legs 3.2.1+3.2.2]"
VCBF-BCF,2022-08-31,reconcile,True,0.0,"nav_end 405,456,185,829 vs identity 405,456,185,829, residual 0.00 VND (absent, treated as 0: chg_distribution) [flow from gross legs 3.2.1+3.2.2]"
VCBF-BCF,2022-09-07,reconcile,True,0.0,"nav_end 394,074,911,712 vs identity 394,074,911,712, residual 0.00 VND (absent, treated as 0: chg_distribution) [flow from gross legs 3.2.1+3.2.2]"
VCBF-BCF,2022-09-14,reconcile,True,0.0,"nav_end 395,557,306,692 vs identity 395,557,306,692, residual 0.00 VND (absent, treated as 0: chg_distribution) [flow from gross legs 3.2.1+3.2.2]"
VCBF-BCF,2022-09-21,reconcile,True,0.0,"nav_end 384,764,625,008 vs identity 384,764,625,008, residual 0.00 VND (absent, treated as 0: chg_distribution) [flow from gross legs 3.2.1+3.2.2]"
VCBF-BCF,2022-10-05,reconcile,True,0.0,"nav_end 350,939,048,880 vs identity 350,939,048,880, residual 0.00 VND (absent, treated as 0: chg_distribution) [flow from gross legs 3.2.1+3.2.2]"
VCBF-BCF,2022-10-12,reconcile,True,0.0,"nav_end 330,611,299,109 vs identity 330,611,299,109, residual 0.00 VND (absent, treated as 0: chg_distribution) [flow from gross legs 3.2.1+3.2.2]"
VCBF-BCF,2022-10-19,reconcile,True,0.0,"nav_end 341,906,696,060 vs identity 341,906,696,060, residual 0.00 VND (absent, treated as 0: chg_distribution) [flow from gross legs 3.2.1+3.2.2]"
VCBF-BCF,2022-10-26,reconcile,True,0.0,"nav_end 321,214,388,915 vs identity 321,214,388,915, residual 0.00 VND (absent, treated as 0: chg_distribution) [flow from gross legs 3.2.1+3.2.2]"
VCBF-BCF,2022-11-02,reconcile,True,0.0,"nav_end 328,165,407,226 vs identity 328,165,407,226, residual 0.00 VND (absent, treated as 0: chg_distribution) [flow from gross legs 3.2.1+3.2.2]"
VCBF-BCF,2022-11-09,reconcile,True,0.0,"nav_end 319,102,962,863 vs identity 319,102,962,863, residual 0.00 VND (absent, treated as 0: chg_distribution) [flow from gross legs 3.2.1+3.2.2]"
VCBF-BCF,2022-11-16,reconcile,True,0.0,"nav_end 302,234,351,773 vs identity 302,234,351,773, residual 0.00 VND (absent, treated as 0: chg_distribution) [flow from gross legs 3.2.1+3.2.2]"
VCBF-BCF,2022-11-23,reconcile,True,0.0,"nav_end 312,574,938,348 vs identity 312,574,938,348, residual 0.00 VND (absent, treated as 0: chg_distribution) [flow from gross legs 3.2.1+3.2.2]"
VCBF-BCF,2022-11-30,reconcile,True,0.0,"nav_end 346,621,460,190 vs identity 346,621,460,190, residual 0.00 VND (absent, treated as 0: chg_distribution) [flow from gross legs 3.2.1+3.2.2]"
VCBF-BCF,2022-12-07,reconcile,True,0.0,"nav_end 346,606,726,689 vs identity 346,606,726,689, residual 0.00 VND (absent, treated as 0: chg_distribution) [flow from gross legs 3.2.1+3.2.2]"
VCBF-BCF,2022-12-14,reconcile,True,0.0,"nav_end 351,142,411,784 vs identity 351,142,411,784, residual 0.00 VND (absent, treated as 0: chg_distribution) [flow from gross legs 3.2.1+3.2.2]"
VCBF-BCF,2022-12-21,reconcile,True,0.0,"nav_end 345,017,639,553 vs identity 345,017,639,553, residual 0.00 VND (absent, treated as 0: chg_distribution) [flow from gross legs 3.2.1+3.2.2]"
VCBF-BCF,2022-12-28,reconcile,True,0.0,"nav_end 339,551,174,871 vs identity 339,551,174,871, residual 0.00 VND (absent, treated as 0: chg_distribution) [flow from gross legs 3.2.1+3.2.2]"
VCBF-BCF,2023-01-04,reconcile,True,0.0,"nav_end 348,625,525,474 vs identity 348,625,525,474, residual 0.00 VND (absent, treated as 0: chg_distribution) [flow from gross legs 3.2.1+3.2.2]"
VCBF-BCF,2023-01-11,reconcile,True,0.0,"nav_end 353,198,816,089 vs identity 353,198,816,089, residual 0.00 VND (absent, treated as 0: chg_distribution) [flow from gross legs 3.2.1+3.2.2]"
VCBF-BCF,2023-01-18,reconcile,True,0.0,"nav_end 367,710,810,091 vs identity 367,710,810,091, residual 0.00 VND (absent, treated as 0: chg_distribution) [flow from gross legs 3.2.1+3.2.2]"
VCBF-BCF,2023-01-25,reconcile,True,0.0,"nav_end 369,395,931,143 vs identity 369,395,931,143, residual 0.00 VND (absent, treated as 0: chg_distribution) [flow from gross legs 3.2.1+3.2.2]"
VCBF-BCF,2023-02-01,reconcile,True,0.0,"nav_end 361,678,359,728 vs identity 361,678,359,728, residual 0.00 VND (absent, treated as 0: chg_distribution) [flow from gross legs 3.2.1+3.2.2]"
VCBF-BCF,2023-02-08,reconcile,True,0.0,"nav_end 348,518,085,628 vs identity 348,518,085,628, residual 0.00 VND (absent, treated as 0: chg_distribution) [flow from gross legs 3.2.1+3.2.2]"
VCBF-BCF,2023-02-15,reconcile,True,0.0,"nav_end 342,066,544,221 vs identity 342,066,544,221, residual 0.00 VND (absent, treated as 0: chg_distribution) [flow from gross legs 3.2.1+3.2.2]"
VCBF-BCF,2023-02-22,reconcile,True,0.0,"nav_end 347,011,609,439 vs identity 347,011,609,439, residual 0.00 VND (absent, treated as 0: chg_distribution) [flow from gross legs 3.2.1+3.2.2]"
VCBF-BCF,2023-03-01,reconcile,True,0.0,"nav_end 343,097,906,369 vs identity 343,097,906,369, residual 0.00 VND (absent, treated as 0: chg_distribution) [flow from gross legs 3.2.1+3.2.2]"
VCBF-BCF,2023-03-08,reconcile,True,0.0,"nav_end 344,481,082,346 vs identity 344,481,082,346, residual 0.00 VND (absent, treated as 0: chg_distribution) [flow from gross legs 3.2.1+3.2.2]"
VCBF-BCF,2023-03-15,reconcile,True,0.0,"nav_end 346,295,854,220 vs identity 346,295,854,220, residual 0.00 VND (absent, treated as 0: chg_distribution) [flow from gross legs 3.2.1+3.2.2]"
VCBF-BCF,2023-03-22,reconcile,True,0.0,"nav_end 338,176,987,582 vs identity 338,176,987,582, residual 0.00 VND (absent, treated as 0: chg_distribution) [flow from gross legs 3.2.1+3.2.2]"
VCBF-BCF,2023-03-29,reconcile,True,0.0,"nav_end 342,148,383,065 vs identity 342,148,383,065, residual 0.00 VND (absent, treated as 0: chg_distribution) [flow from gross legs 3.2.1+3.2.2]"
VCBF-BCF,2023-04-05,reconcile,True,0.0,"nav_end 351,614,777,677 vs identity 351,614,777,677, residual 0.00 VND (absent, treated as 0: chg_distribution) [flow from gross legs 3.2.1+3.2.2]"
VCBF-BCF,2023-04-12,reconcile,True,0.0,"nav_end 348,801,218,602 vs identity 348,801,218,602, residual 0.00 VND (absent, treated as 0: chg_distribution) [flow from gross legs 3.2.1+3.2.2]"
VCBF-BCF,2023-04-19,reconcile,True,0.0,"nav_end 341,200,244,349 vs identity 341,200,244,349, residual 0.00 VND (absent, treated as 0: chg_distribution) [flow from gross legs 3.2.1+3.2.2]"
VCBF-BCF,2023-04-26,reconcile,True,0.0,"nav_end 338,653,712,132 vs identity 338,653,712,132, residual 0.00 VND (absent, treated as 0: chg_distribution) [flow from gross legs 3.2.1+3.2.2]"
VCBF-BCF,2023-05-03,reconcile,True,0.0,"nav_end 339,155,722,516 vs identity 339,155,722,516, residual 0.00 VND (absent, treated as 0: chg_distribution) [flow from gross legs 3.2.1+3.2.2]"
VCBF-BCF,2023-05-10,reconcile,True,0.0,"nav_end 343,479,473,290 vs identity 343,479,473,290, residual 0.00 VND (absent, treated as 0: chg_distribution) [flow from gross legs 3.2.1+3.2.2]"
VCBF-BCF,2023-05-17,reconcile,True,0.0,"nav_end 345,821,415,859 vs identity 345,821,415,859, residual 0.00 VND (absent, treated as 0: chg_distribution) [flow from gross legs 3.2.1+3.2.2]"
VCBF-BCF,2023-05-24,reconcile,True,0.0,"nav_end 345,612,104,248 vs identity 345,612,104,248, residual 0.00 VND (absent, treated as 0: chg_distribution) [flow from gross legs 3.2.1+3.2.2]"
VCBF-BCF,2023-05-31,reconcile,True,0.0,"nav_end 345,771,803,578 vs identity 345,771,803,578, residual 0.00 VND (absent, treated as 0: chg_distribution) [flow from gross legs 3.2.1+3.2.2]"
VCBF-BCF,2023-06-07,reconcile,True,0.0,"nav_end 356,119,778,834 vs identity 356,119,778,834, residual 0.00 VND (absent, treated as 0: chg_distribution) [flow from gross legs 3.2.1+3.2.2]"
VCBF-BCF,2023-06-14,reconcile,True,0.0,"nav_end 355,683,891,589 vs identity 355,683,891,589, residual 0.00 VND (absent, treated as 0: chg_distribution) [flow from gross legs 3.2.1+3.2.2]"
VCBF-BCF,2023-06-21,reconcile,True,0.0,"nav_end 362,279,076,480 vs identity 362,279,076,480, residual 0.00 VND (absent, treated as 0: chg_distribution) [flow from gross legs 3.2.1+3.2.2]"
VCBF-BCF,2023-06-28,reconcile,True,0.0,"nav_end 369,207,910,702 vs identity 369,207,910,702, residual 0.00 VND (absent, treated as 0: chg_distribution) [flow from gross legs 3.2.1+3.2.2]"
VCBF-BCF,2023-07-05,reconcile,True,0.0,"nav_end 370,025,049,263 vs identity 370,025,049,263, residual 0.00 VND (absent, treated as 0: chg_distribution) [flow from gross legs 3.2.1+3.2.2]"
VCBF-BCF,2023-07-12,reconcile,True,0.0,"nav_end 377,493,216,079 vs identity 377,493,216,079, residual 0.00 VND (absent, treated as 0: chg_distribution) [flow from gross legs 3.2.1+3.2.2]"
VCBF-BCF,2023-07-19,reconcile,True,0.0,"nav_end 382,158,786,175 vs identity 382,158,786,175, residual 0.00 VND (absent, treated as 0: chg_distribution) [flow from gross legs 3.2.1+3.2.2]"
VCBF-BCF,2023-07-26,reconcile,True,0.0,"nav_end 389,512,952,543 vs identity 389,512,952,543, residual 0.00 VND (absent, treated as 0: chg_distribution) [flow from gross legs 3.2.1+3.2.2]"
VCBF-BCF,2023-08-02,reconcile,True,0.0,"nav_end 392,861,449,241 vs identity 392,861,449,241, residual 0.00 VND (absent, treated as 0: chg_distribution) [flow from gross legs 3.2.1+3.2.2]"
VCBF-BCF,2023-08-09,reconcile,True,0.0,"nav_end 399,572,466,710 vs identity 399,572,466,710, residual 0.00 VND (absent, treated as 0: chg_distribution) [flow from gross legs 3.2.1+3.2.2]"
VCBF-BCF,2023-08-16,reconcile,True,0.0,"nav_end 403,427,737,776 vs identity 403,427,737,776, residual 0.00 VND (absent, treated as 0: chg_distribution) [flow from gross legs 3.2.1+3.2.2]"
VCBF-BCF,2023-08-23,reconcile,True,0.0,"nav_end 381,642,932,730 vs identity 381,642,932,730, residual 0.00 VND (absent, treated as 0: chg_distribution) [flow from gross legs 3.2.1+3.2.2]"
VCBF-BCF,2023-08-30,reconcile,True,0.0,"nav_end 404,568,027,363 vs identity 404,568,027,363, residual 0.00 VND (absent, treated as 0: chg_distribution) [flow from gross legs 3.2.1+3.2.2]"
VCBF-BCF,2023-09-06,reconcile,True,0.0,"nav_end 412,214,215,775 vs identity 412,214,215,775, residual 0.00 VND (absent, treated as 0: chg_distribution) [flow from gross legs 3.2.1+3.2.2]"
VCBF-BCF,2023-09-13,reconcile,True,0.0,"nav_end 406,321,751,579 vs identity 406,321,751,579, residual 0.00 VND (absent, treated as 0: chg_distribution) [flow from gross legs 3.2.1+3.2.2]"
VCBF-BCF,2023-09-20,reconcile,True,0.0,"nav_end 406,422,236,659 vs identity 406,422,236,659, residual 0.00 VND (absent, treated as 0: chg_distribution) [flow from gross legs 3.2.1+3.2.2]"
VCBF-BCF,2023-09-27,reconcile,True,0.0,"nav_end 384,947,535,014 vs identity 384,947,535,014, residual 0.00 VND (absent, treated as 0: chg_distribution) [flow from gross legs 3.2.1+3.2.2]"
VCBF-BCF,2023-10-04,reconcile,True,0.0,"nav_end 378,144,789,145 vs identity 378,144,789,145, residual 0.00 VND (absent, treated as 0: chg_distribution) [flow from gross legs 3.2.1+3.2.2]"
VCBF-BCF,2023-10-11,reconcile,True,0.0,"nav_end 389,548,020,585 vs identity 389,548,020,585, residual 0.00 VND (absent, treated as 0: chg_distribution) [flow from gross legs 3.2.1+3.2.2]"
VCBF-BCF,2023-10-25,reconcile,True,0.0,"nav_end 371,898,690,045 vs identity 371,898,690,045, residual 0.00 VND (absent, treated as 0: chg_distribution) [flow from gross legs 3.2.1+3.2.2]"
VCBF-BCF,2023-11-01,reconcile,True,0.0,"nav_end 346,236,399,298 vs identity 346,236,399,298, residual 0.00 VND (absent, treated as 0: chg_distribution) [flow from gross legs 3.2.1+3.2.2]"
VCBF-BCF,2023-11-08,reconcile,True,0.0,"nav_end 375,355,385,021 vs identity 375,355,385,021, residual 0.00 VND (absent, treated as 0: chg_distribution) [flow from gross legs 3.2.1+3.2.2]"
VCBF-BCF,2023-11-15,reconcile,True,0.0,"nav_end 380,597,350,454 vs identity 380,597,350,454, residual 0.00 VND (absent, treated as 0: chg_distribution) [flow from gross legs 3.2.1+3.2.2]"
VCBF-BCF,2023-11-22,reconcile,True,0.0,"nav_end 377,668,790,541 vs identity 377,668,790,541, residual 0.00 VND (absent, treated as 0: chg_distribution) [flow from gross legs 3.2.1+3.2.2]"
VCBF-BCF,2023-11-29,reconcile,True,0.0,"nav_end 373,154,381,880 vs identity 373,154,381,880, residual 0.00 VND (absent, treated as 0: chg_distribution) [flow from gross legs 3.2.1+3.2.2]"
VCBF-BCF,2023-12-06,reconcile,True,0.0,"nav_end 379,680,862,175 vs identity 379,680,862,175, residual 0.00 VND (absent, treated as 0: chg_distribution) [flow from gross legs 3.2.1+3.2.2]"
VCBF-BCF,2023-12-13,reconcile,True,0.0,"nav_end 377,148,486,807 vs identity 377,148,486,807, residual 0.00 VND (absent, treated as 0: chg_distribution) [flow from gross legs 3.2.1+3.2.2]"
VCBF-BCF,2023-12-20,reconcile,True,0.0,"nav_end 377,102,708,128 vs identity 377,102,708,128, residual 0.00 VND (absent, treated as 0: chg_distribution) [flow from gross legs 3.2.1+3.2.2]"
VCBF-BCF,2023-12-27,reconcile,True,0.0,"nav_end 385,189,015,196 vs identity 385,189,015,196, residual 0.00 VND (absent, treated as 0: chg_distribution) [flow from gross legs 3.2.1+3.2.2]"
VCBF-BCF,2024-01-03,reconcile,True,0.0,"nav_end 392,567,513,491 vs identity 392,567,513,491, residual 0.00 VND (absent, treated as 0: chg_distribution) [flow from gross legs 3.2.1+3.2.2]"
VCBF-BCF,2024-01-10,reconcile,True,0.0,"nav_end 398,701,938,104 vs identity 398,701,938,104, residual 0.00 VND (absent, treated as 0: chg_distribution) [flow from gross legs 3.2.1+3.2.2]"
VCBF-BCF,2024-01-17,reconcile,True,0.0,"nav_end 402,596,371,034 vs identity 402,596,371,034, residual 0.00 VND (absent, treated as 0: chg_distribution) [flow from gross legs 3.2.1+3.2.2]"
VCBF-BCF,2024-01-24,reconcile,True,0.0,"nav_end 409,984,488,450 vs identity 409,984,488,450, residual 0.00 VND (absent, treated as 0: chg_distribution) [flow from gross legs 3.2.1+3.2.2]"
VCBF-BCF,2024-01-31,reconcile,True,0.0,"nav_end 422,339,935,065 vs identity 422,339,935,065, residual 0.00 VND (absent, treated as 0: chg_distribution) [flow from gross legs 3.2.1+3.2.2]"
VCBF-BCF,2024-02-05,reconcile,True,0.0,"nav_end 435,605,695,744 vs identity 435,605,695,744, residual 0.00 VND (absent, treated as 0: chg_distribution) [flow from gross legs 3.2.1+3.2.2]"
VCBF-BCF,2024-02-14,reconcile,True,0.0,"nav_end 440,721,724,064 vs identity 440,721,724,064, residual 0.00 VND (absent, treated as 0: chg_distribution) [flow from gross legs 3.2.1+3.2.2]"
VCBF-BCF,2024-02-21,reconcile,True,0.0,"nav_end 457,499,759,466 vs identity 457,499,759,466, residual 0.00 VND (absent, treated as 0: chg_distribution) [flow from gross legs 3.2.1+3.2.2]"
VCBF-BCF,2024-02-28,reconcile,True,0.0,"nav_end 472,449,802,265 vs identity 472,449,802,265, residual 0.00 VND (absent, treated as 0: chg_distribution) [flow from gross legs 3.2.1+3.2.2]"
VCBF-BCF,2024-03-06,reconcile,True,0.0,"nav_end 483,833,999,914 vs identity 483,833,999,914, residual 0.00 VND (absent, treated as 0: chg_distribution) [flow from gross legs 3.2.1+3.2.2]"
VCBF-BCF,2024-03-13,reconcile,True,0.0,"nav_end 492,650,649,329 vs identity 492,650,649,329, residual 0.00 VND (absent, treated as 0: chg_distribution) [flow from gross legs 3.2.1+3.2.2]"
VCBF-BCF,2024-03-20,reconcile,True,0.0,"nav_end 489,306,228,992 vs identity 489,306,228,992, residual 0.00 VND (absent, treated as 0: chg_distribution) [flow from gross legs 3.2.1+3.2.2]"
VCBF-BCF,2024-03-27,reconcile,True,0.0,"nav_end 503,732,311,509 vs identity 503,732,311,509, residual 0.00 VND (absent, treated as 0: chg_distribution) [flow from gross legs 3.2.1+3.2.2]"
VCBF-BCF,2024-04-03,reconcile,True,0.0,"nav_end 504,380,344,339 vs identity 504,380,344,339, residual 0.00 VND (absent, treated as 0: chg_distribution) [flow from gross legs 3.2.1+3.2.2]"
VCBF-BCF,2024-04-10,reconcile,True,0.0,"nav_end 506,421,915,801 vs identity 506,421,915,801, residual 0.00 VND (absent, treated as 0: chg_distribution) [flow from gross legs 3.2.1+3.2.2]"
VCBF-BCF,2024-04-15,reconcile,True,0.0,"nav_end 492,766,686,943 vs identity 492,766,686,943, residual 0.00 VND (absent, treated as 0: chg_distribution) [flow from gross legs 3.2.1+3.2.2]"
VCBF-BCF,2024-04-24,reconcile,True,0.0,"nav_end 500,318,162,428 vs identity 500,318,162,428, residual 0.00 VND (absent, treated as 0: chg_distribution) [flow from gross legs 3.2.1+3.2.2]"
VCBF-BCF,2024-05-01,reconcile,True,0.0,"nav_end 505,013,593,049 vs identity 505,013,593,049, residual 0.00 VND (absent, treated as 0: chg_distribution) [flow from gross legs 3.2.1+3.2.2]"
VCBF-BCF,2024-05-08,reconcile,True,0.0,"nav_end 529,193,667,022 vs identity 529,193,667,022, residual 0.00 VND (absent, treated as 0: chg_distribution) [flow from gross legs 3.2.1+3.2.2]"
VCBF-BCF,2024-05-15,reconcile,True,0.0,"nav_end 547,361,330,700 vs identity 547,361,330,700, residual 0.00 VND (absent, treated as 0: chg_distribution) [flow from gross legs 3.2.1+3.2.2]"
VCBF-BCF,2024-05-22,reconcile,True,0.0,"nav_end 555,175,975,839 vs identity 555,175,975,839, residual 0.00 VND (absent, treated as 0: chg_distribution) [flow from gross legs 3.2.1+3.2.2]"
VCBF-BCF,2024-05-29,reconcile,True,0.0,"nav_end 561,340,997,729 vs identity 561,340,997,729, residual 0.00 VND (absent, treated as 0: chg_distribution) [flow from gross legs 3.2.1+3.2.2]"
VCBF-BCF,2024-06-05,reconcile,True,0.0,"nav_end 576,038,696,169 vs identity 576,038,696,169, residual 0.00 VND (absent, treated as 0: chg_distribution) [flow from gross legs 3.2.1+3.2.2]"
VCBF-BCF,2024-06-12,reconcile,True,0.0,"nav_end 595,917,143,088 vs identity 595,917,143,088, residual 0.00 VND (absent, treated as 0: chg_distribution) [flow from gross legs 3.2.1+3.2.2]"
VCBF-BCF,2024-06-19,reconcile,True,0.0,"nav_end 584,294,461,670 vs identity 584,294,461,670, residual 0.00 VND (absent, treated as 0: chg_distribution) [flow from gross legs 3.2.1+3.2.2]"
VCBF-BCF,2024-06-26,reconcile,True,0.0,"nav_end 586,101,518,208 vs identity 586,101,518,208, residual 0.00 VND (absent, treated as 0: chg_distribution) [flow from gross legs 3.2.1+3.2.2]"
VCBF-BCF,2024-07-03,reconcile,True,0.0,"nav_end 601,198,000,218 vs identity 601,198,000,218, residual 0.00 VND (absent, treated as 0: chg_distribution) [flow from gross legs 3.2.1+3.2.2]"
VCBF-BCF,2024-07-10,reconcile,True,0.0,"nav_end 606,041,497,866 vs identity 606,041,497,866, residual 0.00 VND (absent, treated as 0: chg_distribution) [flow from gross legs 3.2.1+3.2.2]"
VCBF-BCF,2024-07-17,reconcile,True,0.0,"nav_end 601,935,940,365 vs identity 601,935,940,365, residual 0.00 VND (absent, treated as 0: chg_distribution) [flow from gross legs 3.2.1+3.2.2]"
VCBF-BCF,2024-07-24,reconcile,True,0.0,"nav_end 592,700,377,401 vs identity 592,700,377,401, residual 0.00 VND (absent, treated as 0: chg_distribution) [flow from gross legs 3.2.1+3.2.2]"
VCBF-BCF,2024-07-31,reconcile,True,0.0,"nav_end 603,319,816,896 vs identity 603,319,816,896, residual 0.00 VND (absent, treated as 0: chg_distribution) [flow from gross legs 3.2.1+3.2.2]"
VCBF-BCF,2024-08-07,reconcile,True,0.0,"nav_end 585,007,787,616 vs identity 585,007,787,616, residual 0.00 VND (absent, treated as 0: chg_distribution) [flow from gross legs 3.2.1+3.2.2]"
VCBF-BCF,2024-08-14,reconcile,True,0.0,"nav_end 604,087,649,585 vs identity 604,087,649,585, residual 0.00 VND (absent, treated as 0: chg_distribution) [flow from gross legs 3.2.1+3.2.2]"
VCBF-BCF,2024-08-21,reconcile,True,0.0,"nav_end 632,802,594,498 vs identity 632,802,594,498, residual 0.00 VND (absent, treated as 0: chg_distribution) [flow from gross legs 3.2.1+3.2.2]"
VCBF-BCF,2024-08-28,reconcile,True,0.0,"nav_end 628,784,175,348 vs identity 628,784,175,348, residual 0.00 VND (absent, treated as 0: chg_distribution) [flow from gross legs 3.2.1+3.2.2]"
VCBF-BCF,2024-09-04,reconcile,True,0.0,"nav_end 627,505,137,289 vs identity 627,505,137,289, residual 0.00 VND (absent, treated as 0: chg_distribution) [flow from gross legs 3.2.1+3.2.2]"
VCBF-BCF,2024-09-11,reconcile,True,0.0,"nav_end 622,282,612,610 vs identity 622,282,612,610, residual 0.00 VND (absent, treated as 0: chg_distribution) [flow from gross legs 3.2.1+3.2.2]"
VCBF-BCF,2024-09-18,reconcile,True,0.0,"nav_end 626,308,414,284 vs identity 626,308,414,284, residual 0.00 VND (absent, treated as 0: chg_distribution) [flow from gross legs 3.2.1+3.2.2]"
VCBF-BCF,2024-09-25,reconcile,True,0.0,"nav_end 642,415,616,682 vs identity 642,415,616,682, residual 0.00 VND (absent, treated as 0: chg_distribution) [flow from gross legs 3.2.1+3.2.2]"
VCBF-BCF,2024-10-02,reconcile,True,0.0,"nav_end 640,087,695,144 vs identity 640,087,695,144, residual 0.00 VND (absent, treated as 0: chg_distribution) [flow from gross legs 3.2.1+3.2.2]"
VCBF-BCF,2024-10-09,reconcile,True,0.0,"nav_end 643,820,006,101 vs identity 643,820,006,101, residual 0.00 VND (absent, treated as 0: chg_distribution) [flow from gross legs 3.2.1+3.2.2]"
VCBF-BCF,2024-10-16,reconcile,True,0.0,"nav_end 648,110,524,222 vs identity 648,110,524,222, residual 0.00 VND (absent, treated as 0: chg_distribution) [flow from gross legs 3.2.1+3.2.2]"
VCBF-BCF,2024-10-23,reconcile,True,0.0,"nav_end 647,115,825,807 vs identity 647,115,825,807, residual 0.00 VND (absent, treated as 0: chg_distribution) [flow from gross legs 3.2.1+3.2.2]"
VCBF-BCF,2024-10-30,reconcile,True,0.0,"nav_end 649,220,888,611 vs identity 649,220,888,611, residual 0.00 VND (absent, treated as 0: chg_distribution) [flow from gross legs 3.2.1+3.2.2]"
VCBF-BCF,2024-11-06,reconcile,True,0.0,"nav_end 656,682,269,363 vs identity 656,682,269,363, residual 0.00 VND (absent, treated as 0: chg_distribution) [flow from gross legs 3.2.1+3.2.2]"
VCBF-BCF,2024-11-13,reconcile,True,0.0,"nav_end 656,554,085,391 vs identity 656,554,085,391, residual 0.00 VND (absent, treated as 0: chg_distribution) [flow from gross legs 3.2.1+3.2.2]"
VCBF-BCF,2024-11-20,reconcile,True,0.0,"nav_end 642,199,489,400 vs identity 642,199,489,400, residual 0.00 VND (absent, treated as 0: chg_distribution) [flow from gross legs 3.2.1+3.2.2]"
VCBF-BCF,2024-11-27,reconcile,True,0.0,"nav_end 661,919,893,900 vs identity 661,919,893,900, residual 0.00 VND (absent, treated as 0: chg_distribution) [flow from gross legs 3.2.1+3.2.2]"
VCBF-BCF,2024-12-04,reconcile,True,0.0,"nav_end 668,815,280,083 vs identity 668,815,280,083, residual 0.00 VND (absent, treated as 0: chg_distribution) [flow from gross legs 3.2.1+3.2.2]"
VCBF-BCF,2024-12-11,reconcile,True,0.0,"nav_end 686,782,880,376 vs identity 686,782,880,376, residual 0.00 VND (absent, treated as 0: chg_distribution) [flow from gross legs 3.2.1+3.2.2]"
VCBF-BCF,2024-12-18,reconcile,True,0.0,"nav_end 687,321,027,402 vs identity 687,321,027,402, residual 0.00 VND (absent, treated as 0: chg_distribution) [flow from gross legs 3.2.1+3.2.2]"
VCBF-BCF,2025-01-01,reconcile,True,0.0,"nav_end 702,391,280,059 vs identity 702,391,280,059, residual 0.00 VND (absent, treated as 0: chg_distribution) [flow from gross legs 3.2.1+3.2.2]"
VCBF-BCF,2025-01-08,reconcile,True,0.0,"nav_end 696,318,248,026 vs identity 696,318,248,026, residual 0.00 VND (absent, treated as 0: chg_distribution) [flow from gross legs 3.2.1+3.2.2]"
VCBF-BCF,2025-01-15,reconcile,True,0.0,"nav_end 699,950,396,635 vs identity 699,950,396,635, residual 0.00 VND (absent, treated as 0: chg_distribution) [flow from gross legs 3.2.1+3.2.2]"
VCBF-BCF,2025-01-22,reconcile,True,0.0,"nav_end 718,047,693,755 vs identity 718,047,693,755, residual 0.00 VND (absent, treated as 0: chg_distribution) [flow from gross legs 3.2.1+3.2.2]"
VCBF-BCF,2025-01-29,reconcile,True,0.0,"nav_end 733,219,171,511 vs identity 733,219,171,511, residual 0.00 VND (absent, treated as 0: chg_distribution) [flow from gross legs 3.2.1+3.2.2]"
VCBF-BCF,2025-02-05,reconcile,True,0.0,"nav_end 734,633,256,399 vs identity 734,633,256,399, residual 0.00 VND (absent, treated as 0: chg_distribution) [flow from gross legs 3.2.1+3.2.2]"
VCBF-BCF,2025-02-12,reconcile,True,0.0,"nav_end 739,429,085,242 vs identity 739,429,085,242, residual 0.00 VND (absent, treated as 0: chg_distribution) [flow from gross legs 3.2.1+3.2.2]"
VCBF-BCF,2025-02-19,reconcile,True,0.0,"nav_end 749,318,593,917 vs identity 749,318,593,917, residual 0.00 VND (absent, treated as 0: chg_distribution) [flow from gross legs 3.2.1+3.2.2]"
VCBF-BCF,2025-02-26,reconcile,True,0.0,"nav_end 761,584,903,339 vs identity 761,584,903,339, residual 0.00 VND (absent, treated as 0: chg_distribution) [flow from gross legs 3.2.1+3.2.2]"
VCBF-BCF,2025-03-05,reconcile,True,0.0,"nav_end 778,859,410,649 vs identity 778,859,410,649, residual 0.00 VND (absent, treated as 0: chg_distribution) [flow from gross legs 3.2.1+3.2.2]"
VCBF-BCF,2025-03-12,reconcile,True,0.0,"nav_end 795,331,418,256 vs identity 795,331,418,256, residual 0.00 VND (absent, treated as 0: chg_distribution) [flow from gross legs 3.2.1+3.2.2]"
VCBF-BCF,2025-03-19,reconcile,True,0.0,"nav_end 779,740,033,367 vs identity 779,740,033,367, residual 0.00 VND (absent, treated as 0: chg_distribution) [flow from gross legs 3.2.1+3.2.2]"
VCBF-BCF,2025-03-26,reconcile,True,0.0,"nav_end 786,118,463,255 vs identity 786,118,463,255, residual 0.00 VND (absent, treated as 0: chg_distribution) [flow from gross legs 3.2.1+3.2.2]"
VCBF-BCF,2025-04-02,reconcile,True,0.0,"nav_end 781,236,641,845 vs identity 781,236,641,845, residual 0.00 VND (absent, treated as 0: chg_distribution) [flow from gross legs 3.2.1+3.2.2]"
VCBF-BCF,2025-04-09,reconcile,True,0.0,"nav_end 645,489,937,059 vs identity 645,489,937,059, residual 0.00 VND (absent, treated as 0: chg_distribution) [flow from gross legs 3.2.1+3.2.2]"
VCBF-BCF,2025-04-16,reconcile,True,0.0,"nav_end 723,865,080,640 vs identity 723,865,080,640, residual 0.00 VND (absent, treated as 0: chg_distribution) [flow from gross legs 3.2.1+3.2.2]"
VCBF-BCF,2025-04-23,reconcile,True,0.0,"nav_end 737,635,881,870 vs identity 737,635,881,870, residual 0.00 VND (absent, treated as 0: chg_distribution) [flow from gross legs 3.2.1+3.2.2]"
VCBF-BCF,2025-04-30,reconcile,True,0.0,"nav_end 752,521,398,179 vs identity 752,521,398,179, residual 0.00 VND (absent, treated as 0: chg_distribution) [flow from gross legs 3.2.1+3.2.2]"
VCBF-BCF,2025-05-07,reconcile,True,0.0,"nav_end 762,894,568,192 vs identity 762,894,568,192, residual 0.00 VND (absent, treated as 0: chg_distribution) [flow from gross legs 3.2.1+3.2.2]"
VCBF-BCF,2025-05-14,reconcile,True,0.0,"nav_end 814,314,464,919 vs identity 814,314,464,919, residual 0.00 VND (absent, treated as 0: chg_distribution) [flow from gross legs 3.2.1+3.2.2]"
VCBF-BCF,2025-05-21,reconcile,True,0.0,"nav_end 821,137,212,412 vs identity 821,137,212,412, residual 0.00 VND (absent, treated as 0: chg_distribution) [flow from gross legs 3.2.1+3.2.2]"
VCBF-BCF,2025-05-28,reconcile,True,0.0,"nav_end 831,844,503,392 vs identity 831,844,503,392, residual 0.00 VND (absent, treated as 0: chg_distribution) [flow from gross legs 3.2.1+3.2.2]"
VCBF-BCF,2025-06-11,reconcile,True,0.0,"nav_end 819,598,483,590 vs identity 819,598,483,590, residual 0.00 VND (absent, treated as 0: chg_distribution) [flow from gross legs 3.2.1+3.2.2]"
VCBF-BCF,2025-06-18,reconcile,True,0.0,"nav_end 845,438,351,996 vs identity 845,438,351,996, residual 0.00 VND (absent, treated as 0: chg_distribution) [flow from gross legs 3.2.1+3.2.2]"
VCBF-BCF,2025-06-25,reconcile,True,0.0,"nav_end 819,870,810,370 vs identity 819,870,810,370, residual 0.00 VND (absent, treated as 0: chg_distribution) [flow from gross legs 3.2.1+3.2.2]"
VCBF-BCF,2025-07-02,reconcile,True,0.0,"nav_end 835,838,680,931 vs identity 835,838,680,931, residual 0.00 VND (absent, treated as 0: chg_distribution) [flow from gross legs 3.2.1+3.2.2]"
VCBF-BCF,2025-07-09,reconcile,True,0.0,"nav_end 866,516,987,622 vs identity 866,516,987,622, residual 0.00 VND (absent, treated as 0: chg_distribution) [flow from gross legs 3.2.1+3.2.2]"
VCBF-BCF,2025-07-16,reconcile,True,0.0,"nav_end 891,240,503,256 vs identity 891,240,503,256, residual 0.00 VND (absent, treated as 0: chg_distribution) [flow from gross legs 3.2.1+3.2.2]"
VCBF-BCF,2025-07-23,reconcile,True,0.0,"nav_end 908,352,869,451 vs identity 908,352,869,451, residual 0.00 VND (absent, treated as 0: chg_distribution) [flow from gross legs 3.2.1+3.2.2]"
VCBF-BCF,2025-07-30,reconcile,True,0.0,"nav_end 901,046,193,261 vs identity 901,046,193,261, residual 0.00 VND (absent, treated as 0: chg_distribution) [flow from gross legs 3.2.1+3.2.2]"
VCBF-BCF,2025-08-06,reconcile,True,0.0,"nav_end 952,051,185,052 vs identity 952,051,185,052, residual 0.00 VND (absent, treated as 0: chg_distribution) [flow from gross legs 3.2.1+3.2.2]"
VCBF-BCF,2025-08-13,reconcile,True,0.0,"nav_end 984,799,698,655 vs identity 984,799,698,655, residual 0.00 VND (absent, treated as 0: chg_distribution) [flow from gross legs 3.2.1+3.2.2]"
VCBF-BCF,2025-08-20,reconcile,True,0.0,"nav_end 978,415,355,329 vs identity 978,415,355,329, residual 0.00 VND (absent, treated as 0: chg_distribution) [flow from gross legs 3.2.1+3.2.2]"
VCBF-BCF,2025-08-27,reconcile,True,0.0,"nav_end 985,558,292,771 vs identity 985,558,292,771, residual 0.00 VND (absent, treated as 0: chg_distribution) [flow from gross legs 3.2.1+3.2.2]"
VCBF-BCF,2025-09-03,reconcile,True,0.0,"nav_end 1,003,090,463,818 vs identity 1,003,090,463,818, residual 0.00 VND (absent, treated as 0: chg_distribution) [flow from gross legs 3.2.1+3.2.2]"
VCBF-BCF,2025-09-10,reconcile,True,0.0,"nav_end 1,000,962,786,886 vs identity 1,000,962,786,886, residual 0.00 VND (absent, treated as 0: chg_distribution) [flow from gross legs 3.2.1+3.2.2]"
VCBF-BCF,2025-09-17,reconcile,True,0.0,"nav_end 1,038,047,937,250 vs identity 1,038,047,937,250, residual 0.00 VND (absent, treated as 0: chg_distribution) [flow from gross legs 3.2.1+3.2.2]"
VCBF-BCF,2025-09-24,reconcile,True,0.0,"nav_end 1,044,561,589,966 vs identity 1,044,561,589,966, residual 0.00 VND (absent, treated as 0: chg_distribution) [flow from gross legs 3.2.1+3.2.2]"
VCBF-BCF,2025-10-01,reconcile,True,0.0,"nav_end 1,070,482,320,837 vs identity 1,070,482,320,837, residual 0.00 VND (absent, treated as 0: chg_distribution) [flow from gross legs 3.2.1+3.2.2]"
VCBF-BCF,2025-10-08,reconcile,True,0.0,"nav_end 1,099,283,534,750 vs identity 1,099,283,534,750, residual 0.00 VND (absent, treated as 0: chg_distribution) [flow from gross legs 3.2.1+3.2.2]"
VCBF-BCF,2025-10-15,reconcile,True,0.0,"nav_end 1,129,208,445,611 vs identity 1,129,208,445,611, residual 0.00 VND (absent, treated as 0: chg_distribution) [flow from gross legs 3.2.1+3.2.2]"
VCBF-BCF,2025-10-22,reconcile,True,0.0,"nav_end 1,130,201,820,589 vs identity 1,130,201,820,589, residual 0.00 VND (absent, treated as 0: chg_distribution) [flow from gross legs 3.2.1+3.2.2]"
VCBF-BCF,2025-10-29,reconcile,True,0.0,"nav_end 1,171,299,200,797 vs identity 1,171,299,200,797, residual 0.00 VND (absent, treated as 0: chg_distribution) [flow from gross legs 3.2.1+3.2.2]"
VCBF-BCF,2025-11-05,reconcile,True,0.0,"nav_end 1,164,482,858,232 vs identity 1,164,482,858,232, residual 0.00 VND (absent, treated as 0: chg_distribution) [flow from gross legs 3.2.1+3.2.2]"
VCBF-BCF,2025-11-12,reconcile,True,0.0,"nav_end 1,163,864,201,140 vs identity 1,163,864,201,140, residual 0.00 VND (absent, treated as 0: chg_distribution) [flow from gross legs 3.2.1+3.2.2]"
VCBF-BCF,2025-11-19,reconcile,True,0.0,"nav_end 1,179,041,818,082 vs identity 1,179,041,818,082, residual 0.00 VND (absent, treated as 0: chg_distribution) [flow from gross legs 3.2.1+3.2.2]"
VCBF-BCF,2025-12-03,reconcile,True,0.0,"nav_end 1,218,881,381,839 vs identity 1,218,881,381,839, residual 0.00 VND (absent, treated as 0: chg_distribution) [flow from gross legs 3.2.1+3.2.2]"
VCBF-BCF,2025-12-10,reconcile,True,0.0,"nav_end 1,212,236,363,187 vs identity 1,212,236,363,187, residual 0.00 VND (absent, treated as 0: chg_distribution) [flow from gross legs 3.2.1+3.2.2]"
VCBF-BCF,2025-12-17,reconcile,True,0.0,"nav_end 1,206,375,621,183 vs identity 1,206,375,621,183, residual 0.00 VND (absent, treated as 0: chg_distribution) [flow from gross legs 3.2.1+3.2.2]"
VCBF-BCF,2025-12-24,reconcile,True,0.0,"nav_end 1,251,756,008,276 vs identity 1,251,756,008,276, residual 0.00 VND (absent, treated as 0: chg_distribution) [flow from gross legs 3.2.1+3.2.2]"
VCBF-BCF,2025-12-31,reconcile,True,0.0,"nav_end 1,260,002,187,430 vs identity 1,260,002,187,430, residual 0.00 VND (absent, treated as 0: chg_distribution) [flow from gross legs 3.2.1+3.2.2]"
VCBF-BCF,2026-01-07,reconcile,True,0.0,"nav_end 1,301,316,127,055 vs identity 1,301,316,127,055, residual 0.00 VND (absent, treated as 0: chg_distribution) [flow from gross legs 3.2.1+3.2.2]"
VCBF-BCF,2026-01-14,reconcile,True,0.0,"nav_end 1,343,678,829,084 vs identity 1,343,678,829,084, residual 0.00 VND (absent, treated as 0: chg_distribution) [flow from gross legs 3.2.1+3.2.2]"
VCBF-BCF,2026-01-21,reconcile,True,0.0,"nav_end 1,358,465,937,628 vs identity 1,358,465,937,628, residual 0.00 VND (absent, treated as 0: chg_distribution) [flow from gross legs 3.2.1+3.2.2]"
VCBF-BCF,2026-01-28,reconcile,True,0.0,"nav_end 1,352,521,808,363 vs identity 1,352,521,808,363, residual 0.00 VND (absent, treated as 0: chg_distribution) [flow from gross legs 3.2.1+3.2.2]"
VCBF-BCF,2026-02-04,reconcile,True,0.0,"nav_end 1,417,056,549,126 vs identity 1,417,056,549,126, residual 0.00 VND (absent, treated as 0: chg_distribution) [flow from gross legs 3.2.1+3.2.2]"
VCBF-BCF,2026-02-11,reconcile,True,0.0,"nav_end 1,424,980,344,976 vs identity 1,424,980,344,976, residual 0.00 VND (absent, treated as 0: chg_distribution) [flow from gross legs 3.2.1+3.2.2]"
VCBF-BCF,2026-02-18,reconcile,True,0.0,"nav_end 1,458,037,457,524 vs identity 1,458,037,457,524, residual 0.00 VND (absent, treated as 0: chg_distribution) [flow from gross legs 3.2.1+3.2.2]"
VCBF-BCF,2026-02-25,reconcile,True,0.0,"nav_end 1,501,772,147,717 vs identity 1,501,772,147,717, residual 0.00 VND (absent, treated as 0: chg_distribution) [flow from gross legs 3.2.1+3.2.2]"
VCBF-BCF,2026-03-04,reconcile,True,0.0,"nav_end 1,463,133,310,519 vs identity 1,463,133,310,519, residual 0.00 VND (absent, treated as 0: chg_distribution) [flow from gross legs 3.2.1+3.2.2]"
VCBF-BCF,2026-03-11,reconcile,True,0.0,"nav_end 1,458,454,952,070 vs identity 1,458,454,952,070, residual 0.00 VND (absent, treated as 0: chg_distribution) [flow from gross legs 3.2.1+3.2.2]"
VCBF-BCF,2026-03-18,reconcile,True,0.0,"nav_end 1,475,373,715,361 vs identity 1,475,373,715,361, residual 0.00 VND (absent, treated as 0: chg_distribution) [flow from gross legs 3.2.1+3.2.2]"
VCBF-BCF,2026-03-25,reconcile,True,0.0,"nav_end 1,491,824,015,470 vs identity 1,491,824,015,470, residual 0.00 VND (absent, treated as 0: chg_distribution) [flow from gross legs 3.2.1+3.2.2]"
VCBF-BCF,2026-04-01,reconcile,True,0.0,"nav_end 1,535,415,256,925 vs identity 1,535,415,256,925, residual 0.00 VND (absent, treated as 0: chg_distribution) [flow from gross legs 3.2.1+3.2.2]"
VCBF-BCF,2026-04-08,reconcile,True,0.0,"nav_end 1,562,493,304,133 vs identity 1,562,493,304,133, residual 0.00 VND (absent, treated as 0: chg_distribution) [flow from gross legs 3.2.1+3.2.2]"
VCBF-BCF,2026-04-15,reconcile,True,0.0,"nav_end 1,564,381,723,278 vs identity 1,564,381,723,278, residual 0.00 VND (absent, treated as 0: chg_distribution) [flow from gross legs 3.2.1+3.2.2]"
VCBF-BCF,2026-04-22,reconcile,True,0.0,"nav_end 1,574,685,831,910 vs identity 1,574,685,831,910, residual 0.00 VND (absent, treated as 0: chg_distribution) [flow from gross legs 3.2.1+3.2.2]"
VCBF-BCF,2026-04-29,reconcile,True,0.0,"nav_end 1,569,052,221,531 vs identity 1,569,052,221,531, residual 0.00 VND (absent, treated as 0: chg_distribution) [flow from gross legs 3.2.1+3.2.2]"
VCBF-BCF,2026-05-06,reconcile,True,0.0,"nav_end 1,588,869,831,903 vs identity 1,588,869,831,903, residual 0.00 VND (absent, treated as 0: chg_distribution) [flow from gross legs 3.2.1+3.2.2]"
VCBF-BCF,2026-05-13,reconcile,True,0.0,"nav_end 1,586,071,907,435 vs identity 1,586,071,907,435, residual 0.00 VND (absent, treated as 0: chg_distribution) [flow from gross legs 3.2.1+3.2.2]"
VCBF-BCF,2026-05-20,reconcile,True,0.0,"nav_end 1,577,520,729,409 vs identity 1,577,520,729,409, residual 0.00 VND (absent, treated as 0: chg_distribution) [flow from gross legs 3.2.1+3.2.2]"
VCBF-BCF,2026-05-27,reconcile,True,0.0,"nav_end 1,597,041,405,960 vs identity 1,597,041,405,960, residual 0.00 VND (absent, treated as 0: chg_distribution) [flow from gross legs 3.2.1+3.2.2]"
VCBF-BCF,2026-06-03,reconcile,True,0.0,"nav_end 1,596,474,435,105 vs identity 1,596,474,435,105, residual 0.00 VND (absent, treated as 0: chg_distribution) [flow from gross legs 3.2.1+3.2.2]"
VCBF-BCF,2026-06-10,reconcile,True,0.0,"nav_end 1,591,949,149,461 vs identity 1,591,949,149,461, residual 0.00 VND (absent, treated as 0: chg_distribution) [flow from gross legs 3.2.1+3.2.2]"
VCBF-BCF,2026-06-17,reconcile,True,0.0,"nav_end 1,619,125,200,767 vs identity 1,619,125,200,767, residual 0.00 VND (absent, treated as 0: chg_distribution) [flow from gross legs 3.2.1+3.2.2]"
VCBF-BCF,2026-06-24,reconcile,True,0.0,"nav_end 1,604,672,267,472 vs identity 1,604,672,267,472, residual 0.00 VND (absent, treated as 0: chg_distribution) [flow from gross legs 3.2.1+3.2.2]"
VCBF-BCF,2026-07-01,reconcile,True,0.0,"nav_end 1,642,011,865,268 vs identity 1,642,011,865,268, residual 0.00 VND (absent, treated as 0: chg_distribution) [flow from gross legs 3.2.1+3.2.2]"
VCBF-BCF,2026-07-08,reconcile,True,0.0,"nav_end 1,618,192,645,481 vs identity 1,618,192,645,481, residual 0.00 VND (absent, treated as 0: chg_distribution) [flow from gross legs 3.2.1+3.2.2]"
VCBF-BCF,2026-07-15,reconcile,True,0.0,"nav_end 1,562,274,960,708 vs identity 1,562,274,960,708, residual 0.00 VND (absent, treated as 0: chg_distribution) [flow from gross legs 3.2.1+3.2.2]"
VCBF-BCF,2026-07-22,reconcile,True,0.0,"nav_end 1,478,011,208,654 vs identity 1,478,011,208,654, residual 0.00 VND (absent, treated as 0: chg_distribution) [flow from gross legs 3.2.1+3.2.2]"
VCBF-BCF,2026-07-29,reconcile,True,0.0,"nav_end 1,492,323,252,703 vs identity 1,492,323,252,703, residual 0.00 VND (absent, treated as 0: chg_distribution) [flow from gross legs 3.2.1+3.2.2]"
VCBF-BCF,2026-08-05,reconcile,True,0.0,"nav_end 1,592,810,744,133 vs identity 1,592,810,744,133, residual 0.00 VND (absent, treated as 0: chg_distribution) [flow from gross legs 3.2.1+3.2.2]"
VCBF-BCF,2026-08-12,reconcile,True,0.0,"nav_end 1,634,736,656,714 vs identity 1,634,736,656,714, residual 0.00 VND (absent, treated as 0: chg_distribution) [flow from gross legs 3.2.1+3.2.2]"
VCBF-FIF,2022-07-06,reconcile,True,0.0,"nav_end 91,297,195,488 vs identity 91,297,195,488, residual 0.00 VND (absent, treated as 0: chg_distribution) [flow from gross legs 3.2.1+3.2.2]"
VCBF-FIF,2022-07-13,reconcile,True,0.0,"nav_end 90,225,933,277 vs identity 90,225,933,277, residual 0.00 VND (absent, treated as 0: chg_distribution) [flow from gross legs 3.2.1+3.2.2]"
VCBF-FIF,2022-07-20,reconcile,True,0.0,"nav_end 90,566,346,190 vs identity 90,566,346,190, residual 0.00 VND (absent, treated as 0: chg_distribution) [flow from gross legs 3.2.1+3.2.2]"
VCBF-FIF,2022-07-27,reconcile,True,0.0,"nav_end 90,513,972,944 vs identity 90,513,972,944, residual 0.00 VND (absent, treated as 0: chg_distribution) [flow from gross legs 3.2.1+3.2.2]"
VCBF-FIF,2022-08-03,reconcile,True,0.0,"nav_end 90,673,858,753 vs identity 90,673,858,753, residual 0.00 VND (absent, treated as 0: chg_distribution) [flow from gross legs 3.2.1+3.2.2]"
VCBF-FIF,2022-08-10,reconcile,True,0.0,"nav_end 91,430,541,249 vs identity 91,430,541,249, residual 0.00 VND (absent, treated as 0: chg_distribution) [flow from gross legs 3.2.1+3.2.2]"
VCBF-FIF,2022-08-17,reconcile,True,0.0,"nav_end 91,700,160,812 vs identity 91,700,160,812, residual 0.00 VND (absent, treated as 0: chg_distribution) [flow from gross legs 3.2.1+3.2.2]"
VCBF-FIF,2022-08-24,reconcile,True,0.0,"nav_end 92,075,567,238 vs identity 92,075,567,238, residual 0.00 VND (absent, treated as 0: chg_distribution) [flow from gross legs 3.2.1+3.2.2]"
VCBF-FIF,2022-08-31,reconcile,True,0.0,"nav_end 91,923,397,929 vs identity 91,923,397,929, residual 0.00 VND (absent, treated as 0: chg_distribution) [flow from gross legs 3.2.1+3.2.2]"
VCBF-FIF,2022-09-07,reconcile,True,0.0,"nav_end 92,086,533,063 vs identity 92,086,533,063, residual 0.00 VND (absent, treated as 0: chg_distribution) [flow from gross legs 3.2.1+3.2.2]"
VCBF-FIF,2022-09-14,reconcile,True,0.0,"nav_end 92,185,958,336 vs identity 92,185,958,336, residual 0.00 VND (absent, treated as 0: chg_distribution) [flow from gross legs 3.2.1+3.2.2]"
VCBF-FIF,2022-09-21,reconcile,True,0.0,"nav_end 91,926,631,884 vs identity 91,926,631,884, residual 0.00 VND (absent, treated as 0: chg_distribution) [flow from gross legs 3.2.1+3.2.2]"
VCBF-FIF,2022-09-28,reconcile,True,0.0,"nav_end 93,423,193,233 vs identity 93,423,193,233, residual 0.00 VND (absent, treated as 0: chg_distribution) [flow from gross legs 3.2.1+3.2.2]"
VCBF-FIF,2022-10-05,reconcile,True,0.0,"nav_end 93,178,195,766 vs identity 93,178,195,766, residual 0.00 VND (absent, treated as 0: chg_distribution) [flow from gross legs 3.2.1+3.2.2]"
VCBF-FIF,2022-10-12,reconcile,True,0.0,"nav_end 93,671,624,459 vs identity 93,671,624,459, residual 0.00 VND (absent, treated as 0: chg_distribution) [flow from gross legs 3.2.1+3.2.2]"
VCBF-FIF,2022-10-19,reconcile,True,0.0,"nav_end 92,970,646,160 vs identity 92,970,646,160, residual 0.00 VND (absent, treated as 0: chg_distribution) [flow from gross legs 3.2.1+3.2.2]"
VCBF-FIF,2022-10-26,reconcile,True,0.0,"nav_end 93,031,805,237 vs identity 93,031,805,237, residual 0.00 VND (absent, treated as 0: chg_distribution) [flow from gross legs 3.2.1+3.2.2]"
VCBF-FIF,2022-11-02,reconcile,True,0.0,"nav_end 91,953,868,736 vs identity 91,953,868,736, residual 0.00 VND (absent, treated as 0: chg_distribution) [flow from gross legs 3.2.1+3.2.2]"
VCBF-FIF,2022-11-09,reconcile,True,0.0,"nav_end 91,910,346,496 vs identity 91,910,346,496, residual 0.00 VND (absent, treated as 0: chg_distribution) [flow from gross legs 3.2.1+3.2.2]"
VCBF-FIF,2022-11-16,reconcile,True,0.0,"nav_end 90,002,823,039 vs identity 90,002,823,039, residual 0.00 VND (absent, treated as 0: chg_distribution) [flow from gross legs 3.2.1+3.2.2]"
VCBF-FIF,2022-11-23,reconcile,True,0.0,"nav_end 88,051,967,542 vs identity 88,051,967,542, residual 0.00 VND (absent, treated as 0: chg_distribution) [flow from gross legs 3.2.1+3.2.2]"
VCBF-FIF,2022-11-30,reconcile,True,0.0,"nav_end 89,911,949,665 vs identity 89,911,949,665, residual 0.00 VND (absent, treated as 0: chg_distribution) [flow from gross legs 3.2.1+3.2.2]"
VCBF-FIF,2022-12-07,reconcile,True,0.0,"nav_end 89,975,896,373 vs identity 89,975,896,373, residual 0.00 VND (absent, treated as 0: chg_distribution) [flow from gross legs 3.2.1+3.2.2]"
VCBF-FIF,2022-12-14,reconcile,True,0.0,"nav_end 88,923,964,390 vs identity 88,923,964,390, residual 0.00 VND (absent, treated as 0: chg_distribution) [flow from gross legs 3.2.1+3.2.2]"
VCBF-FIF,2022-12-21,reconcile,True,0.0,"nav_end 89,976,496,205 vs identity 89,976,496,205, residual 0.00 VND (absent, treated as 0: chg_distribution) [flow from gross legs 3.2.1+3.2.2]"
VCBF-FIF,2022-12-28,reconcile,True,0.0,"nav_end 90,099,900,163 vs identity 90,099,900,163, residual 0.00 VND (absent, treated as 0: chg_distribution) [flow from gross legs 3.2.1+3.2.2]"
VCBF-FIF,2023-01-04,reconcile,True,0.0,"nav_end 89,698,667,025 vs identity 89,698,667,025, residual 0.00 VND (absent, treated as 0: chg_distribution) [flow from gross legs 3.2.1+3.2.2]"
VCBF-FIF,2023-01-11,reconcile,True,0.0,"nav_end 89,982,787,983 vs identity 89,982,787,983, residual 0.00 VND (absent, treated as 0: chg_distribution) [flow from gross legs 3.2.1+3.2.2]"
VCBF-FIF,2023-01-18,reconcile,True,0.0,"nav_end 85,066,141,914 vs identity 85,066,141,914, residual 0.00 VND (absent, treated as 0: chg_distribution) [flow from gross legs 3.2.1+3.2.2]"
VCBF-FIF,2023-01-25,reconcile,True,0.0,"nav_end 85,209,615,751 vs identity 85,209,615,751, residual 0.00 VND (absent, treated as 0: chg_distribution, redemptions) [flow from gross legs 3.2.1+3.2.2]"
VCBF-FIF,2023-02-01,reconcile,True,0.0,"nav_end 85,438,173,701 vs identity 85,438,173,701, residual 0.00 VND (absent, treated as 0: chg_distribution) [flow from gross legs 3.2.1+3.2.2]"
VCBF-FIF,2023-02-08,reconcile,True,0.0,"nav_end 85,560,901,390 vs identity 85,560,901,390, residual 0.00 VND (absent, treated as 0: chg_distribution) [flow from gross legs 3.2.1+3.2.2]"
VCBF-FIF,2023-02-15,reconcile,True,0.0,"nav_end 88,998,388,475 vs identity 88,998,388,475, residual 0.00 VND (absent, treated as 0: chg_distribution) [flow from gross legs 3.2.1+3.2.2]"
VCBF-FIF,2023-02-22,reconcile,True,0.0,"nav_end 88,832,410,356 vs identity 88,832,410,356, residual 0.00 VND (absent, treated as 0: chg_distribution) [flow from gross legs 3.2.1+3.2.2]"
VCBF-FIF,2023-03-01,reconcile,True,0.0,"nav_end 89,575,113,029 vs identity 89,575,113,029, residual 0.00 VND (absent, treated as 0: chg_distribution) [flow from gross legs 3.2.1+3.2.2]"
VCBF-FIF,2023-03-08,reconcile,True,0.0,"nav_end 89,482,401,856 vs identity 89,482,401,856, residual 0.00 VND (absent, treated as 0: chg_distribution) [flow from gross legs 3.2.1+3.2.2]"
VCBF-FIF,2023-03-15,reconcile,True,0.0,"nav_end 89,582,496,244 vs identity 89,582,496,244, residual 0.00 VND (absent, treated as 0: chg_distribution) [flow from gross legs 3.2.1+3.2.2]"
VCBF-FIF,2023-03-22,reconcile,True,0.0,"nav_end 89,851,060,295 vs identity 89,851,060,295, residual 0.00 VND (absent, treated as 0: chg_distribution) [flow from gross legs 3.2.1+3.2.2]"
VCBF-FIF,2023-03-29,reconcile,True,0.0,"nav_end 90,281,981,809 vs identity 90,281,981,809, residual 0.00 VND (absent, treated as 0: chg_distribution) [flow from gross legs 3.2.1+3.2.2]"
VCBF-FIF,2023-04-05,reconcile,True,0.0,"nav_end 90,698,330,642 vs identity 90,698,330,642, residual 0.00 VND (absent, treated as 0: chg_distribution) [flow from gross legs 3.2.1+3.2.2]"
VCBF-FIF,2023-04-12,reconcile,True,0.0,"nav_end 89,549,657,003 vs identity 89,549,657,003, residual 0.00 VND (absent, treated as 0: chg_distribution) [flow from gross legs 3.2.1+3.2.2]"
VCBF-FIF,2023-04-19,reconcile,True,0.0,"nav_end 89,481,086,036 vs identity 89,481,086,036, residual 0.00 VND (absent, treated as 0: chg_distribution) [flow from gross legs 3.2.1+3.2.2]"
VCBF-FIF,2023-04-26,reconcile,True,0.0,"nav_end 89,750,233,319 vs identity 89,750,233,319, residual 0.00 VND (absent, treated as 0: chg_distribution) [flow from gross legs 3.2.1+3.2.2]"
VCBF-FIF,2023-05-03,reconcile,True,0.0,"nav_end 90,237,033,937 vs identity 90,237,033,937, residual 0.00 VND (absent, treated as 0: chg_distribution) [flow from gross legs 3.2.1+3.2.2]"
VCBF-FIF,2023-05-10,reconcile,True,0.0,"nav_end 89,635,637,819 vs identity 89,635,637,819, residual 0.00 VND (absent, treated as 0: chg_distribution) [flow from gross legs 3.2.1+3.2.2]"
VCBF-FIF,2023-05-17,reconcile,True,0.0,"nav_end 89,246,726,317 vs identity 89,246,726,317, residual 0.00 VND (absent, treated as 0: chg_distribution) [flow from gross legs 3.2.1+3.2.2]"
VCBF-FIF,2023-05-24,reconcile,True,0.0,"nav_end 90,038,132,405 vs identity 90,038,132,405, residual 0.00 VND (absent, treated as 0: chg_distribution) [flow from gross legs 3.2.1+3.2.2]"
VCBF-FIF,2023-05-31,reconcile,True,0.0,"nav_end 90,704,330,167 vs identity 90,704,330,167, residual 0.00 VND (absent, treated as 0: chg_distribution) [flow from gross legs 3.2.1+3.2.2]"
VCBF-FIF,2023-06-07,reconcile,True,0.0,"nav_end 91,902,495,630 vs identity 91,902,495,630, residual 0.00 VND (absent, treated as 0: chg_distribution) [flow from gross legs 3.2.1+3.2.2]"
VCBF-FIF,2023-06-14,reconcile,True,0.0,"nav_end 90,475,733,889 vs identity 90,475,733,889, residual 0.00 VND (absent, treated as 0: chg_distribution) [flow from gross legs 3.2.1+3.2.2]"
VCBF-FIF,2023-06-21,reconcile,True,0.0,"nav_end 89,866,967,998 vs identity 89,866,967,998, residual 0.00 VND (absent, treated as 0: chg_distribution) [flow from gross legs 3.2.1+3.2.2]"
VCBF-FIF,2023-06-28,reconcile,True,0.0,"nav_end 89,544,468,333 vs identity 89,544,468,333, residual 0.00 VND (absent, treated as 0: chg_distribution) [flow from gross legs 3.2.1+3.2.2]"
VCBF-FIF,2023-07-05,reconcile,True,0.0,"nav_end 90,353,013,749 vs identity 90,353,013,749, residual 0.00 VND (absent, treated as 0: chg_distribution) [flow from gross legs 3.2.1+3.2.2]"
VCBF-FIF,2023-07-12,reconcile,True,0.0,"nav_end 91,033,333,127 vs identity 91,033,333,127, residual 0.00 VND (absent, treated as 0: chg_distribution) [flow from gross legs 3.2.1+3.2.2]"
VCBF-FIF,2023-07-19,reconcile,True,0.0,"nav_end 90,881,626,579 vs identity 90,881,626,579, residual 0.00 VND (absent, treated as 0: chg_distribution) [flow from gross legs 3.2.1+3.2.2]"
VCBF-FIF,2023-07-26,reconcile,True,0.0,"nav_end 90,600,962,300 vs identity 90,600,962,300, residual 0.00 VND (absent, treated as 0: chg_distribution) [flow from gross legs 3.2.1+3.2.2]"
VCBF-FIF,2023-08-02,reconcile,True,0.0,"nav_end 91,759,091,680 vs identity 91,759,091,680, residual 0.00 VND (absent, treated as 0: chg_distribution) [flow from gross legs 3.2.1+3.2.2]"
VCBF-FIF,2023-08-09,reconcile,True,0.0,"nav_end 92,096,312,089 vs identity 92,096,312,089, residual 0.00 VND (absent, treated as 0: chg_distribution) [flow from gross legs 3.2.1+3.2.2]"
VCBF-FIF,2023-08-16,reconcile,True,0.0,"nav_end 93,159,772,855 vs identity 93,159,772,855, residual 0.00 VND (absent, treated as 0: chg_distribution) [flow from gross legs 3.2.1+3.2.2]"
VCBF-FIF,2023-08-23,reconcile,True,0.0,"nav_end 105,565,423,202 vs identity 105,565,423,202, residual 0.00 VND (absent, treated as 0: chg_distribution) [flow from gross legs 3.2.1+3.2.2]"
VCBF-FIF,2023-08-30,reconcile,True,0.0,"nav_end 107,137,762,051 vs identity 107,137,762,051, residual 0.00 VND (absent, treated as 0: chg_distribution) [flow from gross legs 3.2.1+3.2.2]"
VCBF-FIF,2023-09-06,reconcile,True,0.0,"nav_end 107,421,154,929 vs identity 107,421,154,929, residual 0.00 VND (absent, treated as 0: chg_distribution) [flow from gross legs 3.2.1+3.2.2]"
VCBF-FIF,2023-09-13,reconcile,True,0.0,"nav_end 108,851,163,243 vs identity 108,851,163,243, residual 0.00 VND (absent, treated as 0: chg_distribution) [flow from gross legs 3.2.1+3.2.2]"
VCBF-FIF,2023-09-20,reconcile,True,0.0,"nav_end 109,038,066,411 vs identity 109,038,066,411, residual 0.00 VND (absent, treated as 0: chg_distribution) [flow from gross legs 3.2.1+3.2.2]"
VCBF-FIF,2023-09-27,reconcile,True,0.0,"nav_end 106,874,558,697 vs identity 106,874,558,697, residual 0.00 VND (absent, treated as 0: chg_distribution) [flow from gross legs 3.2.1+3.2.2]"
VCBF-FIF,2023-10-04,reconcile,True,0.0,"nav_end 108,165,326,869 vs identity 108,165,326,869, residual 0.00 VND (absent, treated as 0: chg_distribution) [flow from gross legs 3.2.1+3.2.2]"
VCBF-FIF,2023-10-11,reconcile,True,0.0,"nav_end 108,933,576,509 vs identity 108,933,576,509, residual 0.00 VND (absent, treated as 0: chg_distribution) [flow from gross legs 3.2.1+3.2.2]"
VCBF-FIF,2023-10-25,reconcile,True,0.0,"nav_end 110,474,164,214 vs identity 110,474,164,214, residual 0.00 VND (absent, treated as 0: chg_distribution) [flow from gross legs 3.2.1+3.2.2]"
VCBF-FIF,2023-11-01,reconcile,True,0.0,"nav_end 111,090,196,321 vs identity 111,090,196,321, residual 0.00 VND (absent, treated as 0: chg_distribution) [flow from gross legs 3.2.1+3.2.2]"
VCBF-FIF,2023-11-08,reconcile,True,0.0,"nav_end 112,736,831,982 vs identity 112,736,831,982, residual 0.00 VND (absent, treated as 0: chg_distribution) [flow from gross legs 3.2.1+3.2.2]"
VCBF-FIF,2023-11-15,reconcile,True,0.0,"nav_end 113,907,185,781 vs identity 113,907,185,781, residual 0.00 VND (absent, treated as 0: chg_distribution) [flow from gross legs 3.2.1+3.2.2]"
VCBF-FIF,2023-11-22,reconcile,True,0.0,"nav_end 116,117,898,497 vs identity 116,117,898,497, residual 0.00 VND (absent, treated as 0: chg_distribution) [flow from gross legs 3.2.1+3.2.2]"
VCBF-FIF,2023-11-29,reconcile,True,0.0,"nav_end 116,492,703,648 vs identity 116,492,703,648, residual 0.00 VND (absent, treated as 0: chg_distribution) [flow from gross legs 3.2.1+3.2.2]"
VCBF-FIF,2023-12-06,reconcile,True,0.0,"nav_end 117,194,247,225 vs identity 117,194,247,225, residual 0.00 VND (absent, treated as 0: chg_distribution) [flow from gross legs 3.2.1+3.2.2]"
VCBF-FIF,2023-12-13,reconcile,True,0.0,"nav_end 118,393,210,575 vs identity 118,393,210,575, residual 0.00 VND (absent, treated as 0: chg_distribution) [flow from gross legs 3.2.1+3.2.2]"
VCBF-FIF,2023-12-20,reconcile,True,0.0,"nav_end 120,499,733,692 vs identity 120,499,733,692, residual 0.00 VND (absent, treated as 0: chg_distribution) [flow from gross legs 3.2.1+3.2.2]"
VCBF-FIF,2023-12-27,reconcile,True,0.0,"nav_end 122,327,814,254 vs identity 122,327,814,254, residual 0.00 VND (absent, treated as 0: chg_distribution) [flow from gross legs 3.2.1+3.2.2]"
VCBF-FIF,2024-01-03,reconcile,True,0.0,"nav_end 142,205,404,292 vs identity 142,205,404,292, residual 0.00 VND (absent, treated as 0: chg_distribution) [flow from gross legs 3.2.1+3.2.2]"
VCBF-FIF,2024-01-10,reconcile,True,0.0,"nav_end 159,937,355,834 vs identity 159,937,355,834, residual 0.00 VND (absent, treated as 0: chg_distribution) [flow from gross legs 3.2.1+3.2.2]"
VCBF-FIF,2024-01-17,reconcile,True,0.0,"nav_end 163,315,434,799 vs identity 163,315,434,799, residual 0.00 VND (absent, treated as 0: chg_distribution) [flow from gross legs 3.2.1+3.2.2]"
VCBF-FIF,2024-01-24,reconcile,True,0.0,"nav_end 169,806,454,606 vs identity 169,806,454,606, residual 0.00 VND (absent, treated as 0: chg_distribution) [flow from gross legs 3.2.1+3.2.2]"
VCBF-FIF,2024-01-31,reconcile,True,0.0,"nav_end 173,090,682,886 vs identity 173,090,682,886, residual 0.00 VND (absent, treated as 0: chg_distribution) [flow from gross legs 3.2.1+3.2.2]"
VCBF-FIF,2024-02-05,reconcile,True,0.0,"nav_end 174,412,779,061 vs identity 174,412,779,061, residual 0.00 VND (absent, treated as 0: chg_distribution) [flow from gross legs 3.2.1+3.2.2]"
VCBF-FIF,2024-02-14,reconcile,True,0.0,"nav_end 178,731,223,125 vs identity 178,731,223,125, residual 0.00 VND (absent, treated as 0: chg_distribution) [flow from gross legs 3.2.1+3.2.2]"
VCBF-FIF,2024-02-21,reconcile,True,0.0,"nav_end 180,280,396,399 vs identity 180,280,396,399, residual 0.00 VND (absent, treated as 0: chg_distribution) [flow from gross legs 3.2.1+3.2.2]"
VCBF-FIF,2024-02-28,reconcile,True,0.0,"nav_end 186,795,846,898 vs identity 186,795,846,898, residual 0.00 VND (absent, treated as 0: chg_distribution) [flow from gross legs 3.2.1+3.2.2]"
VCBF-FIF,2024-03-06,reconcile,True,0.0,"nav_end 189,065,461,185 vs identity 189,065,461,185, residual 0.00 VND (absent, treated as 0: chg_distribution) [flow from gross legs 3.2.1+3.2.2]"
VCBF-FIF,2024-03-13,reconcile,True,0.0,"nav_end 201,314,746,574 vs identity 201,314,746,574, residual 0.00 VND (absent, treated as 0: chg_distribution) [flow from gross legs 3.2.1+3.2.2]"
VCBF-FIF,2024-03-20,reconcile,True,0.0,"nav_end 208,236,760,926 vs identity 208,236,760,926, residual 0.00 VND (absent, treated as 0: chg_distribution) [flow from gross legs 3.2.1+3.2.2]"
VCBF-FIF,2024-03-27,reconcile,True,0.0,"nav_end 221,692,881,574 vs identity 221,692,881,574, residual 0.00 VND (absent, treated as 0: chg_distribution) [flow from gross legs 3.2.1+3.2.2]"
VCBF-FIF,2024-04-03,reconcile,True,0.0,"nav_end 224,844,016,055 vs identity 224,844,016,055, residual 0.00 VND (absent, treated as 0: chg_distribution) [flow from gross legs 3.2.1+3.2.2]"
VCBF-FIF,2024-04-10,reconcile,True,0.0,"nav_end 226,806,538,806 vs identity 226,806,538,806, residual 0.00 VND (absent, treated as 0: chg_distribution) [flow from gross legs 3.2.1+3.2.2]"
VCBF-FIF,2024-04-15,reconcile,True,0.0,"nav_end 229,640,055,585 vs identity 229,640,055,585, residual 0.00 VND (absent, treated as 0: chg_distribution) [flow from gross legs 3.2.1+3.2.2]"
VCBF-FIF,2024-04-24,reconcile,True,0.0,"nav_end 232,263,054,712 vs identity 232,263,054,712, residual 0.00 VND (absent, treated as 0: chg_distribution) [flow from gross legs 3.2.1+3.2.2]"
VCBF-FIF,2024-05-01,reconcile,True,0.0,"nav_end 234,862,272,799 vs identity 234,862,272,799, residual 0.00 VND (absent, treated as 0: chg_distribution) [flow from gross legs 3.2.1+3.2.2]"
VCBF-FIF,2024-05-08,reconcile,True,0.0,"nav_end 245,188,146,714 vs identity 245,188,146,714, residual 0.00 VND (absent, treated as 0: chg_distribution) [flow from gross legs 3.2.1+3.2.2]"
VCBF-FIF,2024-05-15,reconcile,True,0.0,"nav_end 250,781,833,323 vs identity 250,781,833,323, residual 0.00 VND (absent, treated as 0: chg_distribution) [flow from gross legs 3.2.1+3.2.2]"
VCBF-FIF,2024-05-22,reconcile,True,0.0,"nav_end 256,314,846,551 vs identity 256,314,846,551, residual 0.00 VND (absent, treated as 0: chg_distribution) [flow from gross legs 3.2.1+3.2.2]"
VCBF-FIF,2024-05-29,reconcile,True,0.0,"nav_end 260,497,825,340 vs identity 260,497,825,340, residual 0.00 VND (absent, treated as 0: chg_distribution) [flow from gross legs 3.2.1+3.2.2]"
VCBF-FIF,2024-06-05,reconcile,True,0.0,"nav_end 264,308,840,742 vs identity 264,308,840,742, residual 0.00 VND (absent, treated as 0: chg_distribution) [flow from gross legs 3.2.1+3.2.2]"
VCBF-FIF,2024-06-12,reconcile,True,0.0,"nav_end 267,381,972,756 vs identity 267,381,972,756, residual 0.00 VND (absent, treated as 0: chg_distribution) [flow from gross legs 3.2.1+3.2.2]"
VCBF-FIF,2024-06-19,reconcile,True,0.0,"nav_end 266,411,653,963 vs identity 266,411,653,963, residual 0.00 VND (absent, treated as 0: chg_distribution) [flow from gross legs 3.2.1+3.2.2]"
VCBF-FIF,2024-06-26,reconcile,True,0.0,"nav_end 271,118,452,528 vs identity 271,118,452,528, residual 0.00 VND (absent, treated as 0: chg_distribution) [flow from gross legs 3.2.1+3.2.2]"
VCBF-FIF,2024-07-03,reconcile,True,0.0,"nav_end 274,062,511,209 vs identity 274,062,511,209, residual 0.00 VND (absent, treated as 0: chg_distribution) [flow from gross legs 3.2.1+3.2.2]"
VCBF-FIF,2024-07-10,reconcile,True,0.0,"nav_end 278,293,441,370 vs identity 278,293,441,370, residual 0.00 VND (absent, treated as 0: chg_distribution) [flow from gross legs 3.2.1+3.2.2]"
VCBF-FIF,2024-07-17,reconcile,True,0.0,"nav_end 282,806,122,623 vs identity 282,806,122,623, residual 0.00 VND (absent, treated as 0: chg_distribution) [flow from gross legs 3.2.1+3.2.2]"
VCBF-FIF,2024-07-24,reconcile,True,0.0,"nav_end 290,878,584,448 vs identity 290,878,584,448, residual 0.00 VND (absent, treated as 0: chg_distribution) [flow from gross legs 3.2.1+3.2.2]"
VCBF-FIF,2024-07-31,reconcile,True,0.0,"nav_end 290,945,410,448 vs identity 290,945,410,448, residual 0.00 VND (absent, treated as 0: chg_distribution) [flow from gross legs 3.2.1+3.2.2]"
VCBF-FIF,2024-08-07,reconcile,True,0.0,"nav_end 296,816,205,683 vs identity 296,816,205,683, residual 0.00 VND (absent, treated as 0: chg_distribution) [flow from gross legs 3.2.1+3.2.2]"
VCBF-FIF,2024-08-14,reconcile,True,0.0,"nav_end 300,909,891,941 vs identity 300,909,891,941, residual 0.00 VND (absent, treated as 0: chg_distribution) [flow from gross legs 3.2.1+3.2.2]"
VCBF-FIF,2024-08-21,reconcile,True,0.0,"nav_end 302,086,568,007 vs identity 302,086,568,007, residual 0.00 VND (absent, treated as 0: chg_distribution) [flow from gross legs 3.2.1+3.2.2]"
VCBF-FIF,2024-08-28,reconcile,True,0.0,"nav_end 305,168,056,421 vs identity 305,168,056,421, residual 0.00 VND (absent, treated as 0: chg_distribution) [flow from gross legs 3.2.1+3.2.2]"
VCBF-FIF,2024-09-04,reconcile,True,0.0,"nav_end 308,433,290,106 vs identity 308,433,290,106, residual 0.00 VND (absent, treated as 0: chg_distribution) [flow from gross legs 3.2.1+3.2.2]"
VCBF-FIF,2024-09-11,reconcile,True,0.0,"nav_end 314,769,202,780 vs identity 314,769,202,780, residual 0.00 VND (absent, treated as 0: chg_distribution) [flow from gross legs 3.2.1+3.2.2]"
VCBF-FIF,2024-09-18,reconcile,True,0.0,"nav_end 319,653,774,826 vs identity 319,653,774,826, residual 0.00 VND (absent, treated as 0: chg_distribution) [flow from gross legs 3.2.1+3.2.2]"
VCBF-FIF,2024-09-25,reconcile,True,0.0,"nav_end 321,093,460,579 vs identity 321,093,460,579, residual 0.00 VND (absent, treated as 0: chg_distribution) [flow from gross legs 3.2.1+3.2.2]"
VCBF-FIF,2024-10-02,reconcile,True,0.0,"nav_end 327,072,630,731 vs identity 327,072,630,731, residual 0.00 VND (absent, treated as 0: chg_distribution) [flow from gross legs 3.2.1+3.2.2]"
VCBF-FIF,2024-10-09,reconcile,True,0.0,"nav_end 328,985,550,896 vs identity 328,985,550,896, residual 0.00 VND (absent, treated as 0: chg_distribution) [flow from gross legs 3.2.1+3.2.2]"
VCBF-FIF,2024-10-16,reconcile,True,0.0,"nav_end 335,009,398,251 vs identity 335,009,398,251, residual 0.00 VND (absent, treated as 0: chg_distribution) [flow from gross legs 3.2.1+3.2.2]"
VCBF-FIF,2024-10-23,reconcile,True,0.0,"nav_end 338,172,627,540 vs identity 338,172,627,540, residual 0.00 VND (absent, treated as 0: chg_distribution) [flow from gross legs 3.2.1+3.2.2]"
VCBF-FIF,2024-10-30,reconcile,True,0.0,"nav_end 340,639,248,479 vs identity 340,639,248,479, residual 0.00 VND (absent, treated as 0: chg_distribution) [flow from gross legs 3.2.1+3.2.2]"
VCBF-FIF,2024-11-06,reconcile,True,0.0,"nav_end 343,022,911,548 vs identity 343,022,911,548, residual 0.00 VND (absent, treated as 0: chg_distribution) [flow from gross legs 3.2.1+3.2.2]"
VCBF-FIF,2024-11-13,reconcile,True,0.0,"nav_end 343,478,450,190 vs identity 343,478,450,190, residual 0.00 VND (absent, treated as 0: chg_distribution) [flow from gross legs 3.2.1+3.2.2]"
VCBF-FIF,2024-11-27,reconcile,True,0.0,"nav_end 349,805,904,320 vs identity 349,805,904,320, residual 0.00 VND (absent, treated as 0: chg_distribution) [flow from gross legs 3.2.1+3.2.2]"
VCBF-FIF,2024-12-04,reconcile,True,0.0,"nav_end 353,556,995,830 vs identity 353,556,995,830, residual 0.00 VND (absent, treated as 0: chg_distribution) [flow from gross legs 3.2.1+3.2.2]"
VCBF-FIF,2024-12-11,reconcile,True,0.0,"nav_end 363,992,976,935 vs identity 363,992,976,935, residual 0.00 VND (absent, treated as 0: chg_distribution) [flow from gross legs 3.2.1+3.2.2]"
VCBF-FIF,2024-12-18,reconcile,True,0.0,"nav_end 368,061,293,292 vs identity 368,061,293,292, residual 0.00 VND (absent, treated as 0: chg_distribution) [flow from gross legs 3.2.1+3.2.2]"
VCBF-FIF,2024-12-25,reconcile,True,0.0,"nav_end 373,724,373,173 vs identity 373,724,373,173, residual 0.00 VND (absent, treated as 0: chg_distribution) [flow from gross legs 3.2.1+3.2.2]"
VCBF-FIF,2025-01-01,reconcile,True,0.0,"nav_end 386,152,672,831 vs identity 386,152,672,831, residual 0.00 VND (absent, treated as 0: chg_distribution) [flow from gross legs 3.2.1+3.2.2]"
VCBF-FIF,2025-01-08,reconcile,True,0.0,"nav_end 396,134,194,396 vs identity 396,134,194,396, residual 0.00 VND (absent, treated as 0: chg_distribution) [flow from gross legs 3.2.1+3.2.2]"
VCBF-FIF,2025-01-15,reconcile,True,0.0,"nav_end 392,425,741,169 vs identity 392,425,741,169, residual 0.00 VND (absent, treated as 0: chg_distribution) [flow from gross legs 3.2.1+3.2.2]"
VCBF-FIF,2025-01-22,reconcile,True,0.0,"nav_end 395,762,349,095 vs identity 395,762,349,095, residual 0.00 VND (absent, treated as 0: chg_distribution) [flow from gross legs 3.2.1+3.2.2]"
VCBF-FIF,2025-01-29,reconcile,True,0.0,"nav_end 399,864,238,533 vs identity 399,864,238,533, residual 0.00 VND (absent, treated as 0: chg_distribution) [flow from gross legs 3.2.1+3.2.2]"
VCBF-FIF,2025-02-05,reconcile,True,0.0,"nav_end 403,930,682,566 vs identity 403,930,682,566, residual 0.00 VND (absent, treated as 0: chg_distribution) [flow from gross legs 3.2.1+3.2.2]"
VCBF-FIF,2025-02-12,reconcile,True,0.0,"nav_end 410,112,917,613 vs identity 410,112,917,613, residual 0.00 VND (absent, treated as 0: chg_distribution) [flow from gross legs 3.2.1+3.2.2]"
VCBF-FIF,2025-02-19,reconcile,True,0.0,"nav_end 414,738,052,912 vs identity 414,738,052,912, residual 0.00 VND (absent, treated as 0: chg_distribution) [flow from gross legs 3.2.1+3.2.2]"
VCBF-FIF,2025-02-26,reconcile,True,0.0,"nav_end 423,458,495,854 vs identity 423,458,495,854, residual 0.00 VND (absent, treated as 0: chg_distribution) [flow from gross legs 3.2.1+3.2.2]"
VCBF-FIF,2025-03-05,reconcile,True,0.0,"nav_end 428,592,686,438 vs identity 428,592,686,438, residual 0.00 VND (absent, treated as 0: chg_distribution) [flow from gross legs 3.2.1+3.2.2]"
VCBF-FIF,2025-03-12,reconcile,True,0.0,"nav_end 437,854,786,400 vs identity 437,854,786,400, residual 0.00 VND (absent, treated as 0: chg_distribution) [flow from gross legs 3.2.1+3.2.2]"
VCBF-FIF,2025-03-19,reconcile,True,0.0,"nav_end 447,707,017,677 vs identity 447,707,017,677, residual 0.00 VND (absent, treated as 0: chg_distribution) [flow from gross legs 3.2.1+3.2.2]"
VCBF-FIF,2025-03-26,reconcile,True,0.0,"nav_end 455,931,733,683 vs identity 455,931,733,683, residual 0.00 VND (absent, treated as 0: chg_distribution) [flow from gross legs 3.2.1+3.2.2]"
VCBF-FIF,2025-04-02,reconcile,True,0.0,"nav_end 457,060,254,421 vs identity 457,060,254,421, residual 0.00 VND (absent, treated as 0: chg_distribution) [flow from gross legs 3.2.1+3.2.2]"
VCBF-FIF,2025-04-09,reconcile,True,0.0,"nav_end 454,598,520,582 vs identity 454,598,520,582, residual 0.00 VND (absent, treated as 0: chg_distribution) [flow from gross legs 3.2.1+3.2.2]"
VCBF-FIF,2025-04-16,reconcile,True,0.0,"nav_end 491,065,203,784 vs identity 491,065,203,784, residual 0.00 VND (absent, treated as 0: chg_distribution) [flow from gross legs 3.2.1+3.2.2]"
VCBF-FIF,2025-04-23,reconcile,True,0.0,"nav_end 495,890,424,588 vs identity 495,890,424,588, residual 0.00 VND (absent, treated as 0: chg_distribution) [flow from gross legs 3.2.1+3.2.2]"
VCBF-FIF,2025-04-30,reconcile,True,0.0,"nav_end 500,936,768,057 vs identity 500,936,768,057, residual 0.00 VND (absent, treated as 0: chg_distribution) [flow from gross legs 3.2.1+3.2.2]"
VCBF-FIF,2025-05-07,reconcile,True,0.0,"nav_end 499,925,021,139 vs identity 499,925,021,139, residual 0.00 VND (absent, treated as 0: chg_distribution) [flow from gross legs 3.2.1+3.2.2]"
VCBF-FIF,2025-05-14,reconcile,True,0.0,"nav_end 509,727,332,053 vs identity 509,727,332,053, residual 0.00 VND (absent, treated as 0: chg_distribution) [flow from gross legs 3.2.1+3.2.2]"
VCBF-FIF,2025-05-21,reconcile,True,0.0,"nav_end 512,742,262,525 vs identity 512,742,262,525, residual 0.00 VND (absent, treated as 0: chg_distribution) [flow from gross legs 3.2.1+3.2.2]"
VCBF-FIF,2025-05-28,reconcile,True,0.0,"nav_end 520,917,562,280 vs identity 520,917,562,280, residual 0.00 VND (absent, treated as 0: chg_distribution) [flow from gross legs 3.2.1+3.2.2]"
VCBF-FIF,2025-06-11,reconcile,True,0.0,"nav_end 538,939,753,118 vs identity 538,939,753,118, residual 0.00 VND (absent, treated as 0: chg_distribution) [flow from gross legs 3.2.1+3.2.2]"
VCBF-FIF,2025-06-18,reconcile,True,0.0,"nav_end 551,771,043,263 vs identity 551,771,043,263, residual 0.00 VND (absent, treated as 0: chg_distribution) [flow from gross legs 3.2.1+3.2.2]"
VCBF-FIF,2025-06-25,reconcile,True,0.0,"nav_end 572,828,873,315 vs identity 572,828,873,315, residual 0.00 VND (absent, treated as 0: chg_distribution) [flow from gross legs 3.2.1+3.2.2]"
VCBF-FIF,2025-07-02,reconcile,True,0.0,"nav_end 582,793,313,702 vs identity 582,793,313,702, residual 0.00 VND (absent, treated as 0: chg_distribution) [flow from gross legs 3.2.1+3.2.2]"
VCBF-FIF,2025-07-09,reconcile,True,0.0,"nav_end 583,761,244,398 vs identity 583,761,244,398, residual 0.00 VND (absent, treated as 0: chg_distribution) [flow from gross legs 3.2.1+3.2.2]"
VCBF-FIF,2025-07-16,reconcile,True,0.0,"nav_end 587,906,646,308 vs identity 587,906,646,308, residual 0.00 VND (absent, treated as 0: chg_distribution) [flow from gross legs 3.2.1+3.2.2]"
VCBF-FIF,2025-07-23,reconcile,True,0.0,"nav_end 596,362,109,845 vs identity 596,362,109,845, residual 0.00 VND (absent, treated as 0: chg_distribution) [flow from gross legs 3.2.1+3.2.2]"
VCBF-FIF,2025-07-30,reconcile,True,0.0,"nav_end 615,278,493,083 vs identity 615,278,493,083, residual 0.00 VND (absent, treated as 0: chg_distribution) [flow from gross legs 3.2.1+3.2.2]"
VCBF-FIF,2025-08-06,reconcile,True,0.0,"nav_end 619,363,335,458 vs identity 619,363,335,458, residual 0.00 VND (absent, treated as 0: chg_distribution) [flow from gross legs 3.2.1+3.2.2]"
VCBF-FIF,2025-08-13,reconcile,True,0.0,"nav_end 621,785,395,368 vs identity 621,785,395,368, residual 0.00 VND (absent, treated as 0: chg_distribution) [flow from gross legs 3.2.1+3.2.2]"
VCBF-FIF,2025-08-20,reconcile,True,0.0,"nav_end 633,449,861,713 vs identity 633,449,861,713, residual 0.00 VND (absent, treated as 0: chg_distribution) [flow from gross legs 3.2.1+3.2.2]"
VCBF-FIF,2025-08-27,reconcile,True,0.0,"nav_end 635,459,262,420 vs identity 635,459,262,420, residual 0.00 VND (absent, treated as 0: chg_distribution) [flow from gross legs 3.2.1+3.2.2]"
VCBF-FIF,2025-09-03,reconcile,True,0.0,"nav_end 641,948,994,170 vs identity 641,948,994,170, residual 0.00 VND (absent, treated as 0: chg_distribution) [flow from gross legs 3.2.1+3.2.2]"
VCBF-FIF,2025-09-10,reconcile,True,0.0,"nav_end 606,368,099,118 vs identity 606,368,099,118, residual 0.00 VND (absent, treated as 0: chg_distribution) [flow from gross legs 3.2.1+3.2.2]"
VCBF-FIF,2025-09-17,reconcile,True,0.0,"nav_end 615,669,608,189 vs identity 615,669,608,189, residual 0.00 VND (absent, treated as 0: chg_distribution) [flow from gross legs 3.2.1+3.2.2]"
VCBF-FIF,2025-09-24,reconcile,True,0.0,"nav_end 617,870,054,117 vs identity 617,870,054,117, residual 0.00 VND (absent, treated as 0: chg_distribution) [flow from gross legs 3.2.1+3.2.2]"
VCBF-FIF,2025-10-01,reconcile,True,0.0,"nav_end 616,350,886,757 vs identity 616,350,886,757, residual 0.00 VND (absent, treated as 0: chg_distribution) [flow from gross legs 3.2.1+3.2.2]"
VCBF-FIF,2025-10-08,reconcile,True,0.0,"nav_end 618,257,536,609 vs identity 618,257,536,609, residual 0.00 VND (absent, treated as 0: chg_distribution) [flow from gross legs 3.2.1+3.2.2]"
VCBF-FIF,2025-10-15,reconcile,True,0.0,"nav_end 615,998,752,030 vs identity 615,998,752,030, residual 0.00 VND (absent, treated as 0: chg_distribution) [flow from gross legs 3.2.1+3.2.2]"
VCBF-FIF,2025-10-22,reconcile,True,0.0,"nav_end 611,534,540,866 vs identity 611,534,540,866, residual 0.00 VND (absent, treated as 0: chg_distribution) [flow from gross legs 3.2.1+3.2.2]"
VCBF-FIF,2025-10-29,reconcile,True,0.0,"nav_end 610,621,523,587 vs identity 610,621,523,587, residual 0.00 VND (absent, treated as 0: chg_distribution) [flow from gross legs 3.2.1+3.2.2]"
VCBF-FIF,2025-11-05,reconcile,True,0.0,"nav_end 613,419,416,751 vs identity 613,419,416,751, residual 0.00 VND (absent, treated as 0: chg_distribution) [flow from gross legs 3.2.1+3.2.2]"
VCBF-FIF,2025-11-12,reconcile,True,0.0,"nav_end 609,137,377,499 vs identity 609,137,377,499, residual 0.00 VND (absent, treated as 0: chg_distribution) [flow from gross legs 3.2.1+3.2.2]"
VCBF-FIF,2025-11-19,reconcile,True,0.0,"nav_end 616,974,276,404 vs identity 616,974,276,404, residual 0.00 VND (absent, treated as 0: chg_distribution) [flow from gross legs 3.2.1+3.2.2]"
VCBF-FIF,2025-11-26,reconcile,True,0.0,"nav_end 619,228,334,095 vs identity 619,228,334,095, residual 0.00 VND (absent, treated as 0: chg_distribution) [flow from gross legs 3.2.1+3.2.2]"
VCBF-FIF,2025-12-03,reconcile,True,0.0,"nav_end 618,025,703,076 vs identity 618,025,703,076, residual 0.00 VND (absent, treated as 0: chg_distribution) [flow from gross legs 3.2.1+3.2.2]"
VCBF-FIF,2025-12-10,reconcile,True,0.0,"nav_end 621,612,723,586 vs identity 621,612,723,586, residual 0.00 VND (absent, treated as 0: chg_distribution) [flow from gross legs 3.2.1+3.2.2]"
VCBF-FIF,2025-12-17,reconcile,True,0.0,"nav_end 626,105,594,254 vs identity 626,105,594,254, residual 0.00 VND (absent, treated as 0: chg_distribution) [flow from gross legs 3.2.1+3.2.2]"
VCBF-FIF,2025-12-24,reconcile,True,0.0,"nav_end 622,189,134,939 vs identity 622,189,134,939, residual 0.00 VND (absent, treated as 0: chg_distribution) [flow from gross legs 3.2.1+3.2.2]"
VCBF-FIF,2025-12-31,reconcile,True,0.0,"nav_end 619,024,402,871 vs identity 619,024,402,871, residual 0.00 VND (absent, treated as 0: chg_distribution) [flow from gross legs 3.2.1+3.2.2]"
VCBF-FIF,2026-01-07,reconcile,True,0.0,"nav_end 630,093,280,272 vs identity 630,093,280,272, residual 0.00 VND (absent, treated as 0: chg_distribution) [flow from gross legs 3.2.1+3.2.2]"
VCBF-FIF,2026-01-14,reconcile,True,0.0,"nav_end 623,924,500,842 vs identity 623,924,500,842, residual 0.00 VND (absent, treated as 0: chg_distribution) [flow from gross legs 3.2.1+3.2.2]"
VCBF-FIF,2026-01-21,reconcile,True,0.0,"nav_end 626,389,309,178 vs identity 626,389,309,178, residual 0.00 VND (absent, treated as 0: chg_distribution) [flow from gross legs 3.2.1+3.2.2]"
VCBF-FIF,2026-01-28,reconcile,True,0.0,"nav_end 630,084,442,203 vs identity 630,084,442,203, residual 0.00 VND (absent, treated as 0: chg_distribution) [flow from gross legs 3.2.1+3.2.2]"
VCBF-FIF,2026-02-04,reconcile,True,0.0,"nav_end 625,561,075,534 vs identity 625,561,075,534, residual 0.00 VND (absent, treated as 0: chg_distribution) [flow from gross legs 3.2.1+3.2.2]"
VCBF-FIF,2026-02-11,reconcile,True,0.0,"nav_end 612,227,418,950 vs identity 612,227,418,950, residual 0.00 VND (absent, treated as 0: chg_distribution) [flow from gross legs 3.2.1+3.2.2]"
VCBF-FIF,2026-02-18,reconcile,True,0.0,"nav_end 610,885,790,991 vs identity 610,885,790,991, residual 0.00 VND (absent, treated as 0: chg_distribution) [flow from gross legs 3.2.1+3.2.2]"
VCBF-FIF,2026-02-25,reconcile,True,0.0,"nav_end 609,609,202,158 vs identity 609,609,202,158, residual 0.00 VND (absent, treated as 0: chg_distribution) [flow from gross legs 3.2.1+3.2.2]"
VCBF-FIF,2026-03-04,reconcile,True,0.0,"nav_end 610,824,688,075 vs identity 610,824,688,075, residual 0.00 VND (absent, treated as 0: chg_distribution) [flow from gross legs 3.2.1+3.2.2]"
VCBF-FIF,2026-03-11,reconcile,True,0.0,"nav_end 614,916,906,874 vs identity 614,916,906,874, residual 0.00 VND (absent, treated as 0: chg_distribution) [flow from gross legs 3.2.1+3.2.2]"
VCBF-FIF,2026-03-18,reconcile,True,0.0,"nav_end 611,605,876,100 vs identity 611,605,876,100, residual 0.00 VND (absent, treated as 0: chg_distribution) [flow from gross legs 3.2.1+3.2.2]"
VCBF-FIF,2026-03-25,reconcile,True,0.0,"nav_end 603,611,693,580 vs identity 603,611,693,580, residual 0.00 VND (absent, treated as 0: chg_distribution) [flow from gross legs 3.2.1+3.2.2]"
VCBF-FIF,2026-04-01,reconcile,True,0.0,"nav_end 611,022,158,879 vs identity 611,022,158,879, residual 0.00 VND (absent, treated as 0: chg_distribution) [flow from gross legs 3.2.1+3.2.2]"
VCBF-FIF,2026-04-08,reconcile,True,0.0,"nav_end 605,476,312,263 vs identity 605,476,312,263, residual 0.00 VND (absent, treated as 0: chg_distribution) [flow from gross legs 3.2.1+3.2.2]"
VCBF-FIF,2026-04-15,reconcile,True,0.0,"nav_end 601,276,275,400 vs identity 601,276,275,400, residual 0.00 VND (absent, treated as 0: chg_distribution) [flow from gross legs 3.2.1+3.2.2]"
VCBF-FIF,2026-04-22,reconcile,True,0.0,"nav_end 604,641,734,750 vs identity 604,641,734,750, residual 0.00 VND (absent, treated as 0: chg_distribution) [flow from gross legs 3.2.1+3.2.2]"
VCBF-FIF,2026-04-29,reconcile,True,0.0,"nav_end 604,304,483,328 vs identity 604,304,483,328, residual 0.00 VND (absent, treated as 0: chg_distribution) [flow from gross legs 3.2.1+3.2.2]"
VCBF-FIF,2026-05-06,reconcile,True,0.0,"nav_end 609,451,266,168 vs identity 609,451,266,168, residual 0.00 VND (absent, treated as 0: chg_distribution) [flow from gross legs 3.2.1+3.2.2]"
VCBF-FIF,2026-05-13,reconcile,True,0.0,"nav_end 600,042,033,170 vs identity 600,042,033,170, residual 0.00 VND (absent, treated as 0: chg_distribution) [flow from gross legs 3.2.1+3.2.2]"
VCBF-FIF,2026-05-20,reconcile,True,0.0,"nav_end 598,865,850,795 vs identity 598,865,850,795, residual 0.00 VND (absent, treated as 0: chg_distribution) [flow from gross legs 3.2.1+3.2.2]"
VCBF-FIF,2026-05-27,reconcile,True,0.0,"nav_end 597,745,577,701 vs identity 597,745,577,701, residual 0.00 VND (absent, treated as 0: chg_distribution) [flow from gross legs 3.2.1+3.2.2]"
VCBF-FIF,2026-06-03,reconcile,True,0.0,"nav_end 598,432,257,835 vs identity 598,432,257,835, residual 0.00 VND (absent, treated as 0: chg_distribution) [flow from gross legs 3.2.1+3.2.2]"
VCBF-FIF,2026-06-10,reconcile,True,0.0,"nav_end 599,391,382,885 vs identity 599,391,382,885, residual 0.00 VND (absent, treated as 0: chg_distribution) [flow from gross legs 3.2.1+3.2.2]"
VCBF-FIF,2026-06-17,reconcile,True,0.0,"nav_end 591,439,435,665 vs identity 591,439,435,665, residual 0.00 VND (absent, treated as 0: chg_distribution) [flow from gross legs 3.2.1+3.2.2]"
VCBF-FIF,2026-06-24,reconcile,True,0.0,"nav_end 588,877,572,082 vs identity 588,877,572,082, residual 0.00 VND (absent, treated as 0: chg_distribution) [flow from gross legs 3.2.1+3.2.2]"
VCBF-FIF,2026-07-01,reconcile,True,0.0,"nav_end 579,231,458,400 vs identity 579,231,458,400, residual 0.00 VND (absent, treated as 0: chg_distribution) [flow from gross legs 3.2.1+3.2.2]"
VCBF-FIF,2026-07-08,reconcile,True,0.0,"nav_end 574,523,652,565 vs identity 574,523,652,565, residual 0.00 VND (absent, treated as 0: chg_distribution) [flow from gross legs 3.2.1+3.2.2]"
VCBF-FIF,2026-07-15,reconcile,True,0.0,"nav_end 573,637,915,772 vs identity 573,637,915,772, residual 0.00 VND (absent, treated as 0: chg_distribution) [flow from gross legs 3.2.1+3.2.2]"
VCBF-FIF,2026-07-22,reconcile,True,0.0,"nav_end 570,313,912,197 vs identity 570,313,912,197, residual 0.00 VND (absent, treated as 0: chg_distribution) [flow from gross legs 3.2.1+3.2.2]"
VCBF-FIF,2026-07-29,reconcile,True,0.0,"nav_end 558,741,330,118 vs identity 558,741,330,118, residual 0.00 VND (absent, treated as 0: chg_distribution) [flow from gross legs 3.2.1+3.2.2]"
VCBF-FIF,2026-08-05,reconcile,True,0.0,"nav_end 555,792,104,592 vs identity 555,792,104,592, residual 0.00 VND (absent, treated as 0: chg_distribution) [flow from gross legs 3.2.1+3.2.2]"
VCBF-FIF,2026-08-12,reconcile,True,0.0,"nav_end 555,342,847,690 vs identity 555,342,847,690, residual 0.00 VND (absent, treated as 0: chg_distribution) [flow from gross legs 3.2.1+3.2.2]"
VCBF-MGF,2022-07-06,reconcile,True,0.0,"nav_end 257,189,813,037 vs identity 257,189,813,037, residual 0.00 VND (absent, treated as 0: chg_distribution) [flow from gross legs 3.2.1+3.2.2]"
VCBF-MGF,2022-07-13,reconcile,True,0.0,"nav_end 266,898,250,561 vs identity 266,898,250,561, residual 0.00 VND (absent, treated as 0: chg_distribution) [flow from gross legs 3.2.1+3.2.2]"
VCBF-MGF,2022-07-20,reconcile,True,0.0,"nav_end 267,966,294,482 vs identity 267,966,294,482, residual 0.00 VND (absent, treated as 0: chg_distribution) [flow from gross legs 3.2.1+3.2.2]"
VCBF-MGF,2022-07-27,reconcile,True,0.0,"nav_end 268,705,755,871 vs identity 268,705,755,871, residual 0.00 VND (absent, treated as 0: chg_distribution) [flow from gross legs 3.2.1+3.2.2]"
VCBF-MGF,2022-08-03,reconcile,True,0.0,"nav_end 281,923,445,962 vs identity 281,923,445,962, residual 0.00 VND (absent, treated as 0: chg_distribution) [flow from gross legs 3.2.1+3.2.2]"
VCBF-MGF,2022-08-10,reconcile,True,0.0,"nav_end 283,970,426,811 vs identity 283,970,426,811, residual 0.00 VND (absent, treated as 0: chg_distribution) [flow from gross legs 3.2.1+3.2.2]"
VCBF-MGF,2022-08-17,reconcile,True,0.0,"nav_end 288,438,040,623 vs identity 288,438,040,623, residual 0.00 VND (absent, treated as 0: chg_distribution) [flow from gross legs 3.2.1+3.2.2]"
VCBF-MGF,2022-08-24,reconcile,True,0.0,"nav_end 294,513,142,940 vs identity 294,513,142,940, residual 0.00 VND (absent, treated as 0: chg_distribution) [flow from gross legs 3.2.1+3.2.2]"
VCBF-MGF,2022-08-31,reconcile,True,0.0,"nav_end 296,883,184,332 vs identity 296,883,184,332, residual 0.00 VND (absent, treated as 0: chg_distribution) [flow from gross legs 3.2.1+3.2.2]"
VCBF-MGF,2022-09-07,reconcile,True,0.0,"nav_end 287,466,148,137 vs identity 287,466,148,137, residual 0.00 VND (absent, treated as 0: chg_distribution) [flow from gross legs 3.2.1+3.2.2]"
VCBF-MGF,2022-09-14,reconcile,True,0.0,"nav_end 287,944,781,984 vs identity 287,944,781,984, residual 0.00 VND (absent, treated as 0: chg_distribution) [flow from gross legs 3.2.1+3.2.2]"
VCBF-MGF,2022-09-21,reconcile,True,0.0,"nav_end 293,513,988,343 vs identity 293,513,988,343, residual 0.00 VND (absent, treated as 0: chg_distribution) [flow from gross legs 3.2.1+3.2.2]"
VCBF-MGF,2022-09-28,reconcile,True,0.0,"nav_end 281,864,366,344 vs identity 281,864,366,344, residual 0.00 VND (absent, treated as 0: chg_distribution) [flow from gross legs 3.2.1+3.2.2]"
VCBF-MGF,2022-10-05,reconcile,True,0.0,"nav_end 264,943,626,101 vs identity 264,943,626,101, residual 0.00 VND (absent, treated as 0: chg_distribution) [flow from gross legs 3.2.1+3.2.2]"
VCBF-MGF,2022-10-12,reconcile,True,0.0,"nav_end 246,642,286,678 vs identity 246,642,286,678, residual 0.00 VND (absent, treated as 0: chg_distribution) [flow from gross legs 3.2.1+3.2.2]"
VCBF-MGF,2022-10-19,reconcile,True,0.0,"nav_end 255,148,725,199 vs identity 255,148,725,199, residual 0.00 VND (absent, treated as 0: chg_distribution) [flow from gross legs 3.2.1+3.2.2]"
VCBF-MGF,2022-10-26,reconcile,True,0.0,"nav_end 235,981,975,467 vs identity 235,981,975,467, residual 0.00 VND (absent, treated as 0: chg_distribution) [flow from gross legs 3.2.1+3.2.2]"
VCBF-MGF,2022-11-02,reconcile,True,0.0,"nav_end 247,523,444,345 vs identity 247,523,444,345, residual 0.00 VND (absent, treated as 0: chg_distribution) [flow from gross legs 3.2.1+3.2.2]"
VCBF-MGF,2022-11-09,reconcile,True,0.0,"nav_end 233,743,842,288 vs identity 233,743,842,288, residual 0.00 VND (absent, treated as 0: chg_distribution) [flow from gross legs 3.2.1+3.2.2]"
VCBF-MGF,2022-11-16,reconcile,True,0.0,"nav_end 212,960,701,454 vs identity 212,960,701,454, residual 0.00 VND (absent, treated as 0: chg_distribution) [flow from gross legs 3.2.1+3.2.2]"
VCBF-MGF,2022-11-23,reconcile,True,0.0,"nav_end 226,825,595,191 vs identity 226,825,595,191, residual 0.00 VND (absent, treated as 0: chg_distribution) [flow from gross legs 3.2.1+3.2.2]"
VCBF-MGF,2022-11-30,reconcile,True,0.0,"nav_end 252,235,661,898 vs identity 252,235,661,898, residual 0.00 VND (absent, treated as 0: chg_distribution) [flow from gross legs 3.2.1+3.2.2]"
VCBF-MGF,2022-12-07,reconcile,True,0.0,"nav_end 249,490,571,994 vs identity 249,490,571,994, residual 0.00 VND (absent, treated as 0: chg_distribution) [flow from gross legs 3.2.1+3.2.2]"
VCBF-MGF,2022-12-14,reconcile,True,0.0,"nav_end 263,174,303,629 vs identity 263,174,303,629, residual 0.00 VND (absent, treated as 0: chg_distribution) [flow from gross legs 3.2.1+3.2.2]"
VCBF-MGF,2022-12-21,reconcile,True,0.0,"nav_end 257,746,426,373 vs identity 257,746,426,373, residual 0.00 VND (absent, treated as 0: chg_distribution) [flow from gross legs 3.2.1+3.2.2]"
VCBF-MGF,2022-12-28,reconcile,True,0.0,"nav_end 253,843,282,015 vs identity 253,843,282,015, residual 0.00 VND (absent, treated as 0: chg_distribution) [flow from gross legs 3.2.1+3.2.2]"
VCBF-MGF,2023-01-04,reconcile,True,0.0,"nav_end 261,965,054,109 vs identity 261,965,054,109, residual 0.00 VND (absent, treated as 0: chg_distribution) [flow from gross legs 3.2.1+3.2.2]"
VCBF-MGF,2023-01-11,reconcile,True,0.0,"nav_end 264,320,592,366 vs identity 264,320,592,366, residual 0.00 VND (absent, treated as 0: chg_distribution) [flow from gross legs 3.2.1+3.2.2]"
VCBF-MGF,2023-01-18,reconcile,True,0.0,"nav_end 273,615,097,674 vs identity 273,615,097,674, residual 0.00 VND (absent, treated as 0: chg_distribution) [flow from gross legs 3.2.1+3.2.2]"
VCBF-MGF,2023-01-25,reconcile,True,0.0,"nav_end 276,078,205,031 vs identity 276,078,205,031, residual 0.00 VND (absent, treated as 0: chg_distribution) [flow from gross legs 3.2.1+3.2.2]"
VCBF-MGF,2023-02-01,reconcile,True,0.0,"nav_end 272,569,599,555 vs identity 272,569,599,555, residual 0.00 VND (absent, treated as 0: chg_distribution) [flow from gross legs 3.2.1+3.2.2]"
VCBF-MGF,2023-02-08,reconcile,True,0.0,"nav_end 269,037,303,898 vs identity 269,037,303,898, residual 0.00 VND (absent, treated as 0: chg_distribution) [flow from gross legs 3.2.1+3.2.2]"
VCBF-MGF,2023-02-15,reconcile,True,0.0,"nav_end 264,527,016,633 vs identity 264,527,016,633, residual 0.00 VND (absent, treated as 0: chg_distribution) [flow from gross legs 3.2.1+3.2.2]"
VCBF-MGF,2023-02-21,reconcile,True,0.0,"nav_end 269,005,022,056 vs identity 269,005,022,056, residual 0.00 VND (absent, treated as 0: chg_distribution) [flow from gross legs 3.2.1+3.2.2]"
VCBF-MGF,2023-03-01,reconcile,True,0.0,"nav_end 263,571,250,591 vs identity 263,571,250,591, residual 0.00 VND (absent, treated as 0: chg_distribution) [flow from gross legs 3.2.1+3.2.2]"
VCBF-MGF,2023-03-08,reconcile,True,0.0,"nav_end 264,044,834,904 vs identity 264,044,834,904, residual 0.00 VND (absent, treated as 0: chg_distribution) [flow from gross legs 3.2.1+3.2.2]"
VCBF-MGF,2023-03-15,reconcile,True,0.0,"nav_end 264,317,651,323 vs identity 264,317,651,323, residual 0.00 VND (absent, treated as 0: chg_distribution) [flow from gross legs 3.2.1+3.2.2]"
VCBF-MGF,2023-03-22,reconcile,True,0.0,"nav_end 258,251,867,604 vs identity 258,251,867,604, residual 0.00 VND (absent, treated as 0: chg_distribution) [flow from gross legs 3.2.1+3.2.2]"
VCBF-MGF,2023-03-29,reconcile,True,0.0,"nav_end 262,116,586,644 vs identity 262,116,586,644, residual 0.00 VND (absent, treated as 0: chg_distribution) [flow from gross legs 3.2.1+3.2.2]"
VCBF-MGF,2023-04-05,reconcile,True,0.0,"nav_end 273,830,188,719 vs identity 273,830,188,719, residual 0.00 VND (absent, treated as 0: chg_distribution) [flow from gross legs 3.2.1+3.2.2]"
VCBF-MGF,2023-04-12,reconcile,True,0.0,"nav_end 275,848,575,166 vs identity 275,848,575,166, residual 0.00 VND (absent, treated as 0: chg_distribution) [flow from gross legs 3.2.1+3.2.2]"
VCBF-MGF,2023-04-19,reconcile,True,0.0,"nav_end 276,008,953,634 vs identity 276,008,953,634, residual 0.00 VND (absent, treated as 0: chg_distribution) [flow from gross legs 3.2.1+3.2.2]"
VCBF-MGF,2023-04-26,reconcile,True,0.0,"nav_end 273,230,856,771 vs identity 273,230,856,771, residual 0.00 VND (absent, treated as 0: chg_distribution) [flow from gross legs 3.2.1+3.2.2]"
VCBF-MGF,2023-05-03,reconcile,True,0.0,"nav_end 269,897,285,324 vs identity 269,897,285,324, residual 0.00 VND (absent, treated as 0: chg_distribution) [flow from gross legs 3.2.1+3.2.2]"
VCBF-MGF,2023-05-10,reconcile,True,0.0,"nav_end 275,133,360,406 vs identity 275,133,360,406, residual 0.00 VND (absent, treated as 0: chg_distribution) [flow from gross legs 3.2.1+3.2.2]"
VCBF-MGF,2023-05-17,reconcile,True,0.0,"nav_end 276,844,572,968 vs identity 276,844,572,968, residual 0.00 VND (absent, treated as 0: chg_distribution) [flow from gross legs 3.2.1+3.2.2]"
VCBF-MGF,2023-05-24,reconcile,True,0.0,"nav_end 277,236,740,828 vs identity 277,236,740,828, residual 0.00 VND (absent, treated as 0: chg_distribution) [flow from gross legs 3.2.1+3.2.2]"
VCBF-MGF,2023-05-31,reconcile,True,0.0,"nav_end 280,916,397,989 vs identity 280,916,397,989, residual 0.00 VND (absent, treated as 0: chg_distribution) [flow from gross legs 3.2.1+3.2.2]"
VCBF-MGF,2023-06-07,reconcile,True,0.0,"nav_end 284,404,021,122 vs identity 284,404,021,122, residual 0.00 VND (absent, treated as 0: chg_distribution) [flow from gross legs 3.2.1+3.2.2]"
VCBF-MGF,2023-06-14,reconcile,True,0.0,"nav_end 285,207,590,557 vs identity 285,207,590,557, residual 0.00 VND (absent, treated as 0: chg_distribution) [flow from gross legs 3.2.1+3.2.2]"
VCBF-MGF,2023-06-21,reconcile,True,0.0,"nav_end 292,897,591,172 vs identity 292,897,591,172, residual 0.00 VND (absent, treated as 0: chg_distribution) [flow from gross legs 3.2.1+3.2.2]"
VCBF-MGF,2023-06-28,reconcile,True,0.0,"nav_end 298,218,763,001 vs identity 298,218,763,001, residual 0.00 VND (absent, treated as 0: chg_distribution) [flow from gross legs 3.2.1+3.2.2]"
VCBF-MGF,2023-07-05,reconcile,True,0.0,"nav_end 302,526,955,602 vs identity 302,526,955,602, residual 0.00 VND (absent, treated as 0: chg_distribution) [flow from gross legs 3.2.1+3.2.2]"
VCBF-MGF,2023-07-12,reconcile,True,0.0,"nav_end 312,667,703,801 vs identity 312,667,703,801, residual 0.00 VND (absent, treated as 0: chg_distribution) [flow from gross legs 3.2.1+3.2.2]"
VCBF-MGF,2023-07-26,reconcile,True,0.0,"nav_end 320,641,603,694 vs identity 320,641,603,694, residual 0.00 VND (absent, treated as 0: chg_distribution) [flow from gross legs 3.2.1+3.2.2]"
VCBF-MGF,2023-08-02,reconcile,True,0.0,"nav_end 320,230,566,349 vs identity 320,230,566,349, residual 0.00 VND (absent, treated as 0: chg_distribution) [flow from gross legs 3.2.1+3.2.2]"
VCBF-MGF,2023-08-09,reconcile,True,0.0,"nav_end 325,980,275,653 vs identity 325,980,275,653, residual 0.00 VND (absent, treated as 0: chg_distribution) [flow from gross legs 3.2.1+3.2.2]"
VCBF-MGF,2023-08-16,reconcile,True,0.0,"nav_end 327,281,846,782 vs identity 327,281,846,782, residual 0.00 VND (absent, treated as 0: chg_distribution) [flow from gross legs 3.2.1+3.2.2]"
VCBF-MGF,2023-08-23,reconcile,True,0.0,"nav_end 306,924,089,368 vs identity 306,924,089,368, residual 0.00 VND (absent, treated as 0: chg_distribution) [flow from gross legs 3.2.1+3.2.2]"
VCBF-MGF,2023-08-30,reconcile,True,0.0,"nav_end 323,533,872,341 vs identity 323,533,872,341, residual 0.00 VND (absent, treated as 0: chg_distribution) [flow from gross legs 3.2.1+3.2.2]"
VCBF-MGF,2023-09-06,reconcile,True,0.0,"nav_end 334,218,204,348 vs identity 334,218,204,348, residual 0.00 VND (absent, treated as 0: chg_distribution) [flow from gross legs 3.2.1+3.2.2]"
VCBF-MGF,2023-09-13,reconcile,True,0.0,"nav_end 334,302,117,242 vs identity 334,302,117,242, residual 0.00 VND (absent, treated as 0: chg_distribution) [flow from gross legs 3.2.1+3.2.2]"
VCBF-MGF,2023-09-20,reconcile,True,0.0,"nav_end 338,211,301,931 vs identity 338,211,301,931, residual 0.00 VND (absent, treated as 0: chg_distribution) [flow from gross legs 3.2.1+3.2.2]"
VCBF-MGF,2023-09-27,reconcile,True,0.0,"nav_end 318,902,905,699 vs identity 318,902,905,699, residual 0.00 VND (absent, treated as 0: chg_distribution) [flow from gross legs 3.2.1+3.2.2]"
VCBF-MGF,2023-10-04,reconcile,True,0.0,"nav_end 316,980,096,613 vs identity 316,980,096,613, residual 0.00 VND (absent, treated as 0: chg_distribution) [flow from gross legs 3.2.1+3.2.2]"
VCBF-MGF,2023-10-11,reconcile,True,0.0,"nav_end 329,250,882,388 vs identity 329,250,882,388, residual 0.00 VND (absent, treated as 0: chg_distribution) [flow from gross legs 3.2.1+3.2.2]"
VCBF-MGF,2023-10-25,reconcile,True,0.0,"nav_end 317,173,003,675 vs identity 317,173,003,675, residual 0.00 VND (absent, treated as 0: chg_distribution) [flow from gross legs 3.2.1+3.2.2]"
VCBF-MGF,2023-11-01,reconcile,True,0.0,"nav_end 297,971,948,922 vs identity 297,971,948,922, residual 0.00 VND (absent, treated as 0: chg_distribution) [flow from gross legs 3.2.1+3.2.2]"
VCBF-MGF,2023-11-08,reconcile,True,0.0,"nav_end 323,486,383,257 vs identity 323,486,383,257, residual 0.00 VND (absent, treated as 0: chg_distribution) [flow from gross legs 3.2.1+3.2.2]"
VCBF-MGF,2023-11-15,reconcile,True,0.0,"nav_end 325,782,687,297 vs identity 325,782,687,297, residual 0.00 VND (absent, treated as 0: chg_distribution) [flow from gross legs 3.2.1+3.2.2]"
VCBF-MGF,2023-11-22,reconcile,True,0.0,"nav_end 326,299,232,923 vs identity 326,299,232,923, residual 0.00 VND (absent, treated as 0: chg_distribution) [flow from gross legs 3.2.1+3.2.2]"
VCBF-MGF,2023-11-29,reconcile,True,0.0,"nav_end 321,909,745,234 vs identity 321,909,745,234, residual 0.00 VND (absent, treated as 0: chg_distribution) [flow from gross legs 3.2.1+3.2.2]"
VCBF-MGF,2023-12-06,reconcile,True,0.0,"nav_end 330,046,027,862 vs identity 330,046,027,862, residual 0.00 VND (absent, treated as 0: chg_distribution) [flow from gross legs 3.2.1+3.2.2]"
VCBF-MGF,2023-12-13,reconcile,True,0.0,"nav_end 324,378,911,772 vs identity 324,378,911,772, residual 0.00 VND (absent, treated as 0: chg_distribution) [flow from gross legs 3.2.1+3.2.2]"
VCBF-MGF,2023-12-20,reconcile,True,0.0,"nav_end 325,101,233,121 vs identity 325,101,233,121, residual 0.00 VND (absent, treated as 0: chg_distribution) [flow from gross legs 3.2.1+3.2.2]"
VCBF-MGF,2023-12-27,reconcile,True,0.0,"nav_end 334,748,803,456 vs identity 334,748,803,456, residual 0.00 VND (absent, treated as 0: chg_distribution) [flow from gross legs 3.2.1+3.2.2]"
VCBF-MGF,2024-01-03,reconcile,True,0.0,"nav_end 323,835,290,437 vs identity 323,835,290,437, residual 0.00 VND (absent, treated as 0: chg_distribution) [flow from gross legs 3.2.1+3.2.2]"
VCBF-MGF,2024-01-10,reconcile,True,0.0,"nav_end 328,458,980,967 vs identity 328,458,980,967, residual 0.00 VND (absent, treated as 0: chg_distribution) [flow from gross legs 3.2.1+3.2.2]"
VCBF-MGF,2024-01-17,reconcile,True,0.0,"nav_end 329,424,559,189 vs identity 329,424,559,189, residual 0.00 VND (absent, treated as 0: chg_distribution) [flow from gross legs 3.2.1+3.2.2]"
VCBF-MGF,2024-01-24,reconcile,True,0.0,"nav_end 332,930,532,479 vs identity 332,930,532,479, residual 0.00 VND (absent, treated as 0: chg_distribution) [flow from gross legs 3.2.1+3.2.2]"
VCBF-MGF,2024-01-31,reconcile,True,0.0,"nav_end 338,212,941,777 vs identity 338,212,941,777, residual 0.00 VND (absent, treated as 0: chg_distribution) [flow from gross legs 3.2.1+3.2.2]"
VCBF-MGF,2024-02-05,reconcile,True,0.0,"nav_end 345,966,508,652 vs identity 345,966,508,652, residual 0.00 VND (absent, treated as 0: chg_distribution) [flow from gross legs 3.2.1+3.2.2]"
VCBF-MGF,2024-02-14,reconcile,True,0.0,"nav_end 352,491,408,215 vs identity 352,491,408,215, residual 0.00 VND (absent, treated as 0: chg_distribution) [flow from gross legs 3.2.1+3.2.2]"
VCBF-MGF,2024-02-21,reconcile,True,0.0,"nav_end 364,812,839,447 vs identity 364,812,839,447, residual 0.00 VND (absent, treated as 0: chg_distribution) [flow from gross legs 3.2.1+3.2.2]"
VCBF-MGF,2024-02-28,reconcile,True,0.0,"nav_end 375,043,751,244 vs identity 375,043,751,244, residual 0.00 VND (absent, treated as 0: chg_distribution) [flow from gross legs 3.2.1+3.2.2]"
VCBF-MGF,2024-03-06,reconcile,True,0.0,"nav_end 391,965,610,365 vs identity 391,965,610,365, residual 0.00 VND (absent, treated as 0: chg_distribution) [flow from gross legs 3.2.1+3.2.2]"
VCBF-MGF,2024-03-13,reconcile,True,0.0,"nav_end 409,190,105,704 vs identity 409,190,105,704, residual 0.00 VND (absent, treated as 0: chg_distribution) [flow from gross legs 3.2.1+3.2.2]"
VCBF-MGF,2024-03-20,reconcile,True,0.0,"nav_end 411,317,515,772 vs identity 411,317,515,772, residual 0.00 VND (absent, treated as 0: chg_distribution) [flow from gross legs 3.2.1+3.2.2]"
VCBF-MGF,2024-03-27,reconcile,True,0.0,"nav_end 421,444,161,499 vs identity 421,444,161,499, residual 0.00 VND (absent, treated as 0: chg_distribution) [flow from gross legs 3.2.1+3.2.2]"
VCBF-MGF,2024-04-03,reconcile,True,0.0,"nav_end 428,721,514,681 vs identity 428,721,514,681, residual 0.00 VND (absent, treated as 0: chg_distribution) [flow from gross legs 3.2.1+3.2.2]"
VCBF-MGF,2024-04-10,reconcile,True,0.0,"nav_end 425,329,495,674 vs identity 425,329,495,674, residual 0.00 VND (absent, treated as 0: chg_distribution) [flow from gross legs 3.2.1+3.2.2]"
VCBF-MGF,2024-04-15,reconcile,True,0.0,"nav_end 415,156,108,256 vs identity 415,156,108,256, residual 0.00 VND (absent, treated as 0: chg_distribution) [flow from gross legs 3.2.1+3.2.2]"
VCBF-MGF,2024-04-24,reconcile,True,0.0,"nav_end 427,441,556,593 vs identity 427,441,556,593, residual 0.00 VND (absent, treated as 0: chg_distribution) [flow from gross legs 3.2.1+3.2.2]"
VCBF-MGF,2024-05-01,reconcile,True,0.0,"nav_end 430,578,235,385 vs identity 430,578,235,385, residual 0.00 VND (absent, treated as 0: chg_distribution) [flow from gross legs 3.2.1+3.2.2]"
VCBF-MGF,2024-05-08,reconcile,True,0.0,"nav_end 447,472,643,694 vs identity 447,472,643,694, residual 0.00 VND (absent, treated as 0: chg_distribution) [flow from gross legs 3.2.1+3.2.2]"
VCBF-MGF,2024-05-15,reconcile,True,0.0,"nav_end 458,070,480,362 vs identity 458,070,480,362, residual 0.00 VND (absent, treated as 0: chg_distribution) [flow from gross legs 3.2.1+3.2.2]"
VCBF-MGF,2024-05-22,reconcile,True,0.0,"nav_end 469,849,930,836 vs identity 469,849,930,836, residual 0.00 VND (absent, treated as 0: chg_distribution) [flow from gross legs 3.2.1+3.2.2]"
VCBF-MGF,2024-05-29,reconcile,True,0.0,"nav_end 477,111,163,947 vs identity 477,111,163,947, residual 0.00 VND (absent, treated as 0: chg_distribution) [flow from gross legs 3.2.1+3.2.2]"
VCBF-MGF,2024-06-05,reconcile,True,0.0,"nav_end 491,745,939,861 vs identity 491,745,939,861, residual 0.00 VND (absent, treated as 0: chg_distribution) [flow from gross legs 3.2.1+3.2.2]"
VCBF-MGF,2024-06-12,reconcile,True,0.0,"nav_end 504,461,334,751 vs identity 504,461,334,751, residual 0.00 VND (absent, treated as 0: chg_distribution) [flow from gross legs 3.2.1+3.2.2]"
VCBF-MGF,2024-06-19,reconcile,True,0.0,"nav_end 505,237,325,865 vs identity 505,237,325,865, residual 0.00 VND (absent, treated as 0: chg_distribution) [flow from gross legs 3.2.1+3.2.2]"
VCBF-MGF,2024-06-26,reconcile,True,0.0,"nav_end 503,089,261,289 vs identity 503,089,261,289, residual 0.00 VND (absent, treated as 0: chg_distribution) [flow from gross legs 3.2.1+3.2.2]"
VCBF-MGF,2024-07-03,reconcile,True,0.0,"nav_end 512,933,979,046 vs identity 512,933,979,046, residual 0.00 VND (absent, treated as 0: chg_distribution) [flow from gross legs 3.2.1+3.2.2]"
VCBF-MGF,2024-07-10,reconcile,True,0.0,"nav_end 521,772,315,210 vs identity 521,772,315,210, residual 0.00 VND (absent, treated as 0: chg_distribution) [flow from gross legs 3.2.1+3.2.2]"
VCBF-MGF,2024-07-17,reconcile,True,0.0,"nav_end 517,539,766,675 vs identity 517,539,766,675, residual 0.00 VND (absent, treated as 0: chg_distribution) [flow from gross legs 3.2.1+3.2.2]"
VCBF-MGF,2024-07-24,reconcile,True,0.0,"nav_end 508,383,122,082 vs identity 508,383,122,082, residual 0.00 VND (absent, treated as 0: chg_distribution) [flow from gross legs 3.2.1+3.2.2]"
VCBF-MGF,2024-07-31,reconcile,True,0.0,"nav_end 518,439,428,038 vs identity 518,439,428,038, residual 0.00 VND (absent, treated as 0: chg_distribution) [flow from gross legs 3.2.1+3.2.2]"
VCBF-MGF,2024-08-07,reconcile,True,0.0,"nav_end 507,021,350,684 vs identity 507,021,350,684, residual 0.00 VND (absent, treated as 0: chg_distribution) [flow from gross legs 3.2.1+3.2.2]"
VCBF-MGF,2024-08-14,reconcile,True,0.0,"nav_end 520,639,354,095 vs identity 520,639,354,095, residual 0.00 VND (absent, treated as 0: chg_distribution) [flow from gross legs 3.2.1+3.2.2]"
VCBF-MGF,2024-08-21,reconcile,True,0.0,"nav_end 543,200,714,564 vs identity 543,200,714,564, residual 0.00 VND (absent, treated as 0: chg_distribution) [flow from gross legs 3.2.1+3.2.2]"
VCBF-MGF,2024-08-28,reconcile,True,0.0,"nav_end 540,364,332,204 vs identity 540,364,332,204, residual 0.00 VND (absent, treated as 0: chg_distribution) [flow from gross legs 3.2.1+3.2.2]"
VCBF-MGF,2024-09-04,reconcile,True,0.0,"nav_end 538,298,572,899 vs identity 538,298,572,899, residual 0.00 VND (absent, treated as 0: chg_distribution) [flow from gross legs 3.2.1+3.2.2]"
VCBF-MGF,2024-09-11,reconcile,True,0.0,"nav_end 530,459,780,040 vs identity 530,459,780,040, residual 0.00 VND (absent, treated as 0: chg_distribution) [flow from gross legs 3.2.1+3.2.2]"
VCBF-MGF,2024-09-18,reconcile,True,0.0,"nav_end 535,961,030,787 vs identity 535,961,030,787, residual 0.00 VND (absent, treated as 0: chg_distribution) [flow from gross legs 3.2.1+3.2.2]"
VCBF-MGF,2024-09-25,reconcile,True,0.0,"nav_end 550,417,411,098 vs identity 550,417,411,098, residual 0.00 VND (absent, treated as 0: chg_distribution) [flow from gross legs 3.2.1+3.2.2]"
VCBF-MGF,2024-10-02,reconcile,True,0.0,"nav_end 546,377,847,210 vs identity 546,377,847,210, residual 0.00 VND (absent, treated as 0: chg_distribution) [flow from gross legs 3.2.1+3.2.2]"
VCBF-MGF,2024-10-09,reconcile,True,0.0,"nav_end 548,798,046,858 vs identity 548,798,046,858, residual 0.00 VND (absent, treated as 0: chg_distribution) [flow from gross legs 3.2.1+3.2.2]"
VCBF-MGF,2024-10-16,reconcile,True,0.0,"nav_end 551,174,829,272 vs identity 551,174,829,272, residual 0.00 VND (absent, treated as 0: chg_distribution) [flow from gross legs 3.2.1+3.2.2]"
VCBF-MGF,2024-10-23,reconcile,True,0.0,"nav_end 552,588,863,020 vs identity 552,588,863,020, residual 0.00 VND (absent, treated as 0: chg_distribution) [flow from gross legs 3.2.1+3.2.2]"
VCBF-MGF,2024-10-30,reconcile,True,0.0,"nav_end 557,935,964,858 vs identity 557,935,964,858, residual 0.00 VND (absent, treated as 0: chg_distribution) [flow from gross legs 3.2.1+3.2.2]"
VCBF-MGF,2024-11-06,reconcile,True,0.0,"nav_end 567,573,553,112 vs identity 567,573,553,112, residual 0.00 VND (absent, treated as 0: chg_distribution) [flow from gross legs 3.2.1+3.2.2]"
VCBF-MGF,2024-11-13,reconcile,True,0.0,"nav_end 569,899,934,581 vs identity 569,899,934,581, residual 0.00 VND (absent, treated as 0: chg_distribution) [flow from gross legs 3.2.1+3.2.2]"
VCBF-MGF,2024-11-20,reconcile,True,0.0,"nav_end 557,942,623,617 vs identity 557,942,623,617, residual 0.00 VND (absent, treated as 0: chg_distribution) [flow from gross legs 3.2.1+3.2.2]"
VCBF-MGF,2024-11-27,reconcile,True,0.0,"nav_end 577,234,127,606 vs identity 577,234,127,606, residual 0.00 VND (absent, treated as 0: chg_distribution) [flow from gross legs 3.2.1+3.2.2]"
VCBF-MGF,2024-12-04,reconcile,True,0.0,"nav_end 587,094,866,219 vs identity 587,094,866,219, residual 0.00 VND (absent, treated as 0: chg_distribution) [flow from gross legs 3.2.1+3.2.2]"
VCBF-MGF,2024-12-11,reconcile,True,0.0,"nav_end 594,916,792,468 vs identity 594,916,792,468, residual 0.00 VND (absent, treated as 0: chg_distribution) [flow from gross legs 3.2.1+3.2.2]"
VCBF-MGF,2024-12-18,reconcile,True,0.0,"nav_end 597,159,169,926 vs identity 597,159,169,926, residual 0.00 VND (absent, treated as 0: chg_distribution) [flow from gross legs 3.2.1+3.2.2]"
VCBF-MGF,2024-12-25,reconcile,True,0.0,"nav_end 609,911,933,927 vs identity 609,911,933,927, residual 0.00 VND (absent, treated as 0: chg_distribution) [flow from gross legs 3.2.1+3.2.2]"
VCBF-MGF,2025-01-01,reconcile,True,0.0,"nav_end 613,443,696,868 vs identity 613,443,696,868, residual 0.00 VND (absent, treated as 0: chg_distribution) [flow from gross legs 3.2.1+3.2.2]"
VCBF-MGF,2025-01-08,reconcile,True,0.0,"nav_end 613,012,329,959 vs identity 613,012,329,959, residual 0.00 VND (absent, treated as 0: chg_distribution) [flow from gross legs 3.2.1+3.2.2]"
VCBF-MGF,2025-01-15,reconcile,True,0.0,"nav_end 621,479,155,847 vs identity 621,479,155,847, residual 0.00 VND (absent, treated as 0: chg_distribution) [flow from gross legs 3.2.1+3.2.2]"
VCBF-MGF,2025-01-22,reconcile,True,0.0,"nav_end 642,231,996,986 vs identity 642,231,996,986, residual 0.00 VND (absent, treated as 0: chg_distribution) [flow from gross legs 3.2.1+3.2.2]"
VCBF-MGF,2025-01-29,reconcile,True,0.0,"nav_end 657,299,567,535 vs identity 657,299,567,535, residual 0.00 VND (absent, treated as 0: chg_distribution) [flow from gross legs 3.2.1+3.2.2]"
VCBF-MGF,2025-02-05,reconcile,True,0.0,"nav_end 667,535,955,719 vs identity 667,535,955,719, residual 0.00 VND (absent, treated as 0: chg_distribution) [flow from gross legs 3.2.1+3.2.2]"
VCBF-MGF,2025-02-12,reconcile,True,0.0,"nav_end 686,320,449,674 vs identity 686,320,449,674, residual 0.00 VND (absent, treated as 0: chg_distribution) [flow from gross legs 3.2.1+3.2.2]"
VCBF-MGF,2025-02-19,reconcile,True,0.0,"nav_end 708,736,742,224 vs identity 708,736,742,224, residual 0.00 VND (absent, treated as 0: chg_distribution) [flow from gross legs 3.2.1+3.2.2]"
VCBF-MGF,2025-02-26,reconcile,True,0.0,"nav_end 733,809,880,905 vs identity 733,809,880,905, residual 0.00 VND (absent, treated as 0: chg_distribution) [flow from gross legs 3.2.1+3.2.2]"
VCBF-MGF,2025-03-05,reconcile,True,0.0,"nav_end 750,513,369,298 vs identity 750,513,369,298, residual 0.00 VND (absent, treated as 0: chg_distribution) [flow from gross legs 3.2.1+3.2.2]"
VCBF-MGF,2025-03-12,reconcile,True,0.0,"nav_end 784,415,337,727 vs identity 784,415,337,727, residual 0.00 VND (absent, treated as 0: chg_distribution) [flow from gross legs 3.2.1+3.2.2]"
VCBF-MGF,2025-03-19,reconcile,True,0.0,"nav_end 772,011,153,101 vs identity 772,011,153,101, residual 0.00 VND (absent, treated as 0: chg_distribution) [flow from gross legs 3.2.1+3.2.2]"
VCBF-MGF,2025-03-26,reconcile,True,0.0,"nav_end 793,894,907,994 vs identity 793,894,907,994, residual 0.00 VND (absent, treated as 0: chg_distribution) [flow from gross legs 3.2.1+3.2.2]"
VCBF-MGF,2025-04-02,reconcile,True,0.0,"nav_end 788,676,135,201 vs identity 788,676,135,201, residual 0.00 VND (absent, treated as 0: chg_distribution) [flow from gross legs 3.2.1+3.2.2]"
VCBF-MGF,2025-04-09,reconcile,True,0.0,"nav_end 653,837,155,125 vs identity 653,837,155,125, residual 0.00 VND (absent, treated as 0: chg_distribution) [flow from gross legs 3.2.1+3.2.2]"
VCBF-MGF,2025-04-16,reconcile,True,0.0,"nav_end 735,382,329,348 vs identity 735,382,329,348, residual 0.00 VND (absent, treated as 0: chg_distribution) [flow from gross legs 3.2.1+3.2.2]"
VCBF-MGF,2025-04-23,reconcile,True,0.0,"nav_end 751,883,324,000 vs identity 751,883,324,000, residual 0.00 VND (absent, treated as 0: chg_distribution) [flow from gross legs 3.2.1+3.2.2]"
VCBF-MGF,2025-04-30,reconcile,True,0.0,"nav_end 764,588,575,046 vs identity 764,588,575,046, residual 0.00 VND (absent, treated as 0: chg_distribution) [flow from gross legs 3.2.1+3.2.2]"
VCBF-MGF,2025-05-07,reconcile,True,0.0,"nav_end 779,647,577,023 vs identity 779,647,577,023, residual 0.00 VND (absent, treated as 0: chg_distribution) [flow from gross legs 3.2.1+3.2.2]"
VCBF-MGF,2025-05-14,reconcile,True,0.0,"nav_end 823,790,474,750 vs identity 823,790,474,750, residual 0.00 VND (absent, treated as 0: chg_distribution) [flow from gross legs 3.2.1+3.2.2]"
VCBF-MGF,2025-05-21,reconcile,True,0.0,"nav_end 823,054,695,895 vs identity 823,054,695,895, residual 0.00 VND (absent, treated as 0: chg_distribution) [flow from gross legs 3.2.1+3.2.2]"
VCBF-MGF,2025-05-28,reconcile,True,0.0,"nav_end 836,897,150,591 vs identity 836,897,150,591, residual 0.00 VND (absent, treated as 0: chg_distribution) [flow from gross legs 3.2.1+3.2.2]"
VCBF-MGF,2025-06-11,reconcile,True,0.0,"nav_end 831,607,499,493 vs identity 831,607,499,493, residual 0.00 VND (absent, treated as 0: chg_distribution) [flow from gross legs 3.2.1+3.2.2]"
VCBF-MGF,2025-06-18,reconcile,True,0.0,"nav_end 856,462,699,800 vs identity 856,462,699,800, residual 0.00 VND (absent, treated as 0: chg_distribution) [flow from gross legs 3.2.1+3.2.2]"
VCBF-MGF,2025-06-25,reconcile,True,0.0,"nav_end 840,059,916,227 vs identity 840,059,916,227, residual 0.00 VND (absent, treated as 0: chg_distribution) [flow from gross legs 3.2.1+3.2.2]"
VCBF-MGF,2025-07-02,reconcile,True,0.0,"nav_end 856,088,429,372 vs identity 856,088,429,372, residual 0.00 VND (absent, treated as 0: chg_distribution) [flow from gross legs 3.2.1+3.2.2]"
VCBF-MGF,2025-07-09,reconcile,True,0.0,"nav_end 875,807,145,107 vs identity 875,807,145,107, residual 0.00 VND (absent, treated as 0: chg_distribution) [flow from gross legs 3.2.1+3.2.2]"
VCBF-MGF,2025-07-16,reconcile,True,0.0,"nav_end 889,446,727,640 vs identity 889,446,727,640, residual 0.00 VND (absent, treated as 0: chg_distribution) [flow from gross legs 3.2.1+3.2.2]"
VCBF-MGF,2025-07-23,reconcile,True,0.0,"nav_end 891,045,179,901 vs identity 891,045,179,901, residual 0.00 VND (absent, treated as 0: chg_distribution) [flow from gross legs 3.2.1+3.2.2]"
VCBF-MGF,2025-07-30,reconcile,True,0.0,"nav_end 878,041,479,013 vs identity 878,041,479,013, residual 0.00 VND (absent, treated as 0: chg_distribution) [flow from gross legs 3.2.1+3.2.2]"
VCBF-MGF,2025-08-06,reconcile,True,0.0,"nav_end 905,771,332,507 vs identity 905,771,332,507, residual 0.00 VND (absent, treated as 0: chg_distribution) [flow from gross legs 3.2.1+3.2.2]"
VCBF-MGF,2025-08-13,reconcile,True,0.0,"nav_end 925,724,290,449 vs identity 925,724,290,449, residual 0.00 VND (absent, treated as 0: chg_distribution) [flow from gross legs 3.2.1+3.2.2]"
VCBF-MGF,2025-08-20,reconcile,True,0.0,"nav_end 894,053,441,643 vs identity 894,053,441,643, residual 0.00 VND (absent, treated as 0: chg_distribution) [flow from gross legs 3.2.1+3.2.2]"
VCBF-MGF,2025-08-27,reconcile,True,0.0,"nav_end 880,760,911,086 vs identity 880,760,911,086, residual 0.00 VND (absent, treated as 0: chg_distribution) [flow from gross legs 3.2.1+3.2.2]"
VCBF-MGF,2025-09-03,reconcile,True,0.0,"nav_end 890,275,111,832 vs identity 890,275,111,832, residual 0.00 VND (absent, treated as 0: chg_distribution) [flow from gross legs 3.2.1+3.2.2]"
VCBF-MGF,2025-09-10,reconcile,True,0.0,"nav_end 869,996,970,454 vs identity 869,996,970,454, residual 0.00 VND (absent, treated as 0: chg_distribution) [flow from gross legs 3.2.1+3.2.2]"
VCBF-MGF,2025-09-17,reconcile,True,0.0,"nav_end 892,693,111,827 vs identity 892,693,111,827, residual 0.00 VND (absent, treated as 0: chg_distribution) [flow from gross legs 3.2.1+3.2.2]"
VCBF-MGF,2025-09-24,reconcile,True,0.0,"nav_end 882,472,809,274 vs identity 882,472,809,274, residual 0.00 VND (absent, treated as 0: chg_distribution) [flow from gross legs 3.2.1+3.2.2]"
VCBF-MGF,2025-10-01,reconcile,True,0.0,"nav_end 870,613,301,756 vs identity 870,613,301,756, residual 0.00 VND (absent, treated as 0: chg_distribution) [flow from gross legs 3.2.1+3.2.2]"
VCBF-MGF,2025-10-08,reconcile,True,0.0,"nav_end 880,553,938,585 vs identity 880,553,938,585, residual 0.00 VND (absent, treated as 0: chg_distribution) [flow from gross legs 3.2.1+3.2.2]"
VCBF-MGF,2025-10-15,reconcile,True,0.0,"nav_end 873,720,811,732 vs identity 873,720,811,732, residual 0.00 VND (absent, treated as 0: chg_distribution) [flow from gross legs 3.2.1+3.2.2]"
VCBF-MGF,2025-10-22,reconcile,True,0.0,"nav_end 860,160,187,193 vs identity 860,160,187,193, residual 0.00 VND (absent, treated as 0: chg_distribution) [flow from gross legs 3.2.1+3.2.2]"
VCBF-MGF,2025-10-29,reconcile,True,0.0,"nav_end 888,458,137,035 vs identity 888,458,137,035, residual 0.00 VND (absent, treated as 0: chg_distribution) [flow from gross legs 3.2.1+3.2.2]"
VCBF-MGF,2025-11-05,reconcile,True,0.0,"nav_end 874,846,175,267 vs identity 874,846,175,267, residual 0.00 VND (absent, treated as 0: chg_distribution) [flow from gross legs 3.2.1+3.2.2]"
VCBF-MGF,2025-11-12,reconcile,True,0.0,"nav_end 863,625,174,486 vs identity 863,625,174,486, residual 0.00 VND (absent, treated as 0: chg_distribution) [flow from gross legs 3.2.1+3.2.2]"
VCBF-MGF,2025-11-19,reconcile,True,0.0,"nav_end 860,685,661,888 vs identity 860,685,661,888, residual 0.00 VND (absent, treated as 0: chg_distribution) [flow from gross legs 3.2.1+3.2.2]"
VCBF-MGF,2025-11-26,reconcile,True,0.0,"nav_end 850,372,905,583 vs identity 850,372,905,583, residual 0.00 VND (absent, treated as 0: chg_distribution) [flow from gross legs 3.2.1+3.2.2]"
VCBF-MGF,2025-12-03,reconcile,True,0.0,"nav_end 867,571,366,854 vs identity 867,571,366,854, residual 0.00 VND (absent, treated as 0: chg_distribution) [flow from gross legs 3.2.1+3.2.2]"
VCBF-MGF,2025-12-10,reconcile,True,0.0,"nav_end 851,755,519,760 vs identity 851,755,519,760, residual 0.00 VND (absent, treated as 0: chg_distribution) [flow from gross legs 3.2.1+3.2.2]"
VCBF-MGF,2025-12-17,reconcile,True,0.0,"nav_end 843,504,461,577 vs identity 843,504,461,577, residual 0.00 VND (absent, treated as 0: chg_distribution) [flow from gross legs 3.2.1+3.2.2]"
VCBF-MGF,2025-12-24,reconcile,True,0.0,"nav_end 865,677,712,140 vs identity 865,677,712,140, residual 0.00 VND (absent, treated as 0: chg_distribution) [flow from gross legs 3.2.1+3.2.2]"
VCBF-MGF,2025-12-31,reconcile,True,0.0,"nav_end 865,753,401,383 vs identity 865,753,401,383, residual 0.00 VND (absent, treated as 0: chg_distribution) [flow from gross legs 3.2.1+3.2.2]"
VCBF-MGF,2026-01-07,reconcile,True,0.0,"nav_end 881,773,420,136 vs identity 881,773,420,136, residual 0.00 VND (absent, treated as 0: chg_distribution) [flow from gross legs 3.2.1+3.2.2]"
VCBF-MGF,2026-01-14,reconcile,True,0.0,"nav_end 905,256,019,072 vs identity 905,256,019,072, residual 0.00 VND (absent, treated as 0: chg_distribution) [flow from gross legs 3.2.1+3.2.2]"
VCBF-MGF,2026-01-21,reconcile,True,0.0,"nav_end 917,341,473,806 vs identity 917,341,473,806, residual 0.00 VND (absent, treated as 0: chg_distribution) [flow from gross legs 3.2.1+3.2.2]"
VCBF-MGF,2026-01-28,reconcile,True,0.0,"nav_end 911,821,513,225 vs identity 911,821,513,225, residual 0.00 VND (absent, treated as 0: chg_distribution) [flow from gross legs 3.2.1+3.2.2]"
VCBF-MGF,2026-02-04,reconcile,True,0.0,"nav_end 968,330,247,794 vs identity 968,330,247,794, residual 0.00 VND (absent, treated as 0: chg_distribution) [flow from gross legs 3.2.1+3.2.2]"
VCBF-MGF,2026-02-11,reconcile,True,0.0,"nav_end 948,840,838,545 vs identity 948,840,838,545, residual 0.00 VND (absent, treated as 0: chg_distribution) [flow from gross legs 3.2.1+3.2.2]"
VCBF-MGF,2026-02-18,reconcile,True,0.0,"nav_end 960,490,353,652 vs identity 960,490,353,652, residual 0.00 VND (absent, treated as 0: chg_distribution) [flow from gross legs 3.2.1+3.2.2]"
VCBF-MGF,2026-02-25,reconcile,True,0.0,"nav_end 985,235,402,790 vs identity 985,235,402,790, residual 0.00 VND (absent, treated as 0: chg_distribution) [flow from gross legs 3.2.1+3.2.2]"
VCBF-MGF,2026-03-04,reconcile,True,0.0,"nav_end 970,174,483,778 vs identity 970,174,483,778, residual 0.00 VND (absent, treated as 0: chg_distribution) [flow from gross legs 3.2.1+3.2.2]"
VCBF-MGF,2026-03-11,reconcile,True,0.0,"nav_end 950,694,668,318 vs identity 950,694,668,318, residual 0.00 VND (absent, treated as 0: chg_distribution) [flow from gross legs 3.2.1+3.2.2]"
VCBF-MGF,2026-03-18,reconcile,True,0.0,"nav_end 954,779,120,806 vs identity 954,779,120,806, residual 0.00 VND (absent, treated as 0: chg_distribution) [flow from gross legs 3.2.1+3.2.2]"
VCBF-MGF,2026-03-25,reconcile,True,0.0,"nav_end 967,631,977,706 vs identity 967,631,977,706, residual 0.00 VND (absent, treated as 0: chg_distribution) [flow from gross legs 3.2.1+3.2.2]"
VCBF-MGF,2026-04-01,reconcile,True,0.0,"nav_end 992,531,821,679 vs identity 992,531,821,679, residual 0.00 VND (absent, treated as 0: chg_distribution) [flow from gross legs 3.2.1+3.2.2]"
VCBF-MGF,2026-04-08,reconcile,True,0.0,"nav_end 996,343,651,681 vs identity 996,343,651,681, residual 0.00 VND (absent, treated as 0: chg_distribution) [flow from gross legs 3.2.1+3.2.2]"
VCBF-MGF,2026-04-15,reconcile,True,0.0,"nav_end 987,974,226,443 vs identity 987,974,226,443, residual 0.00 VND (absent, treated as 0: chg_distribution) [flow from gross legs 3.2.1+3.2.2]"
VCBF-MGF,2026-04-22,reconcile,True,0.0,"nav_end 985,319,133,401 vs identity 985,319,133,401, residual 0.00 VND (absent, treated as 0: chg_distribution) [flow from gross legs 3.2.1+3.2.2]"
VCBF-MGF,2026-04-29,reconcile,True,0.0,"nav_end 977,213,215,432 vs identity 977,213,215,432, residual 0.00 VND (absent, treated as 0: chg_distribution) [flow from gross legs 3.2.1+3.2.2]"
VCBF-MGF,2026-05-06,reconcile,True,0.0,"nav_end 980,820,996,034 vs identity 980,820,996,034, residual 0.00 VND (absent, treated as 0: chg_distribution) [flow from gross legs 3.2.1+3.2.2]"
VCBF-MGF,2026-05-13,reconcile,True,0.0,"nav_end 968,757,417,496 vs identity 968,757,417,496, residual 0.00 VND (absent, treated as 0: chg_distribution) [flow from gross legs 3.2.1+3.2.2]"
VCBF-MGF,2026-05-20,reconcile,True,0.0,"nav_end 959,977,647,251 vs identity 959,977,647,251, residual 0.00 VND (absent, treated as 0: chg_distribution) [flow from gross legs 3.2.1+3.2.2]"
VCBF-MGF,2026-05-27,reconcile,True,0.0,"nav_end 957,849,085,399 vs identity 957,849,085,399, residual 0.00 VND (absent, treated as 0: chg_distribution) [flow from gross legs 3.2.1+3.2.2]"
VCBF-MGF,2026-06-03,reconcile,True,0.0,"nav_end 953,812,752,531 vs identity 953,812,752,531, residual 0.00 VND (absent, treated as 0: chg_distribution) [flow from gross legs 3.2.1+3.2.2]"
VCBF-MGF,2026-06-10,reconcile,True,0.0,"nav_end 949,290,348,348 vs identity 949,290,348,348, residual 0.00 VND (absent, treated as 0: chg_distribution) [flow from gross legs 3.2.1+3.2.2]"
VCBF-MGF,2026-06-17,reconcile,True,0.0,"nav_end 964,002,033,426 vs identity 964,002,033,426, residual 0.00 VND (absent, treated as 0: chg_distribution) [flow from gross legs 3.2.1+3.2.2]"
VCBF-MGF,2026-06-24,reconcile,True,0.0,"nav_end 941,565,349,930 vs identity 941,565,349,930, residual 0.00 VND (absent, treated as 0: chg_distribution) [flow from gross legs 3.2.1+3.2.2]"
VCBF-MGF,2026-07-01,reconcile,True,0.0,"nav_end 955,018,241,714 vs identity 955,018,241,714, residual 0.00 VND (absent, treated as 0: chg_distribution) [flow from gross legs 3.2.1+3.2.2]"
VCBF-MGF,2026-07-08,reconcile,True,0.0,"nav_end 930,833,447,420 vs identity 930,833,447,420, residual 0.00 VND (absent, treated as 0: chg_distribution) [flow from gross legs 3.2.1+3.2.2]"
VCBF-MGF,2026-07-15,reconcile,True,0.0,"nav_end 896,326,999,107 vs identity 896,326,999,107, residual 0.00 VND (absent, treated as 0: chg_distribution) [flow from gross legs 3.2.1+3.2.2]"
VCBF-MGF,2026-07-22,reconcile,True,0.0,"nav_end 834,021,295,443 vs identity 834,021,295,443, residual 0.00 VND (absent, treated as 0: chg_distribution) [flow from gross legs 3.2.1+3.2.2]"
VCBF-MGF,2026-07-29,reconcile,True,0.0,"nav_end 837,428,369,547 vs identity 837,428,369,547, residual 0.00 VND (absent, treated as 0: chg_distribution) [flow from gross legs 3.2.1+3.2.2]"
VCBF-MGF,2026-08-05,reconcile,True,0.0,"nav_end 887,689,665,740 vs identity 887,689,665,740, residual 0.00 VND (absent, treated as 0: chg_distribution) [flow from gross legs 3.2.1+3.2.2]"
VCBF-MGF,2026-08-12,reconcile,True,0.0,"nav_end 903,375,500,410 vs identity 903,375,500,410, residual 0.00 VND (absent, treated as 0: chg_distribution) [flow from gross legs 3.2.1+3.2.2]"
VCBF-TBF,2022-07-06,reconcile,True,0.0,"nav_end 239,444,825,272 vs identity 239,444,825,272, residual 0.00 VND (absent, treated as 0: chg_distribution) [flow from gross legs 3.2.1+3.2.2]"
VCBF-TBF,2022-07-13,reconcile,True,0.0,"nav_end 242,852,990,466 vs identity 242,852,990,466, residual 0.00 VND (absent, treated as 0: chg_distribution) [flow from gross legs 3.2.1+3.2.2]"
VCBF-TBF,2022-07-20,reconcile,True,0.0,"nav_end 244,342,316,005 vs identity 244,342,316,005, residual 0.00 VND (absent, treated as 0: chg_distribution) [flow from gross legs 3.2.1+3.2.2]"
VCBF-TBF,2022-07-27,reconcile,True,0.0,"nav_end 243,014,158,790 vs identity 243,014,158,790, residual 0.00 VND (absent, treated as 0: chg_distribution) [flow from gross legs 3.2.1+3.2.2]"
VCBF-TBF,2022-08-03,reconcile,True,0.0,"nav_end 250,589,345,408 vs identity 250,589,345,408, residual 0.00 VND (absent, treated as 0: chg_distribution) [flow from gross legs 3.2.1+3.2.2]"
VCBF-TBF,2022-08-10,reconcile,True,0.0,"nav_end 251,364,052,790 vs identity 251,364,052,790, residual 0.00 VND (absent, treated as 0: chg_distribution) [flow from gross legs 3.2.1+3.2.2]"
VCBF-TBF,2022-08-17,reconcile,True,0.0,"nav_end 254,125,951,675 vs identity 254,125,951,675, residual 0.00 VND (absent, treated as 0: chg_distribution) [flow from gross legs 3.2.1+3.2.2]"
VCBF-TBF,2022-08-24,reconcile,True,0.0,"nav_end 254,945,370,808 vs identity 254,945,370,808, residual 0.00 VND (absent, treated as 0: chg_distribution) [flow from gross legs 3.2.1+3.2.2]"
VCBF-TBF,2022-08-31,reconcile,True,0.0,"nav_end 254,939,514,668 vs identity 254,939,514,668, residual 0.00 VND (absent, treated as 0: chg_distribution) [flow from gross legs 3.2.1+3.2.2]"
VCBF-TBF,2022-09-07,reconcile,True,0.0,"nav_end 250,183,273,592 vs identity 250,183,273,592, residual 0.00 VND (absent, treated as 0: chg_distribution) [flow from gross legs 3.2.1+3.2.2]"
VCBF-TBF,2022-09-14,reconcile,True,0.0,"nav_end 250,732,517,072 vs identity 250,732,517,072, residual 0.00 VND (absent, treated as 0: chg_distribution) [flow from gross legs 3.2.1+3.2.2]"
VCBF-TBF,2022-09-21,reconcile,True,0.0,"nav_end 245,712,742,147 vs identity 245,712,742,147, residual 0.00 VND (absent, treated as 0: chg_distribution) [flow from gross legs 3.2.1+3.2.2]"
VCBF-TBF,2022-09-28,reconcile,True,0.0,"nav_end 236,850,623,147 vs identity 236,850,623,147, residual 0.00 VND (absent, treated as 0: chg_distribution) [flow from gross legs 3.2.1+3.2.2]"
VCBF-TBF,2022-10-05,reconcile,True,0.0,"nav_end 231,735,133,951 vs identity 231,735,133,951, residual 0.00 VND (absent, treated as 0: chg_distribution) [flow from gross legs 3.2.1+3.2.2]"
VCBF-TBF,2022-10-12,reconcile,True,0.0,"nav_end 222,489,664,260 vs identity 222,489,664,260, residual 0.00 VND (absent, treated as 0: chg_distribution) [flow from gross legs 3.2.1+3.2.2]"
VCBF-TBF,2022-10-19,reconcile,True,0.0,"nav_end 227,091,985,220 vs identity 227,091,985,220, residual 0.00 VND (absent, treated as 0: chg_distribution) [flow from gross legs 3.2.1+3.2.2]"
VCBF-TBF,2022-10-26,reconcile,True,0.0,"nav_end 216,787,545,185 vs identity 216,787,545,185, residual 0.00 VND (absent, treated as 0: chg_distribution) [flow from gross legs 3.2.1+3.2.2]"
VCBF-TBF,2022-11-02,reconcile,True,0.0,"nav_end 220,659,941,298 vs identity 220,659,941,298, residual 0.00 VND (absent, treated as 0: chg_distribution) [flow from gross legs 3.2.1+3.2.2]"
VCBF-TBF,2022-11-09,reconcile,True,0.0,"nav_end 215,683,249,035 vs identity 215,683,249,035, residual 0.00 VND (absent, treated as 0: chg_distribution) [flow from gross legs 3.2.1+3.2.2]"
VCBF-TBF,2022-11-16,reconcile,True,0.0,"nav_end 206,552,386,833 vs identity 206,552,386,833, residual 0.00 VND (absent, treated as 0: chg_distribution) [flow from gross legs 3.2.1+3.2.2]"
VCBF-TBF,2022-11-23,reconcile,True,0.0,"nav_end 211,108,618,691 vs identity 211,108,618,691, residual 0.00 VND (absent, treated as 0: chg_distribution) [flow from gross legs 3.2.1+3.2.2]"
VCBF-TBF,2022-11-30,reconcile,True,0.0,"nav_end 226,872,734,303 vs identity 226,872,734,303, residual 0.00 VND (absent, treated as 0: chg_distribution) [flow from gross legs 3.2.1+3.2.2]"
VCBF-TBF,2022-12-07,reconcile,True,0.0,"nav_end 225,680,047,626 vs identity 225,680,047,626, residual 0.00 VND (absent, treated as 0: chg_distribution) [flow from gross legs 3.2.1+3.2.2]"
VCBF-TBF,2022-12-14,reconcile,True,0.0,"nav_end 228,823,470,071 vs identity 228,823,470,071, residual 0.00 VND (absent, treated as 0: chg_distribution) [flow from gross legs 3.2.1+3.2.2]"
VCBF-TBF,2022-12-21,reconcile,True,0.0,"nav_end 215,442,532,247 vs identity 215,442,532,247, residual 0.00 VND (absent, treated as 0: chg_distribution) [flow from gross legs 3.2.1+3.2.2]"
VCBF-TBF,2022-12-28,reconcile,True,0.0,"nav_end 213,431,088,517 vs identity 213,431,088,517, residual 0.00 VND (absent, treated as 0: chg_distribution) [flow from gross legs 3.2.1+3.2.2]"
VCBF-TBF,2023-01-04,reconcile,True,0.0,"nav_end 217,252,310,116 vs identity 217,252,310,116, residual 0.00 VND (absent, treated as 0: chg_distribution) [flow from gross legs 3.2.1+3.2.2]"
VCBF-TBF,2023-01-11,reconcile,True,0.0,"nav_end 219,087,786,293 vs identity 219,087,786,293, residual 0.00 VND (absent, treated as 0: chg_distribution) [flow from gross legs 3.2.1+3.2.2]"
VCBF-TBF,2023-01-18,reconcile,True,0.0,"nav_end 225,838,774,268 vs identity 225,838,774,268, residual 0.00 VND (absent, treated as 0: chg_distribution) [flow from gross legs 3.2.1+3.2.2]"
VCBF-TBF,2023-01-25,reconcile,True,0.0,"nav_end 226,899,682,279 vs identity 226,899,682,279, residual 0.00 VND (absent, treated as 0: chg_distribution) [flow from gross legs 3.2.1+3.2.2]"
VCBF-TBF,2023-02-01,reconcile,True,0.0,"nav_end 223,325,656,404 vs identity 223,325,656,404, residual 0.00 VND (absent, treated as 0: chg_distribution) [flow from gross legs 3.2.1+3.2.2]"
VCBF-TBF,2023-02-08,reconcile,True,0.0,"nav_end 198,784,887,292 vs identity 198,784,887,292, residual 0.00 VND (absent, treated as 0: chg_distribution) [flow from gross legs 3.2.1+3.2.2]"
VCBF-TBF,2023-02-15,reconcile,True,0.0,"nav_end 196,979,848,827 vs identity 196,979,848,827, residual 0.00 VND (absent, treated as 0: chg_distribution) [flow from gross legs 3.2.1+3.2.2]"
VCBF-TBF,2023-02-22,reconcile,True,0.0,"nav_end 199,118,684,493 vs identity 199,118,684,493, residual 0.00 VND (absent, treated as 0: chg_distribution) [flow from gross legs 3.2.1+3.2.2]"
VCBF-TBF,2023-03-01,reconcile,True,0.0,"nav_end 197,542,273,356 vs identity 197,542,273,356, residual 0.00 VND (absent, treated as 0: chg_distribution) [flow from gross legs 3.2.1+3.2.2]"
VCBF-TBF,2023-03-08,reconcile,True,0.0,"nav_end 197,935,794,463 vs identity 197,935,794,463, residual 0.00 VND (absent, treated as 0: chg_distribution) [flow from gross legs 3.2.1+3.2.2]"
VCBF-TBF,2023-03-15,reconcile,True,0.0,"nav_end 198,876,870,576 vs identity 198,876,870,576, residual 0.00 VND (absent, treated as 0: chg_distribution) [flow from gross legs 3.2.1+3.2.2]"
VCBF-TBF,2023-03-22,reconcile,True,0.0,"nav_end 196,132,831,227 vs identity 196,132,831,227, residual 0.00 VND (absent, treated as 0: chg_distribution) [flow from gross legs 3.2.1+3.2.2]"
VCBF-TBF,2023-03-29,reconcile,True,0.0,"nav_end 197,801,394,523 vs identity 197,801,394,523, residual 0.00 VND (absent, treated as 0: chg_distribution) [flow from gross legs 3.2.1+3.2.2]"
VCBF-TBF,2023-04-05,reconcile,True,0.0,"nav_end 201,862,748,445 vs identity 201,862,748,445, residual 0.00 VND (absent, treated as 0: chg_distribution) [flow from gross legs 3.2.1+3.2.2]"
VCBF-TBF,2023-04-12,reconcile,True,0.0,"nav_end 201,223,552,699 vs identity 201,223,552,699, residual 0.00 VND (absent, treated as 0: chg_distribution) [flow from gross legs 3.2.1+3.2.2]"
VCBF-TBF,2023-04-19,reconcile,True,0.0,"nav_end 199,255,167,737 vs identity 199,255,167,737, residual 0.00 VND (absent, treated as 0: chg_distribution) [flow from gross legs 3.2.1+3.2.2]"
VCBF-TBF,2023-04-26,reconcile,True,0.0,"nav_end 198,776,656,764 vs identity 198,776,656,764, residual 0.00 VND (absent, treated as 0: chg_distribution) [flow from gross legs 3.2.1+3.2.2]"
VCBF-TBF,2023-05-03,reconcile,True,0.0,"nav_end 199,406,216,494 vs identity 199,406,216,494, residual 0.00 VND (absent, treated as 0: chg_distribution) [flow from gross legs 3.2.1+3.2.2]"
VCBF-TBF,2023-05-10,reconcile,True,0.0,"nav_end 200,557,327,784 vs identity 200,557,327,784, residual 0.00 VND (absent, treated as 0: chg_distribution) [flow from gross legs 3.2.1+3.2.2]"
VCBF-TBF,2023-05-17,reconcile,True,0.0,"nav_end 201,654,907,750 vs identity 201,654,907,750, residual 0.00 VND (absent, treated as 0: chg_distribution) [flow from gross legs 3.2.1+3.2.2]"
VCBF-TBF,2023-05-24,reconcile,True,0.0,"nav_end 201,826,429,663 vs identity 201,826,429,663, residual 0.00 VND (absent, treated as 0: chg_distribution) [flow from gross legs 3.2.1+3.2.2]"
VCBF-TBF,2023-05-31,reconcile,True,0.0,"nav_end 203,000,114,983 vs identity 203,000,114,983, residual 0.00 VND (absent, treated as 0: chg_distribution) [flow from gross legs 3.2.1+3.2.2]"
VCBF-TBF,2023-06-07,reconcile,True,0.0,"nav_end 206,976,517,517 vs identity 206,976,517,517, residual 0.00 VND (absent, treated as 0: chg_distribution) [flow from gross legs 3.2.1+3.2.2]"
VCBF-TBF,2023-06-14,reconcile,True,0.0,"nav_end 207,139,659,665 vs identity 207,139,659,665, residual 0.00 VND (absent, treated as 0: chg_distribution) [flow from gross legs 3.2.1+3.2.2]"
VCBF-TBF,2023-06-21,reconcile,True,0.0,"nav_end 210,293,031,222 vs identity 210,293,031,222, residual 0.00 VND (absent, treated as 0: chg_distribution) [flow from gross legs 3.2.1+3.2.2]"
VCBF-TBF,2023-06-28,reconcile,True,0.0,"nav_end 212,904,013,703 vs identity 212,904,013,703, residual 0.00 VND (absent, treated as 0: chg_distribution) [flow from gross legs 3.2.1+3.2.2]"
VCBF-TBF,2023-07-05,reconcile,True,0.0,"nav_end 213,285,891,381 vs identity 213,285,891,381, residual 0.00 VND (absent, treated as 0: chg_distribution) [flow from gross legs 3.2.1+3.2.2]"
VCBF-TBF,2023-07-12,reconcile,True,0.0,"nav_end 217,536,480,601 vs identity 217,536,480,601, residual 0.00 VND (absent, treated as 0: chg_distribution) [flow from gross legs 3.2.1+3.2.2]"
VCBF-TBF,2023-07-19,reconcile,True,0.0,"nav_end 218,280,514,976 vs identity 218,280,514,976, residual 0.00 VND (absent, treated as 0: chg_distribution) [flow from gross legs 3.2.1+3.2.2]"
VCBF-TBF,2023-07-26,reconcile,True,0.0,"nav_end 219,843,331,249 vs identity 219,843,331,249, residual 0.00 VND (absent, treated as 0: chg_distribution) [flow from gross legs 3.2.1+3.2.2]"
VCBF-TBF,2023-08-02,reconcile,True,0.0,"nav_end 219,394,917,542 vs identity 219,394,917,542, residual 0.00 VND (absent, treated as 0: chg_distribution) [flow from gross legs 3.2.1+3.2.2]"
VCBF-TBF,2023-08-09,reconcile,True,0.0,"nav_end 222,655,872,055 vs identity 222,655,872,055, residual 0.00 VND (absent, treated as 0: chg_distribution) [flow from gross legs 3.2.1+3.2.2]"
VCBF-TBF,2023-08-16,reconcile,True,0.0,"nav_end 218,669,634,119 vs identity 218,669,634,119, residual 0.00 VND (absent, treated as 0: chg_distribution) [flow from gross legs 3.2.1+3.2.2]"
VCBF-TBF,2023-08-23,reconcile,True,0.0,"nav_end 210,162,426,010 vs identity 210,162,426,010, residual 0.00 VND (absent, treated as 0: chg_distribution) [flow from gross legs 3.2.1+3.2.2]"
VCBF-TBF,2023-08-30,reconcile,True,0.0,"nav_end 218,537,037,259 vs identity 218,537,037,259, residual 0.00 VND (absent, treated as 0: chg_distribution) [flow from gross legs 3.2.1+3.2.2]"
VCBF-TBF,2023-09-06,reconcile,True,0.0,"nav_end 223,167,283,552 vs identity 223,167,283,552, residual 0.00 VND (absent, treated as 0: chg_distribution) [flow from gross legs 3.2.1+3.2.2]"
VCBF-TBF,2023-09-13,reconcile,True,0.0,"nav_end 223,442,168,975 vs identity 223,442,168,975, residual 0.00 VND (absent, treated as 0: chg_distribution) [flow from gross legs 3.2.1+3.2.2]"
VCBF-TBF,2023-09-20,reconcile,True,0.0,"nav_end 224,202,718,904 vs identity 224,202,718,904, residual 0.00 VND (absent, treated as 0: chg_distribution) [flow from gross legs 3.2.1+3.2.2]"
VCBF-TBF,2023-09-27,reconcile,True,0.0,"nav_end 215,266,336,488 vs identity 215,266,336,488, residual 0.00 VND (absent, treated as 0: chg_distribution) [flow from gross legs 3.2.1+3.2.2]"
VCBF-TBF,2023-10-04,reconcile,True,0.0,"nav_end 212,460,177,562 vs identity 212,460,177,562, residual 0.00 VND (absent, treated as 0: chg_distribution) [flow from gross legs 3.2.1+3.2.2]"
VCBF-TBF,2023-10-11,reconcile,True,0.0,"nav_end 218,073,734,638 vs identity 218,073,734,638, residual 0.00 VND (absent, treated as 0: chg_distribution) [flow from gross legs 3.2.1+3.2.2]"
VCBF-TBF,2023-10-25,reconcile,True,0.0,"nav_end 211,272,782,955 vs identity 211,272,782,955, residual 0.00 VND (absent, treated as 0: chg_distribution) [flow from gross legs 3.2.1+3.2.2]"
VCBF-TBF,2023-11-08,reconcile,True,0.0,"nav_end 213,919,199,798 vs identity 213,919,199,798, residual 0.00 VND (absent, treated as 0: chg_distribution) [flow from gross legs 3.2.1+3.2.2]"
VCBF-TBF,2023-11-15,reconcile,True,0.0,"nav_end 215,751,567,345 vs identity 215,751,567,345, residual 0.00 VND (absent, treated as 0: chg_distribution) [flow from gross legs 3.2.1+3.2.2]"
VCBF-TBF,2023-11-22,reconcile,True,0.0,"nav_end 215,436,952,762 vs identity 215,436,952,762, residual 0.00 VND (absent, treated as 0: chg_distribution) [flow from gross legs 3.2.1+3.2.2]"
VCBF-TBF,2023-11-29,reconcile,True,0.0,"nav_end 213,886,612,837 vs identity 213,886,612,837, residual 0.00 VND (absent, treated as 0: chg_distribution) [flow from gross legs 3.2.1+3.2.2]"
VCBF-TBF,2023-12-06,reconcile,True,0.0,"nav_end 216,206,343,604 vs identity 216,206,343,604, residual 0.00 VND (absent, treated as 0: chg_distribution) [flow from gross legs 3.2.1+3.2.2]"
VCBF-TBF,2023-12-13,reconcile,True,0.0,"nav_end 215,076,613,935 vs identity 215,076,613,935, residual 0.00 VND (absent, treated as 0: chg_distribution) [flow from gross legs 3.2.1+3.2.2]"
VCBF-TBF,2023-12-20,reconcile,True,0.0,"nav_end 215,011,941,403 vs identity 215,011,941,403, residual 0.00 VND (absent, treated as 0: chg_distribution) [flow from gross legs 3.2.1+3.2.2]"
VCBF-TBF,2023-12-27,reconcile,True,0.0,"nav_end 219,603,557,344 vs identity 219,603,557,344, residual 0.00 VND (absent, treated as 0: chg_distribution) [flow from gross legs 3.2.1+3.2.2]"
VCBF-TBF,2024-01-03,reconcile,True,0.0,"nav_end 223,493,851,915 vs identity 223,493,851,915, residual 0.00 VND (absent, treated as 0: chg_distribution) [flow from gross legs 3.2.1+3.2.2]"
VCBF-TBF,2024-01-10,reconcile,True,0.0,"nav_end 226,909,303,608 vs identity 226,909,303,608, residual 0.00 VND (absent, treated as 0: chg_distribution) [flow from gross legs 3.2.1+3.2.2]"
VCBF-TBF,2024-01-17,reconcile,True,0.0,"nav_end 233,972,953,964 vs identity 233,972,953,964, residual 0.00 VND (absent, treated as 0: chg_distribution) [flow from gross legs 3.2.1+3.2.2]"
VCBF-TBF,2024-01-24,reconcile,True,0.0,"nav_end 236,949,235,496 vs identity 236,949,235,496, residual 0.00 VND (absent, treated as 0: chg_distribution) [flow from gross legs 3.2.1+3.2.2]"
VCBF-TBF,2024-01-31,reconcile,True,0.0,"nav_end 237,987,307,338 vs identity 237,987,307,338, residual 0.00 VND (absent, treated as 0: chg_distribution) [flow from gross legs 3.2.1+3.2.2]"
VCBF-TBF,2024-02-05,reconcile,True,0.0,"nav_end 243,102,381,427 vs identity 243,102,381,427, residual 0.00 VND (absent, treated as 0: chg_distribution) [flow from gross legs 3.2.1+3.2.2]"
VCBF-TBF,2024-02-14,reconcile,True,0.0,"nav_end 246,392,997,380 vs identity 246,392,997,380, residual 0.00 VND (absent, treated as 0: chg_distribution) [flow from gross legs 3.2.1+3.2.2]"
VCBF-TBF,2024-02-21,reconcile,True,0.0,"nav_end 252,532,703,666 vs identity 252,532,703,666, residual 0.00 VND (absent, treated as 0: chg_distribution) [flow from gross legs 3.2.1+3.2.2]"
VCBF-TBF,2024-02-28,reconcile,True,0.0,"nav_end 260,438,295,191 vs identity 260,438,295,191, residual 0.00 VND (absent, treated as 0: chg_distribution) [flow from gross legs 3.2.1+3.2.2]"
VCBF-TBF,2024-03-06,reconcile,True,0.0,"nav_end 267,435,662,128 vs identity 267,435,662,128, residual 0.00 VND (absent, treated as 0: chg_distribution) [flow from gross legs 3.2.1+3.2.2]"
VCBF-TBF,2024-03-13,reconcile,True,0.0,"nav_end 272,287,543,131 vs identity 272,287,543,131, residual 0.00 VND (absent, treated as 0: chg_distribution) [flow from gross legs 3.2.1+3.2.2]"
VCBF-TBF,2024-03-20,reconcile,True,0.0,"nav_end 275,702,614,198 vs identity 275,702,614,198, residual 0.00 VND (absent, treated as 0: chg_distribution) [flow from gross legs 3.2.1+3.2.2]"
VCBF-TBF,2024-03-27,reconcile,True,0.0,"nav_end 281,815,396,279 vs identity 281,815,396,279, residual 0.00 VND (absent, treated as 0: chg_distribution) [flow from gross legs 3.2.1+3.2.2]"
VCBF-TBF,2024-04-03,reconcile,True,0.0,"nav_end 284,722,364,470 vs identity 284,722,364,470, residual 0.00 VND (absent, treated as 0: chg_distribution) [flow from gross legs 3.2.1+3.2.2]"
VCBF-TBF,2024-04-10,reconcile,True,0.0,"nav_end 285,486,100,188 vs identity 285,486,100,188, residual 0.00 VND (absent, treated as 0: chg_distribution) [flow from gross legs 3.2.1+3.2.2]"
VCBF-TBF,2024-04-15,reconcile,True,0.0,"nav_end 279,677,658,743 vs identity 279,677,658,743, residual 0.00 VND (absent, treated as 0: chg_distribution) [flow from gross legs 3.2.1+3.2.2]"
VCBF-TBF,2024-04-24,reconcile,True,0.0,"nav_end 282,198,945,183 vs identity 282,198,945,183, residual 0.00 VND (absent, treated as 0: chg_distribution) [flow from gross legs 3.2.1+3.2.2]"
VCBF-TBF,2024-05-01,reconcile,True,0.0,"nav_end 283,695,497,665 vs identity 283,695,497,665, residual 0.00 VND (absent, treated as 0: chg_distribution) [flow from gross legs 3.2.1+3.2.2]"
VCBF-TBF,2024-05-08,reconcile,True,0.0,"nav_end 293,582,382,269 vs identity 293,582,382,269, residual 0.00 VND (absent, treated as 0: chg_distribution) [flow from gross legs 3.2.1+3.2.2]"
VCBF-TBF,2024-05-15,reconcile,True,0.0,"nav_end 297,133,658,291 vs identity 297,133,658,291, residual 0.00 VND (absent, treated as 0: chg_distribution) [flow from gross legs 3.2.1+3.2.2]"
VCBF-TBF,2024-05-22,reconcile,True,0.0,"nav_end 301,506,311,992 vs identity 301,506,311,992, residual 0.00 VND (absent, treated as 0: chg_distribution) [flow from gross legs 3.2.1+3.2.2]"
VCBF-TBF,2024-05-29,reconcile,True,0.0,"nav_end 304,635,206,015 vs identity 304,635,206,015, residual 0.00 VND (absent, treated as 0: chg_distribution) [flow from gross legs 3.2.1+3.2.2]"
VCBF-TBF,2024-06-05,reconcile,True,0.0,"nav_end 308,514,746,979 vs identity 308,514,746,979, residual 0.00 VND (absent, treated as 0: chg_distribution) [flow from gross legs 3.2.1+3.2.2]"
VCBF-TBF,2024-06-12,reconcile,True,0.0,"nav_end 318,112,596,005 vs identity 318,112,596,005, residual 0.00 VND (absent, treated as 0: chg_distribution) [flow from gross legs 3.2.1+3.2.2]"
VCBF-TBF,2024-06-19,reconcile,True,0.0,"nav_end 319,942,149,280 vs identity 319,942,149,280, residual 0.00 VND (absent, treated as 0: chg_distribution) [flow from gross legs 3.2.1+3.2.2]"
VCBF-TBF,2024-06-26,reconcile,True,0.0,"nav_end 317,754,150,810 vs identity 317,754,150,810, residual 0.00 VND (absent, treated as 0: chg_distribution) [flow from gross legs 3.2.1+3.2.2]"
VCBF-TBF,2024-07-03,reconcile,True,0.0,"nav_end 322,589,688,273 vs identity 322,589,688,273, residual 0.00 VND (absent, treated as 0: chg_distribution) [flow from gross legs 3.2.1+3.2.2]"
VCBF-TBF,2024-07-10,reconcile,True,0.0,"nav_end 326,202,101,406 vs identity 326,202,101,406, residual 0.00 VND (absent, treated as 0: chg_distribution) [flow from gross legs 3.2.1+3.2.2]"
VCBF-TBF,2024-07-17,reconcile,True,0.0,"nav_end 325,674,271,702 vs identity 325,674,271,702, residual 0.00 VND (absent, treated as 0: chg_distribution) [flow from gross legs 3.2.1+3.2.2]"
VCBF-TBF,2024-07-24,reconcile,True,0.0,"nav_end 322,306,956,535 vs identity 322,306,956,535, residual 0.00 VND (absent, treated as 0: chg_distribution) [flow from gross legs 3.2.1+3.2.2]"
VCBF-TBF,2024-07-31,reconcile,True,0.0,"nav_end 325,761,894,340 vs identity 325,761,894,340, residual 0.00 VND (absent, treated as 0: chg_distribution) [flow from gross legs 3.2.1+3.2.2]"
VCBF-TBF,2024-08-07,reconcile,True,0.0,"nav_end 321,401,279,090 vs identity 321,401,279,090, residual 0.00 VND (absent, treated as 0: chg_distribution) [flow from gross legs 3.2.1+3.2.2]"
VCBF-TBF,2024-08-14,reconcile,True,0.0,"nav_end 327,566,138,329 vs identity 327,566,138,329, residual 0.00 VND (absent, treated as 0: chg_distribution) [flow from gross legs 3.2.1+3.2.2]"
VCBF-TBF,2024-08-21,reconcile,True,0.0,"nav_end 339,684,347,006 vs identity 339,684,347,006, residual 0.00 VND (absent, treated as 0: chg_distribution) [flow from gross legs 3.2.1+3.2.2]"
VCBF-TBF,2024-08-28,reconcile,True,0.0,"nav_end 337,981,743,438 vs identity 337,981,743,438, residual 0.00 VND (absent, treated as 0: chg_distribution) [flow from gross legs 3.2.1+3.2.2]"
VCBF-TBF,2024-09-04,reconcile,True,0.0,"nav_end 337,690,654,349 vs identity 337,690,654,349, residual 0.00 VND (absent, treated as 0: chg_distribution) [flow from gross legs 3.2.1+3.2.2]"
VCBF-TBF,2024-09-11,reconcile,True,0.0,"nav_end 336,239,622,394 vs identity 336,239,622,394, residual 0.00 VND (absent, treated as 0: chg_distribution) [flow from gross legs 3.2.1+3.2.2]"
VCBF-TBF,2024-09-25,reconcile,True,0.0,"nav_end 348,151,972,880 vs identity 348,151,972,880, residual 0.00 VND (absent, treated as 0: chg_distribution) [flow from gross legs 3.2.1+3.2.2]"
VCBF-TBF,2024-10-02,reconcile,True,0.0,"nav_end 345,768,688,667 vs identity 345,768,688,667, residual 0.00 VND (absent, treated as 0: chg_distribution) [flow from gross legs 3.2.1+3.2.2]"
VCBF-TBF,2024-10-09,reconcile,True,0.0,"nav_end 346,747,877,478 vs identity 346,747,877,478, residual 0.00 VND (absent, treated as 0: chg_distribution) [flow from gross legs 3.2.1+3.2.2]"
VCBF-TBF,2024-10-16,reconcile,True,0.0,"nav_end 349,507,396,923 vs identity 349,507,396,923, residual 0.00 VND (absent, treated as 0: chg_distribution) [flow from gross legs 3.2.1+3.2.2]"
VCBF-TBF,2024-10-23,reconcile,True,0.0,"nav_end 349,463,623,191 vs identity 349,463,623,191, residual 0.00 VND (absent, treated as 0: chg_distribution) [flow from gross legs 3.2.1+3.2.2]"
VCBF-TBF,2024-10-30,reconcile,True,0.0,"nav_end 351,261,918,748 vs identity 351,261,918,748, residual 0.00 VND (absent, treated as 0: chg_distribution) [flow from gross legs 3.2.1+3.2.2]"
VCBF-TBF,2024-11-06,reconcile,True,0.0,"nav_end 355,294,840,771 vs identity 355,294,840,771, residual 0.00 VND (absent, treated as 0: chg_distribution) [flow from gross legs 3.2.1+3.2.2]"
VCBF-TBF,2024-11-13,reconcile,True,0.0,"nav_end 356,352,638,928 vs identity 356,352,638,928, residual 0.00 VND (absent, treated as 0: chg_distribution) [flow from gross legs 3.2.1+3.2.2]"
VCBF-TBF,2024-11-20,reconcile,True,0.0,"nav_end 350,671,720,352 vs identity 350,671,720,352, residual 0.00 VND (absent, treated as 0: chg_distribution) [flow from gross legs 3.2.1+3.2.2]"
VCBF-TBF,2024-11-27,reconcile,True,0.0,"nav_end 358,312,581,971 vs identity 358,312,581,971, residual 0.00 VND (absent, treated as 0: chg_distribution) [flow from gross legs 3.2.1+3.2.2]"
VCBF-TBF,2024-12-04,reconcile,True,0.0,"nav_end 362,212,099,737 vs identity 362,212,099,737, residual 0.00 VND (absent, treated as 0: chg_distribution) [flow from gross legs 3.2.1+3.2.2]"
VCBF-TBF,2024-12-11,reconcile,True,0.0,"nav_end 371,700,570,642 vs identity 371,700,570,642, residual 0.00 VND (absent, treated as 0: chg_distribution) [flow from gross legs 3.2.1+3.2.2]"
VCBF-TBF,2024-12-18,reconcile,True,0.0,"nav_end 373,402,887,974 vs identity 373,402,887,974, residual 0.00 VND (absent, treated as 0: chg_distribution) [flow from gross legs 3.2.1+3.2.2]"
VCBF-TBF,2024-12-25,reconcile,True,0.0,"nav_end 379,192,362,521 vs identity 379,192,362,521, residual 0.00 VND (absent, treated as 0: chg_distribution) [flow from gross legs 3.2.1+3.2.2]"
VCBF-TBF,2025-01-01,reconcile,True,0.0,"nav_end 381,223,629,828 vs identity 381,223,629,828, residual 0.00 VND (absent, treated as 0: chg_distribution) [flow from gross legs 3.2.1+3.2.2]"
VCBF-TBF,2025-01-08,reconcile,True,0.0,"nav_end 380,132,717,312 vs identity 380,132,717,312, residual 0.00 VND (absent, treated as 0: chg_distribution) [flow from gross legs 3.2.1+3.2.2]"
VCBF-TBF,2025-01-15,reconcile,True,0.0,"nav_end 378,834,917,267 vs identity 378,834,917,267, residual 0.00 VND (absent, treated as 0: chg_distribution) [flow from gross legs 3.2.1+3.2.2]"
VCBF-TBF,2025-01-22,reconcile,True,0.0,"nav_end 386,358,640,749 vs identity 386,358,640,749, residual 0.00 VND (absent, treated as 0: chg_distribution) [flow from gross legs 3.2.1+3.2.2]"
VCBF-TBF,2025-01-29,reconcile,True,0.0,"nav_end 392,365,117,331 vs identity 392,365,117,331, residual 0.00 VND (absent, treated as 0: chg_distribution) [flow from gross legs 3.2.1+3.2.2]"
VCBF-TBF,2025-02-05,reconcile,True,0.0,"nav_end 393,600,981,856 vs identity 393,600,981,856, residual 0.00 VND (absent, treated as 0: chg_distribution) [flow from gross legs 3.2.1+3.2.2]"
VCBF-TBF,2025-02-12,reconcile,True,0.0,"nav_end 395,920,607,475 vs identity 395,920,607,475, residual 0.00 VND (absent, treated as 0: chg_distribution) [flow from gross legs 3.2.1+3.2.2]"
VCBF-TBF,2025-02-19,reconcile,True,0.0,"nav_end 400,947,456,855 vs identity 400,947,456,855, residual 0.00 VND (absent, treated as 0: chg_distribution) [flow from gross legs 3.2.1+3.2.2]"
VCBF-TBF,2025-02-26,reconcile,True,0.0,"nav_end 407,026,313,873 vs identity 407,026,313,873, residual 0.00 VND (absent, treated as 0: chg_distribution) [flow from gross legs 3.2.1+3.2.2]"
VCBF-TBF,2025-03-05,reconcile,True,0.0,"nav_end 411,378,704,001 vs identity 411,378,704,001, residual 0.00 VND (absent, treated as 0: chg_distribution) [flow from gross legs 3.2.1+3.2.2]"
VCBF-TBF,2025-03-12,reconcile,True,0.0,"nav_end 420,334,601,610 vs identity 420,334,601,610, residual 0.00 VND (absent, treated as 0: chg_distribution) [flow from gross legs 3.2.1+3.2.2]"
VCBF-TBF,2025-03-19,reconcile,True,0.0,"nav_end 415,958,893,935 vs identity 415,958,893,935, residual 0.00 VND (absent, treated as 0: chg_distribution) [flow from gross legs 3.2.1+3.2.2]"
VCBF-TBF,2025-03-26,reconcile,True,0.0,"nav_end 421,223,341,241 vs identity 421,223,341,241, residual 0.00 VND (absent, treated as 0: chg_distribution) [flow from gross legs 3.2.1+3.2.2]"
VCBF-TBF,2025-04-02,reconcile,True,0.0,"nav_end 413,211,547,766 vs identity 413,211,547,766, residual 0.00 VND (absent, treated as 0: chg_distribution) [flow from gross legs 3.2.1+3.2.2]"
VCBF-TBF,2025-04-09,reconcile,True,0.0,"nav_end 362,047,430,840 vs identity 362,047,430,840, residual 0.00 VND (absent, treated as 0: chg_distribution) [flow from gross legs 3.2.1+3.2.2]"
VCBF-TBF,2025-04-16,reconcile,True,0.0,"nav_end 386,764,766,580 vs identity 386,764,766,580, residual 0.00 VND (absent, treated as 0: chg_distribution) [flow from gross legs 3.2.1+3.2.2]"
VCBF-TBF,2025-04-23,reconcile,True,0.0,"nav_end 394,081,600,967 vs identity 394,081,600,967, residual 0.00 VND (absent, treated as 0: chg_distribution) [flow from gross legs 3.2.1+3.2.2]"
VCBF-TBF,2025-04-30,reconcile,True,0.0,"nav_end 398,353,446,172 vs identity 398,353,446,172, residual 0.00 VND (absent, treated as 0: chg_distribution) [flow from gross legs 3.2.1+3.2.2]"
VCBF-TBF,2025-05-07,reconcile,True,0.0,"nav_end 402,560,268,581 vs identity 402,560,268,581, residual 0.00 VND (absent, treated as 0: chg_distribution) [flow from gross legs 3.2.1+3.2.2]"
VCBF-TBF,2025-05-14,reconcile,True,0.0,"nav_end 423,875,053,109 vs identity 423,875,053,109, residual 0.00 VND (absent, treated as 0: chg_distribution) [flow from gross legs 3.2.1+3.2.2]"
VCBF-TBF,2025-05-21,reconcile,True,0.0,"nav_end 427,209,719,513 vs identity 427,209,719,513, residual 0.00 VND (absent, treated as 0: chg_distribution) [flow from gross legs 3.2.1+3.2.2]"
VCBF-TBF,2025-05-28,reconcile,True,0.0,"nav_end 431,792,961,382 vs identity 431,792,961,382, residual 0.00 VND (absent, treated as 0: chg_distribution) [flow from gross legs 3.2.1+3.2.2]"
VCBF-TBF,2025-06-11,reconcile,True,0.0,"nav_end 427,947,632,636 vs identity 427,947,632,636, residual 0.00 VND (absent, treated as 0: chg_distribution) [flow from gross legs 3.2.1+3.2.2]"
VCBF-TBF,2025-06-18,reconcile,True,0.0,"nav_end 437,077,354,843 vs identity 437,077,354,843, residual 0.00 VND (absent, treated as 0: chg_distribution) [flow from gross legs 3.2.1+3.2.2]"
VCBF-TBF,2025-06-25,reconcile,True,0.0,"nav_end 438,164,947,350 vs identity 438,164,947,350, residual 0.00 VND (absent, treated as 0: chg_distribution) [flow from gross legs 3.2.1+3.2.2]"
VCBF-TBF,2025-07-02,reconcile,True,0.0,"nav_end 445,647,908,028 vs identity 445,647,908,028, residual 0.00 VND (absent, treated as 0: chg_distribution) [flow from gross legs 3.2.1+3.2.2]"
VCBF-TBF,2025-07-09,reconcile,True,0.0,"nav_end 457,203,279,176 vs identity 457,203,279,176, residual 0.00 VND (absent, treated as 0: chg_distribution) [flow from gross legs 3.2.1+3.2.2]"
VCBF-TBF,2025-07-16,reconcile,True,0.0,"nav_end 466,825,846,289 vs identity 466,825,846,289, residual 0.00 VND (absent, treated as 0: chg_distribution) [flow from gross legs 3.2.1+3.2.2]"
VCBF-TBF,2025-07-23,reconcile,True,0.0,"nav_end 473,734,800,518 vs identity 473,734,800,518, residual 0.00 VND (absent, treated as 0: chg_distribution) [flow from gross legs 3.2.1+3.2.2]"
VCBF-TBF,2025-07-30,reconcile,True,0.0,"nav_end 471,423,091,074 vs identity 471,423,091,074, residual 0.00 VND (absent, treated as 0: chg_distribution) [flow from gross legs 3.2.1+3.2.2]"
VCBF-TBF,2025-08-06,reconcile,True,0.0,"nav_end 487,769,697,805 vs identity 487,769,697,805, residual 0.00 VND (absent, treated as 0: chg_distribution) [flow from gross legs 3.2.1+3.2.2]"
VCBF-TBF,2025-08-13,reconcile,True,0.0,"nav_end 503,946,143,003 vs identity 503,946,143,003, residual 0.00 VND (absent, treated as 0: chg_distribution) [flow from gross legs 3.2.1+3.2.2]"
VCBF-TBF,2025-08-20,reconcile,True,0.0,"nav_end 509,474,499,426 vs identity 509,474,499,426, residual 0.00 VND (absent, treated as 0: chg_distribution) [flow from gross legs 3.2.1+3.2.2]"
VCBF-TBF,2025-08-27,reconcile,True,0.0,"nav_end 510,630,274,182 vs identity 510,630,274,182, residual 0.00 VND (absent, treated as 0: chg_distribution) [flow from gross legs 3.2.1+3.2.2]"
VCBF-TBF,2025-09-03,reconcile,True,0.0,"nav_end 516,591,934,653 vs identity 516,591,934,653, residual 0.00 VND (absent, treated as 0: chg_distribution) [flow from gross legs 3.2.1+3.2.2]"
VCBF-TBF,2025-09-10,reconcile,True,0.0,"nav_end 517,437,396,861 vs identity 517,437,396,861, residual 0.00 VND (absent, treated as 0: chg_distribution) [flow from gross legs 3.2.1+3.2.2]"
VCBF-TBF,2025-09-17,reconcile,True,0.0,"nav_end 533,375,917,804 vs identity 533,375,917,804, residual 0.00 VND (absent, treated as 0: chg_distribution) [flow from gross legs 3.2.1+3.2.2]"
VCBF-TBF,2025-09-24,reconcile,True,0.0,"nav_end 542,495,405,029 vs identity 542,495,405,029, residual 0.00 VND (absent, treated as 0: chg_distribution) [flow from gross legs 3.2.1+3.2.2]"
VCBF-TBF,2025-10-01,reconcile,True,0.0,"nav_end 545,369,453,715 vs identity 545,369,453,715, residual 0.00 VND (absent, treated as 0: chg_distribution) [flow from gross legs 3.2.1+3.2.2]"
VCBF-TBF,2025-10-08,reconcile,True,0.0,"nav_end 559,679,234,746 vs identity 559,679,234,746, residual 0.00 VND (absent, treated as 0: chg_distribution) [flow from gross legs 3.2.1+3.2.2]"
VCBF-TBF,2025-10-15,reconcile,True,0.0,"nav_end 570,614,233,450 vs identity 570,614,233,450, residual 0.00 VND (absent, treated as 0: chg_distribution) [flow from gross legs 3.2.1+3.2.2]"
VCBF-TBF,2025-10-22,reconcile,True,0.0,"nav_end 573,532,176,332 vs identity 573,532,176,332, residual 0.00 VND (absent, treated as 0: chg_distribution) [flow from gross legs 3.2.1+3.2.2]"
VCBF-TBF,2025-10-29,reconcile,True,0.0,"nav_end 585,573,111,433 vs identity 585,573,111,433, residual 0.00 VND (absent, treated as 0: chg_distribution) [flow from gross legs 3.2.1+3.2.2]"
VCBF-TBF,2025-11-05,reconcile,True,0.0,"nav_end 589,039,751,390 vs identity 589,039,751,390, residual 0.00 VND (absent, treated as 0: chg_distribution) [flow from gross legs 3.2.1+3.2.2]"
VCBF-TBF,2025-11-12,reconcile,True,0.0,"nav_end 588,113,764,186 vs identity 588,113,764,186, residual 0.00 VND (absent, treated as 0: chg_distribution) [flow from gross legs 3.2.1+3.2.2]"
VCBF-TBF,2025-11-19,reconcile,True,0.0,"nav_end 594,284,276,395 vs identity 594,284,276,395, residual 0.00 VND (absent, treated as 0: chg_distribution) [flow from gross legs 3.2.1+3.2.2]"
VCBF-TBF,2025-11-26,reconcile,True,0.0,"nav_end 596,471,929,167 vs identity 596,471,929,167, residual 0.00 VND (absent, treated as 0: chg_distribution) [flow from gross legs 3.2.1+3.2.2]"
VCBF-TBF,2025-12-03,reconcile,True,0.0,"nav_end 613,076,975,067 vs identity 613,076,975,067, residual 0.00 VND (absent, treated as 0: chg_distribution) [flow from gross legs 3.2.1+3.2.2]"
VCBF-TBF,2025-12-10,reconcile,True,0.0,"nav_end 615,932,906,145 vs identity 615,932,906,145, residual 0.00 VND (absent, treated as 0: chg_distribution) [flow from gross legs 3.2.1+3.2.2]"
VCBF-TBF,2025-12-17,reconcile,True,0.0,"nav_end 615,386,581,486 vs identity 615,386,581,486, residual 0.00 VND (absent, treated as 0: chg_distribution) [flow from gross legs 3.2.1+3.2.2]"
VCBF-TBF,2025-12-24,reconcile,True,0.0,"nav_end 632,867,140,808 vs identity 632,867,140,808, residual 0.00 VND (absent, treated as 0: chg_distribution) [flow from gross legs 3.2.1+3.2.2]"
VCBF-TBF,2025-12-31,reconcile,True,0.0,"nav_end 637,268,332,486 vs identity 637,268,332,486, residual 0.00 VND (absent, treated as 0: chg_distribution) [flow from gross legs 3.2.1+3.2.2]"
VCBF-TBF,2026-01-07,reconcile,True,0.0,"nav_end 653,632,540,942 vs identity 653,632,540,942, residual 0.00 VND (absent, treated as 0: chg_distribution) [flow from gross legs 3.2.1+3.2.2]"
VCBF-TBF,2026-01-14,reconcile,True,0.0,"nav_end 673,545,362,442 vs identity 673,545,362,442, residual 0.00 VND (absent, treated as 0: chg_distribution) [flow from gross legs 3.2.1+3.2.2]"
VCBF-TBF,2026-01-21,reconcile,True,0.0,"nav_end 682,702,631,280 vs identity 682,702,631,280, residual 0.00 VND (absent, treated as 0: chg_distribution) [flow from gross legs 3.2.1+3.2.2]"
VCBF-TBF,2026-01-28,reconcile,True,0.0,"nav_end 681,660,230,451 vs identity 681,660,230,451, residual 0.00 VND (absent, treated as 0: chg_distribution) [flow from gross legs 3.2.1+3.2.2]"
VCBF-TBF,2026-02-04,reconcile,True,0.0,"nav_end 707,036,547,656 vs identity 707,036,547,656, residual 0.00 VND (absent, treated as 0: chg_distribution) [flow from gross legs 3.2.1+3.2.2]"
VCBF-TBF,2026-02-11,reconcile,True,0.0,"nav_end 713,319,755,961 vs identity 713,319,755,961, residual 0.00 VND (absent, treated as 0: chg_distribution) [flow from gross legs 3.2.1+3.2.2]"
VCBF-TBF,2026-02-18,reconcile,True,0.0,"nav_end 723,854,417,167 vs identity 723,854,417,167, residual 0.00 VND (absent, treated as 0: chg_distribution) [flow from gross legs 3.2.1+3.2.2]"
VCBF-TBF,2026-02-25,reconcile,True,0.0,"nav_end 742,251,825,879 vs identity 742,251,825,879, residual 0.00 VND (absent, treated as 0: chg_distribution) [flow from gross legs 3.2.1+3.2.2]"
VCBF-TBF,2026-03-04,reconcile,True,0.0,"nav_end 738,845,573,170 vs identity 738,845,573,170, residual 0.00 VND (absent, treated as 0: chg_distribution) [flow from gross legs 3.2.1+3.2.2]"
VCBF-TBF,2026-03-11,reconcile,True,0.0,"nav_end 738,126,951,302 vs identity 738,126,951,302, residual 0.00 VND (absent, treated as 0: chg_distribution) [flow from gross legs 3.2.1+3.2.2]"
VCBF-TBF,2026-03-18,reconcile,True,0.0,"nav_end 744,888,211,215 vs identity 744,888,211,215, residual 0.00 VND (absent, treated as 0: chg_distribution) [flow from gross legs 3.2.1+3.2.2]"
VCBF-TBF,2026-03-25,reconcile,True,0.0,"nav_end 752,049,773,323 vs identity 752,049,773,323, residual 0.00 VND (absent, treated as 0: chg_distribution) [flow from gross legs 3.2.1+3.2.2]"
VCBF-TBF,2026-04-01,reconcile,True,0.0,"nav_end 772,130,497,326 vs identity 772,130,497,326, residual 0.00 VND (absent, treated as 0: chg_distribution) [flow from gross legs 3.2.1+3.2.2]"
VCBF-TBF,2026-04-08,reconcile,True,0.0,"nav_end 781,342,066,788 vs identity 781,342,066,788, residual 0.00 VND (absent, treated as 0: chg_distribution) [flow from gross legs 3.2.1+3.2.2]"
VCBF-TBF,2026-04-15,reconcile,True,0.0,"nav_end 783,829,871,008 vs identity 783,829,871,008, residual 0.00 VND (absent, treated as 0: chg_distribution) [flow from gross legs 3.2.1+3.2.2]"
VCBF-TBF,2026-04-22,reconcile,True,0.0,"nav_end 789,960,086,464 vs identity 789,960,086,464, residual 0.00 VND (absent, treated as 0: chg_distribution) [flow from gross legs 3.2.1+3.2.2]"
VCBF-TBF,2026-04-29,reconcile,True,0.0,"nav_end 787,114,297,923 vs identity 787,114,297,923, residual 0.00 VND (absent, treated as 0: chg_distribution) [flow from gross legs 3.2.1+3.2.2]"
VCBF-TBF,2026-05-06,reconcile,True,0.0,"nav_end 795,484,553,580 vs identity 795,484,553,580, residual 0.00 VND (absent, treated as 0: chg_distribution) [flow from gross legs 3.2.1+3.2.2]"
VCBF-TBF,2026-05-13,reconcile,True,0.0,"nav_end 794,751,625,698 vs identity 794,751,625,698, residual 0.00 VND (absent, treated as 0: chg_distribution) [flow from gross legs 3.2.1+3.2.2]"
VCBF-TBF,2026-05-20,reconcile,True,0.0,"nav_end 789,438,145,848 vs identity 789,438,145,848, residual 0.00 VND (absent, treated as 0: chg_distribution) [flow from gross legs 3.2.1+3.2.2]"
VCBF-TBF,2026-05-27,reconcile,True,0.0,"nav_end 791,471,094,738 vs identity 791,471,094,738, residual 0.00 VND (absent, treated as 0: chg_distribution) [flow from gross legs 3.2.1+3.2.2]"
VCBF-TBF,2026-06-03,reconcile,True,0.0,"nav_end 791,073,654,397 vs identity 791,073,654,397, residual 0.00 VND (absent, treated as 0: chg_distribution) [flow from gross legs 3.2.1+3.2.2]"
VCBF-TBF,2026-06-10,reconcile,True,0.0,"nav_end 791,205,332,940 vs identity 791,205,332,940, residual 0.00 VND (absent, treated as 0: chg_distribution) [flow from gross legs 3.2.1+3.2.2]"
VCBF-TBF,2026-06-17,reconcile,True,0.0,"nav_end 798,800,639,866 vs identity 798,800,639,866, residual 0.00 VND (absent, treated as 0: chg_distribution) [flow from gross legs 3.2.1+3.2.2]"
VCBF-TBF,2026-06-24,reconcile,True,0.0,"nav_end 793,807,213,619 vs identity 793,807,213,619, residual 0.00 VND (absent, treated as 0: chg_distribution) [flow from gross legs 3.2.1+3.2.2]"
VCBF-TBF,2026-07-01,reconcile,True,0.0,"nav_end 803,804,994,772 vs identity 803,804,994,772, residual 0.00 VND (absent, treated as 0: chg_distribution) [flow from gross legs 3.2.1+3.2.2]"
VCBF-TBF,2026-07-08,reconcile,True,0.0,"nav_end 806,359,626,079 vs identity 806,359,626,079, residual 0.00 VND (absent, treated as 0: chg_distribution) [flow from gross legs 3.2.1+3.2.2]"
VCBF-TBF,2026-07-15,reconcile,True,0.0,"nav_end 785,161,154,144 vs identity 785,161,154,144, residual 0.00 VND (absent, treated as 0: chg_distribution) [flow from gross legs 3.2.1+3.2.2]"
VCBF-TBF,2026-07-22,reconcile,True,0.0,"nav_end 759,192,963,605 vs identity 759,192,963,605, residual 0.00 VND (absent, treated as 0: chg_distribution) [flow from gross legs 3.2.1+3.2.2]"
VCBF-TBF,2026-07-29,reconcile,True,0.0,"nav_end 763,368,888,305 vs identity 763,368,888,305, residual 0.00 VND (absent, treated as 0: chg_distribution) [flow from gross legs 3.2.1+3.2.2]"
VCBF-TBF,2026-08-05,reconcile,True,0.0,"nav_end 794,527,743,345 vs identity 794,527,743,345, residual 0.00 VND (absent, treated as 0: chg_distribution) [flow from gross legs 3.2.1+3.2.2]"
VCBF-TBF,2026-08-12,reconcile,True,0.0,"nav_end 805,679,125,378 vs identity 805,679,125,378, residual 0.00 VND (absent, treated as 0: chg_distribution) [flow from gross legs 3.2.1+3.2.2]"
VCBF-AIF,2025-02-19,chain_continuity,True,0.0,"opening 95,977,887,309 matches prior closing 95,977,887,309"
VCBF-AIF,2025-02-26,chain_continuity,True,0.0,"opening 121,680,048,741 matches prior closing 121,680,048,741"
VCBF-AIF,2025-03-05,chain_continuity,True,0.0,"opening 139,558,617,930 matches prior closing 139,558,617,930"
VCBF-AIF,2025-03-12,chain_continuity,True,0.0,"opening 159,856,368,481 matches prior closing 159,856,368,481"
VCBF-AIF,2025-03-19,chain_continuity,True,0.0,"opening 171,680,269,184 matches prior closing 171,680,269,184"
VCBF-AIF,2025-03-26,chain_continuity,True,0.0,"opening 179,555,910,123 matches prior closing 179,555,910,123"
VCBF-AIF,2025-04-02,chain_continuity,True,0.0,"opening 198,612,356,313 matches prior closing 198,612,356,313"
VCBF-AIF,2025-04-09,chain_continuity,True,0.0,"opening 202,564,845,009 matches prior closing 202,564,845,009"
VCBF-AIF,2025-04-16,chain_continuity,True,0.0,"opening 172,990,578,269 matches prior closing 172,990,578,269"
VCBF-AIF,2025-04-23,chain_continuity,True,0.0,"opening 196,221,281,087 matches prior closing 196,221,281,087"
VCBF-AIF,2025-04-30,chain_continuity,True,0.0,"opening 201,308,720,636 matches prior closing 201,308,720,636"
VCBF-AIF,2025-05-07,chain_continuity,True,0.0,"opening 207,716,161,452 matches prior closing 207,716,161,452"
VCBF-AIF,2025-05-14,chain_continuity,True,0.0,"opening 212,283,610,385 matches prior closing 212,283,610,385"
VCBF-AIF,2025-05-21,chain_continuity,True,0.0,"opening 229,229,073,218 matches prior closing 229,229,073,218"
VCBF-AIF,2025-05-28,chain_continuity,True,0.0,"opening 230,800,249,664 matches prior closing 230,800,249,664"
VCBF-AIF,2025-06-11,chain_continuity,False,1079697257.0,"opening 236,469,677,104 does not match prior closing 235,389,979,847 (gap 1,079,697,257 VND); likely a missed filing between 2025-05-28 and 2025-06-05"
VCBF-AIF,2025-06-18,chain_continuity,True,0.0,"opening 234,128,316,484 matches prior closing 234,128,316,484"
VCBF-AIF,2025-06-25,chain_continuity,True,0.0,"opening 241,408,354,022 matches prior closing 241,408,354,022"
VCBF-AIF,2025-07-02,chain_continuity,True,0.0,"opening 247,828,673,083 matches prior closing 247,828,673,083"
VCBF-AIF,2025-07-09,chain_continuity,True,0.0,"opening 254,162,492,936 matches prior closing 254,162,492,936"
VCBF-AIF,2025-07-16,chain_continuity,True,0.0,"opening 262,559,034,138 matches prior closing 262,559,034,138"
VCBF-AIF,2025-07-23,chain_continuity,True,0.0,"opening 268,972,539,700 matches prior closing 268,972,539,700"
VCBF-AIF,2025-07-30,chain_continuity,True,0.0,"opening 262,802,394,546 matches prior closing 262,802,394,546"
VCBF-AIF,2025-08-06,chain_continuity,True,0.0,"opening 268,031,249,870 matches prior closing 268,031,249,870"
VCBF-AIF,2025-08-13,chain_continuity,True,0.0,"opening 284,738,659,882 matches prior closing 284,738,659,882"
VCBF-AIF,2025-08-20,chain_continuity,True,0.0,"opening 291,098,238,124 matches prior closing 291,098,238,124"
VCBF-AIF,2025-08-27,chain_continuity,True,0.0,"opening 295,422,704,462 matches prior closing 295,422,704,462"
VCBF-AIF,2025-09-03,chain_continuity,True,0.0,"opening 296,214,356,662 matches prior closing 296,214,356,662"
VCBF-AIF,2025-09-10,chain_continuity,True,0.0,"opening 302,991,966,616 matches prior closing 302,991,966,616"
VCBF-AIF,2025-09-17,chain_continuity,True,0.0,"opening 301,071,452,458 matches prior closing 301,071,452,458"
VCBF-AIF,2025-09-24,chain_continuity,True,0.0,"opening 313,045,126,958 matches prior closing 313,045,126,958"
VCBF-AIF,2025-10-01,chain_continuity,True,0.0,"opening 314,621,020,453 matches prior closing 314,621,020,453"
VCBF-AIF,2025-10-08,chain_continuity,True,0.0,"opening 315,901,214,758 matches prior closing 315,901,214,758"
VCBF-AIF,2025-10-15,chain_continuity,True,0.0,"opening 326,375,934,788 matches prior closing 326,375,934,788"
VCBF-AIF,2025-10-22,chain_continuity,True,0.0,"opening 330,570,396,594 matches prior closing 330,570,396,594"
VCBF-AIF,2025-10-29,chain_continuity,True,0.0,"opening 334,693,473,933 matches prior closing 334,693,473,933"
VCBF-AIF,2025-11-05,chain_continuity,True,0.0,"opening 350,277,799,196 matches prior closing 350,277,799,196"
VCBF-AIF,2025-11-12,chain_continuity,True,0.0,"opening 351,411,029,341 matches prior closing 351,411,029,341"
VCBF-AIF,2025-11-19,chain_continuity,True,0.0,"opening 348,228,049,421 matches prior closing 348,228,049,421"
VCBF-AIF,2025-12-03,chain_continuity,False,-1911855679.0,"opening 352,499,255,363 does not match prior closing 354,411,111,042 (gap -1,911,855,679 VND); likely a missed filing between 2025-11-19 and 2025-11-27"
VCBF-AIF,2025-12-10,chain_continuity,True,0.0,"opening 364,870,842,074 matches prior closing 364,870,842,074"
VCBF-AIF,2025-12-17,chain_continuity,True,0.0,"opening 367,385,246,410 matches prior closing 367,385,246,410"
VCBF-AIF,2025-12-24,chain_continuity,True,0.0,"opening 370,035,781,116 matches prior closing 370,035,781,116"
VCBF-AIF,2025-12-31,chain_continuity,True,0.0,"opening 384,443,510,735 matches prior closing 384,443,510,735"
VCBF-AIF,2026-01-07,chain_continuity,True,0.0,"opening 389,194,328,755 matches prior closing 389,194,328,755"
VCBF-AIF,2026-01-14,chain_continuity,True,0.0,"opening 401,829,596,576 matches prior closing 401,829,596,576"
VCBF-AIF,2026-01-21,chain_continuity,True,0.0,"opening 416,805,443,404 matches prior closing 416,805,443,404"
VCBF-AIF,2026-01-28,chain_continuity,True,0.0,"opening 424,542,986,395 matches prior closing 424,542,986,395"
VCBF-AIF,2026-02-04,chain_continuity,True,0.0,"opening 428,689,874,691 matches prior closing 428,689,874,691"
VCBF-AIF,2026-02-11,chain_continuity,True,0.0,"opening 452,526,984,989 matches prior closing 452,526,984,989"
VCBF-AIF,2026-02-18,chain_continuity,True,0.0,"opening 457,200,502,356 matches prior closing 457,200,502,356"
VCBF-AIF,2026-02-25,chain_continuity,True,0.0,"opening 468,623,665,205 matches prior closing 468,623,665,205"
VCBF-AIF,2026-03-04,chain_continuity,True,0.0,"opening 488,071,661,167 matches prior closing 488,071,661,167"
VCBF-AIF,2026-03-11,chain_continuity,True,0.0,"opening 482,461,926,259 matches prior closing 482,461,926,259"
VCBF-AIF,2026-03-18,chain_continuity,True,0.0,"opening 478,588,134,733 matches prior closing 478,588,134,733"
VCBF-AIF,2026-03-25,chain_continuity,True,0.0,"opening 485,132,661,036 matches prior closing 485,132,661,036"
VCBF-AIF,2026-04-01,chain_continuity,True,0.0,"opening 490,325,376,755 matches prior closing 490,325,376,755"
VCBF-AIF,2026-04-08,chain_continuity,True,0.0,"opening 499,091,005,177 matches prior closing 499,091,005,177"
VCBF-AIF,2026-04-15,chain_continuity,True,0.0,"opening 505,565,328,034 matches prior closing 505,565,328,034"
VCBF-AIF,2026-04-22,chain_continuity,True,0.0,"opening 506,360,202,801 matches prior closing 506,360,202,801"
VCBF-AIF,2026-04-29,chain_continuity,True,0.0,"opening 508,306,994,664 matches prior closing 508,306,994,664"
VCBF-AIF,2026-05-06,chain_continuity,True,0.0,"opening 507,515,642,735 matches prior closing 507,515,642,735"
VCBF-AIF,2026-05-13,chain_continuity,True,0.0,"opening 515,080,816,821 matches prior closing 515,080,816,821"
VCBF-AIF,2026-05-20,chain_continuity,True,0.0,"opening 514,512,942,186 matches prior closing 514,512,942,186"
VCBF-AIF,2026-05-27,chain_continuity,True,0.0,"opening 512,902,776,873 matches prior closing 512,902,776,873"
VCBF-AIF,2026-06-03,chain_continuity,True,0.0,"opening 514,465,559,514 matches prior closing 514,465,559,514"
VCBF-AIF,2026-06-10,chain_continuity,True,0.0,"opening 511,213,924,975 matches prior closing 511,213,924,975"
VCBF-AIF,2026-06-17,chain_continuity,True,0.0,"opening 508,786,606,954 matches prior closing 508,786,606,954"
VCBF-AIF,2026-06-24,chain_continuity,True,0.0,"opening 514,394,780,834 matches prior closing 514,394,780,834"
VCBF-AIF,2026-07-01,chain_continuity,True,0.0,"opening 508,023,217,677 matches prior closing 508,023,217,677"
VCBF-AIF,2026-07-08,chain_continuity,True,0.0,"opening 515,125,814,882 matches prior closing 515,125,814,882"
VCBF-AIF,2026-07-15,chain_continuity,True,0.0,"opening 506,544,338,196 matches prior closing 506,544,338,196"
VCBF-AIF,2026-07-22,chain_continuity,True,0.0,"opening 490,131,122,550 matches prior closing 490,131,122,550"
VCBF-AIF,2026-07-29,chain_continuity,True,0.0,"opening 460,211,984,943 matches prior closing 460,211,984,943"
VCBF-AIF,2026-08-05,chain_continuity,True,0.0,"opening 461,049,420,388 matches prior closing 461,049,420,388"
VCBF-AIF,2026-08-12,chain_continuity,True,0.0,"opening 482,962,648,738 matches prior closing 482,962,648,738"
VCBF-BCF,2022-07-13,chain_continuity,True,0.0,"opening 371,782,299,103 matches prior closing 371,782,299,103"
VCBF-BCF,2022-07-27,chain_continuity,False,4169681528.0,"opening 383,256,580,599 does not match prior closing 379,086,899,071 (gap 4,169,681,528 VND); likely a missed filing between 2022-07-13 and 2022-07-21"
VCBF-BCF,2022-08-03,chain_continuity,True,0.0,"opening 380,542,387,739 matches prior closing 380,542,387,739"
VCBF-BCF,2022-08-10,chain_continuity,True,0.0,"opening 397,359,048,869 matches prior closing 397,359,048,869"
VCBF-BCF,2022-08-17,chain_continuity,True,0.0,"opening 396,897,012,645 matches prior closing 396,897,012,645"
VCBF-BCF,2022-08-24,chain_continuity,True,0.0,"opening 404,149,167,385 matches prior closing 404,149,167,385"
VCBF-BCF,2022-08-31,chain_continuity,True,0.0,"opening 404,628,191,329 matches prior closing 404,628,191,329"
VCBF-BCF,2022-09-07,chain_continuity,True,0.0,"opening 405,456,185,829 matches prior closing 405,456,185,829"
VCBF-BCF,2022-09-14,chain_continuity,True,0.0,"opening 394,074,911,712 matches prior closing 394,074,911,712"
VCBF-BCF,2022-09-21,chain_continuity,True,0.0,"opening 395,557,306,692 matches prior closing 395,557,306,692"
VCBF-BCF,2022-10-05,chain_continuity,False,-21404097259.0,"opening 363,360,527,749 does not match prior closing 384,764,625,008 (gap -21,404,097,259 VND); likely a missed filing between 2022-09-21 and 2022-09-29"
VCBF-BCF,2022-10-12,chain_continuity,True,0.0,"opening 350,939,048,880 matches prior closing 350,939,048,880"
VCBF-BCF,2022-10-19,chain_continuity,True,0.0,"opening 330,611,299,109 matches prior closing 330,611,299,109"
VCBF-BCF,2022-10-26,chain_continuity,True,0.0,"opening 341,906,696,060 matches prior closing 341,906,696,060"
VCBF-BCF,2022-11-02,chain_continuity,True,0.0,"opening 321,214,388,915 matches prior closing 321,214,388,915"
VCBF-BCF,2022-11-09,chain_continuity,True,0.0,"opening 328,165,407,226 matches prior closing 328,165,407,226"
VCBF-BCF,2022-11-16,chain_continuity,True,0.0,"opening 319,102,962,863 matches prior closing 319,102,962,863"
VCBF-BCF,2022-11-23,chain_continuity,True,0.0,"opening 302,234,351,773 matches prior closing 302,234,351,773"
VCBF-BCF,2022-11-30,chain_continuity,True,0.0,"opening 312,574,938,348 matches prior closing 312,574,938,348"
VCBF-BCF,2022-12-07,chain_continuity,True,0.0,"opening 346,621,460,190 matches prior closing 346,621,460,190"
VCBF-BCF,2022-12-14,chain_continuity,True,0.0,"opening 346,606,726,689 matches prior closing 346,606,726,689"
VCBF-BCF,2022-12-21,chain_continuity,True,0.0,"opening 351,142,411,784 matches prior closing 351,142,411,784"
VCBF-BCF,2022-12-28,chain_continuity,True,0.0,"opening 345,017,639,553 matches prior closing 345,017,639,553"
VCBF-BCF,2023-01-04,chain_continuity,True,0.0,"opening 339,551,174,871 matches prior closing 339,551,174,871"
VCBF-BCF,2023-01-11,chain_continuity,True,0.0,"opening 348,625,525,474 matches prior closing 348,625,525,474"
VCBF-BCF,2023-01-18,chain_continuity,True,0.0,"opening 353,198,816,089 matches prior closing 353,198,816,089"
VCBF-BCF,2023-01-25,chain_continuity,True,0.0,"opening 367,710,810,091 matches prior closing 367,710,810,091"
VCBF-BCF,2023-02-01,chain_continuity,True,0.0,"opening 369,395,931,143 matches prior closing 369,395,931,143"
VCBF-BCF,2023-02-08,chain_continuity,True,0.0,"opening 361,678,359,728 matches prior closing 361,678,359,728"
VCBF-BCF,2023-02-15,chain_continuity,True,0.0,"opening 348,518,085,628 matches prior closing 348,518,085,628"
VCBF-BCF,2023-02-22,chain_continuity,True,0.0,"opening 342,066,544,221 matches prior closing 342,066,544,221"
VCBF-BCF,2023-03-01,chain_continuity,True,0.0,"opening 347,011,609,439 matches prior closing 347,011,609,439"
VCBF-BCF,2023-03-08,chain_continuity,True,0.0,"opening 343,097,906,369 matches prior closing 343,097,906,369"
VCBF-BCF,2023-03-15,chain_continuity,True,0.0,"opening 344,481,082,346 matches prior closing 344,481,082,346"
VCBF-BCF,2023-03-22,chain_continuity,True,0.0,"opening 346,295,854,220 matches prior closing 346,295,854,220"
VCBF-BCF,2023-03-29,chain_continuity,True,0.0,"opening 338,176,987,582 matches prior closing 338,176,987,582"
VCBF-BCF,2023-04-05,chain_continuity,True,0.0,"opening 342,148,383,065 matches prior closing 342,148,383,065"
VCBF-BCF,2023-04-12,chain_continuity,True,0.0,"opening 351,614,777,677 matches prior closing 351,614,777,677"
VCBF-BCF,2023-04-19,chain_continuity,True,0.0,"opening 348,801,218,602 matches prior closing 348,801,218,602"
VCBF-BCF,2023-04-26,chain_continuity,True,0.0,"opening 341,200,244,349 matches prior closing 341,200,244,349"
VCBF-BCF,2023-05-03,chain_continuity,True,0.0,"opening 338,653,712,132 matches prior closing 338,653,712,132"
VCBF-BCF,2023-05-10,chain_continuity,True,0.0,"opening 339,155,722,516 matches prior closing 339,155,722,516"
VCBF-BCF,2023-05-17,chain_continuity,True,0.0,"opening 343,479,473,290 matches prior closing 343,479,473,290"
VCBF-BCF,2023-05-24,chain_continuity,True,0.0,"opening 345,821,415,859 matches prior closing 345,821,415,859"
VCBF-BCF,2023-05-31,chain_continuity,True,0.0,"opening 345,612,104,248 matches prior closing 345,612,104,248"
VCBF-BCF,2023-06-07,chain_continuity,True,0.0,"opening 345,771,803,578 matches prior closing 345,771,803,578"
VCBF-BCF,2023-06-14,chain_continuity,True,0.0,"opening 356,119,778,834 matches prior closing 356,119,778,834"
VCBF-BCF,2023-06-21,chain_continuity,True,0.0,"opening 355,683,891,589 matches prior closing 355,683,891,589"
VCBF-BCF,2023-06-28,chain_continuity,True,0.0,"opening 362,279,076,480 matches prior closing 362,279,076,480"
VCBF-BCF,2023-07-05,chain_continuity,True,0.0,"opening 369,207,910,702 matches prior closing 369,207,910,702"
VCBF-BCF,2023-07-12,chain_continuity,True,0.0,"opening 370,025,049,263 matches prior closing 370,025,049,263"
VCBF-BCF,2023-07-19,chain_continuity,True,0.0,"opening 377,493,216,079 matches prior closing 377,493,216,079"
VCBF-BCF,2023-07-26,chain_continuity,True,0.0,"opening 382,158,786,175 matches prior closing 382,158,786,175"
VCBF-BCF,2023-08-02,chain_continuity,True,0.0,"opening 389,512,952,543 matches prior closing 389,512,952,543"
VCBF-BCF,2023-08-09,chain_continuity,True,0.0,"opening 392,861,449,241 matches prior closing 392,861,449,241"
VCBF-BCF,2023-08-16,chain_continuity,True,0.0,"opening 399,572,466,710 matches prior closing 399,572,466,710"
VCBF-BCF,2023-08-23,chain_continuity,True,0.0,"opening 403,427,737,776 matches prior closing 403,427,737,776"
VCBF-BCF,2023-08-30,chain_continuity,True,0.0,"opening 381,642,932,730 matches prior closing 381,642,932,730"
VCBF-BCF,2023-09-06,chain_continuity,True,0.0,"opening 404,568,027,363 matches prior closing 404,568,027,363"
VCBF-BCF,2023-09-13,chain_continuity,True,0.0,"opening 412,214,215,775 matches prior closing 412,214,215,775"
VCBF-BCF,2023-09-20,chain_continuity,True,0.0,"opening 406,321,751,579 matches prior closing 406,321,751,579"
VCBF-BCF,2023-09-27,chain_continuity,True,0.0,"opening 406,422,236,659 matches prior closing 406,422,236,659"
VCBF-BCF,2023-10-04,chain_continuity,True,0.0,"opening 384,947,535,014 matches prior closing 384,947,535,014"
VCBF-BCF,2023-10-11,chain_continuity,True,0.0,"opening 378,144,789,145 matches prior closing 378,144,789,145"
VCBF-BCF,2023-10-25,chain_continuity,False,-17197805980.0,"opening 372,350,214,605 does not match prior closing 389,548,020,585 (gap -17,197,805,980 VND); likely a missed filing between 2023-10-11 and 2023-10-19"
VCBF-BCF,2023-11-01,chain_continuity,True,0.0,"opening 371,898,690,045 matches prior closing 371,898,690,045"
VCBF-BCF,2023-11-08,chain_continuity,True,0.0,"opening 346,236,399,298 matches prior closing 346,236,399,298"
VCBF-BCF,2023-11-15,chain_continuity,True,0.0,"opening 375,355,385,021 matches prior closing 375,355,385,021"
VCBF-BCF,2023-11-22,chain_continuity,True,0.0,"opening 380,597,350,454 matches prior closing 380,597,350,454"
VCBF-BCF,2023-11-29,chain_continuity,True,0.0,"opening 377,668,790,541 matches prior closing 377,668,790,541"
VCBF-BCF,2023-12-06,chain_continuity,True,0.0,"opening 373,154,381,880 matches prior closing 373,154,381,880"
VCBF-BCF,2023-12-13,chain_continuity,True,0.0,"opening 379,680,862,175 matches prior closing 379,680,862,175"
VCBF-BCF,2023-12-20,chain_continuity,True,0.0,"opening 377,148,486,807 matches prior closing 377,148,486,807"
VCBF-BCF,2023-12-27,chain_continuity,True,0.0,"opening 377,102,708,128 matches prior closing 377,102,708,128"
VCBF-BCF,2024-01-03,chain_continuity,True,0.0,"opening 385,189,015,196 matches prior closing 385,189,015,196"
VCBF-BCF,2024-01-10,chain_continuity,True,0.0,"opening 392,567,513,491 matches prior closing 392,567,513,491"
VCBF-BCF,2024-01-17,chain_continuity,True,0.0,"opening 398,701,938,104 matches prior closing 398,701,938,104"
VCBF-BCF,2024-01-24,chain_continuity,True,0.0,"opening 402,596,371,034 matches prior closing 402,596,371,034"
VCBF-BCF,2024-01-31,chain_continuity,True,0.0,"opening 409,984,488,450 matches prior closing 409,984,488,450"
VCBF-BCF,2024-02-05,chain_continuity,True,0.0,"opening 422,339,935,065 matches prior closing 422,339,935,065"
VCBF-BCF,2024-02-14,chain_continuity,True,0.0,"opening 435,605,695,744 matches prior closing 435,605,695,744"
VCBF-BCF,2024-02-21,chain_continuity,True,0.0,"opening 440,721,724,064 matches prior closing 440,721,724,064"
VCBF-BCF,2024-02-28,chain_continuity,True,0.0,"opening 457,499,759,466 matches prior closing 457,499,759,466"
VCBF-BCF,2024-03-06,chain_continuity,True,0.0,"opening 472,449,802,265 matches prior closing 472,449,802,265"
VCBF-BCF,2024-03-13,chain_continuity,True,0.0,"opening 483,833,999,914 matches prior closing 483,833,999,914"
VCBF-BCF,2024-03-20,chain_continuity,True,0.0,"opening 492,650,649,329 matches prior closing 492,650,649,329"
VCBF-BCF,2024-03-27,chain_continuity,True,0.0,"opening 489,306,228,992 matches prior closing 489,306,228,992"
VCBF-BCF,2024-04-03,chain_continuity,True,0.0,"opening 503,732,311,509 matches prior closing 503,732,311,509"
VCBF-BCF,2024-04-10,chain_continuity,True,0.0,"opening 504,380,344,339 matches prior closing 504,380,344,339"
VCBF-BCF,2024-04-15,chain_continuity,True,0.0,"opening 506,421,915,801 matches prior closing 506,421,915,801"
VCBF-BCF,2024-04-24,chain_continuity,True,0.0,"opening 492,766,686,943 matches prior closing 492,766,686,943"
VCBF-BCF,2024-05-01,chain_continuity,True,0.0,"opening 500,318,162,428 matches prior closing 500,318,162,428"
VCBF-BCF,2024-05-08,chain_continuity,True,0.0,"opening 505,013,593,049 matches prior closing 505,013,593,049"
VCBF-BCF,2024-05-15,chain_continuity,True,0.0,"opening 529,193,667,022 matches prior closing 529,193,667,022"
VCBF-BCF,2024-05-22,chain_continuity,True,0.0,"opening 547,361,330,700 matches prior closing 547,361,330,700"
VCBF-BCF,2024-05-29,chain_continuity,True,0.0,"opening 555,175,975,839 matches prior closing 555,175,975,839"
VCBF-BCF,2024-06-05,chain_continuity,True,0.0,"opening 561,340,997,729 matches prior closing 561,340,997,729"
VCBF-BCF,2024-06-12,chain_continuity,True,0.0,"opening 576,038,696,169 matches prior closing 576,038,696,169"
VCBF-BCF,2024-06-19,chain_continuity,True,0.0,"opening 595,917,143,088 matches prior closing 595,917,143,088"
VCBF-BCF,2024-06-26,chain_continuity,True,0.0,"opening 584,294,461,670 matches prior closing 584,294,461,670"
VCBF-BCF,2024-07-03,chain_continuity,True,0.0,"opening 586,101,518,208 matches prior closing 586,101,518,208"
VCBF-BCF,2024-07-10,chain_continuity,True,0.0,"opening 601,198,000,218 matches prior closing 601,198,000,218"
VCBF-BCF,2024-07-17,chain_continuity,True,0.0,"opening 606,041,497,866 matches prior closing 606,041,497,866"
VCBF-BCF,2024-07-24,chain_continuity,True,0.0,"opening 601,935,940,365 matches prior closing 601,935,940,365"
VCBF-BCF,2024-07-31,chain_continuity,True,0.0,"opening 592,700,377,401 matches prior closing 592,700,377,401"
VCBF-BCF,2024-08-07,chain_continuity,True,0.0,"opening 603,319,816,896 matches prior closing 603,319,816,896"
VCBF-BCF,2024-08-14,chain_continuity,True,0.0,"opening 585,007,787,616 matches prior closing 585,007,787,616"
VCBF-BCF,2024-08-21,chain_continuity,True,0.0,"opening 604,087,649,585 matches prior closing 604,087,649,585"
VCBF-BCF,2024-08-28,chain_continuity,True,0.0,"opening 632,802,594,498 matches prior closing 632,802,594,498"
VCBF-BCF,2024-09-04,chain_continuity,True,0.0,"opening 628,784,175,348 matches prior closing 628,784,175,348"
VCBF-BCF,2024-09-11,chain_continuity,True,0.0,"opening 627,505,137,289 matches prior closing 627,505,137,289"
VCBF-BCF,2024-09-18,chain_continuity,True,0.0,"opening 622,282,612,610 matches prior closing 622,282,612,610"
VCBF-BCF,2024-09-25,chain_continuity,True,0.0,"opening 626,308,414,284 matches prior closing 626,308,414,284"
VCBF-BCF,2024-10-02,chain_continuity,True,0.0,"opening 642,415,616,682 matches prior closing 642,415,616,682"
VCBF-BCF,2024-10-09,chain_continuity,True,0.0,"opening 640,087,695,144 matches prior closing 640,087,695,144"
VCBF-BCF,2024-10-16,chain_continuity,True,0.0,"opening 643,820,006,101 matches prior closing 643,820,006,101"
VCBF-BCF,2024-10-23,chain_continuity,True,0.0,"opening 648,110,524,222 matches prior closing 648,110,524,222"
VCBF-BCF,2024-10-30,chain_continuity,True,0.0,"opening 647,115,825,807 matches prior closing 647,115,825,807"
VCBF-BCF,2024-11-06,chain_continuity,True,0.0,"opening 649,220,888,611 matches prior closing 649,220,888,611"
VCBF-BCF,2024-11-13,chain_continuity,True,0.0,"opening 656,682,269,363 matches prior closing 656,682,269,363"
VCBF-BCF,2024-11-20,chain_continuity,True,0.0,"opening 656,554,085,391 matches prior closing 656,554,085,391"
VCBF-BCF,2024-11-27,chain_continuity,True,0.0,"opening 642,199,489,400 matches prior closing 642,199,489,400"
VCBF-BCF,2024-12-04,chain_continuity,True,0.0,"opening 661,919,893,900 matches prior closing 661,919,893,900"
VCBF-BCF,2024-12-11,chain_continuity,True,0.0,"opening 668,815,280,083 matches prior closing 668,815,280,083"
VCBF-BCF,2024-12-18,chain_continuity,True,0.0,"opening 686,782,880,376 matches prior closing 686,782,880,376"
VCBF-BCF,2025-01-01,chain_continuity,False,12663248024.0,"opening 699,984,275,426 does not match prior closing 687,321,027,402 (gap 12,663,248,024 VND); likely a missed filing between 2024-12-18 and 2024-12-26"
VCBF-BCF,2025-01-08,chain_continuity,True,0.0,"opening 702,391,280,059 matches prior closing 702,391,280,059"
VCBF-BCF,2025-01-15,chain_continuity,True,0.0,"opening 696,318,248,026 matches prior closing 696,318,248,026"
VCBF-BCF,2025-01-22,chain_continuity,True,0.0,"opening 699,950,396,635 matches prior closing 699,950,396,635"
VCBF-BCF,2025-01-29,chain_continuity,True,0.0,"opening 718,047,693,755 matches prior closing 718,047,693,755"
VCBF-BCF,2025-02-05,chain_continuity,True,0.0,"opening 733,219,171,511 matches prior closing 733,219,171,511"
VCBF-BCF,2025-02-12,chain_continuity,True,0.0,"opening 734,633,256,399 matches prior closing 734,633,256,399"
VCBF-BCF,2025-02-19,chain_continuity,True,0.0,"opening 739,429,085,242 matches prior closing 739,429,085,242"
VCBF-BCF,2025-02-26,chain_continuity,True,0.0,"opening 749,318,593,917 matches prior closing 749,318,593,917"
VCBF-BCF,2025-03-05,chain_continuity,True,0.0,"opening 761,584,903,339 matches prior closing 761,584,903,339"
VCBF-BCF,2025-03-12,chain_continuity,True,0.0,"opening 778,859,410,649 matches prior closing 778,859,410,649"
VCBF-BCF,2025-03-19,chain_continuity,True,0.0,"opening 795,331,418,256 matches prior closing 795,331,418,256"
VCBF-BCF,2025-03-26,chain_continuity,True,0.0,"opening 779,740,033,367 matches prior closing 779,740,033,367"
VCBF-BCF,2025-04-02,chain_continuity,True,0.0,"opening 786,118,463,255 matches prior closing 786,118,463,255"
VCBF-BCF,2025-04-09,chain_continuity,True,0.0,"opening 781,236,641,845 matches prior closing 781,236,641,845"
VCBF-BCF,2025-04-16,chain_continuity,True,0.0,"opening 645,489,937,059 matches prior closing 645,489,937,059"
VCBF-BCF,2025-04-23,chain_continuity,True,0.0,"opening 723,865,080,640 matches prior closing 723,865,080,640"
VCBF-BCF,2025-04-30,chain_continuity,True,0.0,"opening 737,635,881,870 matches prior closing 737,635,881,870"
VCBF-BCF,2025-05-07,chain_continuity,True,0.0,"opening 752,521,398,179 matches prior closing 752,521,398,179"
VCBF-BCF,2025-05-14,chain_continuity,True,0.0,"opening 762,894,568,192 matches prior closing 762,894,568,192"
VCBF-BCF,2025-05-21,chain_continuity,True,0.0,"opening 814,314,464,919 matches prior closing 814,314,464,919"
VCBF-BCF,2025-05-28,chain_continuity,True,0.0,"opening 821,137,212,412 matches prior closing 821,137,212,412"
VCBF-BCF,2025-06-11,chain_continuity,False,-3635984858.0,"opening 828,208,518,534 does not match prior closing 831,844,503,392 (gap -3,635,984,858 VND); likely a missed filing between 2025-05-28 and 2025-06-05"
VCBF-BCF,2025-06-18,chain_continuity,True,0.0,"opening 819,598,483,590 matches prior closing 819,598,483,590"
VCBF-BCF,2025-06-25,chain_continuity,True,0.0,"opening 845,438,351,996 matches prior closing 845,438,351,996"
VCBF-BCF,2025-07-02,chain_continuity,True,0.0,"opening 819,870,810,370 matches prior closing 819,870,810,370"
VCBF-BCF,2025-07-09,chain_continuity,True,0.0,"opening 835,838,680,931 matches prior closing 835,838,680,931"
VCBF-BCF,2025-07-16,chain_continuity,True,0.0,"opening 866,516,987,622 matches prior closing 866,516,987,622"
VCBF-BCF,2025-07-23,chain_continuity,True,0.0,"opening 891,240,503,256 matches prior closing 891,240,503,256"
VCBF-BCF,2025-07-30,chain_continuity,True,0.0,"opening 908,352,869,451 matches prior closing 908,352,869,451"
VCBF-BCF,2025-08-06,chain_continuity,True,0.0,"opening 901,046,193,261 matches prior closing 901,046,193,261"
VCBF-BCF,2025-08-13,chain_continuity,True,0.0,"opening 952,051,185,052 matches prior closing 952,051,185,052"
VCBF-BCF,2025-08-20,chain_continuity,True,0.0,"opening 984,799,698,655 matches prior closing 984,799,698,655"
VCBF-BCF,2025-08-27,chain_continuity,True,0.0,"opening 978,415,355,329 matches prior closing 978,415,355,329"
VCBF-BCF,2025-09-03,chain_continuity,True,0.0,"opening 985,558,292,771 matches prior closing 985,558,292,771"
VCBF-BCF,2025-09-10,chain_continuity,True,0.0,"opening 1,003,090,463,818 matches prior closing 1,003,090,463,818"
VCBF-BCF,2025-09-17,chain_continuity,True,0.0,"opening 1,000,962,786,886 matches prior closing 1,000,962,786,886"
VCBF-BCF,2025-09-24,chain_continuity,True,0.0,"opening 1,038,047,937,250 matches prior closing 1,038,047,937,250"
VCBF-BCF,2025-10-01,chain_continuity,True,0.0,"opening 1,044,561,589,966 matches prior closing 1,044,561,589,966"
VCBF-BCF,2025-10-08,chain_continuity,True,0.0,"opening 1,070,482,320,837 matches prior closing 1,070,482,320,837"
VCBF-BCF,2025-10-15,chain_continuity,True,0.0,"opening 1,099,283,534,750 matches prior closing 1,099,283,534,750"
VCBF-BCF,2025-10-22,chain_continuity,True,0.0,"opening 1,129,208,445,611 matches prior closing 1,129,208,445,611"
VCBF-BCF,2025-10-29,chain_continuity,True,0.0,"opening 1,130,201,820,589 matches prior closing 1,130,201,820,589"
VCBF-BCF,2025-11-05,chain_continuity,True,0.0,"opening 1,171,299,200,797 matches prior closing 1,171,299,200,797"
VCBF-BCF,2025-11-12,chain_continuity,True,0.0,"opening 1,164,482,858,232 matches prior closing 1,164,482,858,232"
VCBF-BCF,2025-11-19,chain_continuity,True,0.0,"opening 1,163,864,201,140 matches prior closing 1,163,864,201,140"
VCBF-BCF,2025-12-03,chain_continuity,False,6010776626.0,"opening 1,185,052,594,708 does not match prior closing 1,179,041,818,082 (gap 6,010,776,626 VND); likely a missed filing between 2025-11-19 and 2025-11-27"
VCBF-BCF,2025-12-10,chain_continuity,True,0.0,"opening 1,218,881,381,839 matches prior closing 1,218,881,381,839"
VCBF-BCF,2025-12-17,chain_continuity,True,0.0,"opening 1,212,236,363,187 matches prior closing 1,212,236,363,187"
VCBF-BCF,2025-12-24,chain_continuity,True,0.0,"opening 1,206,375,621,183 matches prior closing 1,206,375,621,183"
VCBF-BCF,2025-12-31,chain_continuity,True,0.0,"opening 1,251,756,008,276 matches prior closing 1,251,756,008,276"
VCBF-BCF,2026-01-07,chain_continuity,True,0.0,"opening 1,260,002,187,430 matches prior closing 1,260,002,187,430"
VCBF-BCF,2026-01-14,chain_continuity,True,0.0,"opening 1,301,316,127,055 matches prior closing 1,301,316,127,055"
VCBF-BCF,2026-01-21,chain_continuity,True,0.0,"opening 1,343,678,829,084 matches prior closing 1,343,678,829,084"
VCBF-BCF,2026-01-28,chain_continuity,True,0.0,"opening 1,358,465,937,628 matches prior closing 1,358,465,937,628"
VCBF-BCF,2026-02-04,chain_continuity,True,0.0,"opening 1,352,521,808,363 matches prior closing 1,352,521,808,363"
VCBF-BCF,2026-02-11,chain_continuity,True,0.0,"opening 1,417,056,549,126 matches prior closing 1,417,056,549,126"
VCBF-BCF,2026-02-18,chain_continuity,True,0.0,"opening 1,424,980,344,976 matches prior closing 1,424,980,344,976"
VCBF-BCF,2026-02-25,chain_continuity,True,0.0,"opening 1,458,037,457,524 matches prior closing 1,458,037,457,524"
VCBF-BCF,2026-03-04,chain_continuity,True,0.0,"opening 1,501,772,147,717 matches prior closing 1,501,772,147,717"
VCBF-BCF,2026-03-11,chain_continuity,True,0.0,"opening 1,463,133,310,519 matches prior closing 1,463,133,310,519"
VCBF-BCF,2026-03-18,chain_continuity,True,0.0,"opening 1,458,454,952,070 matches prior closing 1,458,454,952,070"
VCBF-BCF,2026-03-25,chain_continuity,True,0.0,"opening 1,475,373,715,361 matches prior closing 1,475,373,715,361"
VCBF-BCF,2026-04-01,chain_continuity,True,0.0,"opening 1,491,824,015,470 matches prior closing 1,491,824,015,470"
VCBF-BCF,2026-04-08,chain_continuity,True,0.0,"opening 1,535,415,256,925 matches prior closing 1,535,415,256,925"
VCBF-BCF,2026-04-15,chain_continuity,True,0.0,"opening 1,562,493,304,133 matches prior closing 1,562,493,304,133"
VCBF-BCF,2026-04-22,chain_continuity,True,0.0,"opening 1,564,381,723,278 matches prior closing 1,564,381,723,278"
VCBF-BCF,2026-04-29,chain_continuity,True,0.0,"opening 1,574,685,831,910 matches prior closing 1,574,685,831,910"
VCBF-BCF,2026-05-06,chain_continuity,True,0.0,"opening 1,569,052,221,531 matches prior closing 1,569,052,221,531"
VCBF-BCF,2026-05-13,chain_continuity,True,0.0,"opening 1,588,869,831,903 matches prior closing 1,588,869,831,903"
VCBF-BCF,2026-05-20,chain_continuity,True,0.0,"opening 1,586,071,907,435 matches prior closing 1,586,071,907,435"
VCBF-BCF,2026-05-27,chain_continuity,True,0.0,"opening 1,577,520,729,409 matches prior closing 1,577,520,729,409"
VCBF-BCF,2026-06-03,chain_continuity,True,0.0,"opening 1,597,041,405,960 matches prior closing 1,597,041,405,960"
VCBF-BCF,2026-06-10,chain_continuity,True,0.0,"opening 1,596,474,435,105 matches prior closing 1,596,474,435,105"
VCBF-BCF,2026-06-17,chain_continuity,True,0.0,"opening 1,591,949,149,461 matches prior closing 1,591,949,149,461"
VCBF-BCF,2026-06-24,chain_continuity,True,0.0,"opening 1,619,125,200,767 matches prior closing 1,619,125,200,767"
VCBF-BCF,2026-07-01,chain_continuity,True,0.0,"opening 1,604,672,267,472 matches prior closing 1,604,672,267,472"
VCBF-BCF,2026-07-08,chain_continuity,True,0.0,"opening 1,642,011,865,268 matches prior closing 1,642,011,865,268"
VCBF-BCF,2026-07-15,chain_continuity,True,0.0,"opening 1,618,192,645,481 matches prior closing 1,618,192,645,481"
VCBF-BCF,2026-07-22,chain_continuity,True,0.0,"opening 1,562,274,960,708 matches prior closing 1,562,274,960,708"
VCBF-BCF,2026-07-29,chain_continuity,True,0.0,"opening 1,478,011,208,654 matches prior closing 1,478,011,208,654"
VCBF-BCF,2026-08-05,chain_continuity,True,0.0,"opening 1,492,323,252,703 matches prior closing 1,492,323,252,703"
VCBF-BCF,2026-08-12,chain_continuity,True,0.0,"opening 1,592,810,744,133 matches prior closing 1,592,810,744,133"
VCBF-FIF,2022-07-13,chain_continuity,True,0.0,"opening 91,297,195,488 matches prior closing 91,297,195,488"
VCBF-FIF,2022-07-20,chain_continuity,True,0.0,"opening 90,225,933,277 matches prior closing 90,225,933,277"
VCBF-FIF,2022-07-27,chain_continuity,True,0.0,"opening 90,566,346,190 matches prior closing 90,566,346,190"
VCBF-FIF,2022-08-03,chain_continuity,True,0.0,"opening 90,513,972,944 matches prior closing 90,513,972,944"
VCBF-FIF,2022-08-10,chain_continuity,True,0.0,"opening 90,673,858,753 matches prior closing 90,673,858,753"
VCBF-FIF,2022-08-17,chain_continuity,True,0.0,"opening 91,430,541,249 matches prior closing 91,430,541,249"
VCBF-FIF,2022-08-24,chain_continuity,True,0.0,"opening 91,700,160,812 matches prior closing 91,700,160,812"
VCBF-FIF,2022-08-31,chain_continuity,True,0.0,"opening 92,075,567,238 matches prior closing 92,075,567,238"
VCBF-FIF,2022-09-07,chain_continuity,True,0.0,"opening 91,923,397,929 matches prior closing 91,923,397,929"
VCBF-FIF,2022-09-14,chain_continuity,True,0.0,"opening 92,086,533,063 matches prior closing 92,086,533,063"
VCBF-FIF,2022-09-21,chain_continuity,True,0.0,"opening 92,185,958,336 matches prior closing 92,185,958,336"
VCBF-FIF,2022-09-28,chain_continuity,True,0.0,"opening 91,926,631,884 matches prior closing 91,926,631,884"
VCBF-FIF,2022-10-05,chain_continuity,True,0.0,"opening 93,423,193,233 matches prior closing 93,423,193,233"
VCBF-FIF,2022-10-12,chain_continuity,True,0.0,"opening 93,178,195,766 matches prior closing 93,178,195,766"
VCBF-FIF,2022-10-19,chain_continuity,True,0.0,"opening 93,671,624,459 matches prior closing 93,671,624,459"
VCBF-FIF,2022-10-26,chain_continuity,True,0.0,"opening 92,970,646,160 matches prior closing 92,970,646,160"
VCBF-FIF,2022-11-02,chain_continuity,True,0.0,"opening 93,031,805,237 matches prior closing 93,031,805,237"
VCBF-FIF,2022-11-09,chain_continuity,True,0.0,"opening 91,953,868,736 matches prior closing 91,953,868,736"
VCBF-FIF,2022-11-16,chain_continuity,True,0.0,"opening 91,910,346,496 matches prior closing 91,910,346,496"
VCBF-FIF,2022-11-23,chain_continuity,True,0.0,"opening 90,002,823,039 matches prior closing 90,002,823,039"
VCBF-FIF,2022-11-30,chain_continuity,True,0.0,"opening 88,051,967,542 matches prior closing 88,051,967,542"
VCBF-FIF,2022-12-07,chain_continuity,False,-151907520.0,"opening 89,760,042,145 does not match prior closing 89,911,949,665 (gap -151,907,520 VND); likely a missed filing between 2022-11-30 and 2022-12-01"
VCBF-FIF,2022-12-14,chain_continuity,True,0.0,"opening 89,975,896,373 matches prior closing 89,975,896,373"
VCBF-FIF,2022-12-21,chain_continuity,True,0.0,"opening 88,923,964,390 matches prior closing 88,923,964,390"
VCBF-FIF,2022-12-28,chain_continuity,True,0.0,"opening 89,976,496,205 matches prior closing 89,976,496,205"
VCBF-FIF,2023-01-04,chain_continuity,True,0.0,"opening 90,099,900,163 matches prior closing 90,099,900,163"
VCBF-FIF,2023-01-11,chain_continuity,True,0.0,"opening 89,698,667,025 matches prior closing 89,698,667,025"
VCBF-FIF,2023-01-18,chain_continuity,True,0.0,"opening 89,982,787,983 matches prior closing 89,982,787,983"
VCBF-FIF,2023-01-25,chain_continuity,True,0.0,"opening 85,066,141,914 matches prior closing 85,066,141,914"
VCBF-FIF,2023-02-01,chain_continuity,True,0.0,"opening 85,209,615,751 matches prior closing 85,209,615,751"
VCBF-FIF,2023-02-08,chain_continuity,True,0.0,"opening 85,438,173,701 matches prior closing 85,438,173,701"
VCBF-FIF,2023-02-15,chain_continuity,True,0.0,"opening 85,560,901,390 matches prior closing 85,560,901,390"
VCBF-FIF,2023-02-22,chain_continuity,True,0.0,"opening 88,998,388,475 matches prior closing 88,998,388,475"
VCBF-FIF,2023-03-01,chain_continuity,True,0.0,"opening 88,832,410,356 matches prior closing 88,832,410,356"
VCBF-FIF,2023-03-08,chain_continuity,True,0.0,"opening 89,575,113,029 matches prior closing 89,575,113,029"
VCBF-FIF,2023-03-15,chain_continuity,True,0.0,"opening 89,482,401,856 matches prior closing 89,482,401,856"
VCBF-FIF,2023-03-22,chain_continuity,True,0.0,"opening 89,582,496,244 matches prior closing 89,582,496,244"
VCBF-FIF,2023-03-29,chain_continuity,True,0.0,"opening 89,851,060,295 matches prior closing 89,851,060,295"
VCBF-FIF,2023-04-05,chain_continuity,True,0.0,"opening 90,281,981,809 matches prior closing 90,281,981,809"
VCBF-FIF,2023-04-12,chain_continuity,True,0.0,"opening 90,698,330,642 matches prior closing 90,698,330,642"
VCBF-FIF,2023-04-19,chain_continuity,True,0.0,"opening 89,549,657,003 matches prior closing 89,549,657,003"
VCBF-FIF,2023-04-26,chain_continuity,True,0.0,"opening 89,481,086,036 matches prior closing 89,481,086,036"
VCBF-FIF,2023-05-03,chain_continuity,True,0.0,"opening 89,750,233,319 matches prior closing 89,750,233,319"
VCBF-FIF,2023-05-10,chain_continuity,True,0.0,"opening 90,237,033,937 matches prior closing 90,237,033,937"
VCBF-FIF,2023-05-17,chain_continuity,True,0.0,"opening 89,635,637,819 matches prior closing 89,635,637,819"
VCBF-FIF,2023-05-24,chain_continuity,True,0.0,"opening 89,246,726,317 matches prior closing 89,246,726,317"
VCBF-FIF,2023-05-31,chain_continuity,True,0.0,"opening 90,038,132,405 matches prior closing 90,038,132,405"
VCBF-FIF,2023-06-07,chain_continuity,True,0.0,"opening 90,704,330,167 matches prior closing 90,704,330,167"
VCBF-FIF,2023-06-14,chain_continuity,True,0.0,"opening 91,902,495,630 matches prior closing 91,902,495,630"
VCBF-FIF,2023-06-21,chain_continuity,True,0.0,"opening 90,475,733,889 matches prior closing 90,475,733,889"
VCBF-FIF,2023-06-28,chain_continuity,True,0.0,"opening 89,866,967,998 matches prior closing 89,866,967,998"
VCBF-FIF,2023-07-05,chain_continuity,True,0.0,"opening 89,544,468,333 matches prior closing 89,544,468,333"
VCBF-FIF,2023-07-12,chain_continuity,True,0.0,"opening 90,353,013,749 matches prior closing 90,353,013,749"
VCBF-FIF,2023-07-19,chain_continuity,True,0.0,"opening 91,033,333,127 matches prior closing 91,033,333,127"
VCBF-FIF,2023-07-26,chain_continuity,True,0.0,"opening 90,881,626,579 matches prior closing 90,881,626,579"
VCBF-FIF,2023-08-02,chain_continuity,True,0.0,"opening 90,600,962,300 matches prior closing 90,600,962,300"
VCBF-FIF,2023-08-09,chain_continuity,True,0.0,"opening 91,759,091,680 matches prior closing 91,759,091,680"
VCBF-FIF,2023-08-16,chain_continuity,True,0.0,"opening 92,096,312,089 matches prior closing 92,096,312,089"
VCBF-FIF,2023-08-23,chain_continuity,True,0.0,"opening 93,159,772,855 matches prior closing 93,159,772,855"
VCBF-FIF,2023-08-30,chain_continuity,True,0.0,"opening 105,565,423,202 matches prior closing 105,565,423,202"
VCBF-FIF,2023-09-06,chain_continuity,True,0.0,"opening 107,137,762,051 matches prior closing 107,137,762,051"
VCBF-FIF,2023-09-13,chain_continuity,True,0.0,"opening 107,421,154,929 matches prior closing 107,421,154,929"
VCBF-FIF,2023-09-20,chain_continuity,True,0.0,"opening 108,851,163,243 matches prior closing 108,851,163,243"
VCBF-FIF,2023-09-27,chain_continuity,True,0.0,"opening 109,038,066,411 matches prior closing 109,038,066,411"
VCBF-FIF,2023-10-04,chain_continuity,True,0.0,"opening 106,874,558,697 matches prior closing 106,874,558,697"
VCBF-FIF,2023-10-11,chain_continuity,True,0.0,"opening 108,165,326,869 matches prior closing 108,165,326,869"
VCBF-FIF,2023-10-25,chain_continuity,False,896907702.0,"opening 109,830,484,211 does not match prior closing 108,933,576,509 (gap 896,907,702 VND); likely a missed filing between 2023-10-11 and 2023-10-19"
VCBF-FIF,2023-11-01,chain_continuity,True,0.0,"opening 110,474,164,214 matches prior closing 110,474,164,214"
VCBF-FIF,2023-11-08,chain_continuity,True,0.0,"opening 111,090,196,321 matches prior closing 111,090,196,321"
VCBF-FIF,2023-11-15,chain_continuity,True,0.0,"opening 112,736,831,982 matches prior closing 112,736,831,982"
VCBF-FIF,2023-11-22,chain_continuity,True,0.0,"opening 113,907,185,781 matches prior closing 113,907,185,781"
VCBF-FIF,2023-11-29,chain_continuity,True,0.0,"opening 116,117,898,497 matches prior closing 116,117,898,497"
VCBF-FIF,2023-12-06,chain_continuity,True,0.0,"opening 116,492,703,648 matches prior closing 116,492,703,648"
VCBF-FIF,2023-12-13,chain_continuity,True,0.0,"opening 117,194,247,225 matches prior closing 117,194,247,225"
VCBF-FIF,2023-12-20,chain_continuity,True,0.0,"opening 118,393,210,575 matches prior closing 118,393,210,575"
VCBF-FIF,2023-12-27,chain_continuity,True,0.0,"opening 120,499,733,692 matches prior closing 120,499,733,692"
VCBF-FIF,2024-01-03,chain_continuity,True,0.0,"opening 122,327,814,254 matches prior closing 122,327,814,254"
VCBF-FIF,2024-01-10,chain_continuity,True,0.0,"opening 142,205,404,292 matches prior closing 142,205,404,292"
VCBF-FIF,2024-01-17,chain_continuity,True,0.0,"opening 159,937,355,834 matches prior closing 159,937,355,834"
VCBF-FIF,2024-01-24,chain_continuity,True,0.0,"opening 163,315,434,799 matches prior closing 163,315,434,799"
VCBF-FIF,2024-01-31,chain_continuity,True,0.0,"opening 169,806,454,606 matches prior closing 169,806,454,606"
VCBF-FIF,2024-02-05,chain_continuity,True,0.0,"opening 173,090,682,886 matches prior closing 173,090,682,886"
VCBF-FIF,2024-02-14,chain_continuity,True,0.0,"opening 174,412,779,061 matches prior closing 174,412,779,061"
VCBF-FIF,2024-02-21,chain_continuity,True,0.0,"opening 178,731,223,125 matches prior closing 178,731,223,125"
VCBF-FIF,2024-02-28,chain_continuity,True,0.0,"opening 180,280,396,399 matches prior closing 180,280,396,399"
VCBF-FIF,2024-03-06,chain_continuity,True,0.0,"opening 186,795,846,898 matches prior closing 186,795,846,898"
VCBF-FIF,2024-03-13,chain_continuity,True,0.0,"opening 189,065,461,185 matches prior closing 189,065,461,185"
VCBF-FIF,2024-03-20,chain_continuity,True,0.0,"opening 201,314,746,574 matches prior closing 201,314,746,574"
VCBF-FIF,2024-03-27,chain_continuity,True,0.0,"opening 208,236,760,926 matches prior closing 208,236,760,926"
VCBF-FIF,2024-04-03,chain_continuity,True,0.0,"opening 221,692,881,574 matches prior closing 221,692,881,574"
VCBF-FIF,2024-04-10,chain_continuity,True,0.0,"opening 224,844,016,055 matches prior closing 224,844,016,055"
VCBF-FIF,2024-04-15,chain_continuity,True,0.0,"opening 226,806,538,806 matches prior closing 226,806,538,806"
VCBF-FIF,2024-04-24,chain_continuity,True,0.0,"opening 229,640,055,585 matches prior closing 229,640,055,585"
VCBF-FIF,2024-05-01,chain_continuity,True,0.0,"opening 232,263,054,712 matches prior closing 232,263,054,712"
VCBF-FIF,2024-05-08,chain_continuity,True,0.0,"opening 234,862,272,799 matches prior closing 234,862,272,799"
VCBF-FIF,2024-05-15,chain_continuity,True,0.0,"opening 245,188,146,714 matches prior closing 245,188,146,714"
VCBF-FIF,2024-05-22,chain_continuity,True,0.0,"opening 250,781,833,323 matches prior closing 250,781,833,323"
VCBF-FIF,2024-05-29,chain_continuity,True,0.0,"opening 256,314,846,551 matches prior closing 256,314,846,551"
VCBF-FIF,2024-06-05,chain_continuity,True,0.0,"opening 260,497,825,340 matches prior closing 260,497,825,340"
VCBF-FIF,2024-06-12,chain_continuity,True,0.0,"opening 264,308,840,742 matches prior closing 264,308,840,742"
VCBF-FIF,2024-06-19,chain_continuity,True,0.0,"opening 267,381,972,756 matches prior closing 267,381,972,756"
VCBF-FIF,2024-06-26,chain_continuity,True,0.0,"opening 266,411,653,963 matches prior closing 266,411,653,963"
VCBF-FIF,2024-07-03,chain_continuity,True,0.0,"opening 271,118,452,528 matches prior closing 271,118,452,528"
VCBF-FIF,2024-07-10,chain_continuity,True,0.0,"opening 274,062,511,209 matches prior closing 274,062,511,209"
VCBF-FIF,2024-07-17,chain_continuity,True,0.0,"opening 278,293,441,370 matches prior closing 278,293,441,370"
VCBF-FIF,2024-07-24,chain_continuity,True,0.0,"opening 282,806,122,623 matches prior closing 282,806,122,623"
VCBF-FIF,2024-07-31,chain_continuity,True,0.0,"opening 290,878,584,448 matches prior closing 290,878,584,448"
VCBF-FIF,2024-08-07,chain_continuity,True,0.0,"opening 290,945,410,448 matches prior closing 290,945,410,448"
VCBF-FIF,2024-08-14,chain_continuity,True,0.0,"opening 296,816,205,683 matches prior closing 296,816,205,683"
VCBF-FIF,2024-08-21,chain_continuity,True,0.0,"opening 300,909,891,941 matches prior closing 300,909,891,941"
VCBF-FIF,2024-08-28,chain_continuity,True,0.0,"opening 302,086,568,007 matches prior closing 302,086,568,007"
VCBF-FIF,2024-09-04,chain_continuity,True,0.0,"opening 305,168,056,421 matches prior closing 305,168,056,421"
VCBF-FIF,2024-09-11,chain_continuity,True,0.0,"opening 308,433,290,106 matches prior closing 308,433,290,106"
VCBF-FIF,2024-09-18,chain_continuity,True,0.0,"opening 314,769,202,780 matches prior closing 314,769,202,780"
VCBF-FIF,2024-09-25,chain_continuity,True,0.0,"opening 319,653,774,826 matches prior closing 319,653,774,826"
VCBF-FIF,2024-10-02,chain_continuity,True,0.0,"opening 321,093,460,579 matches prior closing 321,093,460,579"
VCBF-FIF,2024-10-09,chain_continuity,True,0.0,"opening 327,072,630,731 matches prior closing 327,072,630,731"
VCBF-FIF,2024-10-16,chain_continuity,True,0.0,"opening 328,985,550,896 matches prior closing 328,985,550,896"
VCBF-FIF,2024-10-23,chain_continuity,True,0.0,"opening 335,009,398,251 matches prior closing 335,009,398,251"
VCBF-FIF,2024-10-30,chain_continuity,True,0.0,"opening 338,172,627,540 matches prior closing 338,172,627,540"
VCBF-FIF,2024-11-06,chain_continuity,True,0.0,"opening 340,639,248,479 matches prior closing 340,639,248,479"
VCBF-FIF,2024-11-13,chain_continuity,True,0.0,"opening 343,022,911,548 matches prior closing 343,022,911,548"
VCBF-FIF,2024-11-27,chain_continuity,False,2668981297.0,"opening 346,147,431,487 does not match prior closing 343,478,450,190 (gap 2,668,981,297 VND); likely a missed filing between 2024-11-13 and 2024-11-21"
VCBF-FIF,2024-12-04,chain_continuity,True,0.0,"opening 349,805,904,320 matches prior closing 349,805,904,320"
VCBF-FIF,2024-12-11,chain_continuity,True,0.0,"opening 353,556,995,830 matches prior closing 353,556,995,830"
VCBF-FIF,2024-12-18,chain_continuity,True,0.0,"opening 363,992,976,935 matches prior closing 363,992,976,935"
VCBF-FIF,2024-12-25,chain_continuity,True,0.0,"opening 368,061,293,292 matches prior closing 368,061,293,292"
VCBF-FIF,2025-01-01,chain_continuity,True,0.0,"opening 373,724,373,173 matches prior closing 373,724,373,173"
VCBF-FIF,2025-01-08,chain_continuity,True,0.0,"opening 386,152,672,831 matches prior closing 386,152,672,831"
VCBF-FIF,2025-01-15,chain_continuity,True,0.0,"opening 396,134,194,396 matches prior closing 396,134,194,396"
VCBF-FIF,2025-01-22,chain_continuity,True,0.0,"opening 392,425,741,169 matches prior closing 392,425,741,169"
VCBF-FIF,2025-01-29,chain_continuity,True,0.0,"opening 395,762,349,095 matches prior closing 395,762,349,095"
VCBF-FIF,2025-02-05,chain_continuity,True,0.0,"opening 399,864,238,533 matches prior closing 399,864,238,533"
VCBF-FIF,2025-02-12,chain_continuity,True,0.0,"opening 403,930,682,566 matches prior closing 403,930,682,566"
VCBF-FIF,2025-02-19,chain_continuity,True,0.0,"opening 410,112,917,613 matches prior closing 410,112,917,613"
VCBF-FIF,2025-02-26,chain_continuity,True,0.0,"opening 414,738,052,912 matches prior closing 414,738,052,912"
VCBF-FIF,2025-03-05,chain_continuity,True,0.0,"opening 423,458,495,854 matches prior closing 423,458,495,854"
VCBF-FIF,2025-03-12,chain_continuity,True,0.0,"opening 428,592,686,438 matches prior closing 428,592,686,438"
VCBF-FIF,2025-03-19,chain_continuity,True,0.0,"opening 437,854,786,400 matches prior closing 437,854,786,400"
VCBF-FIF,2025-03-26,chain_continuity,True,0.0,"opening 447,707,017,677 matches prior closing 447,707,017,677"
VCBF-FIF,2025-04-02,chain_continuity,True,0.0,"opening 455,931,733,683 matches prior closing 455,931,733,683"
VCBF-FIF,2025-04-09,chain_continuity,True,0.0,"opening 457,060,254,421 matches prior closing 457,060,254,421"
VCBF-FIF,2025-04-16,chain_continuity,True,0.0,"opening 454,598,520,582 matches prior closing 454,598,520,582"
VCBF-FIF,2025-04-23,chain_continuity,True,0.0,"opening 491,065,203,784 matches prior closing 491,065,203,784"
VCBF-FIF,2025-04-30,chain_continuity,True,0.0,"opening 495,890,424,588 matches prior closing 495,890,424,588"
VCBF-FIF,2025-05-07,chain_continuity,True,0.0,"opening 500,936,768,057 matches prior closing 500,936,768,057"
VCBF-FIF,2025-05-14,chain_continuity,True,0.0,"opening 499,925,021,139 matches prior closing 499,925,021,139"
VCBF-FIF,2025-05-21,chain_continuity,True,0.0,"opening 509,727,332,053 matches prior closing 509,727,332,053"
VCBF-FIF,2025-05-28,chain_continuity,True,0.0,"opening 512,742,262,525 matches prior closing 512,742,262,525"
VCBF-FIF,2025-06-11,chain_continuity,False,9744217706.0,"opening 530,661,779,986 does not match prior closing 520,917,562,280 (gap 9,744,217,706 VND); likely a missed filing between 2025-05-28 and 2025-06-05"
VCBF-FIF,2025-06-18,chain_continuity,True,0.0,"opening 538,939,753,118 matches prior closing 538,939,753,118"
VCBF-FIF,2025-06-25,chain_continuity,True,0.0,"opening 551,771,043,263 matches prior closing 551,771,043,263"
VCBF-FIF,2025-07-02,chain_continuity,True,0.0,"opening 572,828,873,315 matches prior closing 572,828,873,315"
VCBF-FIF,2025-07-09,chain_continuity,True,0.0,"opening 582,793,313,702 matches prior closing 582,793,313,702"
VCBF-FIF,2025-07-16,chain_continuity,True,0.0,"opening 583,761,244,398 matches prior closing 583,761,244,398"
VCBF-FIF,2025-07-23,chain_continuity,True,0.0,"opening 587,906,646,308 matches prior closing 587,906,646,308"
VCBF-FIF,2025-07-30,chain_continuity,True,0.0,"opening 596,362,109,845 matches prior closing 596,362,109,845"
VCBF-FIF,2025-08-06,chain_continuity,True,0.0,"opening 615,278,493,083 matches prior closing 615,278,493,083"
VCBF-FIF,2025-08-13,chain_continuity,True,0.0,"opening 619,363,335,458 matches prior closing 619,363,335,458"
VCBF-FIF,2025-08-20,chain_continuity,True,0.0,"opening 621,785,395,368 matches prior closing 621,785,395,368"
VCBF-FIF,2025-08-27,chain_continuity,True,0.0,"opening 633,449,861,713 matches prior closing 633,449,861,713"
VCBF-FIF,2025-09-03,chain_continuity,True,0.0,"opening 635,459,262,420 matches prior closing 635,459,262,420"
VCBF-FIF,2025-09-10,chain_continuity,True,0.0,"opening 641,948,994,170 matches prior closing 641,948,994,170"
VCBF-FIF,2025-09-17,chain_continuity,True,0.0,"opening 606,368,099,118 matches prior closing 606,368,099,118"
VCBF-FIF,2025-09-24,chain_continuity,True,0.0,"opening 615,669,608,189 matches prior closing 615,669,608,189"
VCBF-FIF,2025-10-01,chain_continuity,True,0.0,"opening 617,870,054,117 matches prior closing 617,870,054,117"
VCBF-FIF,2025-10-08,chain_continuity,True,0.0,"opening 616,350,886,757 matches prior closing 616,350,886,757"
VCBF-FIF,2025-10-15,chain_continuity,True,0.0,"opening 618,257,536,609 matches prior closing 618,257,536,609"
VCBF-FIF,2025-10-22,chain_continuity,True,0.0,"opening 615,998,752,030 matches prior closing 615,998,752,030"
VCBF-FIF,2025-10-29,chain_continuity,True,0.0,"opening 611,534,540,866 matches prior closing 611,534,540,866"
VCBF-FIF,2025-11-05,chain_continuity,True,0.0,"opening 610,621,523,587 matches prior closing 610,621,523,587"
VCBF-FIF,2025-11-12,chain_continuity,True,0.0,"opening 613,419,416,751 matches prior closing 613,419,416,751"
VCBF-FIF,2025-11-19,chain_continuity,True,0.0,"opening 609,137,377,499 matches prior closing 609,137,377,499"
VCBF-FIF,2025-11-26,chain_continuity,True,0.0,"opening 616,974,276,404 matches prior closing 616,974,276,404"
VCBF-FIF,2025-12-03,chain_continuity,True,0.0,"opening 619,228,334,095 matches prior closing 619,228,334,095"
VCBF-FIF,2025-12-10,chain_continuity,True,0.0,"opening 618,025,703,076 matches prior closing 618,025,703,076"
VCBF-FIF,2025-12-17,chain_continuity,True,0.0,"opening 621,612,723,586 matches prior closing 621,612,723,586"
VCBF-FIF,2025-12-24,chain_continuity,True,0.0,"opening 626,105,594,254 matches prior closing 626,105,594,254"
VCBF-FIF,2025-12-31,chain_continuity,True,0.0,"opening 622,189,134,939 matches prior closing 622,189,134,939"
VCBF-FIF,2026-01-07,chain_continuity,True,0.0,"opening 619,024,402,871 matches prior closing 619,024,402,871"
VCBF-FIF,2026-01-14,chain_continuity,True,0.0,"opening 630,093,280,272 matches prior closing 630,093,280,272"
VCBF-FIF,2026-01-21,chain_continuity,True,0.0,"opening 623,924,500,842 matches prior closing 623,924,500,842"
VCBF-FIF,2026-01-28,chain_continuity,True,0.0,"opening 626,389,309,178 matches prior closing 626,389,309,178"
VCBF-FIF,2026-02-04,chain_continuity,True,0.0,"opening 630,084,442,203 matches prior closing 630,084,442,203"
VCBF-FIF,2026-02-11,chain_continuity,True,0.0,"opening 625,561,075,534 matches prior closing 625,561,075,534"
VCBF-FIF,2026-02-18,chain_continuity,True,0.0,"opening 612,227,418,950 matches prior closing 612,227,418,950"
VCBF-FIF,2026-02-25,chain_continuity,True,0.0,"opening 610,885,790,991 matches prior closing 610,885,790,991"
VCBF-FIF,2026-03-04,chain_continuity,True,0.0,"opening 609,609,202,158 matches prior closing 609,609,202,158"
VCBF-FIF,2026-03-11,chain_continuity,True,0.0,"opening 610,824,688,075 matches prior closing 610,824,688,075"
VCBF-FIF,2026-03-18,chain_continuity,True,0.0,"opening 614,916,906,874 matches prior closing 614,916,906,874"
VCBF-FIF,2026-03-25,chain_continuity,True,0.0,"opening 611,605,876,100 matches prior closing 611,605,876,100"
VCBF-FIF,2026-04-01,chain_continuity,True,0.0,"opening 603,611,693,580 matches prior closing 603,611,693,580"
VCBF-FIF,2026-04-08,chain_continuity,True,0.0,"opening 611,022,158,879 matches prior closing 611,022,158,879"
VCBF-FIF,2026-04-15,chain_continuity,True,0.0,"opening 605,476,312,263 matches prior closing 605,476,312,263"
VCBF-FIF,2026-04-22,chain_continuity,True,0.0,"opening 601,276,275,400 matches prior closing 601,276,275,400"
VCBF-FIF,2026-04-29,chain_continuity,True,0.0,"opening 604,641,734,750 matches prior closing 604,641,734,750"
VCBF-FIF,2026-05-06,chain_continuity,True,0.0,"opening 604,304,483,328 matches prior closing 604,304,483,328"
VCBF-FIF,2026-05-13,chain_continuity,True,0.0,"opening 609,451,266,168 matches prior closing 609,451,266,168"
VCBF-FIF,2026-05-20,chain_continuity,True,0.0,"opening 600,042,033,170 matches prior closing 600,042,033,170"
VCBF-FIF,2026-05-27,chain_continuity,True,0.0,"opening 598,865,850,795 matches prior closing 598,865,850,795"
VCBF-FIF,2026-06-03,chain_continuity,True,0.0,"opening 597,745,577,701 matches prior closing 597,745,577,701"
VCBF-FIF,2026-06-10,chain_continuity,True,0.0,"opening 598,432,257,835 matches prior closing 598,432,257,835"
VCBF-FIF,2026-06-17,chain_continuity,True,0.0,"opening 599,391,382,885 matches prior closing 599,391,382,885"
VCBF-FIF,2026-06-24,chain_continuity,True,0.0,"opening 591,439,435,665 matches prior closing 591,439,435,665"
VCBF-FIF,2026-07-01,chain_continuity,True,0.0,"opening 588,877,572,082 matches prior closing 588,877,572,082"
VCBF-FIF,2026-07-08,chain_continuity,True,0.0,"opening 579,231,458,400 matches prior closing 579,231,458,400"
VCBF-FIF,2026-07-15,chain_continuity,True,0.0,"opening 574,523,652,565 matches prior closing 574,523,652,565"
VCBF-FIF,2026-07-22,chain_continuity,True,0.0,"opening 573,637,915,772 matches prior closing 573,637,915,772"
VCBF-FIF,2026-07-29,chain_continuity,True,0.0,"opening 570,313,912,197 matches prior closing 570,313,912,197"
VCBF-FIF,2026-08-05,chain_continuity,True,0.0,"opening 558,741,330,118 matches prior closing 558,741,330,118"
VCBF-FIF,2026-08-12,chain_continuity,True,0.0,"opening 555,792,104,592 matches prior closing 555,792,104,592"
VCBF-MGF,2022-07-13,chain_continuity,True,0.0,"opening 257,189,813,037 matches prior closing 257,189,813,037"
VCBF-MGF,2022-07-20,chain_continuity,True,0.0,"opening 266,898,250,561 matches prior closing 266,898,250,561"
VCBF-MGF,2022-07-27,chain_continuity,True,0.0,"opening 267,966,294,482 matches prior closing 267,966,294,482"
VCBF-MGF,2022-08-03,chain_continuity,True,0.0,"opening 268,705,755,871 matches prior closing 268,705,755,871"
VCBF-MGF,2022-08-10,chain_continuity,True,0.0,"opening 281,923,445,962 matches prior closing 281,923,445,962"
VCBF-MGF,2022-08-17,chain_continuity,True,0.0,"opening 283,970,426,811 matches prior closing 283,970,426,811"
VCBF-MGF,2022-08-24,chain_continuity,True,0.0,"opening 288,438,040,623 matches prior closing 288,438,040,623"
VCBF-MGF,2022-08-31,chain_continuity,True,0.0,"opening 294,513,142,940 matches prior closing 294,513,142,940"
VCBF-MGF,2022-09-07,chain_continuity,True,0.0,"opening 296,883,184,332 matches prior closing 296,883,184,332"
VCBF-MGF,2022-09-14,chain_continuity,True,0.0,"opening 287,466,148,137 matches prior closing 287,466,148,137"
VCBF-MGF,2022-09-21,chain_continuity,True,0.0,"opening 287,944,781,984 matches prior closing 287,944,781,984"
VCBF-MGF,2022-09-28,chain_continuity,True,0.0,"opening 293,513,988,343 matches prior closing 293,513,988,343"
VCBF-MGF,2022-10-05,chain_continuity,True,0.0,"opening 281,864,366,344 matches prior closing 281,864,366,344"
VCBF-MGF,2022-10-12,chain_continuity,True,0.0,"opening 264,943,626,101 matches prior closing 264,943,626,101"
VCBF-MGF,2022-10-19,chain_continuity,True,0.0,"opening 246,642,286,678 matches prior closing 246,642,286,678"
VCBF-MGF,2022-10-26,chain_continuity,True,0.0,"opening 255,148,725,199 matches prior closing 255,148,725,199"
VCBF-MGF,2022-11-02,chain_continuity,True,0.0,"opening 235,981,975,467 matches prior closing 235,981,975,467"
VCBF-MGF,2022-11-09,chain_continuity,True,0.0,"opening 247,523,444,345 matches prior closing 247,523,444,345"
VCBF-MGF,2022-11-16,chain_continuity,True,0.0,"opening 233,743,842,288 matches prior closing 233,743,842,288"
VCBF-MGF,2022-11-23,chain_continuity,True,0.0,"opening 212,960,701,454 matches prior closing 212,960,701,454"
VCBF-MGF,2022-11-30,chain_continuity,True,0.0,"opening 226,825,595,191 matches prior closing 226,825,595,191"
VCBF-MGF,2022-12-07,chain_continuity,True,0.0,"opening 252,235,661,898 matches prior closing 252,235,661,898"
VCBF-MGF,2022-12-14,chain_continuity,True,0.0,"opening 249,490,571,994 matches prior closing 249,490,571,994"
VCBF-MGF,2022-12-21,chain_continuity,True,0.0,"opening 263,174,303,629 matches prior closing 263,174,303,629"
VCBF-MGF,2022-12-28,chain_continuity,True,0.0,"opening 257,746,426,373 matches prior closing 257,746,426,373"
VCBF-MGF,2023-01-04,chain_continuity,True,0.0,"opening 253,843,282,015 matches prior closing 253,843,282,015"
VCBF-MGF,2023-01-11,chain_continuity,True,0.0,"opening 261,965,054,109 matches prior closing 261,965,054,109"
VCBF-MGF,2023-01-18,chain_continuity,True,0.0,"opening 264,320,592,366 matches prior closing 264,320,592,366"
VCBF-MGF,2023-01-25,chain_continuity,True,0.0,"opening 273,615,097,674 matches prior closing 273,615,097,674"
VCBF-MGF,2023-02-01,chain_continuity,True,0.0,"opening 276,078,205,031 matches prior closing 276,078,205,031"
VCBF-MGF,2023-02-08,chain_continuity,True,0.0,"opening 272,569,599,555 matches prior closing 272,569,599,555"
VCBF-MGF,2023-02-15,chain_continuity,True,0.0,"opening 269,037,303,898 matches prior closing 269,037,303,898"
VCBF-MGF,2023-02-21,chain_continuity,True,0.0,"opening 264,527,016,633 matches prior closing 264,527,016,633"
VCBF-MGF,2023-03-01,chain_continuity,True,0.0,"opening 269,005,022,056 matches prior closing 269,005,022,056"
VCBF-MGF,2023-03-08,chain_continuity,True,0.0,"opening 263,571,250,591 matches prior closing 263,571,250,591"
VCBF-MGF,2023-03-15,chain_continuity,True,0.0,"opening 264,044,834,904 matches prior closing 264,044,834,904"
VCBF-MGF,2023-03-22,chain_continuity,True,0.0,"opening 264,317,651,323 matches prior closing 264,317,651,323"
VCBF-MGF,2023-03-29,chain_continuity,True,0.0,"opening 258,251,867,604 matches prior closing 258,251,867,604"
VCBF-MGF,2023-04-05,chain_continuity,True,0.0,"opening 262,116,586,644 matches prior closing 262,116,586,644"
VCBF-MGF,2023-04-12,chain_continuity,True,0.0,"opening 273,830,188,719 matches prior closing 273,830,188,719"
VCBF-MGF,2023-04-19,chain_continuity,True,0.0,"opening 275,848,575,166 matches prior closing 275,848,575,166"
VCBF-MGF,2023-04-26,chain_continuity,True,0.0,"opening 276,008,953,634 matches prior closing 276,008,953,634"
VCBF-MGF,2023-05-03,chain_continuity,True,0.0,"opening 273,230,856,771 matches prior closing 273,230,856,771"
VCBF-MGF,2023-05-10,chain_continuity,True,0.0,"opening 269,897,285,324 matches prior closing 269,897,285,324"
VCBF-MGF,2023-05-17,chain_continuity,True,0.0,"opening 275,133,360,406 matches prior closing 275,133,360,406"
VCBF-MGF,2023-05-24,chain_continuity,True,0.0,"opening 276,844,572,968 matches prior closing 276,844,572,968"
VCBF-MGF,2023-05-31,chain_continuity,True,0.0,"opening 277,236,740,828 matches prior closing 277,236,740,828"
VCBF-MGF,2023-06-07,chain_continuity,True,0.0,"opening 280,916,397,989 matches prior closing 280,916,397,989"
VCBF-MGF,2023-06-14,chain_continuity,True,0.0,"opening 284,404,021,122 matches prior closing 284,404,021,122"
VCBF-MGF,2023-06-21,chain_continuity,True,0.0,"opening 285,207,590,557 matches prior closing 285,207,590,557"
VCBF-MGF,2023-06-28,chain_continuity,True,0.0,"opening 292,897,591,172 matches prior closing 292,897,591,172"
VCBF-MGF,2023-07-05,chain_continuity,True,0.0,"opening 298,218,763,001 matches prior closing 298,218,763,001"
VCBF-MGF,2023-07-12,chain_continuity,True,0.0,"opening 302,526,955,602 matches prior closing 302,526,955,602"
VCBF-MGF,2023-07-26,chain_continuity,False,4679949174.0,"opening 317,347,652,975 does not match prior closing 312,667,703,801 (gap 4,679,949,174 VND); likely a missed filing between 2023-07-12 and 2023-07-20"
VCBF-MGF,2023-08-02,chain_continuity,True,0.0,"opening 320,641,603,694 matches prior closing 320,641,603,694"
VCBF-MGF,2023-08-09,chain_continuity,True,0.0,"opening 320,230,566,349 matches prior closing 320,230,566,349"
VCBF-MGF,2023-08-16,chain_continuity,True,0.0,"opening 325,980,275,653 matches prior closing 325,980,275,653"
VCBF-MGF,2023-08-23,chain_continuity,True,0.0,"opening 327,281,846,782 matches prior closing 327,281,846,782"
VCBF-MGF,2023-08-30,chain_continuity,True,0.0,"opening 306,924,089,368 matches prior closing 306,924,089,368"
VCBF-MGF,2023-09-06,chain_continuity,True,0.0,"opening 323,533,872,341 matches prior closing 323,533,872,341"
VCBF-MGF,2023-09-13,chain_continuity,True,0.0,"opening 334,218,204,348 matches prior closing 334,218,204,348"
VCBF-MGF,2023-09-20,chain_continuity,True,0.0,"opening 334,302,117,242 matches prior closing 334,302,117,242"
VCBF-MGF,2023-09-27,chain_continuity,True,0.0,"opening 338,211,301,931 matches prior closing 338,211,301,931"
VCBF-MGF,2023-10-04,chain_continuity,True,0.0,"opening 318,902,905,699 matches prior closing 318,902,905,699"
VCBF-MGF,2023-10-11,chain_continuity,True,0.0,"opening 316,980,096,613 matches prior closing 316,980,096,613"
VCBF-MGF,2023-10-25,chain_continuity,False,-13980150641.0,"opening 315,270,731,747 does not match prior closing 329,250,882,388 (gap -13,980,150,641 VND); likely a missed filing between 2023-10-11 and 2023-10-19"
VCBF-MGF,2023-11-01,chain_continuity,True,0.0,"opening 317,173,003,675 matches prior closing 317,173,003,675"
VCBF-MGF,2023-11-08,chain_continuity,True,0.0,"opening 297,971,948,922 matches prior closing 297,971,948,922"
VCBF-MGF,2023-11-15,chain_continuity,True,0.0,"opening 323,486,383,257 matches prior closing 323,486,383,257"
VCBF-MGF,2023-11-22,chain_continuity,True,0.0,"opening 325,782,687,297 matches prior closing 325,782,687,297"
VCBF-MGF,2023-11-29,chain_continuity,True,0.0,"opening 326,299,232,923 matches prior closing 326,299,232,923"
VCBF-MGF,2023-12-06,chain_continuity,True,0.0,"opening 321,909,745,234 matches prior closing 321,909,745,234"
VCBF-MGF,2023-12-13,chain_continuity,True,0.0,"opening 330,046,027,862 matches prior closing 330,046,027,862"
VCBF-MGF,2023-12-20,chain_continuity,True,0.0,"opening 324,378,911,772 matches prior closing 324,378,911,772"
VCBF-MGF,2023-12-27,chain_continuity,True,0.0,"opening 325,101,233,121 matches prior closing 325,101,233,121"
VCBF-MGF,2024-01-03,chain_continuity,True,0.0,"opening 334,748,803,456 matches prior closing 334,748,803,456"
VCBF-MGF,2024-01-10,chain_continuity,True,0.0,"opening 323,835,290,437 matches prior closing 323,835,290,437"
VCBF-MGF,2024-01-17,chain_continuity,True,0.0,"opening 328,458,980,967 matches prior closing 328,458,980,967"
VCBF-MGF,2024-01-24,chain_continuity,True,0.0,"opening 329,424,559,189 matches prior closing 329,424,559,189"
VCBF-MGF,2024-01-31,chain_continuity,True,0.0,"opening 332,930,532,479 matches prior closing 332,930,532,479"
VCBF-MGF,2024-02-05,chain_continuity,True,0.0,"opening 338,212,941,777 matches prior closing 338,212,941,777"
VCBF-MGF,2024-02-14,chain_continuity,True,0.0,"opening 345,966,508,652 matches prior closing 345,966,508,652"
VCBF-MGF,2024-02-21,chain_continuity,True,0.0,"opening 352,491,408,215 matches prior closing 352,491,408,215"
VCBF-MGF,2024-02-28,chain_continuity,True,0.0,"opening 364,812,839,447 matches prior closing 364,812,839,447"
VCBF-MGF,2024-03-06,chain_continuity,True,0.0,"opening 375,043,751,244 matches prior closing 375,043,751,244"
VCBF-MGF,2024-03-13,chain_continuity,True,0.0,"opening 391,965,610,365 matches prior closing 391,965,610,365"
VCBF-MGF,2024-03-20,chain_continuity,True,0.0,"opening 409,190,105,704 matches prior closing 409,190,105,704"
VCBF-MGF,2024-03-27,chain_continuity,True,0.0,"opening 411,317,515,772 matches prior closing 411,317,515,772"
VCBF-MGF,2024-04-03,chain_continuity,True,0.0,"opening 421,444,161,499 matches prior closing 421,444,161,499"
VCBF-MGF,2024-04-10,chain_continuity,True,0.0,"opening 428,721,514,681 matches prior closing 428,721,514,681"
VCBF-MGF,2024-04-15,chain_continuity,True,0.0,"opening 425,329,495,674 matches prior closing 425,329,495,674"
VCBF-MGF,2024-04-24,chain_continuity,True,0.0,"opening 415,156,108,256 matches prior closing 415,156,108,256"
VCBF-MGF,2024-05-01,chain_continuity,True,0.0,"opening 427,441,556,593 matches prior closing 427,441,556,593"
VCBF-MGF,2024-05-08,chain_continuity,True,0.0,"opening 430,578,235,385 matches prior closing 430,578,235,385"
VCBF-MGF,2024-05-15,chain_continuity,True,0.0,"opening 447,472,643,694 matches prior closing 447,472,643,694"
VCBF-MGF,2024-05-22,chain_continuity,True,0.0,"opening 458,070,480,362 matches prior closing 458,070,480,362"
VCBF-MGF,2024-05-29,chain_continuity,True,0.0,"opening 469,849,930,836 matches prior closing 469,849,930,836"
VCBF-MGF,2024-06-05,chain_continuity,True,0.0,"opening 477,111,163,947 matches prior closing 477,111,163,947"
VCBF-MGF,2024-06-12,chain_continuity,True,0.0,"opening 491,745,939,861 matches prior closing 491,745,939,861"
VCBF-MGF,2024-06-19,chain_continuity,True,0.0,"opening 504,461,334,751 matches prior closing 504,461,334,751"
VCBF-MGF,2024-06-26,chain_continuity,True,0.0,"opening 505,237,325,865 matches prior closing 505,237,325,865"
VCBF-MGF,2024-07-03,chain_continuity,True,0.0,"opening 503,089,261,289 matches prior closing 503,089,261,289"
VCBF-MGF,2024-07-10,chain_continuity,True,0.0,"opening 512,933,979,046 matches prior closing 512,933,979,046"
VCBF-MGF,2024-07-17,chain_continuity,True,0.0,"opening 521,772,315,210 matches prior closing 521,772,315,210"
VCBF-MGF,2024-07-24,chain_continuity,True,0.0,"opening 517,539,766,675 matches prior closing 517,539,766,675"
VCBF-MGF,2024-07-31,chain_continuity,True,0.0,"opening 508,383,122,082 matches prior closing 508,383,122,082"
VCBF-MGF,2024-08-07,chain_continuity,True,0.0,"opening 518,439,428,038 matches prior closing 518,439,428,038"
VCBF-MGF,2024-08-14,chain_continuity,True,0.0,"opening 507,021,350,684 matches prior closing 507,021,350,684"
VCBF-MGF,2024-08-21,chain_continuity,True,0.0,"opening 520,639,354,095 matches prior closing 520,639,354,095"
VCBF-MGF,2024-08-28,chain_continuity,True,0.0,"opening 543,200,714,564 matches prior closing 543,200,714,564"
VCBF-MGF,2024-09-04,chain_continuity,True,0.0,"opening 540,364,332,204 matches prior closing 540,364,332,204"
VCBF-MGF,2024-09-11,chain_continuity,True,0.0,"opening 538,298,572,899 matches prior closing 538,298,572,899"
VCBF-MGF,2024-09-18,chain_continuity,True,0.0,"opening 530,459,780,040 matches prior closing 530,459,780,040"
VCBF-MGF,2024-09-25,chain_continuity,True,0.0,"opening 535,961,030,787 matches prior closing 535,961,030,787"
VCBF-MGF,2024-10-02,chain_continuity,True,0.0,"opening 550,417,411,098 matches prior closing 550,417,411,098"
VCBF-MGF,2024-10-09,chain_continuity,True,0.0,"opening 546,377,847,210 matches prior closing 546,377,847,210"
VCBF-MGF,2024-10-16,chain_continuity,True,0.0,"opening 548,798,046,858 matches prior closing 548,798,046,858"
VCBF-MGF,2024-10-23,chain_continuity,True,0.0,"opening 551,174,829,272 matches prior closing 551,174,829,272"
VCBF-MGF,2024-10-30,chain_continuity,True,0.0,"opening 552,588,863,020 matches prior closing 552,588,863,020"
VCBF-MGF,2024-11-06,chain_continuity,True,0.0,"opening 557,935,964,858 matches prior closing 557,935,964,858"
VCBF-MGF,2024-11-13,chain_continuity,True,0.0,"opening 567,573,553,112 matches prior closing 567,573,553,112"
VCBF-MGF,2024-11-20,chain_continuity,True,0.0,"opening 569,899,934,581 matches prior closing 569,899,934,581"
VCBF-MGF,2024-11-27,chain_continuity,True,0.0,"opening 557,942,623,617 matches prior closing 557,942,623,617"
VCBF-MGF,2024-12-04,chain_continuity,True,0.0,"opening 577,234,127,606 matches prior closing 577,234,127,606"
VCBF-MGF,2024-12-11,chain_continuity,True,0.0,"opening 587,094,866,219 matches prior closing 587,094,866,219"
VCBF-MGF,2024-12-18,chain_continuity,True,0.0,"opening 594,916,792,468 matches prior closing 594,916,792,468"
VCBF-MGF,2024-12-25,chain_continuity,True,0.0,"opening 597,159,169,926 matches prior closing 597,159,169,926"
VCBF-MGF,2025-01-01,chain_continuity,True,0.0,"opening 609,911,933,927 matches prior closing 609,911,933,927"
VCBF-MGF,2025-01-08,chain_continuity,True,0.0,"opening 613,443,696,868 matches prior closing 613,443,696,868"
VCBF-MGF,2025-01-15,chain_continuity,True,0.0,"opening 613,012,329,959 matches prior closing 613,012,329,959"
VCBF-MGF,2025-01-22,chain_continuity,True,0.0,"opening 621,479,155,847 matches prior closing 621,479,155,847"
VCBF-MGF,2025-01-29,chain_continuity,True,0.0,"opening 642,231,996,986 matches prior closing 642,231,996,986"
VCBF-MGF,2025-02-05,chain_continuity,True,0.0,"opening 657,299,567,535 matches prior closing 657,299,567,535"
VCBF-MGF,2025-02-12,chain_continuity,True,0.0,"opening 667,535,955,719 matches prior closing 667,535,955,719"
VCBF-MGF,2025-02-19,chain_continuity,True,0.0,"opening 686,320,449,674 matches prior closing 686,320,449,674"
VCBF-MGF,2025-02-26,chain_continuity,True,0.0,"opening 708,736,742,224 matches prior closing 708,736,742,224"
VCBF-MGF,2025-03-05,chain_continuity,True,0.0,"opening 733,809,880,905 matches prior closing 733,809,880,905"
VCBF-MGF,2025-03-12,chain_continuity,True,0.0,"opening 750,513,369,298 matches prior closing 750,513,369,298"
VCBF-MGF,2025-03-19,chain_continuity,True,0.0,"opening 784,415,337,727 matches prior closing 784,415,337,727"
VCBF-MGF,2025-03-26,chain_continuity,True,0.0,"opening 772,011,153,101 matches prior closing 772,011,153,101"
VCBF-MGF,2025-04-02,chain_continuity,True,0.0,"opening 793,894,907,994 matches prior closing 793,894,907,994"
VCBF-MGF,2025-04-09,chain_continuity,True,0.0,"opening 788,676,135,201 matches prior closing 788,676,135,201"
VCBF-MGF,2025-04-16,chain_continuity,True,0.0,"opening 653,837,155,125 matches prior closing 653,837,155,125"
VCBF-MGF,2025-04-23,chain_continuity,True,0.0,"opening 735,382,329,348 matches prior closing 735,382,329,348"
VCBF-MGF,2025-04-30,chain_continuity,True,0.0,"opening 751,883,324,000 matches prior closing 751,883,324,000"
VCBF-MGF,2025-05-07,chain_continuity,True,0.0,"opening 764,588,575,046 matches prior closing 764,588,575,046"
VCBF-MGF,2025-05-14,chain_continuity,True,0.0,"opening 779,647,577,023 matches prior closing 779,647,577,023"
VCBF-MGF,2025-05-21,chain_continuity,True,0.0,"opening 823,790,474,750 matches prior closing 823,790,474,750"
VCBF-MGF,2025-05-28,chain_continuity,True,0.0,"opening 823,054,695,895 matches prior closing 823,054,695,895"
VCBF-MGF,2025-06-11,chain_continuity,False,-5020153245.0,"opening 831,876,997,346 does not match prior closing 836,897,150,591 (gap -5,020,153,245 VND); likely a missed filing between 2025-05-28 and 2025-06-05"
VCBF-MGF,2025-06-18,chain_continuity,True,0.0,"opening 831,607,499,493 matches prior closing 831,607,499,493"
VCBF-MGF,2025-06-25,chain_continuity,True,0.0,"opening 856,462,699,800 matches prior closing 856,462,699,800"
VCBF-MGF,2025-07-02,chain_continuity,True,0.0,"opening 840,059,916,227 matches prior closing 840,059,916,227"
VCBF-MGF,2025-07-09,chain_continuity,True,0.0,"opening 856,088,429,372 matches prior closing 856,088,429,372"
VCBF-MGF,2025-07-16,chain_continuity,True,0.0,"opening 875,807,145,107 matches prior closing 875,807,145,107"
VCBF-MGF,2025-07-23,chain_continuity,True,0.0,"opening 889,446,727,640 matches prior closing 889,446,727,640"
VCBF-MGF,2025-07-30,chain_continuity,True,0.0,"opening 891,045,179,901 matches prior closing 891,045,179,901"
VCBF-MGF,2025-08-06,chain_continuity,True,0.0,"opening 878,041,479,013 matches prior closing 878,041,479,013"
VCBF-MGF,2025-08-13,chain_continuity,True,0.0,"opening 905,771,332,507 matches prior closing 905,771,332,507"
VCBF-MGF,2025-08-20,chain_continuity,True,0.0,"opening 925,724,290,449 matches prior closing 925,724,290,449"
VCBF-MGF,2025-08-27,chain_continuity,True,0.0,"opening 894,053,441,643 matches prior closing 894,053,441,643"
VCBF-MGF,2025-09-03,chain_continuity,True,0.0,"opening 880,760,911,086 matches prior closing 880,760,911,086"
VCBF-MGF,2025-09-10,chain_continuity,True,0.0,"opening 890,275,111,832 matches prior closing 890,275,111,832"
VCBF-MGF,2025-09-17,chain_continuity,True,0.0,"opening 869,996,970,454 matches prior closing 869,996,970,454"
VCBF-MGF,2025-09-24,chain_continuity,True,0.0,"opening 892,693,111,827 matches prior closing 892,693,111,827"
VCBF-MGF,2025-10-01,chain_continuity,True,0.0,"opening 882,472,809,274 matches prior closing 882,472,809,274"
VCBF-MGF,2025-10-08,chain_continuity,True,0.0,"opening 870,613,301,756 matches prior closing 870,613,301,756"
VCBF-MGF,2025-10-15,chain_continuity,True,0.0,"opening 880,553,938,585 matches prior closing 880,553,938,585"
VCBF-MGF,2025-10-22,chain_continuity,True,0.0,"opening 873,720,811,732 matches prior closing 873,720,811,732"
VCBF-MGF,2025-10-29,chain_continuity,True,0.0,"opening 860,160,187,193 matches prior closing 860,160,187,193"
VCBF-MGF,2025-11-05,chain_continuity,True,0.0,"opening 888,458,137,035 matches prior closing 888,458,137,035"
VCBF-MGF,2025-11-12,chain_continuity,True,0.0,"opening 874,846,175,267 matches prior closing 874,846,175,267"
VCBF-MGF,2025-11-19,chain_continuity,True,0.0,"opening 863,625,174,486 matches prior closing 863,625,174,486"
VCBF-MGF,2025-11-26,chain_continuity,True,0.0,"opening 860,685,661,888 matches prior closing 860,685,661,888"
VCBF-MGF,2025-12-03,chain_continuity,True,0.0,"opening 850,372,905,583 matches prior closing 850,372,905,583"
VCBF-MGF,2025-12-10,chain_continuity,True,0.0,"opening 867,571,366,854 matches prior closing 867,571,366,854"
VCBF-MGF,2025-12-17,chain_continuity,True,0.0,"opening 851,755,519,760 matches prior closing 851,755,519,760"
VCBF-MGF,2025-12-24,chain_continuity,True,0.0,"opening 843,504,461,577 matches prior closing 843,504,461,577"
VCBF-MGF,2025-12-31,chain_continuity,True,0.0,"opening 865,677,712,140 matches prior closing 865,677,712,140"
VCBF-MGF,2026-01-07,chain_continuity,True,0.0,"opening 865,753,401,383 matches prior closing 865,753,401,383"
VCBF-MGF,2026-01-14,chain_continuity,True,0.0,"opening 881,773,420,136 matches prior closing 881,773,420,136"
VCBF-MGF,2026-01-21,chain_continuity,True,0.0,"opening 905,256,019,072 matches prior closing 905,256,019,072"
VCBF-MGF,2026-01-28,chain_continuity,True,0.0,"opening 917,341,473,806 matches prior closing 917,341,473,806"
VCBF-MGF,2026-02-04,chain_continuity,True,0.0,"opening 911,821,513,225 matches prior closing 911,821,513,225"
VCBF-MGF,2026-02-11,chain_continuity,True,0.0,"opening 968,330,247,794 matches prior closing 968,330,247,794"
VCBF-MGF,2026-02-18,chain_continuity,True,0.0,"opening 948,840,838,545 matches prior closing 948,840,838,545"
VCBF-MGF,2026-02-25,chain_continuity,True,0.0,"opening 960,490,353,652 matches prior closing 960,490,353,652"
VCBF-MGF,2026-03-04,chain_continuity,True,0.0,"opening 985,235,402,790 matches prior closing 985,235,402,790"
VCBF-MGF,2026-03-11,chain_continuity,True,0.0,"opening 970,174,483,778 matches prior closing 970,174,483,778"
VCBF-MGF,2026-03-18,chain_continuity,True,0.0,"opening 950,694,668,318 matches prior closing 950,694,668,318"
VCBF-MGF,2026-03-25,chain_continuity,True,0.0,"opening 954,779,120,806 matches prior closing 954,779,120,806"
VCBF-MGF,2026-04-01,chain_continuity,True,0.0,"opening 967,631,977,706 matches prior closing 967,631,977,706"
VCBF-MGF,2026-04-08,chain_continuity,True,0.0,"opening 992,531,821,679 matches prior closing 992,531,821,679"
VCBF-MGF,2026-04-15,chain_continuity,True,0.0,"opening 996,343,651,681 matches prior closing 996,343,651,681"
VCBF-MGF,2026-04-22,chain_continuity,True,0.0,"opening 987,974,226,443 matches prior closing 987,974,226,443"
VCBF-MGF,2026-04-29,chain_continuity,True,0.0,"opening 985,319,133,401 matches prior closing 985,319,133,401"
VCBF-MGF,2026-05-06,chain_continuity,True,0.0,"opening 977,213,215,432 matches prior closing 977,213,215,432"
VCBF-MGF,2026-05-13,chain_continuity,True,0.0,"opening 980,820,996,034 matches prior closing 980,820,996,034"
VCBF-MGF,2026-05-20,chain_continuity,True,0.0,"opening 968,757,417,496 matches prior closing 968,757,417,496"
VCBF-MGF,2026-05-27,chain_continuity,True,0.0,"opening 959,977,647,251 matches prior closing 959,977,647,251"
VCBF-MGF,2026-06-03,chain_continuity,True,0.0,"opening 957,849,085,399 matches prior closing 957,849,085,399"
VCBF-MGF,2026-06-10,chain_continuity,True,0.0,"opening 953,812,752,531 matches prior closing 953,812,752,531"
VCBF-MGF,2026-06-17,chain_continuity,True,0.0,"opening 949,290,348,348 matches prior closing 949,290,348,348"
VCBF-MGF,2026-06-24,chain_continuity,True,0.0,"opening 964,002,033,426 matches prior closing 964,002,033,426"
VCBF-MGF,2026-07-01,chain_continuity,True,0.0,"opening 941,565,349,930 matches prior closing 941,565,349,930"
VCBF-MGF,2026-07-08,chain_continuity,True,0.0,"opening 955,018,241,714 matches prior closing 955,018,241,714"
VCBF-MGF,2026-07-15,chain_continuity,True,0.0,"opening 930,833,447,420 matches prior closing 930,833,447,420"
VCBF-MGF,2026-07-22,chain_continuity,True,0.0,"opening 896,326,999,107 matches prior closing 896,326,999,107"
VCBF-MGF,2026-07-29,chain_continuity,True,0.0,"opening 834,021,295,443 matches prior closing 834,021,295,443"
VCBF-MGF,2026-08-05,chain_continuity,True,0.0,"opening 837,428,369,547 matches prior closing 837,428,369,547"
VCBF-MGF,2026-08-12,chain_continuity,True,0.0,"opening 887,689,665,740 matches prior closing 887,689,665,740"
VCBF-TBF,2022-07-13,chain_continuity,True,0.0,"opening 239,444,825,272 matches prior closing 239,444,825,272"
VCBF-TBF,2022-07-20,chain_continuity,True,0.0,"opening 242,852,990,466 matches prior closing 242,852,990,466"
VCBF-TBF,2022-07-27,chain_continuity,True,0.0,"opening 244,342,316,005 matches prior closing 244,342,316,005"
VCBF-TBF,2022-08-03,chain_continuity,True,0.0,"opening 243,014,158,790 matches prior closing 243,014,158,790"
VCBF-TBF,2022-08-10,chain_continuity,True,0.0,"opening 250,589,345,408 matches prior closing 250,589,345,408"
VCBF-TBF,2022-08-17,chain_continuity,True,0.0,"opening 251,364,052,790 matches prior closing 251,364,052,790"
VCBF-TBF,2022-08-24,chain_continuity,True,0.0,"opening 254,125,951,675 matches prior closing 254,125,951,675"
VCBF-TBF,2022-08-31,chain_continuity,True,0.0,"opening 254,945,370,808 matches prior closing 254,945,370,808"
VCBF-TBF,2022-09-07,chain_continuity,True,0.0,"opening 254,939,514,668 matches prior closing 254,939,514,668"
VCBF-TBF,2022-09-14,chain_continuity,True,0.0,"opening 250,183,273,592 matches prior closing 250,183,273,592"
VCBF-TBF,2022-09-21,chain_continuity,True,0.0,"opening 250,732,517,072 matches prior closing 250,732,517,072"
VCBF-TBF,2022-09-28,chain_continuity,True,0.0,"opening 245,712,742,147 matches prior closing 245,712,742,147"
VCBF-TBF,2022-10-05,chain_continuity,True,0.0,"opening 236,850,623,147 matches prior closing 236,850,623,147"
VCBF-TBF,2022-10-12,chain_continuity,True,0.0,"opening 231,735,133,951 matches prior closing 231,735,133,951"
VCBF-TBF,2022-10-19,chain_continuity,True,0.0,"opening 222,489,664,260 matches prior closing 222,489,664,260"
VCBF-TBF,2022-10-26,chain_continuity,True,0.0,"opening 227,091,985,220 matches prior closing 227,091,985,220"
VCBF-TBF,2022-11-02,chain_continuity,True,0.0,"opening 216,787,545,185 matches prior closing 216,787,545,185"
VCBF-TBF,2022-11-09,chain_continuity,True,0.0,"opening 220,659,941,298 matches prior closing 220,659,941,298"
VCBF-TBF,2022-11-16,chain_continuity,True,0.0,"opening 215,683,249,035 matches prior closing 215,683,249,035"
VCBF-TBF,2022-11-23,chain_continuity,True,0.0,"opening 206,552,386,833 matches prior closing 206,552,386,833"
VCBF-TBF,2022-11-30,chain_continuity,True,0.0,"opening 211,108,618,691 matches prior closing 211,108,618,691"
VCBF-TBF,2022-12-07,chain_continuity,True,0.0,"opening 226,872,734,303 matches prior closing 226,872,734,303"
VCBF-TBF,2022-12-14,chain_continuity,True,0.0,"opening 225,680,047,626 matches prior closing 225,680,047,626"
VCBF-TBF,2022-12-21,chain_continuity,True,0.0,"opening 228,823,470,071 matches prior closing 228,823,470,071"
VCBF-TBF,2022-12-28,chain_continuity,True,0.0,"opening 215,442,532,247 matches prior closing 215,442,532,247"
VCBF-TBF,2023-01-04,chain_continuity,True,0.0,"opening 213,431,088,517 matches prior closing 213,431,088,517"
VCBF-TBF,2023-01-11,chain_continuity,True,0.0,"opening 217,252,310,116 matches prior closing 217,252,310,116"
VCBF-TBF,2023-01-18,chain_continuity,True,0.0,"opening 219,087,786,293 matches prior closing 219,087,786,293"
VCBF-TBF,2023-01-25,chain_continuity,True,0.0,"opening 225,838,774,268 matches prior closing 225,838,774,268"
VCBF-TBF,2023-02-01,chain_continuity,True,0.0,"opening 226,899,682,279 matches prior closing 226,899,682,279"
VCBF-TBF,2023-02-08,chain_continuity,True,0.0,"opening 223,325,656,404 matches prior closing 223,325,656,404"
VCBF-TBF,2023-02-15,chain_continuity,True,0.0,"opening 198,784,887,292 matches prior closing 198,784,887,292"
VCBF-TBF,2023-02-22,chain_continuity,True,0.0,"opening 196,979,848,827 matches prior closing 196,979,848,827"
VCBF-TBF,2023-03-01,chain_continuity,True,0.0,"opening 199,118,684,493 matches prior closing 199,118,684,493"
VCBF-TBF,2023-03-08,chain_continuity,True,0.0,"opening 197,542,273,356 matches prior closing 197,542,273,356"
VCBF-TBF,2023-03-15,chain_continuity,True,0.0,"opening 197,935,794,463 matches prior closing 197,935,794,463"
VCBF-TBF,2023-03-22,chain_continuity,True,0.0,"opening 198,876,870,576 matches prior closing 198,876,870,576"
VCBF-TBF,2023-03-29,chain_continuity,True,0.0,"opening 196,132,831,227 matches prior closing 196,132,831,227"
VCBF-TBF,2023-04-05,chain_continuity,True,0.0,"opening 197,801,394,523 matches prior closing 197,801,394,523"
VCBF-TBF,2023-04-12,chain_continuity,True,0.0,"opening 201,862,748,445 matches prior closing 201,862,748,445"
VCBF-TBF,2023-04-19,chain_continuity,True,0.0,"opening 201,223,552,699 matches prior closing 201,223,552,699"
VCBF-TBF,2023-04-26,chain_continuity,True,0.0,"opening 199,255,167,737 matches prior closing 199,255,167,737"
VCBF-TBF,2023-05-03,chain_continuity,True,0.0,"opening 198,776,656,764 matches prior closing 198,776,656,764"
VCBF-TBF,2023-05-10,chain_continuity,True,0.0,"opening 199,406,216,494 matches prior closing 199,406,216,494"
VCBF-TBF,2023-05-17,chain_continuity,True,0.0,"opening 200,557,327,784 matches prior closing 200,557,327,784"
VCBF-TBF,2023-05-24,chain_continuity,True,0.0,"opening 201,654,907,750 matches prior closing 201,654,907,750"
VCBF-TBF,2023-05-31,chain_continuity,True,0.0,"opening 201,826,429,663 matches prior closing 201,826,429,663"
VCBF-TBF,2023-06-07,chain_continuity,True,0.0,"opening 203,000,114,983 matches prior closing 203,000,114,983"
VCBF-TBF,2023-06-14,chain_continuity,True,0.0,"opening 206,976,517,517 matches prior closing 206,976,517,517"
VCBF-TBF,2023-06-21,chain_continuity,True,0.0,"opening 207,139,659,665 matches prior closing 207,139,659,665"
VCBF-TBF,2023-06-28,chain_continuity,True,0.0,"opening 210,293,031,222 matches prior closing 210,293,031,222"
VCBF-TBF,2023-07-05,chain_continuity,True,0.0,"opening 212,904,013,703 matches prior closing 212,904,013,703"
VCBF-TBF,2023-07-12,chain_continuity,True,0.0,"opening 213,285,891,381 matches prior closing 213,285,891,381"
VCBF-TBF,2023-07-19,chain_continuity,True,0.0,"opening 217,536,480,601 matches prior closing 217,536,480,601"
VCBF-TBF,2023-07-26,chain_continuity,True,0.0,"opening 218,280,514,976 matches prior closing 218,280,514,976"
VCBF-TBF,2023-08-02,chain_continuity,True,0.0,"opening 219,843,331,249 matches prior closing 219,843,331,249"
VCBF-TBF,2023-08-09,chain_continuity,True,0.0,"opening 219,394,917,542 matches prior closing 219,394,917,542"
VCBF-TBF,2023-08-16,chain_continuity,True,0.0,"opening 222,655,872,055 matches prior closing 222,655,872,055"
VCBF-TBF,2023-08-23,chain_continuity,True,0.0,"opening 218,669,634,119 matches prior closing 218,669,634,119"
VCBF-TBF,2023-08-30,chain_continuity,True,0.0,"opening 210,162,426,010 matches prior closing 210,162,426,010"
VCBF-TBF,2023-09-06,chain_continuity,True,0.0,"opening 218,537,037,259 matches prior closing 218,537,037,259"
VCBF-TBF,2023-09-13,chain_continuity,True,0.0,"opening 223,167,283,552 matches prior closing 223,167,283,552"
VCBF-TBF,2023-09-20,chain_continuity,True,0.0,"opening 223,442,168,975 matches prior closing 223,442,168,975"
VCBF-TBF,2023-09-27,chain_continuity,True,0.0,"opening 224,202,718,904 matches prior closing 224,202,718,904"
VCBF-TBF,2023-10-04,chain_continuity,True,0.0,"opening 215,266,336,488 matches prior closing 215,266,336,488"
VCBF-TBF,2023-10-11,chain_continuity,True,0.0,"opening 212,460,177,562 matches prior closing 212,460,177,562"
VCBF-TBF,2023-10-25,chain_continuity,False,-7190057367.0,"opening 210,883,677,271 does not match prior closing 218,073,734,638 (gap -7,190,057,367 VND); likely a missed filing between 2023-10-11 and 2023-10-19"
VCBF-TBF,2023-11-08,chain_continuity,False,-9459551807.0,"opening 201,813,231,148 does not match prior closing 211,272,782,955 (gap -9,459,551,807 VND); likely a missed filing between 2023-10-25 and 2023-11-02"
VCBF-TBF,2023-11-15,chain_continuity,True,0.0,"opening 213,919,199,798 matches prior closing 213,919,199,798"
VCBF-TBF,2023-11-22,chain_continuity,True,0.0,"opening 215,751,567,345 matches prior closing 215,751,567,345"
VCBF-TBF,2023-11-29,chain_continuity,True,0.0,"opening 215,436,952,762 matches prior closing 215,436,952,762"
VCBF-TBF,2023-12-06,chain_continuity,True,0.0,"opening 213,886,612,837 matches prior closing 213,886,612,837"
VCBF-TBF,2023-12-13,chain_continuity,True,0.0,"opening 216,206,343,604 matches prior closing 216,206,343,604"
VCBF-TBF,2023-12-20,chain_continuity,True,0.0,"opening 215,076,613,935 matches prior closing 215,076,613,935"
VCBF-TBF,2023-12-27,chain_continuity,True,0.0,"opening 215,011,941,403 matches prior closing 215,011,941,403"
VCBF-TBF,2024-01-03,chain_continuity,True,0.0,"opening 219,603,557,344 matches prior closing 219,603,557,344"
VCBF-TBF,2024-01-10,chain_continuity,True,0.0,"opening 223,493,851,915 matches prior closing 223,493,851,915"
VCBF-TBF,2024-01-17,chain_continuity,True,0.0,"opening 226,909,303,608 matches prior closing 226,909,303,608"
VCBF-TBF,2024-01-24,chain_continuity,True,0.0,"opening 233,972,953,964 matches prior closing 233,972,953,964"
VCBF-TBF,2024-01-31,chain_continuity,True,0.0,"opening 236,949,235,496 matches prior closing 236,949,235,496"
VCBF-TBF,2024-02-05,chain_continuity,True,0.0,"opening 237,987,307,338 matches prior closing 237,987,307,338"
VCBF-TBF,2024-02-14,chain_continuity,True,0.0,"opening 243,102,381,427 matches prior closing 243,102,381,427"
VCBF-TBF,2024-02-21,chain_continuity,True,0.0,"opening 246,392,997,380 matches prior closing 246,392,997,380"
VCBF-TBF,2024-02-28,chain_continuity,True,0.0,"opening 252,532,703,666 matches prior closing 252,532,703,666"
VCBF-TBF,2024-03-06,chain_continuity,True,0.0,"opening 260,438,295,191 matches prior closing 260,438,295,191"
VCBF-TBF,2024-03-13,chain_continuity,True,0.0,"opening 267,435,662,128 matches prior closing 267,435,662,128"
VCBF-TBF,2024-03-20,chain_continuity,True,0.0,"opening 272,287,543,131 matches prior closing 272,287,543,131"
VCBF-TBF,2024-03-27,chain_continuity,True,0.0,"opening 275,702,614,198 matches prior closing 275,702,614,198"
VCBF-TBF,2024-04-03,chain_continuity,True,0.0,"opening 281,815,396,279 matches prior closing 281,815,396,279"
VCBF-TBF,2024-04-10,chain_continuity,True,0.0,"opening 284,722,364,470 matches prior closing 284,722,364,470"
VCBF-TBF,2024-04-15,chain_continuity,True,0.0,"opening 285,486,100,188 matches prior closing 285,486,100,188"
VCBF-TBF,2024-04-24,chain_continuity,True,0.0,"opening 279,677,658,743 matches prior closing 279,677,658,743"
VCBF-TBF,2024-05-01,chain_continuity,True,0.0,"opening 282,198,945,183 matches prior closing 282,198,945,183"
VCBF-TBF,2024-05-08,chain_continuity,True,0.0,"opening 283,695,497,665 matches prior closing 283,695,497,665"
VCBF-TBF,2024-05-15,chain_continuity,True,0.0,"opening 293,582,382,269 matches prior closing 293,582,382,269"
VCBF-TBF,2024-05-22,chain_continuity,True,0.0,"opening 297,133,658,291 matches prior closing 297,133,658,291"
VCBF-TBF,2024-05-29,chain_continuity,True,0.0,"opening 301,506,311,992 matches prior closing 301,506,311,992"
VCBF-TBF,2024-06-05,chain_continuity,True,0.0,"opening 304,635,206,015 matches prior closing 304,635,206,015"
VCBF-TBF,2024-06-12,chain_continuity,True,0.0,"opening 308,514,746,979 matches prior closing 308,514,746,979"
VCBF-TBF,2024-06-19,chain_continuity,True,0.0,"opening 318,112,596,005 matches prior closing 318,112,596,005"
VCBF-TBF,2024-06-26,chain_continuity,True,0.0,"opening 319,942,149,280 matches prior closing 319,942,149,280"
VCBF-TBF,2024-07-03,chain_continuity,True,0.0,"opening 317,754,150,810 matches prior closing 317,754,150,810"
VCBF-TBF,2024-07-10,chain_continuity,True,0.0,"opening 322,589,688,273 matches prior closing 322,589,688,273"
VCBF-TBF,2024-07-17,chain_continuity,True,0.0,"opening 326,202,101,406 matches prior closing 326,202,101,406"
VCBF-TBF,2024-07-24,chain_continuity,True,0.0,"opening 325,674,271,702 matches prior closing 325,674,271,702"
VCBF-TBF,2024-07-31,chain_continuity,True,0.0,"opening 322,306,956,535 matches prior closing 322,306,956,535"
VCBF-TBF,2024-08-07,chain_continuity,True,0.0,"opening 325,761,894,340 matches prior closing 325,761,894,340"
VCBF-TBF,2024-08-14,chain_continuity,True,0.0,"opening 321,401,279,090 matches prior closing 321,401,279,090"
VCBF-TBF,2024-08-21,chain_continuity,True,0.0,"opening 327,566,138,329 matches prior closing 327,566,138,329"
VCBF-TBF,2024-08-28,chain_continuity,True,0.0,"opening 339,684,347,006 matches prior closing 339,684,347,006"
VCBF-TBF,2024-09-04,chain_continuity,True,0.0,"opening 337,981,743,438 matches prior closing 337,981,743,438"
VCBF-TBF,2024-09-11,chain_continuity,True,0.0,"opening 337,690,654,349 matches prior closing 337,690,654,349"
VCBF-TBF,2024-09-25,chain_continuity,False,5661584655.0,"opening 341,901,207,049 does not match prior closing 336,239,622,394 (gap 5,661,584,655 VND); likely a missed filing between 2024-09-11 and 2024-09-19"
VCBF-TBF,2024-10-02,chain_continuity,True,0.0,"opening 348,151,972,880 matches prior closing 348,151,972,880"
VCBF-TBF,2024-10-09,chain_continuity,True,0.0,"opening 345,768,688,667 matches prior closing 345,768,688,667"
VCBF-TBF,2024-10-16,chain_continuity,True,0.0,"opening 346,747,877,478 matches prior closing 346,747,877,478"
VCBF-TBF,2024-10-23,chain_continuity,True,0.0,"opening 349,507,396,923 matches prior closing 349,507,396,923"
VCBF-TBF,2024-10-30,chain_continuity,True,0.0,"opening 349,463,623,191 matches prior closing 349,463,623,191"
VCBF-TBF,2024-11-06,chain_continuity,True,0.0,"opening 351,261,918,748 matches prior closing 351,261,918,748"
VCBF-TBF,2024-11-13,chain_continuity,True,0.0,"opening 355,294,840,771 matches prior closing 355,294,840,771"
VCBF-TBF,2024-11-20,chain_continuity,True,0.0,"opening 356,352,638,928 matches prior closing 356,352,638,928"
VCBF-TBF,2024-11-27,chain_continuity,True,0.0,"opening 350,671,720,352 matches prior closing 350,671,720,352"
VCBF-TBF,2024-12-04,chain_continuity,True,0.0,"opening 358,312,581,971 matches prior closing 358,312,581,971"
VCBF-TBF,2024-12-11,chain_continuity,True,0.0,"opening 362,212,099,737 matches prior closing 362,212,099,737"
VCBF-TBF,2024-12-18,chain_continuity,True,0.0,"opening 371,700,570,642 matches prior closing 371,700,570,642"
VCBF-TBF,2024-12-25,chain_continuity,True,0.0,"opening 373,402,887,974 matches prior closing 373,402,887,974"
VCBF-TBF,2025-01-01,chain_continuity,True,0.0,"opening 379,192,362,521 matches prior closing 379,192,362,521"
VCBF-TBF,2025-01-08,chain_continuity,True,0.0,"opening 381,223,629,828 matches prior closing 381,223,629,828"
VCBF-TBF,2025-01-15,chain_continuity,True,0.0,"opening 380,132,717,312 matches prior closing 380,132,717,312"
VCBF-TBF,2025-01-22,chain_continuity,True,0.0,"opening 378,834,917,267 matches prior closing 378,834,917,267"
VCBF-TBF,2025-01-29,chain_continuity,True,0.0,"opening 386,358,640,749 matches prior closing 386,358,640,749"
VCBF-TBF,2025-02-05,chain_continuity,True,0.0,"opening 392,365,117,331 matches prior closing 392,365,117,331"
VCBF-TBF,2025-02-12,chain_continuity,True,0.0,"opening 393,600,981,856 matches prior closing 393,600,981,856"
VCBF-TBF,2025-02-19,chain_continuity,True,0.0,"opening 395,920,607,475 matches prior closing 395,920,607,475"
VCBF-TBF,2025-02-26,chain_continuity,True,0.0,"opening 400,947,456,855 matches prior closing 400,947,456,855"
VCBF-TBF,2025-03-05,chain_continuity,True,0.0,"opening 407,026,313,873 matches prior closing 407,026,313,873"
VCBF-TBF,2025-03-12,chain_continuity,True,0.0,"opening 411,378,704,001 matches prior closing 411,378,704,001"
VCBF-TBF,2025-03-19,chain_continuity,True,0.0,"opening 420,334,601,610 matches prior closing 420,334,601,610"
VCBF-TBF,2025-03-26,chain_continuity,True,0.0,"opening 415,958,893,935 matches prior closing 415,958,893,935"
VCBF-TBF,2025-04-02,chain_continuity,True,0.0,"opening 421,223,341,241 matches prior closing 421,223,341,241"
VCBF-TBF,2025-04-09,chain_continuity,True,0.0,"opening 413,211,547,766 matches prior closing 413,211,547,766"
VCBF-TBF,2025-04-16,chain_continuity,True,0.0,"opening 362,047,430,840 matches prior closing 362,047,430,840"
VCBF-TBF,2025-04-23,chain_continuity,True,0.0,"opening 386,764,766,580 matches prior closing 386,764,766,580"
VCBF-TBF,2025-04-30,chain_continuity,True,0.0,"opening 394,081,600,967 matches prior closing 394,081,600,967"
VCBF-TBF,2025-05-07,chain_continuity,True,0.0,"opening 398,353,446,172 matches prior closing 398,353,446,172"
VCBF-TBF,2025-05-14,chain_continuity,True,0.0,"opening 402,560,268,581 matches prior closing 402,560,268,581"
VCBF-TBF,2025-05-21,chain_continuity,True,0.0,"opening 423,875,053,109 matches prior closing 423,875,053,109"
VCBF-TBF,2025-05-28,chain_continuity,True,0.0,"opening 427,209,719,513 matches prior closing 427,209,719,513"
VCBF-TBF,2025-06-11,chain_continuity,False,-454696531.0,"opening 431,338,264,851 does not match prior closing 431,792,961,382 (gap -454,696,531 VND); likely a missed filing between 2025-05-28 and 2025-06-05"
VCBF-TBF,2025-06-18,chain_continuity,True,0.0,"opening 427,947,632,636 matches prior closing 427,947,632,636"
VCBF-TBF,2025-06-25,chain_continuity,True,0.0,"opening 437,077,354,843 matches prior closing 437,077,354,843"
VCBF-TBF,2025-07-02,chain_continuity,True,0.0,"opening 438,164,947,350 matches prior closing 438,164,947,350"
VCBF-TBF,2025-07-09,chain_continuity,True,0.0,"opening 445,647,908,028 matches prior closing 445,647,908,028"
VCBF-TBF,2025-07-16,chain_continuity,True,0.0,"opening 457,203,279,176 matches prior closing 457,203,279,176"
VCBF-TBF,2025-07-23,chain_continuity,True,0.0,"opening 466,825,846,289 matches prior closing 466,825,846,289"
VCBF-TBF,2025-07-30,chain_continuity,True,0.0,"opening 473,734,800,518 matches prior closing 473,734,800,518"
VCBF-TBF,2025-08-06,chain_continuity,True,0.0,"opening 471,423,091,074 matches prior closing 471,423,091,074"
VCBF-TBF,2025-08-13,chain_continuity,True,0.0,"opening 487,769,697,805 matches prior closing 487,769,697,805"
VCBF-TBF,2025-08-20,chain_continuity,True,0.0,"opening 503,946,143,003 matches prior closing 503,946,143,003"
VCBF-TBF,2025-08-27,chain_continuity,True,0.0,"opening 509,474,499,426 matches prior closing 509,474,499,426"
VCBF-TBF,2025-09-03,chain_continuity,True,0.0,"opening 510,630,274,182 matches prior closing 510,630,274,182"
VCBF-TBF,2025-09-10,chain_continuity,True,0.0,"opening 516,591,934,653 matches prior closing 516,591,934,653"
VCBF-TBF,2025-09-17,chain_continuity,True,0.0,"opening 517,437,396,861 matches prior closing 517,437,396,861"
VCBF-TBF,2025-09-24,chain_continuity,True,0.0,"opening 533,375,917,804 matches prior closing 533,375,917,804"
VCBF-TBF,2025-10-01,chain_continuity,True,0.0,"opening 542,495,405,029 matches prior closing 542,495,405,029"
VCBF-TBF,2025-10-08,chain_continuity,True,0.0,"opening 545,369,453,715 matches prior closing 545,369,453,715"
VCBF-TBF,2025-10-15,chain_continuity,True,0.0,"opening 559,679,234,746 matches prior closing 559,679,234,746"
VCBF-TBF,2025-10-22,chain_continuity,True,0.0,"opening 570,614,233,450 matches prior closing 570,614,233,450"
VCBF-TBF,2025-10-29,chain_continuity,True,0.0,"opening 573,532,176,332 matches prior closing 573,532,176,332"
VCBF-TBF,2025-11-05,chain_continuity,True,0.0,"opening 585,573,111,433 matches prior closing 585,573,111,433"
VCBF-TBF,2025-11-12,chain_continuity,True,0.0,"opening 589,039,751,390 matches prior closing 589,039,751,390"
VCBF-TBF,2025-11-19,chain_continuity,True,0.0,"opening 588,113,764,186 matches prior closing 588,113,764,186"
VCBF-TBF,2025-11-26,chain_continuity,True,0.0,"opening 594,284,276,395 matches prior closing 594,284,276,395"
VCBF-TBF,2025-12-03,chain_continuity,True,0.0,"opening 596,471,929,167 matches prior closing 596,471,929,167"
VCBF-TBF,2025-12-10,chain_continuity,True,0.0,"opening 613,076,975,067 matches prior closing 613,076,975,067"
VCBF-TBF,2025-12-17,chain_continuity,True,0.0,"opening 615,932,906,145 matches prior closing 615,932,906,145"
VCBF-TBF,2025-12-24,chain_continuity,True,0.0,"opening 615,386,581,486 matches prior closing 615,386,581,486"
VCBF-TBF,2025-12-31,chain_continuity,True,0.0,"opening 632,867,140,808 matches prior closing 632,867,140,808"
VCBF-TBF,2026-01-07,chain_continuity,True,0.0,"opening 637,268,332,486 matches prior closing 637,268,332,486"
VCBF-TBF,2026-01-14,chain_continuity,True,0.0,"opening 653,632,540,942 matches prior closing 653,632,540,942"
VCBF-TBF,2026-01-21,chain_continuity,True,0.0,"opening 673,545,362,442 matches prior closing 673,545,362,442"
VCBF-TBF,2026-01-28,chain_continuity,True,0.0,"opening 682,702,631,280 matches prior closing 682,702,631,280"
VCBF-TBF,2026-02-04,chain_continuity,True,0.0,"opening 681,660,230,451 matches prior closing 681,660,230,451"
VCBF-TBF,2026-02-11,chain_continuity,True,0.0,"opening 707,036,547,656 matches prior closing 707,036,547,656"
VCBF-TBF,2026-02-18,chain_continuity,True,0.0,"opening 713,319,755,961 matches prior closing 713,319,755,961"
VCBF-TBF,2026-02-25,chain_continuity,True,0.0,"opening 723,854,417,167 matches prior closing 723,854,417,167"
VCBF-TBF,2026-03-04,chain_continuity,True,0.0,"opening 742,251,825,879 matches prior closing 742,251,825,879"
VCBF-TBF,2026-03-11,chain_continuity,True,0.0,"opening 738,845,573,170 matches prior closing 738,845,573,170"
VCBF-TBF,2026-03-18,chain_continuity,True,0.0,"opening 738,126,951,302 matches prior closing 738,126,951,302"
VCBF-TBF,2026-03-25,chain_continuity,True,0.0,"opening 744,888,211,215 matches prior closing 744,888,211,215"
VCBF-TBF,2026-04-01,chain_continuity,True,0.0,"opening 752,049,773,323 matches prior closing 752,049,773,323"
VCBF-TBF,2026-04-08,chain_continuity,True,0.0,"opening 772,130,497,326 matches prior closing 772,130,497,326"
VCBF-TBF,2026-04-15,chain_continuity,True,0.0,"opening 781,342,066,788 matches prior closing 781,342,066,788"
VCBF-TBF,2026-04-22,chain_continuity,True,0.0,"opening 783,829,871,008 matches prior closing 783,829,871,008"
VCBF-TBF,2026-04-29,chain_continuity,True,0.0,"opening 789,960,086,464 matches prior closing 789,960,086,464"
VCBF-TBF,2026-05-06,chain_continuity,True,0.0,"opening 787,114,297,923 matches prior closing 787,114,297,923"
VCBF-TBF,2026-05-13,chain_continuity,True,0.0,"opening 795,484,553,580 matches prior closing 795,484,553,580"
VCBF-TBF,2026-05-20,chain_continuity,True,0.0,"opening 794,751,625,698 matches prior closing 794,751,625,698"
VCBF-TBF,2026-05-27,chain_continuity,True,0.0,"opening 789,438,145,848 matches prior closing 789,438,145,848"
VCBF-TBF,2026-06-03,chain_continuity,True,0.0,"opening 791,471,094,738 matches prior closing 791,471,094,738"
VCBF-TBF,2026-06-10,chain_continuity,True,0.0,"opening 791,073,654,397 matches prior closing 791,073,654,397"
VCBF-TBF,2026-06-17,chain_continuity,True,0.0,"opening 791,205,332,940 matches prior closing 791,205,332,940"
VCBF-TBF,2026-06-24,chain_continuity,True,0.0,"opening 798,800,639,866 matches prior closing 798,800,639,866"
VCBF-TBF,2026-07-01,chain_continuity,True,0.0,"opening 793,807,213,619 matches prior closing 793,807,213,619"
VCBF-TBF,2026-07-08,chain_continuity,True,0.0,"opening 803,804,994,772 matches prior closing 803,804,994,772"
VCBF-TBF,2026-07-15,chain_continuity,True,0.0,"opening 806,359,626,079 matches prior closing 806,359,626,079"
VCBF-TBF,2026-07-22,chain_continuity,True,0.0,"opening 785,161,154,144 matches prior closing 785,161,154,144"
VCBF-TBF,2026-07-29,chain_continuity,True,0.0,"opening 759,192,963,605 matches prior closing 759,192,963,605"
VCBF-TBF,2026-08-05,chain_continuity,True,0.0,"opening 763,368,888,305 matches prior closing 763,368,888,305"
VCBF-TBF,2026-08-12,chain_continuity,True,0.0,"opening 794,527,743,345 matches prior closing 794,527,743,345"
