fund_code,month,fund_month_order,period_start,period_end,n_periods,split_valid,total_unit_demand_vnd,foreign_unit_demand_vnd,domestic_unit_demand_vnd,opening_total_aum_vnd,opening_foreign_aum_vnd,opening_domestic_aum_vnd,total_demand_rate,foreign_demand_rate,domestic_demand_rate,opening_foreign_share,mean_unit_proxy_error_nav_rate,disclosed_net_flow_vnd,market_return,manager_id,asset_class,fund_name
DCBF,2021-06,1,2021-06-11,2021-06-24,2,True,-17191339017.60804,108057145.5409548,-17299396163.14899,832051859752.0,71267692000.01799,760784167751.982,-0.020661379235102077,0.0015162150268725908,-0.022738901381539587,0.08565294478310513,6.866889624010367e-06,-17179973569.0,0.020699246896592527,dcvfm,bond,DC Bond Fund
DCBF,2021-08,3,2021-07-30,2021-08-26,4,True,23887762987.994232,18005474.17050565,23869757513.82373,860632006408.0,72033666798.14879,788598339609.8512,0.027756070899215148,0.00024995915064216027,0.030268587080253026,0.08369856833328108,1.3359623806376834e-05,23857048946.0,0.00581323438466308,dcvfm,bond,DC Bond Fund
DCBF,2021-09,4,2021-08-27,2021-09-30,5,True,60353159033.03248,18010481.157601625,60335148551.874886,889013233193.0,72429041683.344,816584191509.656,0.06788780726724022,0.00024866380583002206,0.07388723560804009,0.08147127509362961,1.5724404826183813e-05,60317702475.0,0.03146519921298574,dcvfm,bond,DC Bond Fund
DCBF,2021-10,5,2021-10-01,2021-10-28,4,True,-2889584694.947136,218196678.76209837,-3107781373.709236,954535534631.0,72853490669.6892,881682043961.3108,-0.0030272154258397287,0.002995006509041295,-0.003524832330424106,0.07632349768712651,1.007777785887103e-05,-2883850105.0,0.07149456805209908,dcvfm,bond,DC Bond Fund
DCBF,2021-11,6,2021-10-29,2021-11-25,4,True,-71886482186.33885,798993175.8470942,-72685475362.18594,956625611039.0001,73459148879.9622,883166462159.038,-0.07514588921392379,0.010876700697318307,-0.08230099134934878,0.07678986223270515,1.046723320146013e-05,-71847612685.0,0.043671462646295955,dcvfm,bond,DC Bond Fund
DCBF,2021-12,7,2021-11-25,2021-12-30,5,True,-54345408134.66235,18021560.056508273,-54363429694.718864,889525582559.0002,74644709610.8774,814880872948.1228,-0.06109482312843739,0.00024143117644176795,-0.066713346084612,0.083915191507071,1.2069618190692978e-05,-54292722723.0,-0.009887993816672047,dcvfm,bond,DC Bond Fund
DCBF,2022-01,8,2021-12-31,2022-01-27,4,True,69659398789.10901,18007214.13279875,69641391574.97621,843040291793.0,75338540257.9964,767701751535.0035,0.08262878947452866,0.00023901729541258895,0.09071412359777702,0.08936529011889151,2.201637583139809e-05,69617699323.0,-0.010235738271970551,dcvfm,bond,DC Bond Fund
DCBF,2022-02,9,2022-01-28,2022-02-24,4,True,-13932592288.50669,18011201.447996236,-13950603489.954685,916285985745.9999,75666577726.08,840619408019.9199,-0.015205506255957176,0.00023803377910387925,-0.01659562384220387,0.08257965188071233,2.3527164982931618e-06,-13923965323.0,0.016379286899290246,dcvfm,bond,DC Bond Fund
DCBF,2022-03,10,2022-02-25,2022-03-31,5,True,-64083037387.40193,618462799.2230089,-64701500186.62494,907237090160.0,76089822122.76561,831147268037.2344,-0.07063538085298107,0.008128062097781781,-0.0778460119822308,0.08386983176508628,1.0762885184236389e-05,-64035420427.0,-0.0018062012910990966,dcvfm,bond,DC Bond Fund
DCBF,2022-04,11,2022-04-01,2022-04-28,4,True,-15623718032.647444,340309538.3064466,-15964027570.953892,849594844142.0,77269145906.634,772325698235.366,-0.01838961022465447,0.004404209912164036,-0.02067007171641317,0.09094822836956783,5.07619203589642e-06,-15607520996.0,-0.09460174915390551,dcvfm,bond,DC Bond Fund
DCBF,2022-05,12,2022-04-29,2022-05-26,4,True,-22825708768.579105,-632883467.3314596,-22192825301.247646,840103559641.0001,78175928483.0118,761927631157.9883,-0.027170113144542766,-0.008095630964830689,-0.02912720892864678,0.09305510920155911,6.641010118782396e-06,-22808550688.0,-0.06100711330209696,dcvfm,bond,DC Bond Fund
DCBF,2022-06,13,2022-05-27,2022-06-30,5,True,-13142065355.959288,0.0,-13142065355.959288,822107778113.0,77996134348.40839,744111643764.5916,-0.015985818047026056,0.0,-0.01766141608733774,0.09487336870529851,2.750069803912318e-06,-13130784818.0,-0.05594488282081389,dcvfm,bond,DC Bond Fund
DCBF,2022-07,14,2022-07-01,2022-07-28,4,True,-3767826615.5825334,-58739836.80000001,-3709086778.782533,814536621585.0,78528293451.5194,736008328133.4806,-0.004625730158394538,-0.0007480085739576644,-0.0050394630563336,0.09640854857908272,1.753823885354957e-06,-3763222943.0,0.00878423513694071,dcvfm,bond,DC Bond Fund
DCBF,2022-08,15,2022-07-29,2022-08-25,4,True,123790627.50944903,618754051.1185519,-494963423.60910296,816301008133.9999,79004706254.418,737296301879.5819,0.0001516482599873602,0.00783186319465558,-0.0006713222653461,0.09678379111036083,2.201229304163315e-06,123890908.0,0.06684766413932453,dcvfm,bond,DC Bond Fund
DCBF,2022-09,16,2022-08-26,2022-09-29,5,True,-7372583913.865155,18013838.090999123,-7390597751.956155,821719663560.0001,80135563978.1905,741584099581.8096,-0.008972140062858342,0.00022479205482227245,-0.009965960376070393,0.09752177966754862,1.6964456924769195e-06,-7365901352.0,-0.12631897461361785,dcvfm,bond,DC Bond Fund
DCBF,2022-10,17,2022-09-30,2022-10-27,4,True,-185096189419.14847,17915035.86270264,-185114104455.01117,820464114199.0,80752644200.9168,739711469998.0833,-0.22559937261833027,0.00022185076464033916,-0.2502517697278519,0.09842312759742541,1.429936493945473e-05,-185053408776.0,-0.08708162014794785,dcvfm,bond,DC Bond Fund
DCBF,2022-11,18,2022-10-28,2022-11-24,4,True,-39092967457.25632,-11852368.342202201,-39081115088.914116,638456930131.0,81121615751.11,557335314379.89,-0.06123039098226271,-0.00014610616704882414,-0.07012136873543906,0.12705886947529144,3.929139560423118e-05,-39155865711.0,-0.07811208062178354,dcvfm,bond,DC Bond Fund
DCBF,2022-12,19,2022-11-25,2022-12-29,5,True,-150743309401.03195,-26094387286.669846,-124648922114.36209,594614481971.0,80463494045.49399,514150987925.506,-0.25351435925568977,-0.32430094661208847,-0.2424364146751813,0.13532044120213385,0.000163322213685219,-151124791538.0,0.06497768304650164,dcvfm,bond,DC Bond Fund
DCBF,2023-02,21,2023-01-27,2023-02-23,4,True,-23360160152.32608,18014250.046493452,-23378174402.372574,431866364606.00006,53020868155.387,378845496450.61304,-0.05409117742623462,0.0003397577345150124,-0.061708993828359246,0.12277146937284396,1.1090365072258985e-05,-23341358444.0,-0.049111977474550206,dcvfm,bond,DC Bond Fund
DCBF,2023-03,22,2023-02-24,2023-03-30,5,True,-23780922165.62318,18021983.399853956,-23798944149.023033,410939282397.99994,53346085527.906,357593196870.09393,-0.05786967365799567,0.0003378314120241575,-0.0665531233740688,0.12981500628659695,9.555864023679967e-06,-23761613455.0,0.005485640529202973,dcvfm,bond,DC Bond Fund
DCBF,2023-04,23,2023-03-31,2023-04-27,4,True,-5952566498.044834,18008810.793747786,-5970575308.838583,390737695583.0,53848122230.808395,336889573352.1916,-0.015234175164910338,0.00033443711772449355,-0.017722647956803388,0.13781143421666633,3.0420197739891713e-06,-5947828936.0,-0.018698557728610843,dcvfm,bond,DC Bond Fund
DCBF,2023-05,24,2023-04-28,2023-05-25,4,True,-1437464320.4022336,18021225.384601336,-1455485545.786835,387047998507.0,54180982982.3751,332867015524.6249,-0.0037139174622969565,0.00033261163590301754,-0.00437257366426912,0.13998517804348032,9.486918874360101e-07,-1436240009.0,0.024047016727104964,dcvfm,bond,DC Bond Fund
DCBF,2023-06,25,2023-05-26,2023-06-29,5,True,-1690739936.6896296,18035665.2098473,-1708775601.899477,388493863889.0,54603855736.1074,333890008152.8926,-0.004352037686681985,0.00033030021354189863,-0.005117779987944432,0.1405526851556882,1.2371359895781864e-06,-1689104443.0,0.057071470839634486,dcvfm,bond,DC Bond Fund
DCBF,2023-07,26,2023-06-30,2023-07-27,4,True,-2040876645.841827,18016111.851608146,-2058892757.6934352,390283530039.0,55113035460.5888,335170494578.4112,-0.005229215400500984,0.00032689384101319233,-0.006142822208390331,0.14121281381020998,1.402953430789998e-06,-2038681361.0,0.06392450617119372,dcvfm,bond,DC Bond Fund
DCBF,2023-08,27,2023-07-28,2023-08-24,4,True,41446935.68133426,950635973.4655987,-909189037.7842644,391215469346.0,55551735127.4072,335663734218.5928,0.00010594401021672696,0.017112624318310257,-0.002708630528409058,0.14199779783829553,2.57917312287044e-06,41850701.0,-0.00663142157968144,dcvfm,bond,DC Bond Fund
DCBF,2023-09,28,2023-08-25,2023-09-28,5,True,3189831124.828956,3002786750.483198,187044374.34575754,393716627277.0,56853618006.03901,336863009270.961,0.00810184509323439,0.05281610662252385,0.0005552535279862251,0.1444023799534368,1.9696655611965234e-06,3186913036.0,-0.031074752604275946,dcvfm,bond,DC Bond Fund
DCBF,2023-10,29,2023-09-29,2023-10-26,4,True,-475049246.5452653,800337687.343344,-1275386933.8886094,400369435488.0,60362776836.0018,340006658651.9982,-0.0011865272531761573,0.013258795060369116,-0.003751064578985162,0.15076769474779503,8.625460206890781e-07,-474224454.0,-0.08415261664482898,dcvfm,bond,DC Bond Fund
DCBF,2023-11,30,2023-10-27,2023-11-30,5,True,9268037836.595871,-75316.42499999999,9268113153.02087,402342351381.00006,61536992808.5955,340805358572.40454,0.023035203241180687,-1.2239211174043554e-06,0.027194740105742344,0.15294684389395224,5.912784434597569e-06,9260154486.0,0.0366478753138475,dcvfm,bond,DC Bond Fund
DCBF,2023-12,31,2023-12-01,2023-12-28,4,True,12610723009.469973,17702153056.6322,-5091430047.162226,415129565645.0,62068539703.6353,353061025941.3647,0.03037780021732803,0.2852033113902211,-0.014420821538109379,0.14951606640494863,8.548172570282115e-06,12599543549.0,0.03180609251185862,dcvfm,bond,DC Bond Fund
DCBF,2024-01,32,2023-12-29,2024-01-25,4,True,92935156616.86267,0.0,92935156616.86267,431704387168.0,80374449174.00699,351329937993.993,0.21527498765190095,0.0,0.26452387504321273,0.18617936616597056,3.592533765101578e-05,92867904760.0,0.03670732463483106,dcvfm,bond,DC Bond Fund
DCBF,2024-02,33,2024-01-26,2024-02-29,5,True,234835833843.79938,0.0,234835833843.79938,527388801026.0,80841773812.6455,446547027213.3545,0.4452802816194462,0.0,0.525892726930187,0.15328686095604074,5.763734865424248e-05,234664601599.0,0.07037090834522419,dcvfm,bond,DC Bond Fund
DCBF,2024-03,34,2024-03-01,2024-03-28,4,True,344171443167.8089,-18005596352.4125,362177039520.2214,765980853687.0,81322189753.98749,684658663933.0126,0.4493212088933576,-0.22141061876078696,0.5289892008956699,0.1061673922560183,4.665710928012706e-05,344005482596.0,0.029894709953461662,dcvfm,bond,DC Bond Fund
DCBF,2024-04,35,2024-03-29,2024-04-25,4,True,-74297075064.87231,20027030.480105296,-74317102095.35242,1115036564724.0,63686376821.58479,1051350187902.4152,-0.06663196294667048,0.0003144633354824115,-0.07068729615545608,0.05711595371524771,1.3078207321581705e-05,-74242623198.0,-0.06604504797780153,dcvfm,bond,DC Bond Fund
DCBF,2024-05,36,2024-04-26,2024-05-30,5,True,145542815563.13766,-54093305461.996994,199636121025.13467,1047064571450.9999,64072944842.8892,982991626608.1107,0.1390008023683272,-0.8442456577364612,0.20309035766051708,0.06119292600464771,2.515234121362399e-05,145419607572.0,0.05091413064225714,dcvfm,bond,DC Bond Fund
DCBF,2024-06,37,2024-05-31,2024-06-27,4,True,124547060787.4774,20028372.726600368,124527032414.7508,1200231301710.0,10237283121.947199,1189994018588.0527,0.10376921565870849,0.0019564148503095065,0.10464509104214166,0.008529425209425784,2.4386135844693838e-05,124424865694.0,-0.0057094573251627034,dcvfm,bond,DC Bond Fund
DCBF,2024-07,38,2024-06-28,2024-07-25,4,True,64496907714.59134,0.0,64496907714.59134,1333449334114.0,10327422886.8728,1323121911227.1272,0.04836847270049882,0.0,0.04874600531312628,0.007744893354898089,7.109066718522898e-06,64469262231.0,-0.020570411964196178,dcvfm,bond,DC Bond Fund
DCBF,2024-08,39,2024-07-26,2024-08-29,5,True,41337704712.512314,805512336.9947995,40532192375.51752,1401949083017.9998,10357420271.5296,1391591662746.4702,0.02948588162954102,0.07777152185365943,0.02912649842664511,0.007387871925585917,6.673688445273583e-06,41304762818.0,0.03915049586843922,dcvfm,bond,DC Bond Fund
DCBF,2024-09,40,2024-08-30,2024-09-26,4,True,11240690918.815695,349966992.4219,10890723926.393793,1450874207702.9998,11219135508.5382,1439655072194.4617,0.007747529633607432,0.031193757500795085,0.007564814750934123,0.00773267279063438,1.1881951928252246e-05,11203220931.0,0.007819145200433919,dcvfm,bond,DC Bond Fund
DCBF,2024-10,41,2024-09-27,2024-10-31,5,True,107759861636.46106,451956330.4351503,107307905306.02591,1469548046863.0,11628279042.1763,1457919767820.8237,0.07332857327563586,0.03886700076562353,0.0736034366736249,0.007912826713627252,8.848534064626411e-06,107692447214.0,-0.020913828213923402,dcvfm,bond,DC Bond Fund
DCBF,2024-11,42,2024-11-01,2024-11-28,4,True,5294644144.832964,1029170290.9370995,4265473853.8958645,1586926568438.0,12155905390.031101,1574770663047.969,0.0033364140787210104,0.08466422351239329,0.0027086317734926805,0.00766003016887925,6.1268601730678905e-06,5305336863.0,-0.017691066683537926,dcvfm,bond,DC Bond Fund
DCBF,2024-12,43,2024-11-29,2024-12-26,4,True,30462217578.983173,50051355.10740101,30412166223.875774,1601611957703.0,13260949726.6365,1588351007976.3635,0.01901972411761428,0.003774341667766507,0.019147005964772455,0.00827975194794068,6.18621279214422e-06,30426446122.0,0.02476431233948695,dcvfm,bond,DC Bond Fund
DCBF,2025-01,44,2024-12-27,2025-01-23,4,True,29606567128.838486,519961817.22479874,29086605311.613686,1641476991031.0,13388514504.684801,1628088476526.3152,0.018036541048463195,0.038836408403849276,0.017865494247384383,0.008156382683302536,4.640810938797932e-06,29606680451.0,-0.010401690667546148,dcvfm,bond,DC Bond Fund
DCBF,2025-02,45,2025-01-24,2025-02-27,5,True,-28478390634.440525,426985856.60425067,-28905376491.04477,1676864367163.0,13956239633.698698,1662908127529.3013,-0.016983121111113858,0.030594620600613062,-0.017382425410351145,0.00832281960723546,1.0602640692816532e-05,-28422785994.0,0.03824138834419588,dcvfm,bond,DC Bond Fund
DCBF,2025-03,46,2025-02-28,2025-03-27,4,True,-57922256512.23729,110741899.68655129,-58032998411.92383,1659581190754.9998,14479213036.7352,1645101977718.2646,-0.03490173113247114,0.0076483369231178586,-0.03527623162450686,0.008724618667284434,6.673182573876674e-06,-57909539361.0,0.012241933017281159,dcvfm,bond,DC Bond Fund
DCBF,2025-04,47,2025-03-28,2025-04-24,4,True,-77049122716.5103,2538595226.5917993,-79587717943.10208,1608446587477.0,14650721378.9964,1593795866098.0037,-0.04790281711335476,0.17327441843452063,-0.049935954557312284,0.009108615413818272,1.017659266371698e-05,-76990029871.0,-0.07588702306222184,dcvfm,bond,DC Bond Fund
DCBF,2025-05,48,2025-04-25,2025-05-29,5,True,6819529167.956299,1522100311.1322012,5297428856.8241005,1542233085742.0,17304604513.0959,1524928481228.904,0.004421853759333197,0.087959265984975,0.003473886757335024,0.011220485848136438,7.1329781059840226e-06,6862087129.0,0.09687333960027789,dcvfm,bond,DC Bond Fund
DCBF,2025-06,49,2025-05-30,2025-06-26,4,True,48705622296.29016,696775627.1245993,48008846669.16556,1556970767583.0,18916255713.6124,1538054511869.3877,0.031282297208379495,0.03683475406938964,0.03121400854044794,0.012149396833556158,2.3782337830544983e-06,48708646155.0,0.017744026947670077,dcvfm,bond,DC Bond Fund
DCBF,2025-07,50,2025-06-27,2025-07-31,5,True,130929561674.7838,395135786.7353497,130534425888.04845,1613315647188.9998,19707522262.578,1593608124926.4219,0.08115557665538801,0.02004999824283648,0.08191124520909136,0.01221554027379322,7.230660379739387e-06,130900829730.0,0.1002072242928378,dcvfm,bond,DC Bond Fund
DCBF,2025-08,51,2025-08-01,2025-08-28,4,True,119785566425.15839,3912460511.7183976,115873105913.43997,1756723520438.0,20250199666.689102,1736473320771.3108,0.06818692015650392,0.19320602147712468,0.0667289871530944,0.011527254819039575,3.564799778580055e-06,119760243595.0,0.11869392753507468,dcvfm,bond,DC Bond Fund
DCBF,2025-09,52,2025-08-29,2025-09-25,4,True,55397364194.55597,1538018412.4874032,53859345782.06856,1885134748077.0,24267551290.228798,1860867196786.7712,0.02938642144868745,0.06337756925259609,0.02894314321573807,0.012873112288118285,7.928455588126809e-06,55440566382.0,-0.008787168473281315,dcvfm,bond,DC Bond Fund
DCBF,2025-10,53,2025-09-26,2025-10-30,5,True,-8428745288.73671,5434509888.0973,-13863255176.834011,1949109654352.0,25918533021.9504,1923191121330.0496,-0.004324407952070263,0.20967660027266258,-0.00720846463103802,0.01329762692626304,6.3619885575116275e-06,-8414186477.0,0.0020887226980539353,dcvfm,bond,DC Bond Fund
DCBF,2025-11,54,2025-10-31,2025-11-27,4,True,-42958512196.22921,2393685698.4215984,-45352197894.65081,1953756110311.0,31555823473.5963,1922200286837.4038,-0.02198765340746192,0.07585559288048581,-0.02359389820364078,0.016151362653229643,1.466415150478742e-06,-42969849640.0,0.008834610109189844,dcvfm,bond,DC Bond Fund
DCBF,2025-12,55,2025-11-28,2025-12-25,4,True,-138654740383.67993,7518936560.764551,-146173676944.44446,1921392377140.0,34133062497.300697,1887259314642.6992,-0.07216367777521218,0.22028309242275468,-0.07745288408981488,0.017764753781373845,3.99661574996888e-06,-138624687885.0,0.0347499287546309,dcvfm,bond,DC Bond Fund
DCBF,2026-01,56,2025-12-26,2026-01-29,5,True,-106067556305.84319,12116691484.221996,-118184247790.06517,1791800573662.0,41839116694.7235,1749961456967.2766,-0.05919607230009262,0.28960199070718146,-0.06753534331829296,0.023350319957323503,6.596623258974991e-06,-106030838037.0,0.04138623518948825,dcvfm,bond,DC Bond Fund
DCBF,2026-02,57,2026-01-30,2026-02-26,4,True,-36648973958.87114,16965012423.310455,-53613986382.181595,1696454698027.0002,54229483501.644,1642225214525.3562,-0.021603272991312053,0.3128374332164929,-0.032647158202157654,0.031966361120467066,3.6370623776992957e-06,-36671906192.0,0.035625736922721085,dcvfm,bond,DC Bond Fund
DCBF,2026-03,58,2026-02-27,2026-03-26,4,True,-273783515987.50098,7888213213.731648,-281671729201.23267,1671082242507.0,71638014731.0336,1599444227775.9663,-0.16383605128659856,0.1101121135663531,-0.17610600251619798,0.0428692334277698,1.9219392463769166e-05,-273678985113.0,-0.12502926092230393,dcvfm,bond,DC Bond Fund
DCBF,2026-04,59,2026-03-27,2026-04-23,4,True,-176227062986.1972,30025901726.02445,-206252964712.22168,1405157064610.0,79921923899.0996,1325235140710.9004,-0.12541449452492975,0.3756904271214963,-0.1556349951613724,0.05687757327063067,7.639156300894564e-06,-176269213414.0,0.13725275593902553,dcvfm,bond,DC Bond Fund
DCBF,2026-05,60,2026-04-24,2026-05-28,5,True,-211983433252.46445,6177354584.316349,-218160787836.78082,1232900249768.0,110271972392.6782,1122628277375.3218,-0.17193883551597483,0.05601926264925058,-0.1943303872113711,0.0894411144887257,1.0905364251907575e-05,-211947799115.0,-0.0035768515152159175,dcvfm,bond,DC Bond Fund
DCBF,2026-06,61,2026-05-29,2026-06-25,4,True,-63147562512.264694,4284161014.449105,-67431723526.713806,1030452062736.0,117384099237.8136,913067963498.1864,-0.06128141695849367,0.036496945005895856,-0.0738518119378172,0.11391514800420871,3.2875921498717247e-06,-63152369367.0,-0.00032194540879026956,dcvfm,bond,DC Bond Fund
DCBF,2026-07,62,2026-06-26,2026-07-30,5,True,728827564.9066391,38413856111.58339,-37685028546.67674,972268174390.0,122264423046.14362,850003751343.8563,0.0007496157789633552,0.31418670414929845,-0.04433513203570772,0.125751748608713,1.947763104264666e-05,812786295.0,-0.06355638811209441,dcvfm,bond,DC Bond Fund
DCBF,2026-08,63,2026-07-31,2026-08-13,2,True,-8576746736.34219,5465816669.878664,-14042563406.220852,979832370877.0,161686810995.4224,818145559881.5776,-0.008753279633602597,0.03380496304076039,-0.017163893682016,0.16501476762877762,4.086436076556349e-06,-8584729674.0,0.012019533891990397,dcvfm,bond,DC Bond Fund
DCDE,2021-06,1,2021-06-11,2021-06-24,2,True,12368514889.984127,0.0,12368514889.984127,466914397670.00006,172270305458.3745,294644092211.62555,0.02648989825909329,0.0,0.041977813969202374,0.3689547941079546,8.266942649559598e-05,12446477573.0,0.020699246896592527,dcvfm,equity,DC Dividend Focus Equity Fund
DCDE,2021-07,2,2021-06-25,2021-07-29,5,True,-103868330200.98845,-54479035980.205,-49389294220.78345,497069285788.0,178745531658.6603,318323754129.33966,-0.20896147312004362,-0.30478544260474366,-0.1551542842156726,0.3595988260978476,0.0022141692367290155,-100444165711.0,-0.062418461716870155,dcvfm,equity,DC Dividend Focus Equity Fund
DCDE,2021-08,3,2021-07-30,2021-08-26,4,True,31052635163.50039,-5694678024.0,36747313187.50038,375843007998.0,119849305105.0624,255993702892.93762,0.0826212926745883,-0.047515319500667334,0.14354772313625597,0.31888129499458495,0.00023771362197932904,30665623178.0,0.00581323438466308,dcvfm,equity,DC Dividend Focus Equity Fund
DCDE,2021-09,4,2021-08-27,2021-09-30,5,True,10108141955.300722,0.0,10108141955.300722,405185581462.0,114197355598.2848,290988225863.7152,0.02494694386416291,0.0,0.034737288511580144,0.2818396330546493,0.0005683457678746291,8922806462.0,0.03146519921298574,dcvfm,equity,DC Dividend Focus Equity Fund
DCDE,2021-10,5,2021-10-01,2021-10-28,4,True,-12749127368.598898,0.0,-12749127368.598898,433851752510.0,119393289354.4576,314458463155.5424,-0.02938590727095205,0.0,-0.040543120514752125,0.2751937468587399,0.00019943374321187675,-13103287012.0,0.07149456805209908,dcvfm,equity,DC Dividend Focus Equity Fund
DCDE,2021-11,6,2021-10-29,2021-11-25,4,True,19133197667.528122,0.0,19133197667.528122,447936030496.0,126851043266.43839,321084987229.5616,0.04271412961878042,0.0,0.05958920045629144,0.28319008659780304,1.112366679918877e-05,19153072090.0,0.043671462646295955,dcvfm,equity,DC Dividend Focus Equity Fund
DCDE,2021-12,7,2021-11-26,2021-12-30,5,True,38501733839.17761,0.0,38501733839.17761,487639885445.0,132541850212.6592,355098035232.3408,0.07895525978979862,0.0,0.10842564593179432,0.27180272608690936,0.00029042605450502575,38177819684.0,-0.009887993816672047,dcvfm,equity,DC Dividend Focus Equity Fund
DCDE,2022-01,8,2021-12-31,2022-01-27,4,True,131644839513.931,0.0,131644839513.931,510050896053.99994,128118166176.256,381932729877.74396,0.25810137876905825,0.0,0.3446806969281483,0.25118702303523044,0.0005772535602548936,132598636907.0,-0.010235738271970551,dcvfm,equity,DC Dividend Focus Equity Fund
DCDE,2022-02,9,2022-01-28,2022-02-24,4,True,11272908107.04948,0.0,11272908107.04948,608554830649.9999,121593095646.95041,486961735003.0495,0.018524063139896272,0.0,0.023149474171679806,0.19980631082506786,2.2424532720974156e-05,11268304978.0,0.016379286899290246,dcvfm,equity,DC Dividend Focus Equity Fund
DCDE,2022-03,10,2022-02-25,2022-03-31,5,True,16003337130.614838,0.0,16003337130.614838,639746928790.0,125567104484.5312,514179824305.4688,0.025015105833932044,0.0,0.031124008321857886,0.19627621303634146,2.336063211410899e-05,15977760761.0,-0.0018062012910990966,dcvfm,equity,DC Dividend Focus Equity Fund
DCDE,2022-04,11,2022-04-01,2022-04-28,4,True,13725829205.434118,0.0,13725829205.434118,658788863942.0001,126146825272.8384,532642038669.1617,0.020834944178173817,0.0,0.025769331387603074,0.1914829350909374,5.8906720183564844e-05,13572563938.0,-0.09460174915390551,dcvfm,equity,DC Dividend Focus Equity Fund
DCDE,2022-05,12,2022-04-29,2022-05-26,4,True,7956977531.88045,1078101110.9532077,6878876420.927241,614228797634.0,115108656361.8816,499120141272.1184,0.012954419529873244,0.009365942970994686,0.013782005277116044,0.1874035486536587,3.58603879980119e-05,8021283378.0,-0.06100711330209696,dcvfm,equity,DC Dividend Focus Equity Fund
DCDE,2022-06,13,2022-05-27,2022-06-30,5,True,11110933827.470602,-11193307827.999998,22304241655.4706,570298360618.0,106511425529.0688,463786935088.93115,0.019482668362276745,-0.10509020766927162,0.04809156957212208,0.186764390158247,0.00015419905711426573,10762279182.0,-0.05594488282081389,dcvfm,equity,DC Dividend Focus Equity Fund
DCDE,2022-07,14,2022-07-01,2022-07-28,4,True,-20541165119.2984,-10952308755.000002,-9588856364.2984,555033538055.0,90632213705.51039,464401324349.48956,-0.03700887191660644,-0.12084344304539597,-0.020647779972914584,0.163291418430519,0.0001585942262475935,-20214136495.0,0.00878423513694071,dcvfm,equity,DC Dividend Focus Equity Fund
DCDE,2022-08,15,2022-07-29,2022-08-25,4,True,-59171013882.035645,-11379183210.0,-47791830672.035645,530203530801.0,78782341068.5304,451421189732.4696,-0.11160056552743734,-0.14443824663831187,-0.10586971050330847,0.14858886539195754,0.0002080611780731516,-59536729257.0,0.06684766413932453,dcvfm,equity,DC Dividend Focus Equity Fund
DCDE,2022-09,16,2022-08-26,2022-09-29,5,True,-39324406939.39971,-15280459680.0,-24043947259.39971,507264107413.99994,72598921595.4336,434665185818.56635,-0.07752254962384986,-0.21047777768865822,-0.05531601803838943,0.14311858563291274,0.0004244599213489925,-40280689789.0,-0.12631897461361785,dcvfm,equity,DC Dividend Focus Equity Fund
DCDE,2022-10,17,2022-09-30,2022-10-27,4,True,-5190370251.223251,-5013004072.500006,-177366178.7232455,396422362108.0,48341465191.183205,348080896916.8168,-0.013093030937062032,-0.10369987861713191,-0.0005095544751070665,0.12194434474918248,0.0001654143303528878,-5399947736.0,-0.08708162014794785,dcvfm,equity,DC Dividend Focus Equity Fund
DCDE,2022-11,18,2022-10-28,2022-11-24,4,True,-1573094842.2673724,0.0,-1573094842.2673724,372828921639.0,41185703590.6032,331643218048.3968,-0.0042193476711835055,0.0,-0.004743334875124177,0.11046810266098987,2.555424320611169e-05,-1551824328.0,-0.07811208062178354,dcvfm,equity,DC Dividend Focus Equity Fund
DCDE,2023-01,20,2022-12-30,2023-01-26,3,True,-2027315983.740149,-1036851137.5,-990464846.2401489,368919788904.0001,40940258946.41039,327979529957.5897,-0.005495275788167858,-0.025325954553858783,-0.0030198983649016866,0.11097333398145205,5.559489991105582e-05,-1993261171.0,0.09788068840472053,dcvfm,equity,DC Dividend Focus Equity Fund
DCDE,2023-02,21,2023-01-27,2023-02-23,4,True,-22142941156.30608,-106127449.99999999,-22036813706.30608,403164947718.0,43907924726.187195,359257022991.8128,-0.05492278354465058,-0.002417045457325027,-0.06133996636388172,0.10890809078198752,8.574460218170386e-05,-22226605980.0,-0.049111977474550206,dcvfm,equity,DC Dividend Focus Equity Fund
DCDE,2023-03,22,2023-02-24,2023-03-30,5,True,-2240027444.0853534,0.0,-2240027444.0853534,359445725194.0,41425500741.2664,318020224452.7336,-0.006231893404425289,0.0,-0.007043663490081846,0.11524827766113573,1.2192973477221282e-05,-2244547083.0,0.005485640529202973,dcvfm,equity,DC Dividend Focus Equity Fund
DCDE,2023-04,23,2023-03-31,2023-04-27,4,True,-2262379873.8531694,813345573.7129534,-3075725447.5661235,354532475524.99994,41118892531.2792,313413582993.72076,-0.006381305042656486,0.01978033754421378,-0.0098136316179626,0.11598060930917369,2.491120719603729e-05,-2293233044.0,-0.018698557728610843,dcvfm,equity,DC Dividend Focus Equity Fund
DCDE,2023-05,24,2023-04-28,2023-05-25,4,True,-3017913673.993784,99424.87459821164,-3018013098.868382,346812750580.0,41291990140.4787,305520760439.5213,-0.008701853288112127,2.4078489377712277e-06,-0.009878258664081213,0.11906133806044651,1.1399181878975866e-05,-3033976368.0,0.024047016727104964,dcvfm,equity,DC Dividend Focus Equity Fund
DCDE,2023-06,25,2023-05-26,2023-06-29,5,True,-14687036867.165573,-2141861070.7279994,-12545175796.437574,354320469977.0,42547407030.5925,311773062946.4075,-0.041451279594766154,-0.05034057819758453,-0.04023816450940163,0.12008170748180137,5.554399277536738e-05,-14754292717.0,0.057071470839634486,dcvfm,equity,DC Dividend Focus Equity Fund
DCDE,2023-07,26,2023-06-30,2023-07-27,4,True,-8571160726.980863,-426889989.10875,-8144270737.872112,364253850675.0,43311098172.1227,320942752502.8773,-0.023530734709043204,-0.009856364930121278,-0.02537608553039096,0.11890361101704969,5.137384666080308e-05,-8649030739.0,0.06392450617119372,dcvfm,equity,DC Dividend Focus Equity Fund
DCDE,2023-08,27,2023-07-28,2023-08-24,4,True,703474049.2697256,665783851.658847,37690197.61087853,385434913045.00006,46413883688.5416,339021029356.45844,0.001825143559809264,0.014344497782744518,0.0001111736274366914,0.12041951083741788,3.465379523701846e-05,674488922.0,-0.00663142157968144,dcvfm,equity,DC Dividend Focus Equity Fund
DCDE,2023-09,28,2023-08-25,2023-09-28,5,True,1893265483.6775546,165023851.1569494,1728241632.5206048,384267625998.99994,46847997754.239494,337419628244.76044,0.0049269450653188305,0.0035225379753186063,0.005121935678463132,0.12191502636332267,1.3729567970232363e-05,1867246319.0,-0.031074752604275946,dcvfm,equity,DC Dividend Focus Equity Fund
DCDE,2023-10,29,2023-09-29,2023-10-26,4,True,2784745146.7387104,87275173.22645476,2697469973.5122557,389651470035.0,47440406330.968994,342211063704.031,0.0071467589907682726,0.0018396801371720487,0.007882474471501083,0.12175087220050193,3.489107033242783e-05,2751087629.0,-0.08415261664482898,dcvfm,equity,DC Dividend Focus Equity Fund
DCDE,2023-11,30,2023-10-27,2023-11-30,5,True,3226998950.499572,147307119.21334752,3079691831.2862244,358638652419.0,43428840009.913,315209812409.087,0.008997911766435723,0.003391919267927106,0.009770291755033708,0.12109358463452732,3.444863044423381e-05,3165426896.0,0.0366478753138475,dcvfm,equity,DC Dividend Focus Equity Fund
DCDE,2023-12,31,2023-12-01,2023-12-28,4,True,-2702111632.197687,2980769.5574979293,-2705092401.755185,388390706414.0,46776708633.6267,341613997780.3733,-0.006957199509602597,6.372337098029856e-05,-0.007918564284049957,0.12043725007097796,4.1805720222559106e-05,-2763529675.0,0.03180609251185862,dcvfm,equity,DC Dividend Focus Equity Fund
DCDE,2024-01,32,2023-12-29,2024-01-25,4,True,5333968221.890571,1596236467.321751,3737731754.568819,399962176149.99994,48509063796.5334,351453112353.46655,0.01333618161905926,0.032905942568114924,0.010635079398044067,0.12128412807300255,2.355661477518986e-05,5319445048.0,0.03670732463483106,dcvfm,equity,DC Dividend Focus Equity Fund
DCDE,2024-02,33,2024-01-26,2024-02-29,5,True,16392820467.731882,1076817157.2218046,15316003310.510077,413417904220.0,51093497039.5584,362324407180.4416,0.03965193645558335,0.021075424850800377,0.04227151968507199,0.12358801231881104,3.5373068552020236e-05,16348760911.0,0.07037090834522419,dcvfm,equity,DC Dividend Focus Equity Fund
DCDE,2024-03,34,2024-03-01,2024-03-28,4,True,20800608200.083004,2191828725.825399,18608779474.257607,461845042841.0,56078777519.2744,405766265321.7256,0.04503806746983762,0.03908481644543807,0.04586083433895867,0.12142336133849273,0.000133727974054925,20552698795.0,0.029894709953461662,dcvfm,equity,DC Dividend Focus Equity Fund
DCDE,2024-04,35,2024-03-29,2024-04-25,4,True,-3122295522.5872345,3873991099.747539,-6996286622.33477,502089836168.0,60603102388.4396,441486733779.5604,-0.006218599337554624,0.06392397331273467,-0.01584710499099187,0.12070171117377829,0.0002277640451702075,-3319978743.0,-0.06604504797780153,dcvfm,equity,DC Dividend Focus Equity Fund
DCDE,2024-05,36,2024-04-26,2024-05-30,5,True,19584946689.53591,10407419170.541311,9177527518.994602,466680679032.99994,60628508278.47679,406052170754.52313,0.04196648279958258,0.1716588361821193,0.022601843260537158,0.12991433115273587,4.271214814864273e-05,19477226789.0,0.05091413064225714,dcvfm,equity,DC Dividend Focus Equity Fund
DCDE,2024-06,37,2024-05-31,2024-06-27,4,True,42336329792.798706,9824199112.8758,32512130679.922913,521758219288.99994,75589944020.7951,446168275268.20483,0.08114166337521321,0.1299670113550173,0.07286966035489394,0.14487542548692675,0.00019835684559450103,41902189383.0,-0.0057094573251627034,dcvfm,equity,DC Dividend Focus Equity Fund
DCDE,2024-07,38,2024-06-28,2024-07-25,4,True,6173847926.368232,147631528.30050102,6026216398.067731,543987171613.0,82350558695.9622,461636612917.0378,0.011349252792233845,0.0017927204215524,0.013054026109386435,0.1513832733440772,8.90051467031835e-05,5987073281.0,-0.020570411964196178,dcvfm,equity,DC Dividend Focus Equity Fund
DCDE,2024-08,39,2024-07-26,2024-08-29,5,True,3769567249.125126,59218243.92530179,3710349005.1998253,531371018941.0,79668737828.5265,451702281112.4735,0.0070940399734967,0.0007433059132022281,0.00821414715033496,0.14993052874299193,7.2576113320749e-05,3786995104.0,0.03915049586843922,dcvfm,equity,DC Dividend Focus Equity Fund
DCDE,2024-09,40,2024-08-30,2024-09-26,4,True,7016940795.243835,1581804023.8827925,5435136771.361044,556365300242.0,82848365834.2254,473516934407.77454,0.012612110770013342,0.019092760707530274,0.011478231033402732,0.14891001613182775,2.695425131423063e-05,7053808218.0,0.007819145200433919,dcvfm,equity,DC Dividend Focus Equity Fund
DCDE,2024-10,41,2024-09-27,2024-10-31,5,True,6306225255.011299,-364312870.3931489,6670538125.404449,571072032739.0,85588392698.1518,485483640040.84827,0.011042784260971621,-0.0042565686643746955,0.013739985398567077,0.14987319951153816,1.4707809536798519e-05,6272387759.0,-0.020913828213923402,dcvfm,equity,DC Dividend Focus Equity Fund
DCDE,2024-11,42,2024-11-01,2024-11-28,4,True,-6005344419.509729,-9262299056.534945,3256954637.0252132,566200163257.0,83568003796.414,482632159460.58594,-0.01060639824786466,-0.11083547094291608,0.006748316648988642,0.14759445372763383,7.744897824707684e-05,-6177815958.0,-0.017691066683537926,dcvfm,equity,DC Dividend Focus Equity Fund
DCDE,2024-12,43,2024-11-29,2024-12-26,4,True,-6509382103.42002,-277581373.90295887,-6231800729.517061,550141586446.0,72858432379.0953,477283154066.90466,-0.011832194227438137,-0.003809872993954274,-0.013056821043056338,0.13243578412199683,1.4133397258928449e-05,-6491633120.0,0.02476431233948695,dcvfm,equity,DC Dividend Focus Equity Fund
DCDE,2025-01,44,2024-12-27,2025-01-23,4,True,6875543197.798046,413639720.6792022,6461903477.118843,563212147234.0,75182853944.73698,488029293289.263,0.012207732435396917,0.005501782640271242,0.013240810676683637,0.13348940415076038,5.432857269439475e-05,6755154015.0,-0.010401690667546148,dcvfm,equity,DC Dividend Focus Equity Fund
DCDE,2025-02,45,2025-01-24,2025-02-27,5,True,-8832992938.213491,319100828.106359,-9152093766.319849,563406883002.0,74689800698.343,488717082303.657,-0.01567782220044716,0.004272348100045717,-0.018726772805198025,0.13256813672629175,2.425493179004097e-06,-8832257941.0,0.03824138834419588,dcvfm,equity,DC Dividend Focus Equity Fund
DCDE,2025-03,46,2025-02-28,2025-03-27,4,True,-10352637209.47882,1888221292.8748965,-12240858502.353716,564659257857.9999,76362487970.1138,488296769887.8861,-0.018334308816171565,0.024727079264545374,-0.025068481417897238,0.13523640480064064,2.3518378365647564e-05,-10400294322.0,0.012241933017281159,dcvfm,equity,DC Dividend Focus Equity Fund
DCDE,2025-04,47,2025-03-28,2025-04-24,4,True,31846034413.42353,8485500133.813202,23360534279.610332,542383024784.00006,76585921273.252,465797103510.74805,0.058715027864498476,0.11079712815019441,0.050151737963890754,0.141202651583264,0.00042066981704991674,31176911583.0,-0.07588702306222184,dcvfm,equity,DC Dividend Focus Equity Fund
DCDE,2025-05,48,2025-04-25,2025-05-29,5,True,14824174138.245617,-4772306944.848955,19596481083.09457,545704630884.0,81156202435.08841,464548428448.9116,0.027165197616578006,-0.058803970635097354,0.04218393580304551,0.1487181853370413,8.931392949198172e-05,14920689192.0,0.09687333960027789,dcvfm,equity,DC Dividend Focus Equity Fund
DCDE,2025-06,49,2025-05-30,2025-06-26,4,True,-5022211434.555591,1320763120.0443463,-6342974554.599937,577378910332.0,78798450732.81659,498580459599.18335,-0.008698293866791492,0.016761282839464483,-0.012722068088466912,0.13647614992987275,6.38978350379189e-05,-5145759541.0,0.017744026947670077,dcvfm,equity,DC Dividend Focus Equity Fund
DCDE,2025-07,50,2025-06-27,2025-07-31,5,True,-24868872041.11712,409219217.6778482,-25278091258.794968,588303844510.0,82334329210.038,505969515299.96204,-0.04227215625597428,0.004970213780863077,-0.04995971198740887,0.1399520502515405,2.971182118334911e-05,-24860859795.0,0.1002072242928378,dcvfm,equity,DC Dividend Focus Equity Fund
DCDE,2025-08,51,2025-08-01,2025-08-28,4,True,70358447566.82991,79814942970.00046,-9456495403.170553,616228771543.9999,90170193762.8189,526058577781.181,0.11417585613625668,0.8851588273165233,-0.017976126238747638,0.1463258418409965,0.0007657781472011798,68471048275.0,0.11869392753507468,dcvfm,equity,DC Dividend Focus Equity Fund
DCDE,2025-09,52,2025-08-29,2025-09-25,4,True,42017324889.66583,2413579325.2168427,39603745564.44899,760725044645.0,182010781243.7376,578714263401.2625,0.05523326093368418,0.013260639335340944,0.06843402360896882,0.23925961492259634,0.00019580349544340043,41602661987.0,-0.008787168473281315,dcvfm,equity,DC Dividend Focus Equity Fund
DCDE,2025-10,53,2025-09-26,2025-10-30,5,True,84947940537.93338,2294289284.458863,82653651253.47453,781583296020.9999,179502361153.833,602080934867.1669,0.10868699596114573,0.012781387775131624,0.1372799676370916,0.22966504282738673,0.0002756782356161477,83840044328.0,0.0020887226980539353,dcvfm,equity,DC Dividend Focus Equity Fund
DCDE,2025-11,54,2025-10-31,2025-11-27,4,True,46387727495.28369,1216225688.746506,45171501806.537186,833067952611.0002,174774450493.221,658293502117.7792,0.0556830056298473,0.0069588299966858135,0.06861909112153941,0.2097961516169758,0.00011432986084711948,46056866686.0,0.008834610109189844,dcvfm,equity,DC Dividend Focus Equity Fund
DCDE,2025-12,55,2025-11-28,2025-12-25,4,True,15688493699.615013,3556844791.171349,12131648908.443665,848797532176.0,169656697773.706,679140834402.2941,0.01848319900199942,0.02096495356708871,0.017863229972205432,0.1998788772851042,9.000007084731199e-05,15385154640.0,0.0347499287546309,dcvfm,equity,DC Dividend Focus Equity Fund
DCDE,2026-01,56,2025-12-26,2026-01-29,5,True,28906853968.25418,4425508959.15103,24481345009.10315,857166069028.0,171769538695.716,685396530332.284,0.03372374970585766,0.025764224511254413,0.03571851319007182,0.20039236841292304,6.41101884166614e-05,28841308490.0,0.04138623518948825,dcvfm,equity,DC Dividend Focus Equity Fund
DCDE,2026-02,57,2026-01-30,2026-02-26,4,True,36422720483.98758,3342119129.4892635,33080601354.498318,931655758181.0,185329842454.87738,746325915726.1226,0.03909461210769596,0.018033356556178888,0.04432460491783033,0.19892523695310207,7.790949151158512e-05,36702990839.0,0.035625736922721085,dcvfm,equity,DC Dividend Focus Equity Fund
DCDE,2026-03,58,2026-02-27,2026-03-26,4,True,46191137931.62146,2791543466.126133,43399594465.49533,1004839326289.0,195882303895.35052,808957022393.6494,0.04596868048766685,0.01425112636829872,0.05364882591299949,0.19493893080276714,0.00014373550722508938,45635135612.0,-0.12502926092230393,dcvfm,equity,DC Dividend Focus Equity Fund
DCDE,2026-04,59,2026-03-27,2026-04-23,4,True,22593820189.393887,4970637927.0945635,17623182262.299324,954097641582.0,180019408654.2666,774078232927.7334,0.02368082594977472,0.027611677897691814,0.022766668164333453,0.1886802784207436,3.668345402916212e-05,22580891687.0,0.13725275593902553,dcvfm,equity,DC Dividend Focus Equity Fund
DCDE,2026-05,60,2026-04-24,2026-05-28,5,True,6908395458.791866,1236034542.9699059,5672360915.82196,971541438655.0001,184016900141.4625,787524538513.5376,0.007110757384014246,0.006716962094349528,0.007202773549797715,0.1894071552894492,6.88485351047401e-06,6894030356.0,-0.0035768515152159175,dcvfm,equity,DC Dividend Focus Equity Fund
DCDE,2026-06,61,2026-05-29,2026-06-25,4,True,20828890318.67437,2044541904.0845842,18784348414.589787,954032619264.0001,180633665126.526,773398954137.4741,0.021832471865315325,0.011318720143625895,0.02428804475891599,0.18933699066377627,3.99522550775007e-05,20715677007.0,-0.00032194540879026956,dcvfm,equity,DC Dividend Focus Equity Fund
DCDE,2026-07,62,2026-06-26,2026-07-30,5,True,27404603976.95153,3015899348.356571,24388704628.59496,944991453880.0,177073708631.46698,767917745248.5331,0.028999843188456508,0.01703188673047665,0.03175952734456171,0.18738128043849245,2.3302013045059575e-05,27436192417.0,-0.06355638811209441,dcvfm,equity,DC Dividend Focus Equity Fund
DCDE,2026-08,63,2026-07-31,2026-08-13,2,True,12364607804.64119,1317277769.105586,11047330035.535603,845343000598.0,156367424693.7236,688975575904.2764,0.014626734705195881,0.008424246748871985,0.01603442911751414,0.18497512203106725,4.249859664630151e-05,12436747522.0,0.012019533891990397,dcvfm,equity,DC Dividend Focus Equity Fund
DCDS,2021-06,1,2021-06-11,2021-06-17,1,True,27577106909.721195,72688540.58580124,27504418369.135395,808566245657.0,261569623252.014,546996622404.986,0.03410618122861836,0.00027789366242947925,0.05028261097519472,0.32349807409963766,0.000350970389628641,27860889720.0,0.006051459600219022,dcvfm,equity,DC Dynamic Securities Fund
DCDS,2021-08,3,2021-07-30,2021-08-26,4,True,52443607370.51431,11837040.449410504,52431770330.0649,842289268537.0,200452618664.04562,641836649872.9543,0.06226317885018925,5.9051563049166916e-05,0.08169020940210144,0.2379854833152729,0.0003254357454604082,51275548990.0,0.00581323438466308,dcvfm,equity,DC Dynamic Securities Fund
DCDS,2021-09,4,2021-08-27,2021-09-30,5,True,142286919438.57257,12039103.458385075,142274880335.1142,922441206018.0,207224449247.93204,715216756770.068,0.15425039396580909,5.809692583128058e-05,0.19892554108719457,0.22464786687325022,0.00015653437010509788,141719020588.0,0.03146519921298574,dcvfm,equity,DC Dynamic Securities Fund
DCDS,2021-11,6,2021-10-29,2021-11-25,4,True,243701796760.95197,11920049.090217823,243689876711.86176,1302181929871.0,231324688115.66522,1070857241755.3348,0.1871488086039515,5.152951544997934e-05,0.22756523204942666,0.17764390889572648,0.0003049222378092973,242875205984.0,0.043671462646295955,dcvfm,equity,DC Dynamic Securities Fund
DCDS,2021-12,7,2021-11-26,2021-12-30,5,True,94178270077.79585,3496720207.7184405,90681549870.07741,1583101921247.0,237025282601.71637,1346076638645.2837,0.05948970739901079,0.014752519939377639,0.06736730084056802,0.14972206111342026,0.00020065858956879818,92730629151.0,-0.009887993816672047,dcvfm,equity,DC Dynamic Securities Fund
DCDS,2022-01,8,2021-12-31,2022-01-27,4,True,145316818901.7719,12122701.077721022,145304696200.69418,1630752957003.0,233585725201.93124,1397167231801.0688,0.08911025933004307,5.189829587078206e-05,0.10399950191601898,0.14323795900466457,0.00024464308569355523,145325753240.0,-0.010235738271970551,dcvfm,equity,DC Dynamic Securities Fund
DCDS,2022-02,9,2022-01-28,2022-02-24,4,True,44554888509.87998,31996977.015529875,44522891532.864456,1692070814673.9998,222438325528.9293,1469632489145.0706,0.02633157437826506,0.0001438465108899073,0.030295255352421314,0.131459229483717,2.987026253985285e-05,44726845785.0,0.016379286899290246,dcvfm,equity,DC Dynamic Securities Fund
DCDS,2022-03,10,2022-02-25,2022-03-31,5,True,30571007627.077522,493037247.2459813,30077970379.831535,1798323149025.0,230525554013.85236,1567797595011.1477,0.01699972980031551,0.002138753117219944,0.019184855542285526,0.12818917119475262,4.69782551413869e-05,30359478762.0,-0.0018062012910990966,dcvfm,equity,DC Dynamic Securities Fund
DCDS,2022-04,11,2022-04-01,2022-04-28,4,True,66677895828.35698,503060263.76948345,66174835564.587494,1840024386720.0,232399141528.19,1607625245191.81,0.036237506583929574,0.0021646390793937692,0.04116309803078018,0.1263022072997963,6.885759430988042e-05,66787613908.0,-0.09460174915390551,dcvfm,equity,DC Dynamic Securities Fund
DCDS,2022-05,12,2022-04-29,2022-05-26,4,True,33798961110.236633,640640427.7163552,33158320682.52027,1690118189844.0,206017119278.8488,1484101070565.1511,0.01999798671674927,0.00310964656703715,0.022342360193765957,0.1218950961635792,7.511238055505991e-05,34036320460.0,-0.06100711330209696,dcvfm,equity,DC Dynamic Securities Fund
DCDS,2022-06,13,2022-05-27,2022-06-30,5,True,39813199662.43315,0.0,39813199662.43315,1586365046040.9998,190041945865.1336,1396323100175.8662,0.025097123617160294,0.0,0.028512884773888435,0.11979710870421054,7.32106273525394e-05,39482985308.0,-0.05594488282081389,dcvfm,equity,DC Dynamic Securities Fund
DCDS,2022-07,14,2022-07-01,2022-07-28,4,True,-12956557224.72686,-1108093726.6878667,-11848463498.038992,1561678860275.0002,182506112143.00638,1379172748131.994,-0.008296556708493387,-0.006071543104373388,-0.00859099305296383,0.11686532794000194,3.3528455714449305e-05,-12778984626.0,0.00878423513694071,dcvfm,equity,DC Dynamic Securities Fund
DCDS,2022-08,15,2022-07-29,2022-08-25,4,True,-18990968975.28827,29604781.44626838,-19020573756.73454,1527778938115.0,178956948918.3022,1348821989196.6978,-0.012430442979348606,0.00016542962776921067,-0.014101618974986019,0.11713536851025211,2.6608089728742635e-05,-19037888195.0,0.06684766413932453,dcvfm,equity,DC Dynamic Securities Fund
DCDS,2022-09,16,2022-08-26,2022-09-29,5,True,-15332739796.626036,61928805.33165889,-15394668601.957695,1612183630210.0002,191224319923.25998,1420959310286.7402,-0.009510541795185465,0.00032385423233044557,-0.010833996786896841,0.11861199700827593,7.677407759121135e-05,-15795375963.0,-0.12631897461361785,dcvfm,equity,DC Dynamic Securities Fund
DCDS,2022-10,17,2022-09-30,2022-10-27,4,True,-9377540741.309263,61451420.22239911,-9438992161.531664,1380793893771.0002,165603566141.88858,1215190327629.1116,-0.006791412377772649,0.00037107546446039534,-0.007767501062938464,0.11993358812561011,3.63392275805744e-05,-9248950517.0,-0.08708162014794785,dcvfm,equity,DC Dynamic Securities Fund
DCDS,2022-11,18,2022-10-28,2022-11-24,4,True,-17673921759.323734,142428555.25364897,-17816350314.57738,1304816661906.0,157663304495.3023,1147153357410.6978,-0.01354513800698,0.0009033716228996882,-0.015530922870497137,0.12083176824627374,2.1007875121041853e-05,-17649639879.0,-0.07811208062178354,dcvfm,equity,DC Dynamic Securities Fund
DCDS,2022-12,19,2022-11-25,2022-12-29,5,True,933813169.7460473,227213891.67398858,706599278.0720592,1172043587333.0,143815638102.4,1028227949230.6001,0.0007967392849876436,0.0015798969755445311,0.0006872010030468356,0.12270502535631315,3.143389319111919e-05,1120741092.0,0.06497768304650164,dcvfm,equity,DC Dynamic Securities Fund
DCDS,2023-01,20,2022-12-30,2023-01-26,3,True,574200579.981987,12098220.87692187,562102359.1050651,1252805677983.0,153837104204.06277,1098968573778.9371,0.00045833171901522835,7.864306169514052e-05,0.0005114817407127556,0.12279406687535006,5.441807561753536e-06,558751680.0,0.09788068840472053,dcvfm,equity,DC Dynamic Securities Fund
DCDS,2023-02,21,2023-01-27,2023-02-23,4,True,-54364281347.55479,201080505.90972146,-54565361853.46451,1363912898706.0,167418393364.264,1196494505341.736,-0.039859056541757476,0.0012010657961112816,-0.0456043564010182,0.12274859598666506,8.515049445299447e-05,-54215851982.0,-0.049111977474550206,dcvfm,equity,DC Dynamic Securities Fund
DCDS,2023-03,22,2023-02-24,2023-03-30,5,True,-15002279503.913876,-152607275.23277232,-14849672228.681103,1254637020735.0,160777963579.1941,1093859057155.8059,-0.011957465988948052,-0.0009491802970722593,-0.01357548957659356,0.12814699464631296,1.3664209726239947e-05,-14926715473.0,0.005485640529202973,dcvfm,equity,DC Dynamic Securities Fund
DCDS,2023-04,23,2023-03-31,2023-04-27,4,True,-16596358384.80043,-585866643.5431479,-16010491741.257286,1237387342141.0002,160348212162.502,1077039129978.4982,-0.013412419716597745,-0.0036537148474684077,-0.01486528325259354,0.12958610994440764,1.0779366683731067e-05,-16617327927.0,-0.018698557728610843,dcvfm,equity,DC Dynamic Securities Fund
DCDS,2023-05,24,2023-04-28,2023-05-25,4,True,-8309828289.177753,310349110.03526956,-8620177399.213024,1216020364417.0,159125292528.20282,1056895071888.7971,-0.006833625926290928,0.0019503443173891689,-0.008156133592152854,0.13085742408968018,6.616657429988691e-06,-8314547016.0,0.024047016727104964,dcvfm,equity,DC Dynamic Securities Fund
DCDS,2023-06,25,2023-05-26,2023-06-29,5,True,-23089736065.00521,2143520316.1163669,-25233256381.12158,1241383475437.0,163851961976.2114,1077531513460.7886,-0.01860000275650279,0.013082054619691223,-0.02341765049643703,0.13199141539928358,3.019832357794599e-05,-23069147878.0,0.057071470839634486,dcvfm,equity,DC Dynamic Securities Fund
DCDS,2023-07,26,2023-06-30,2023-07-27,4,True,3873416226.297947,275808534.33690083,3597607691.961046,1318812964508.0,179315723264.6703,1139497241243.3296,0.002937047428664742,0.00153811684394127,0.0031571885931339513,0.13596751631234252,3.703312024002197e-06,3853207427.0,0.06392450617119372,dcvfm,equity,DC Dynamic Securities Fund
DCDS,2023-08,27,2023-07-28,2023-08-24,4,True,5292509876.395648,3024460326.8657,2268049549.5299473,1445022683931.0,196215691459.0158,1248806992471.9841,0.0036625790966810638,0.015413957489212468,0.0018161730060787028,0.13578727423519474,2.973109924353426e-05,5401977846.0,-0.00663142157968144,dcvfm,equity,DC Dynamic Securities Fund
DCDS,2023-09,28,2023-08-25,2023-09-28,5,True,2236375309.4991937,743897686.0207661,1492477623.478427,1443287076125.0,198260350669.96878,1245026725455.0312,0.0015495013753629053,0.0037521253417890127,0.0011987514749395901,0.13736723202861817,3.4190037252563864e-05,1998981856.0,-0.031074752604275946,dcvfm,equity,DC Dynamic Securities Fund
DCDS,2023-10,29,2023-09-29,2023-10-26,4,True,14411332736.839264,1917877995.3541763,12493454741.485086,1469255351717.9998,202245895939.3572,1267009455778.6426,0.0098085963886319,0.009482901922169268,0.009860585242283938,0.13765197159423048,4.918257661777126e-05,14511236413.0,-0.08415261664482898,dcvfm,equity,DC Dynamic Securities Fund
DCDS,2023-11,30,2023-10-27,2023-11-30,5,True,13116617086.246613,1739191546.9190896,11377425539.327524,1344025288971.0,184907671820.8108,1159117617150.1892,0.009759204081858337,0.009405729517834688,0.009815591939064911,0.13757752427588477,5.3960730850620256e-05,12753683085.0,0.0366478753138475,dcvfm,equity,DC Dynamic Securities Fund
DCDS,2023-12,31,2023-12-01,2023-12-28,4,True,-2937044633.711066,176783357.9655262,-3113827991.676592,1448622382868.0,199252717403.96707,1249369665464.033,-0.002027474287603005,0.0008872318544449948,-0.002492319189228973,0.13754634731618887,1.934605290514765e-05,-3016195883.0,0.03180609251185862,dcvfm,equity,DC Dynamic Securities Fund
DCDS,2024-01,32,2023-12-29,2024-01-25,4,True,-16883200267.106,-767208358.3822633,-16115991908.723738,1503956494692.0,207454310420.3437,1296502184271.6562,-0.011225856816133212,-0.0036982039892434464,-0.012430362327370327,0.13793903690201417,1.4597038240252012e-05,-16971722517.0,0.03670732463483106,dcvfm,equity,DC Dynamic Securities Fund
DCDS,2024-02,33,2024-01-26,2024-02-29,5,True,16701309858.201942,612041574.7208906,16089268283.48105,1508545141379.0,209656177551.9,1298888963827.1,0.011071136951814942,0.0029192632521852636,0.012386946637898105,0.13897905458781823,2.3089414991382413e-05,16544883193.0,0.07037090834522419,dcvfm,equity,DC Dynamic Securities Fund
DCDS,2024-03,34,2024-03-01,2024-03-28,4,True,40461346815.85107,6379511474.462017,34081835341.389053,1653815522444.0,228091973366.97357,1425723549077.0264,0.024465453532602897,0.02796903100223576,0.023904939610103714,0.13791863135369561,8.645240538623176e-05,39951498573.0,0.029894709953461662,dcvfm,equity,DC Dynamic Securities Fund
DCDS,2024-04,35,2024-03-29,2024-04-25,4,True,91670516877.49281,5641825715.249407,86028691162.24341,1796366754561.0,248544914054.40503,1547821840506.595,0.05103106959908944,0.022699421296604943,0.0555804866625261,0.13835978283574113,6.507158234149729e-05,91322291905.0,-0.06604504797780153,dcvfm,equity,DC Dynamic Securities Fund
DCDS,2024-05,36,2024-04-26,2024-05-30,5,True,-24971170600.74983,5306689469.850309,-30277860070.600143,1791635306562.0,240933378895.4862,1550701927666.5137,-0.013937641499523382,0.022025547037848512,-0.019525261128785772,0.13447679782433927,8.536852407804146e-05,-24950465726.0,0.05091413064225714,dcvfm,equity,DC Dynamic Securities Fund
DCDS,2024-06,37,2024-05-31,2024-06-27,4,True,25361269945.983517,1683281185.1686301,23677988760.814888,1929028992578.0,268162754464.89404,1660866238113.106,0.01314716888318517,0.00627708791449259,0.014256409226377689,0.1390143722549836,0.00012527781089855173,25554175554.0,-0.0057094573251627034,dcvfm,equity,DC Dynamic Securities Fund
DCDS,2024-07,38,2024-06-28,2024-07-25,4,True,219735261683.70422,3107797347.4240828,216627464336.28015,1995617832263.0,275505481190.3067,1720112351072.6934,0.11010888865155499,0.011280346706704384,0.1259379738778036,0.13805523118516522,0.00021840985657419084,218145242344.0,-0.020570411964196178,dcvfm,equity,DC Dynamic Securities Fund
DCDS,2024-08,39,2024-07-26,2024-08-29,5,True,58814506142.32539,1737036197.6307883,57077469944.694626,2129210583713.0002,267612143716.87518,1861598439996.125,0.0276226816606192,0.006490872101336759,0.03066046292175311,0.1256860856149807,0.0001908789950823311,59180420355.0,0.03915049586843922,dcvfm,equity,DC Dynamic Securities Fund
DCDS,2024-09,40,2024-08-30,2024-09-26,4,True,276423063006.4876,133914205802.3887,142508857204.0989,2268601958107.0,278574739346.021,1990027218760.979,0.12184731747174572,0.48071194867404066,0.07161151157159905,0.12279577664583936,0.00014373966624517862,276181666529.0,0.007819145200433919,dcvfm,equity,DC Dynamic Securities Fund
DCDS,2024-10,41,2024-09-27,2024-10-31,5,True,66539023426.25534,7491867886.414872,59047155539.840454,2579945813476.0,419599309442.5128,2160346504033.487,0.025790860830757645,0.017854814623905608,0.027332261481941036,0.16263880708299852,8.820686835433569e-05,66106384199.0,-0.020913828213923402,dcvfm,equity,DC Dynamic Securities Fund
DCDS,2024-11,42,2024-11-01,2024-11-28,4,True,213478058691.76627,52658746214.64359,160819312477.12268,2613534019879.0,421651123790.0475,2191882896088.9524,0.08168176004904262,0.1248870054971416,0.07337039436006267,0.16133370393608606,0.0001858887148130377,212073415053.0,-0.017691066683537926,dcvfm,equity,DC Dynamic Securities Fund
DCDS,2024-12,43,2024-11-29,2024-12-26,4,True,-22308949783.514656,28486421134.288517,-50795370917.803185,2770021138573.0,465546050900.5056,2304475087672.4946,-0.008053711025110552,0.06118926597956795,-0.02204205686124652,0.16806588383666113,2.818490059501588e-05,-22452763923.0,0.02476431233948695,dcvfm,equity,DC Dynamic Securities Fund
DCDS,2025-01,44,2024-12-27,2025-01-23,4,True,135297300213.47025,32803506294.139904,102493793919.33034,2858990511400.9995,513126469116.4596,2345864042284.54,0.04732345199256017,0.06392869646857915,0.04369127625125106,0.1794781994099766,9.979314924821413e-05,134163715169.0,-0.010401690667546148,dcvfm,equity,DC Dynamic Securities Fund
DCDS,2025-02,45,2025-01-24,2025-02-27,5,True,-137934381852.58435,-119111618.75876558,-137815270233.8256,2956059094381.0,538450236997.8017,2417608857383.198,-0.046661577948416445,-0.00022121193487236197,-0.057004783802370666,0.18215137783318008,1.85453112791792e-05,-138155627689.0,0.03824138834419588,dcvfm,equity,DC Dynamic Securities Fund
DCDS,2025-03,46,2025-02-28,2025-03-27,4,True,-6307282634.358528,584990455.1750983,-6892273089.533615,2866718318537.9995,547469550406.623,2319248768131.3765,-0.0022001752294851158,0.0010685351445401984,-0.0029717696455161787,0.1909743091486671,4.9092080119346464e-05,-6443696483.0,0.012241933017281159,dcvfm,equity,DC Dynamic Securities Fund
DCDS,2025-04,47,2025-03-28,2025-04-24,4,True,172330495185.6667,10453702160.95277,161876793024.71393,2807391246248.0,537622060764.61694,2269769185483.3833,0.06138456669193565,0.019444332596927485,0.07131861427145056,0.19150236415502606,0.0004937711233686311,167456919514.0,-0.07588702306222184,dcvfm,equity,DC Dynamic Securities Fund
DCDS,2025-05,48,2025-04-25,2025-05-29,5,True,-177610917501.66522,-7107311592.364233,-170503605909.301,2849602890712.0,522521901032.88104,2327080989679.119,-0.0623283047896149,-0.01360194008770742,-0.07326930462046863,0.1833665675789387,8.739774625958542e-05,-176987521962.0,0.09687333960027789,dcvfm,equity,DC Dynamic Securities Fund
DCDS,2025-06,49,2025-05-30,2025-06-26,4,True,13430452185.522778,11945178908.105534,1485273277.4172423,3026396095931.0,581138145714.2867,2445257950216.7134,0.004437770787366554,0.020554800947412445,0.0006074096507019263,0.19202316130913233,8.139585833704759e-05,12967339118.0,0.017744026947670077,dcvfm,equity,DC Dynamic Securities Fund
DCDS,2025-07,50,2025-06-27,2025-07-31,5,True,-52517563727.628525,8918438723.803898,-61436002451.43242,3116273619986.0005,608035144986.3418,2508238474999.6587,-0.016852680519069584,0.014667636891292248,-0.024493684736831403,0.19511609670176308,4.593577584071388e-05,-52751181903.0,0.1002072242928378,dcvfm,equity,DC Dynamic Securities Fund
DCDS,2025-08,51,2025-08-01,2025-08-28,4,True,211087870624.1712,50522570210.11687,160565300414.05432,3397281062763.0,682318219463.2576,2714962843299.7427,0.06213435589356094,0.07404546554518243,0.05914088320225577,0.20084244042744284,0.0005062207943794946,204460234602.0,0.11869392753507468,dcvfm,equity,DC Dynamic Securities Fund
DCDS,2025-09,52,2025-08-29,2025-09-25,4,True,398329474648.55164,22190533154.529324,376138941494.02234,4024878450023.0,819028106814.352,3205850343208.648,0.09896683330804075,0.027093738261120777,0.11732891471083305,0.2034913891150357,0.0003992464343046779,393313258815.0,-0.008787168473281315,dcvfm,equity,DC Dynamic Securities Fund
DCDS,2025-10,53,2025-09-26,2025-10-30,5,True,802171383785.9218,8890528311.447895,793280855474.4739,4363031168076.0,829464240647.502,3533566927428.498,0.18385644128681794,0.01071839854664224,0.22449860771471858,0.19011192189426354,0.0005499260746201233,790320030286.0,0.0020887226980539353,dcvfm,equity,DC Dynamic Securities Fund
DCDS,2025-11,54,2025-10-31,2025-11-27,4,True,499546293917.16425,18764758161.044678,480781535756.11957,5052957013881.0,822208791559.21,4230748222321.7905,0.09886216972455109,0.022822375962995727,0.1136398363815353,0.1627183428041277,0.00017111406288158692,497035441521.0,0.008834610109189844,dcvfm,equity,DC Dynamic Securities Fund
DCDS,2025-12,55,2025-11-28,2025-12-25,4,True,128154950534.41603,7713070146.948616,120441880387.4674,5444487437634.999,823085349779.4476,4621402087855.552,0.023538478507369752,0.009370923864718763,0.026061761798215552,0.15117774798962216,0.00015389839232671758,125012667161.0,0.0347499287546309,dcvfm,equity,DC Dynamic Securities Fund
DCDS,2026-01,56,2025-12-26,2026-01-29,5,True,-62267698887.382706,26416891523.980087,-88684590411.36278,5694025046515.001,848852089739.9968,4845172956775.004,-0.010935620826868919,0.031120723908533435,-0.018303699620744216,0.14907768806874716,0.00012732324811136954,-63280780128.0,0.04138623518948825,dcvfm,equity,DC Dynamic Securities Fund
DCDS,2026-02,57,2026-01-30,2026-02-26,4,True,343409715864.662,30328971587.49409,313080744277.1679,5791229651054.0,898908495180.552,4892321155873.448,0.05929823829420435,0.03373977635109823,0.06399431564326079,0.15521893437897966,0.0001805793290495188,341634595488.0,0.035625736922721085,dcvfm,equity,DC Dynamic Securities Fund
DCDS,2026-03,58,2026-02-27,2026-03-26,4,True,132207663283.86145,-241273950126.38824,373481613410.2497,6344419577091.999,960646672107.5961,5383772904984.403,0.020838417396167798,-0.25115784724163875,0.06937172499688332,0.15141600589851184,0.0004413382770468737,121555705068.0,-0.12502926092230393,dcvfm,equity,DC Dynamic Securities Fund
DCDS,2026-04,59,2026-03-27,2026-04-23,4,True,119249580828.06369,-43059973569.97091,162309554398.03458,5734658173462.0,610520012086.1897,5124138161375.811,0.020794540358117456,-0.07052999527866738,0.03167548362014796,0.10646144785254395,8.808428424730452e-05,121043635122.0,0.13725275593902553,dcvfm,equity,DC Dynamic Securities Fund
DCDS,2026-05,60,2026-04-24,2026-05-28,5,True,28673395086.764015,18980894668.206303,9692500418.557705,6154144389967.001,597695591798.1012,5556448798168.899,0.00465920090102367,0.031756792134110236,0.0017443696091920835,0.09712082686465959,1.601684484338252e-05,29166051410.0,-0.0035768515152159175,dcvfm,equity,DC Dynamic Securities Fund
DCDS,2026-06,61,2026-05-29,2026-06-25,4,True,105588273325.82503,-31303024154.643024,136891297480.46805,6000434927069.001,598257967654.532,5402176959414.469,0.017596770002370667,-0.05232362266292317,0.02534002468058829,0.09970243406118558,3.091634907304864e-05,104889292227.0,-0.00032194540879026956,dcvfm,equity,DC Dynamic Securities Fund
DCDS,2026-07,62,2026-06-26,2026-07-30,5,True,119425263381.29404,-11144340859.770296,130569604241.06435,6031840742473.0,559809265414.8032,5472031477058.197,0.019799140673652925,-0.019907389084588743,0.02386126702459312,0.09280902618547693,4.540574025927966e-05,118104617607.0,-0.06355638811209441,dcvfm,equity,DC Dynamic Securities Fund
DCDS,2026-08,63,2026-07-31,2026-08-13,2,True,42149824937.6407,3155046641.059067,38994778296.581635,5734531806657.0,511014505111.8687,5223517301545.131,0.007350177199943433,0.006174084315607401,0.007465233873169497,0.0891118093579412,1.3540099458994997e-05,42306083935.0,0.012019533891990397,dcvfm,equity,DC Dynamic Securities Fund
DCIP,2021-06,1,2021-06-11,2021-06-24,2,True,-193611572.9797456,0.0,-193611572.9797456,211385625580.99997,46282826.327199996,211339342754.67276,-0.0009159164557552017,0.0,-0.0009161170393365615,0.00021894973321856775,2.501364563334875e-07,-193717301.0,0.020699246896592527,dcvfm,bond,DC Income Plus Bond Fund
DCIP,2021-07,2,2021-06-25,2021-07-29,5,True,402519201.222943,0.0,402519201.222943,211344999043.00003,46316340.033599995,211298682702.96643,0.001904559857321473,0.0,0.0019049773338567625,0.00021915039505702484,5.105607096143688e-07,402817810.0,-0.062418461716870155,dcvfm,bond,DC Income Plus Bond Fund
DCIP,2021-08,3,2021-07-30,2021-08-26,4,True,2893789087.2687473,0.0,2893789087.2687473,213150004652.00003,46623234.09279999,213103381417.90723,0.013576303186074522,0.0,0.013579273440029892,0.00021873437989794817,6.986741836566667e-07,2893907494.0,0.00581323438466308,dcvfm,bond,DC Income Plus Bond Fund
DCIP,2021-09,4,2021-08-27,2021-09-30,5,True,57600149609.57943,0.0,57600149609.57943,217077282012.0,46847984.7648,217030434027.2352,0.26534397830904893,0.0,0.26540125520990837,0.00021581247162570538,7.105738466074818e-06,57606256004.0,0.03146519921298574,dcvfm,bond,DC Income Plus Bond Fund
DCIP,2021-10,5,2021-10-01,2021-10-28,4,True,-7976166450.945086,0.0,-7976166450.945086,275800235445.0,47074575.20999999,275753160869.79,-0.028920085721013428,0.0,-0.028925022747831396,0.00017068359326831537,1.6969664028013979e-06,-7977739327.0,0.07149456805209908,dcvfm,bond,DC Income Plus Bond Fund
DCIP,2021-11,6,2021-10-29,2021-11-25,4,True,-386053927.8384914,0.0,-386053927.8384914,268742672246.0,47232994.5996,268695439251.4004,-0.001436518899704576,0.0,-0.0014367714201404308,0.00017575546973933547,8.477044982869388e-07,-385405553.0,0.043671462646295955,dcvfm,bond,DC Income Plus Bond Fund
DCIP,2021-12,7,2021-11-26,2021-12-30,5,True,-1705326810.6603823,0.0,-1705326810.6603823,269844101184.0,47494441.2884,269796606742.7116,-0.006319674223664286,0.0,-0.00632078672615274,0.00017600696505874226,2.604780241102886e-06,-1704429748.0,-0.009887993816672047,dcvfm,bond,DC Income Plus Bond Fund
DCIP,2022-01,8,2021-12-31,2022-01-27,4,True,2031407338.8444636,0.0,2031407338.8444636,271255566431.0,48042743.42559999,271207523687.5744,0.007488905630849784,0.0,0.007490232244384945,0.00017711247019817656,9.70993971546918e-07,2031402705.0,-0.010235738271970551,dcvfm,bond,DC Income Plus Bond Fund
DCIP,2022-02,9,2022-01-28,2022-02-24,4,True,1554072824.8583927,0.0,1554072824.8583927,274292670039.0,48220654.4664,274244449384.5336,0.005665746826692192,0.0,0.005666743040182154,0.00017580001120534426,8.077004649617551e-07,1554553275.0,0.016379286899290246,dcvfm,bond,DC Income Plus Bond Fund
DCIP,2022-03,10,2022-02-25,2022-03-31,5,True,951896398.7057605,0.0,951896398.7057605,277141440954.0,48447791.871199995,277092993162.1288,0.0034346952784436034,0.0,0.0034352958111387544,0.00017481251343872954,2.30632620790285e-06,948705786.0,-0.0018062012910990966,dcvfm,bond,DC Income Plus Bond Fund
DCIP,2022-04,11,2022-04-01,2022-04-28,4,True,12237763043.60928,0.0,12237763043.60928,280164586481.0,48811669.176,280115774811.824,0.043680620728413194,0.0,0.04368823230976677,0.00017422497892791413,3.1644974686714164e-06,12241389572.0,-0.09460174915390551,dcvfm,bond,DC Income Plus Bond Fund
DCIP,2022-05,12,2022-04-29,2022-05-26,4,True,7181231195.386477,0.0,7181231195.386477,293687508001.00006,49029856.33279999,293638478144.66724,0.024451946370705097,0.0,0.024456029198763562,0.0001669456650251295,1.4666549897664786e-06,7181691611.0,-0.06100711330209696,dcvfm,bond,DC Income Plus Bond Fund
DCIP,2022-06,13,2022-05-27,2022-06-30,5,True,57142810128.96072,849896343.5295002,56292913785.43122,302268103223.00006,49261369.414400004,302218841853.58563,0.18904677509688567,17.252795722748623,0.18626540105895564,0.0001629724370158142,3.2939990811943277e-06,57142606977.0,-0.05594488282081389,dcvfm,bond,DC Income Plus Bond Fund
DCIP,2022-08,15,2022-07-29,2022-08-25,4,True,298455618038.70685,0.0,298455618038.70685,465255360989.0,910066530.4848,464345294458.5152,0.641487757184088,0.0,0.6427450037729865,0.0019560581280573717,9.198437783513853e-06,298434133032.0,0.06684766413932453,dcvfm,bond,DC Income Plus Bond Fund
DCIP,2022-09,16,2022-08-26,2022-09-29,5,True,244765959556.08057,0.0,244765959556.08057,766456653357.0,914341523.5968001,765542311833.4032,0.3193474262165137,0.0,0.31972884551591757,0.001192946162828752,1.2624038748518801e-05,244742987122.0,-0.12631897461361785,dcvfm,bond,DC Income Plus Bond Fund
DCIP,2022-10,17,2022-09-30,2022-10-27,4,True,-255496978998.51996,0.0,-255496978998.51996,1015498379035.9999,918798237.9888,1014579580798.0111,-0.2515976236624426,0.0,-0.2518254692229864,0.0009047756815338336,1.4085453623020697e-05,-255539818776.0,-0.08708162014794785,dcvfm,bond,DC Income Plus Bond Fund
DCIP,2022-11,18,2022-10-28,2022-11-24,4,True,-376670226969.4457,0.0,-376670226969.4457,764389742660.0001,923029617.9936,763466713042.0065,-0.49277247711183414,0.0,-0.4933682379793826,0.0012075379436431851,0.00016325112329106318,-376922722203.0,-0.07811208062178354,dcvfm,bond,DC Income Plus Bond Fund
DCIP,2022-12,19,2022-11-25,2022-12-29,5,True,-82178118461.34901,0.0,-82178118461.34901,377271364045.0,899566674.9264001,376371797370.0736,-0.2178223058868232,0.0,-0.21834292323594603,0.0023844022119290822,2.0061438200882145e-05,-82141597773.0,0.06497768304650164,dcvfm,bond,DC Income Plus Bond Fund
DCIP,2023-01,20,2022-12-30,2023-01-26,3,True,-3934333491.8174224,0.0,-3934333491.8174224,296494190049.0,903642683.2368001,295590547365.7632,-0.01326951294110423,0.0,-0.013310078846834996,0.003047758484196469,2.797995748164462e-06,-3936117632.0,0.09788068840472053,dcvfm,bond,DC Income Plus Bond Fund
DCIP,2023-03,22,2023-02-24,2023-03-30,5,True,133785929.17470247,-100066511.88729995,233852441.06200242,290856048765.0,905148244.0416,289950900520.9584,0.0004599729995053193,-0.11055262223179098,0.000806524279254994,0.0031120145098750326,1.0248396071905963e-06,133259684.0,0.005485640529202973,dcvfm,bond,DC Income Plus Bond Fund
DCIP,2023-04,23,2023-03-31,2023-04-27,4,True,-926064993.7291474,0.0,-926064993.7291474,293175370965.0,811655084.9176,292363715880.0824,-0.0031587407587511957,0.0,-0.003167510000143067,0.002768496829204993,3.982140839049214e-07,-925755407.0,-0.018698557728610843,dcvfm,bond,DC Income Plus Bond Fund
DCIP,2023-05,24,2023-04-28,2023-05-25,4,True,583126074.203682,-250187252.31555006,833313326.519232,294178832195.0,817002837.4827001,293361829357.5173,0.0019822162929015565,-0.30622568348282847,0.002840564937654793,0.0027772319013801097,9.352223103077157e-07,582316543.0,0.024047016727104964,dcvfm,bond,DC Income Plus Bond Fund
DCIP,2023-06,25,2023-05-26,2023-06-29,5,True,-10188170191.0712,-522775196.2626,-9665394994.8086,296637572946.0,571823220.98,296065749725.02,-0.03434551493220941,-0.9142251959734327,-0.03264610987182957,0.0019276830487151232,4.744507578222897e-06,-10194628609.0,0.057071470839634486,dcvfm,bond,DC Income Plus Bond Fund
DCIP,2023-07,26,2023-06-30,2023-07-27,4,True,483745288.1393256,0.0,483745288.1393256,288801805880.0,50968629.22039999,288750837250.7796,0.0016750078368288548,0.0,0.0016753034995330375,0.00017648306964388567,5.212846700035078e-07,483907249.0,0.06392450617119372,dcvfm,bond,DC Income Plus Bond Fund
DCIP,2023-08,27,2023-07-28,2023-08-24,4,True,121547391648.24933,341010821.2628,121206380826.98653,291530282309.00006,51364727.41799999,291478917581.58203,0.4169288716271961,6.63900770829941,0.415832410222472,0.0001761900239356859,9.036051359910588e-06,121543909249.0,-0.00663142157968144,dcvfm,bond,DC Income Plus Bond Fund
DCIP,2023-09,28,2023-08-25,2023-09-28,5,True,73566529655.639,99935003.52720001,73466594652.11182,415156694266.0,393229383.9784,414763464882.0216,0.17720183890014143,0.2541392062722592,0.17712889603959983,0.0009471830501821302,2.6899971126192345e-05,73537628717.0,-0.031074752604275946,dcvfm,bond,DC Income Plus Bond Fund
DCIP,2023-10,29,2023-09-29,2023-10-26,4,True,117171004885.73839,0.0,117171004885.73839,491629453183.0,496077780.30460006,491133375402.6954,0.23833194721578985,0.0,0.23857267853089045,0.001009048129831929,2.1583680782550023e-05,117208409274.0,-0.08415261664482898,dcvfm,bond,DC Income Plus Bond Fund
DCIP,2023-11,30,2023-10-27,2023-11-30,5,True,500995991471.2477,-234971738.01425007,501230963209.2619,611596239945.0,498627490.7937,611097612454.2063,0.8191613334907055,-0.4712370303535195,0.8202142390906862,0.0008152886794047996,3.9471323598138406e-05,501154199693.0,0.0366478753138475,dcvfm,bond,DC Income Plus Bond Fund
DCIP,2023-12,31,2023-12-01,2023-12-28,4,True,333137590969.8152,93239702.60044995,333044351267.2148,1120115101686.0002,266680615.8534,1119848421070.1467,0.2974137126339745,0.34963059576743216,0.2974012777094884,0.00023808322506498807,1.0851402172449577e-05,333177517335.0,0.03180609251185862,dcvfm,bond,DC Income Plus Bond Fund
DCIP,2024-01,32,2023-12-29,2024-01-25,4,True,661755346057.1868,0.0,661755346057.1868,1459851078077.0,361820130.798,1459489257946.202,0.45330332387663064,0.0,0.4534157017287068,0.0002478472881457267,2.563019183730888e-05,661582483404.0,0.03670732463483106,dcvfm,bond,DC Income Plus Bond Fund
DCIP,2024-02,33,2024-01-26,2024-02-29,5,True,109301083287.27975,-357486562.68479997,109658569849.96457,2130508923675.0,363609810.7265,2130145313864.2734,0.051302804730215326,-0.983159838208255,0.05147938459232819,0.0001706680533866504,9.579774744880648e-06,109196071647.0,0.07037090834522419,dcvfm,bond,DC Income Plus Bond Fund
DCIP,2024-03,34,2024-03-01,2024-03-28,4,True,131898831231.40694,2989019710.0724506,128909811521.33449,2248982381258.0,6176673.6122,2248976204584.3877,0.058648227896577594,483.9206177526718,0.05731933101762502,2.746430413894568e-06,7.144069820014602e-06,131833080786.0,0.029894709953461662,dcvfm,bond,DC Income Plus Bond Fund
DCIP,2024-04,35,2024-03-29,2024-04-25,4,True,-350447558228.5224,-1200715097.9594502,-349246843130.563,2388752039677.0,3002867938.5480003,2385749171738.452,-0.14670738210061723,-0.39985611173431795,-0.14638875170438523,0.0012570864990047437,6.845070543267239e-06,-350469014340.0,-0.06604504797780153,dcvfm,bond,DC Income Plus Bond Fund
DCIP,2024-05,36,2024-04-26,2024-05-30,5,True,-178932352970.96707,237652581.23349988,-179170005552.2006,2046463731856.0002,1811854952.3293998,2044651876903.671,-0.08743490059737725,0.13116534572922814,-0.08762861178281733,0.0008853589360639064,1.1230456445774351e-05,-178825381158.0,0.05091413064225714,dcvfm,bond,DC Income Plus Bond Fund
DCIP,2024-06,37,2024-05-31,2024-06-27,4,True,-218502771109.0926,0.0,-218502771109.0926,1878154001010.0,2060957581.7438998,1876093043428.256,-0.11633911329507063,0.0,-0.1164669161129739,0.0010973315184141423,8.812301682134374e-06,-218507986284.0,-0.0057094573251627034,dcvfm,bond,DC Income Plus Bond Fund
DCIP,2024-07,38,2024-06-28,2024-07-25,4,True,60157894795.14047,399795275.8274503,59758099519.313034,1669720628040.9998,2072799653.3432999,1667647828387.6565,0.03602871868794048,0.19287695035195745,0.03583376448077132,0.0012414050701255411,6.873488231832638e-06,60160995416.0,-0.020570411964196178,dcvfm,bond,DC Income Plus Bond Fund
DCIP,2024-08,39,2024-07-26,2024-08-29,5,True,-384460697054.1476,336824674.48519975,-384797521728.6328,1734713770166.0,2479257277.7024,1732234512888.2976,-0.22162774266636356,0.13585708813461464,-0.222139392135207,0.0014292025118732715,8.749389847632944e-06,-384507191482.0,0.03915049586843922,dcvfm,bond,DC Income Plus Bond Fund
DCIP,2024-09,40,2024-08-30,2024-09-26,4,True,-224080821352.1905,249527611.50090003,-224330348963.69138,1356975004119.0002,2827052175.7404,1354147951943.2598,-0.1651326079493058,0.08826423991822832,-0.16566162408012197,0.0020833487478834067,4.083292088786117e-05,-224123757441.0,0.007819145200433919,dcvfm,bond,DC Income Plus Bond Fund
DCIP,2024-10,41,2024-09-27,2024-10-31,5,True,60001719735.980194,-902755661.0449001,60904475397.0251,1138185159806.0,3089002821.2924,1135096156984.7075,0.05271701112867022,-0.2922482474998836,0.05365578503834687,0.0027139721465169256,1.4305251835694093e-05,60009140640.0,-0.020913828213923402,dcvfm,bond,DC Income Plus Bond Fund
DCIP,2024-11,42,2024-11-01,2024-11-28,4,True,-91010856499.61984,-195328471.3167497,-90815528028.30309,1204691095638.0002,2199210661.6548,1202491884976.3455,-0.07554704839203681,-0.08881753563788856,-0.07552277829308557,0.0018255390694077518,6.497048149612246e-06,-90982250028.0,-0.017691066683537926,dcvfm,bond,DC Income Plus Bond Fund
DCIP,2024-12,43,2024-11-29,2024-12-26,4,True,-142941249582.04004,2760804881.7032003,-145702054463.74323,1118935715689.0,2011860876.4875,1116923854812.5125,-0.12774750825968764,1.372264312094621,-0.13044940694565152,0.0017980129227072434,7.295787995526679e-06,-142948824028.0,0.02476431233948695,dcvfm,bond,DC Income Plus Bond Fund
DCIP,2025-01,44,2024-12-27,2025-01-23,4,True,167604080875.62354,7379994943.224549,160224085932.399,979892625923.9999,4785026765.0095005,975107599158.9904,0.1710433127482509,1.542310065471472,0.1643142624163619,0.004883215403827955,1.3180642615900238e-05,167548642456.0,-0.010401690667546148,dcvfm,bond,DC Income Plus Bond Fund
DCIP,2025-02,45,2025-01-24,2025-02-27,5,True,46582243806.37292,7421145925.9723,39161097880.400604,1151691363046.0002,12203871253.1088,1139487491792.8914,0.04044681179441332,0.608097690647289,0.03436729070082532,0.010596477185373631,1.5904114160813268e-05,46653174913.0,0.03824138834419588,dcvfm,bond,DC Income Plus Bond Fund
DCIP,2025-03,46,2025-02-28,2025-03-27,4,True,-11493303905.526398,13056346489.107502,-24549650394.63391,1204801838985.0,19711295826.376,1185090543158.624,-0.0095395803140615,0.6623789021336992,-0.02071542173410791,0.016360612333545257,1.5920930736605917e-05,-11468531495.0,0.012241933017281159,dcvfm,bond,DC Income Plus Bond Fund
DCIP,2025-04,47,2025-03-28,2025-04-24,4,True,-101102209868.29628,3063131565.8005,-104165341434.09677,1197553442583.0,32846210972.049004,1164707231610.951,-0.08442396495494112,0.09325677072485224,-0.08943478550401178,0.02742776213911848,1.419475869434993e-05,-101134158173.0,-0.07588702306222184,dcvfm,bond,DC Income Plus Bond Fund
DCIP,2025-05,48,2025-04-25,2025-05-29,5,True,149590002845.88184,13439343523.29855,136150659322.58328,1102356130695.0,36083584387.858,1066272546307.142,0.1357002502916822,0.3724503469178866,0.12768842243394382,0.03273314619759811,9.009996222397725e-06,149639388915.0,0.09687333960027789,dcvfm,bond,DC Income Plus Bond Fund
DCIP,2025-06,49,2025-05-30,2025-06-26,4,True,214879856394.69983,28131111399.42655,186748744995.27332,1257625568438.0,49729539655.431404,1207896028782.5686,0.17086155194950878,0.5656821196082418,0.15460663877129913,0.03954240507148454,4.7878126300663595e-06,214885988725.0,0.017744026947670077,dcvfm,bond,DC Income Plus Bond Fund
DCIP,2025-07,50,2025-06-27,2025-07-31,5,True,370105961900.3403,-1475908422.1299496,371581870322.4702,1477559622123.0,78099449299.60591,1399460172823.394,0.250484620964778,-0.018897808311913372,0.2655180029688221,0.05285705438227283,3.213544120950063e-05,370249947475.0,0.1002072242928378,dcvfm,bond,DC Income Plus Bond Fund
DCIP,2025-08,51,2025-08-01,2025-08-28,4,True,57773595587.429276,22459520228.225388,35314075359.20387,1855526544015.0,77019959338.04211,1778506584676.958,0.03113595748537146,0.29160649293061963,0.019856027334089518,0.041508411499943214,9.907850123027077e-06,57696984046.0,0.11869392753507468,dcvfm,bond,DC Income Plus Bond Fund
DCIP,2025-09,52,2025-08-29,2025-09-25,4,True,76536278028.03458,7378363512.17435,69157914515.86023,1920670572022.9998,99823024667.37929,1820847547355.6204,0.03984872738869561,0.07391444545744656,0.0379811668562241,0.05197300678285392,1.533114481822094e-05,76606139266.0,-0.008787168473281315,dcvfm,bond,DC Income Plus Bond Fund
DCIP,2025-10,53,2025-09-26,2025-10-30,5,True,-93301488324.34238,25292474624.884613,-118593962949.22697,2005102512306.0,107607286871.44379,1897495225434.5562,-0.04653202903677953,0.23504425546107313,-0.06250026949188613,0.053666725871131804,8.660898771562005e-06,-93252237638.0,0.0020887226980539353,dcvfm,bond,DC Income Plus Bond Fund
DCIP,2025-11,54,2025-10-31,2025-11-27,4,True,-120346048317.33461,21629041512.45214,-141975089829.78674,1922529251425.0,133541372821.81282,1788987878603.1873,-0.06259777229820185,0.16196509782262195,-0.07936056556215383,0.06946129569827376,3.4780996825937173e-06,-120336327308.0,0.008834610109189844,dcvfm,bond,DC Income Plus Bond Fund
DCIP,2025-12,55,2025-11-28,2025-12-25,4,True,-259426480489.71973,7032438191.997049,-266458918681.71677,1810132682787.0002,155747409023.664,1654385273763.3362,-0.1433190411712193,0.04515284225966515,-0.16106219204646666,0.08604198493552692,1.2597205690532964e-05,-259406911262.0,0.0347499287546309,dcvfm,bond,DC Income Plus Bond Fund
DCIP,2026-01,56,2025-12-26,2026-01-29,5,True,-336010171927.15137,19670037972.527115,-355680209899.67847,1559093838876.9998,163543860046.3104,1395549978830.6895,-0.2155163233594562,0.12027377834274665,-0.25486741090971005,0.10489673935477127,3.49610143276384e-05,-335787174345.0,0.04138623518948825,dcvfm,bond,DC Income Plus Bond Fund
DCIP,2026-02,57,2026-01-30,2026-02-26,4,True,-105646828189.449,8679478737.14849,-114326306926.59749,1232052897747.0,184474826602.73883,1047578071144.2611,-0.08574861386442144,0.04704966469945244,-0.10913392526603748,0.14972963169039227,1.9779045735940288e-05,-105620505327.0,0.035625736922721085,dcvfm,bond,DC Income Plus Bond Fund
DCIP,2026-03,58,2026-02-27,2026-03-26,4,True,-166714246563.72836,-16807437834.934002,-149906808728.79437,1132427894910.0,194200047799.92,938227847110.08,-0.14721842098121224,-0.08654703243044683,-0.1597765502170244,0.1714899894931978,2.205839495717794e-05,-166689071246.0,-0.12502926092230393,dcvfm,bond,DC Income Plus Bond Fund
DCIP,2026-04,59,2026-03-27,2026-04-23,4,True,-139054619173.65546,21425479830.596443,-160480099004.2519,968181356119.9999,177869156840.1648,790312199279.8351,-0.14362455783172562,0.12045640858268428,-0.20305911910570018,0.18371470976571774,1.1297578589240624e-05,-139074124343.0,0.13725275593902553,dcvfm,bond,DC Income Plus Bond Fund
DCIP,2026-05,60,2026-04-24,2026-05-28,5,True,-60190354907.79994,15054169836.852724,-75244524744.65266,832024074343.0,199923841514.3458,632100232828.6542,-0.07234208331691447,0.07529952267234967,-0.11903891319250548,0.24028612594198526,2.5703577004661693e-05,-60224500002.0,-0.0035768515152159175,dcvfm,bond,DC Income Plus Bond Fund
DCIP,2026-06,61,2026-05-29,2026-06-25,4,True,-35300650442.90123,43172530291.70893,-78473180734.61015,777668458976.0,216458125754.2264,561210333221.7736,-0.04539293067046025,0.19944980185557193,-0.13982846731298496,0.2783424263332591,2.9188695531698853e-06,-35305869239.0,-0.00032194540879026956,dcvfm,bond,DC Income Plus Bond Fund
DCIP,2026-07,62,2026-06-26,2026-07-30,5,True,-172060856956.0696,-58597375692.260956,-113463481263.80867,745735353635.0,260722816857.0369,485012536777.9631,-0.23072643145772698,-0.22474970314697035,-0.2339392750908454,0.34961842104732455,1.9550778112856263e-05,-172089836706.0,-0.06355638811209441,dcvfm,bond,DC Income Plus Bond Fund
DCIP,2026-08,63,2026-07-31,2026-08-13,2,True,2871092642.345852,3377825572.51367,-506732930.16781807,577126823165.0,203303995612.6454,373822827552.3547,0.004974803677639862,0.016614654140636925,-0.0013555430348802043,0.35226918495611315,5.221444237517631e-06,2865116522.0,0.012019533891990397,dcvfm,bond,DC Income Plus Bond Fund
SSI-EF,2025-10,1,2025-10-16,2025-10-29,2,True,2948965389.0860944,0.0,2948965389.0860944,72813939367.0,1316916480.0,71497022887.0,0.04050001160111102,0.0,0.04124598857419408,0.01808604906489704,7.910959851520906e-05,2937433184.0,-0.04585561875654409,ssiam,equity,SSI Enhanced Fund
SSI-EF,2026-04,7,2026-03-26,2026-04-22,4,True,3456637756.5149364,0.0,3456637756.5149364,85004403368.0,0.0,85004403368.0,0.04066421996458823,,0.04066421996458823,0.0,6.247489824678271e-05,3473211938.0,0.12007671014781174,ssiam,equity,SSI Enhanced Fund
SSI-EF,2026-06,9,2026-05-27,2026-06-24,4,True,-978990861.7816684,0.0,-978990861.7816684,93119611956.0,0.0,93119611956.0,-0.010513261827640046,,-0.010513261827640046,0.0,8.58365558656624e-06,-978602401.0,0.0019152489023328556,ssiam,equity,SSI Enhanced Fund
SSI-EF,2026-07,10,2026-06-25,2026-07-29,5,True,345154533.5889981,0.0,345154533.5889981,91393372809.0,0.0,91393372809.0,0.00377658163803983,,0.00377658163803983,0.0,5.488557848520048e-06,345269190.0,-0.09229933653528677,ssiam,equity,SSI Enhanced Fund
SSI-SCA,2021-07,1,2021-07-08,2021-07-28,3,True,1750794594.7146177,1100089860.2640564,650704734.4505625,582608098277.0,323878866979.92834,258729231297.07166,0.003005098281147142,0.0033966089560645276,0.002515002774090982,0.5559120581017751,3.725565617109798e-05,1768858765.0,-0.0710056158524166,ssiam,equity,SSI Sustainable Competitive Advantage Fund
SSI-SCA,2021-08,2,2021-07-29,2021-08-25,4,True,4898428340.364365,2038695403.8729568,2859732936.491409,573819857111.0,319134901906.9344,254684955204.06558,0.008536526367397582,0.006388193180034811,0.011228511453297492,0.5561586932764524,3.877184702702355e-05,4991450984.0,0.025433218226095455,ssiam,equity,SSI Sustainable Competitive Advantage Fund
SSI-SCA,2021-09,3,2021-08-26,2021-09-29,5,True,37245062205.810234,3227826266.2369704,34017235939.57326,593972566462.0001,329680907686.95,264291658775.0501,0.0627050209198391,0.009790758854928801,0.1287109706649001,0.5550439974874524,9.122732642640588e-05,37048787172.0,0.022649001565423266,ssiam,equity,SSI Sustainable Competitive Advantage Fund
SSI-SCA,2021-10,4,2021-09-30,2021-10-27,4,True,18665114716.386063,4082185511.9030485,14582929204.483013,654825506580.0,345631320344.8468,309194186235.1532,0.02850395186019796,0.011810809008368017,0.04716430597240329,0.5278220180365272,3.965074170997949e-05,18556930376.0,0.06258167128381653,ssiam,equity,SSI Sustainable Competitive Advantage Fund
SSI-SCA,2021-11,5,2021-10-28,2021-11-24,4,True,19568889413.111626,5067042105.019251,14501847308.092377,704487732491.0,365991041941.7616,338496690549.23834,0.02777747363168119,0.01384471619342406,0.04284191755187312,0.5195137190645647,3.4520135483453695e-05,19564204519.0,0.04627482396593163,ssiam,equity,SSI Sustainable Competitive Advantage Fund
SSI-SCA,2021-12,6,2021-11-25,2021-12-29,5,True,-51736879379.35806,-49956536587.317505,-1780342792.0405698,745466366824.0,382147163617.23846,363319203206.76154,-0.06940203030188861,-0.13072591227539335,-0.004900216603820397,0.5126283097725065,0.00011302470680382133,-52146279649.0,-0.002048533451543544,ssiam,equity,SSI Sustainable Competitive Advantage Fund
SSI-SCA,2022-01,7,2021-12-30,2022-01-26,4,True,-36706110964.28181,-30432584358.00702,-6273526606.274785,676145048744.0,323072011803.07196,353073036940.92804,-0.05428733232975187,-0.09419752639098045,-0.01776835371125889,0.47781465294052977,0.00025292843331359586,-36071243875.0,-0.0028536431061635392,ssiam,equity,SSI Sustainable Competitive Advantage Fund
SSI-SCA,2022-02,8,2022-01-27,2022-02-23,4,True,-6032923132.207517,-1709989070.4410315,-4322934061.766485,630921089275.0,288335712493.19763,342585376781.8024,-0.009562088246471569,-0.005930548996705961,-0.012618559794861952,0.45700756781569646,4.3751312519284445e-06,-6036232030.0,0.0207346211476942,ssiam,equity,SSI Sustainable Competitive Advantage Fund
SSI-SCA,2022-03,9,2022-02-24,2022-03-30,5,True,-12728021696.875679,335362955.52454406,-13063384652.400223,645795624102.0,296171864114.0815,349623759987.91846,-0.01970905534483051,0.0011323255047460102,-0.037364121514085996,0.45861547068535524,3.181720958514231e-05,-12641238644.0,-0.01440851682867128,ssiam,equity,SSI Sustainable Competitive Advantage Fund
SSI-SCA,2022-04,10,2022-03-31,2022-04-27,4,True,-4060214193.328538,-11995861398.363071,7935647205.034533,655203487824.0,306833239052.46545,348370248771.53455,-0.006196875121670884,-0.03909570369692541,0.022779348216497176,0.4683022064969328,0.0001232560854935307,-3738370141.0,-0.09174041100026153,ssiam,equity,SSI Sustainable Competitive Advantage Fund
SSI-SCA,2022-05,11,2022-04-28,2022-05-25,4,True,-10376372177.261618,-2507659573.1956916,-7868712604.065926,601073526455.0,272081014516.8161,328992511938.18396,-0.017263066364707806,-0.009216591527523521,-0.023917603953078473,0.4526584561484355,0.00026634328027274224,-9755947292.0,-0.06303877320371953,ssiam,equity,SSI Sustainable Competitive Advantage Fund
SSI-SCA,2022-06,12,2022-05-26,2022-06-29,5,True,4996281364.779509,3249360447.762478,1746920917.0170314,556450851098.0,254018017932.3882,302432833165.6118,0.008978836774030888,0.012791850256178905,0.005776227728754635,0.45649677313127435,6.996846443986647e-05,5133453592.0,-0.039686856980676755,ssiam,equity,SSI Sustainable Competitive Advantage Fund
SSI-SCA,2022-07,13,2022-06-30,2022-07-27,4,True,-6143749951.502947,3173481201.0793066,-9317231152.582254,558450341342.0,255812592266.95428,302637749075.0458,-0.011001425725229271,0.012405492524651044,-0.030786744816397107,0.45807580966324873,1.53792421461178e-05,-6144439450.0,-0.02220689768407913,ssiam,equity,SSI Sustainable Competitive Advantage Fund
SSI-SCA,2022-08,14,2022-07-28,2022-08-31,5,True,1156805661.2375727,2105584063.7817862,-948778402.5442141,530689392947.9999,249074253376.4744,281615139571.5255,0.0021798168130165046,0.008453639969761175,-0.0033690603565837067,0.4693409302810018,1.4538209664963285e-05,1166531117.0,0.07511922353573364,ssiam,equity,SSI Sustainable Competitive Advantage Fund
SSI-SCA,2022-09,15,2022-09-01,2022-09-28,4,True,-7310884083.319941,-4002580569.8806696,-3308303513.43927,574598777337.0,271297664591.382,303301112745.618,-0.012723459171289073,-0.014753464892184756,-0.010907653728965976,0.47215148255052225,6.318167042249422e-05,-7414397064.0,-0.10690271844811827,ssiam,equity,SSI Sustainable Competitive Advantage Fund
SSI-SCA,2022-10,16,2022-09-29,2022-10-26,4,True,-12437212615.96289,-3370523996.98605,-9066688618.976843,513839324299.00006,242029753772.55313,271809570526.44693,-0.02420447799111177,-0.013926072908182568,-0.033356767392024776,0.47102224825384803,0.00015016017288729442,-12408520774.0,-0.1313897973102951,ssiam,equity,SSI Sustainable Competitive Advantage Fund
SSI-SCA,2022-11,17,2022-10-27,2022-11-30,5,True,-1434376184.8075762,9657186757.651682,-11091562942.459255,421796474275.0,200783148872.9715,221013325402.02853,-0.0034006357859511205,0.04809759589815701,-0.05018504165883861,0.4760190307851323,0.00013770601771178045,-1236053344.0,0.05542804220020958,ssiam,equity,SSI Sustainable Competitive Advantage Fund
SSI-SCA,2022-12,18,2022-12-01,2022-12-28,4,True,-6599635039.648211,1487457756.956498,-8087092796.604709,423630477780.0,212446088974.09357,211184388805.90643,-0.015578754093031843,0.0070015775020357465,-0.038293989637829366,0.501489151789549,6.179663281355725e-05,-6647457891.0,-0.031247019324316505,ssiam,equity,SSI Sustainable Competitive Advantage Fund
SSI-SCA,2023-01,19,2022-12-29,2023-01-25,4,True,-309474210.84995735,2971330623.3128567,-3280804834.162814,428339532997.0,219567184640.14496,208772348356.85507,-0.0007224974278807108,0.013532671688543335,-0.015714747953857026,0.512600793823256,2.3836070706432117e-05,-349905405.0,0.09099501801784093,ssiam,equity,SSI Sustainable Competitive Advantage Fund
SSI-SCA,2023-02,20,2023-01-26,2023-02-22,4,True,-612532360.1740781,1457645395.2614465,-2070177755.4355245,466166500416.0,242225584167.5044,223940916248.49557,-0.0013139776445271452,0.006017718567058764,-0.00924430331944501,0.5196117351876334,1.3963153398813253e-05,-616217957.0,-0.04855245108656381,ssiam,equity,SSI Sustainable Competitive Advantage Fund
SSI-SCA,2023-03,21,2023-02-23,2023-03-29,5,True,-7179887825.231249,-1199961960.7705257,-5979925864.460722,455472509609.0,238436718446.32217,217035791162.6778,-0.015763603013922437,-0.005032622360304233,-0.027552717606740294,0.5234931053270547,1.8896295325972017e-05,-7157483392.0,0.0019444549834959357,ssiam,equity,SSI Sustainable Competitive Advantage Fund
SSI-SCA,2023-04,22,2023-03-30,2023-04-26,4,True,-1284362626.186379,5343911329.13937,-6628273955.325748,435834354627.00006,230700029170.58652,205134325456.41354,-0.0029469054298979585,0.023163895333484858,-0.032311871455828624,0.5293296104847596,2.9752220467727505e-05,-1315181140.0,-0.014701845067355612,ssiam,equity,SSI Sustainable Competitive Advantage Fund
SSI-SCA,2023-05,23,2023-04-27,2023-05-31,5,True,6809859584.995114,10626690403.6317,-3816830818.636587,441219778787.0,239533696795.2274,201686081991.77264,0.015434166627155198,0.044364072970978476,-0.018924611856916764,0.5428897531605511,3.5766062022045224e-05,6733070867.0,0.033022674865488266,ssiam,equity,SSI Sustainable Competitive Advantage Fund
SSI-SCA,2023-06,24,2023-06-01,2023-06-28,4,True,17908261480.41198,20457024769.5938,-2548763289.181819,471308384185.0,263059852284.20398,208248531900.79602,0.03799690835413306,0.07776566660385899,-0.01223904565337335,0.558148043003934,6.830996864219076e-05,18038739108.0,0.058762800301347395,ssiam,equity,SSI Sustainable Competitive Advantage Fund
SSI-SCA,2023-07,25,2023-06-29,2023-07-26,4,True,17807777874.97151,19968480463.89581,-2160702588.9242935,519227274791.0,300565121455.2096,218662153335.7904,0.03429669191037686,0.06643645266362526,-0.009881465795345901,0.578870055653747,8.040175655317683e-05,17974481956.0,0.05489524311503513,ssiam,equity,SSI Sustainable Competitive Advantage Fund
SSI-SCA,2023-08,26,2023-07-27,2023-08-30,5,True,-8898656271.76859,-7242550525.964724,-1656105745.803867,572228370388.0,341352949519.1101,230875420868.88986,-0.015550882710926842,-0.021217190407078233,-0.00717315745249617,0.5965327257151816,1.66340617106689e-05,-8946449365.0,0.010259485027147797,ssiam,equity,SSI Sustainable Competitive Advantage Fund
SSI-SCA,2023-09,27,2023-08-31,2023-09-27,4,True,-7493259173.348642,-3475963767.382909,-4017295405.9657335,590984121192.0,350531046073.3767,240453075118.62323,-0.012679290195200048,-0.009916279331946207,-0.016707190806288807,0.5931310732450213,2.5915079949680182e-05,-7440154006.0,-0.04888885225361861,ssiam,equity,SSI Sustainable Competitive Advantage Fund
SSI-SCA,2023-10,28,2023-09-28,2023-10-25,4,True,-6859516370.276946,-4848712542.317686,-2010803827.95926,576850959532.0,343086273242.3665,233764686289.63345,-0.011891314830856972,-0.014132633452497264,-0.00860182887276602,0.5947572203411309,2.2427355079906535e-05,-6873605808.0,-0.04523118256272418,ssiam,equity,SSI Sustainable Competitive Advantage Fund
SSI-SCA,2023-11,29,2023-10-26,2023-11-29,5,True,-3801966057.537549,-2867029142.71574,-934936914.821809,539356007201.0,320072822707.8165,219283184493.1835,-0.007049084476258893,-0.008957427620566687,-0.004263605150493753,0.5934351679308099,2.3024591098200004e-05,-3753071902.0,0.0010348020260333435,ssiam,equity,SSI Sustainable Competitive Advantage Fund
SSI-SCA,2023-12,30,2023-11-30,2023-12-27,4,True,-114496794076.73224,-123961578553.04349,9464784476.311249,535569415259.9999,317197569653.78674,218371845606.21317,-0.213785161763108,-0.39080242225167255,0.0433425126304009,0.5922622924608169,0.00035964029329328814,-114774942398.0,0.017401160681900674,ssiam,equity,SSI Sustainable Competitive Advantage Fund
SSI-SCA,2024-01,31,2023-12-28,2024-01-31,5,True,20189334984.496162,17480832497.80215,2708502486.6940126,438218536618.0,202233450323.718,235985086294.282,0.046071385159353564,0.08643887779108912,0.011477430753045179,0.4614899494769824,4.462485232592788e-05,20138731935.0,0.03771869624506441,ssiam,equity,SSI Sustainable Competitive Advantage Fund
SSI-SCA,2024-04,34,2024-03-28,2024-04-24,4,True,11094283911.09563,-915167184.611488,12009451095.707119,564408436701.9999,261441528205.7908,302966908496.2091,0.019656481352268065,-0.0035004660158317476,0.039639481273108707,0.46321335969651434,7.967158828904853e-05,11041953652.0,-0.06038547568759778,ssiam,equity,SSI Sustainable Competitive Advantage Fund
SSI-SCA,2024-05,35,2024-04-25,2024-05-29,5,True,12934795488.250423,-1914656296.9822037,14849451785.232628,559329360286.0,253027313347.49762,306302046938.5024,0.023125543564594068,-0.007566994533719335,0.0484797667323915,0.4523762407503837,4.177121045671854e-06,12923426279.0,0.05559841076301675,ssiam,equity,SSI Sustainable Competitive Advantage Fund
SSI-SCA,2024-06,36,2024-05-30,2024-06-26,4,True,28739626215.763004,-4036820262.697694,32776446478.460697,619791262979.0,272475070745.27997,347316192233.72003,0.04636984728959752,-0.01481537467503391,0.09437062599259521,0.4396239298947847,5.329161658923444e-05,28710382263.0,-0.008957757103344122,ssiam,equity,SSI Sustainable Competitive Advantage Fund
SSI-SCA,2024-07,37,2024-06-27,2024-07-31,5,True,23971377719.160778,-237384576.44643843,24208762295.607216,667236920687.0,276647061206.4624,390589859480.53766,0.035926335872540426,-0.000858077347401416,0.06198000718145498,0.41461593720206796,7.192479499640272e-05,23836375226.0,-0.007714630046620763,ssiam,equity,SSI Sustainable Competitive Advantage Fund
SSI-SCA,2024-08,38,2024-08-01,2024-08-28,4,True,18663687053.810715,6164425966.64608,12499261087.164637,684028296539.0,273539318976.4002,410488977562.59985,0.027284963426577487,0.02253579481631275,0.03044968749558809,0.39989474172404255,2.8220993950395894e-05,18655608663.0,0.023915110546459895,ssiam,equity,SSI Sustainable Competitive Advantage Fund
SSI-SCA,2024-09,39,2024-08-29,2024-09-25,4,True,8036600817.540474,161983434.6048485,7874617382.935627,715637419839.9999,284787264232.33234,430850155607.66754,0.011229989649419497,0.0005687874949095363,0.018276928255554024,0.3979490959206748,3.787786575198634e-05,7947814967.0,0.004713447371706758,ssiam,equity,SSI Sustainable Competitive Advantage Fund
SSI-SCA,2024-10,40,2024-09-26,2024-10-30,5,True,18263357551.395947,2693975017.205487,15569382534.19046,735806008596.0,289669978135.34686,446136030460.6531,0.024820886671263354,0.00930015265837021,0.03489828543575478,0.3936771034094564,3.45519314224124e-05,18274561276.0,-0.02240811507751539,ssiam,equity,SSI Sustainable Competitive Advantage Fund
SSI-SCA,2024-11,41,2024-10-31,2024-11-27,4,True,34434943191.362526,-1469043014.2983499,35903986205.66087,738600563692.0,286251830868.49896,452348732823.501,0.046621875048719924,-0.005131995173065679,0.07937235942179596,0.3875597243490155,5.110937934824403e-05,34324447914.0,-0.013236614414085301,ssiam,equity,SSI Sustainable Competitive Advantage Fund
SSI-SCA,2024-12,42,2024-11-28,2024-12-25,4,True,-5463710771.515451,-11761303842.158745,6297593070.643293,769633406940.0,283419492799.1429,486213914140.8571,-0.007099108123747801,-0.04149786497040232,0.012952309441351915,0.36825258654766013,3.082170695779162e-05,-5384071006.0,0.02582187975555006,ssiam,equity,SSI Sustainable Competitive Advantage Fund
SSI-SCA,2025-01,43,2024-12-26,2025-01-22,4,True,17398488863.560127,-8585152306.03424,25983641169.594368,796679211830.0,283376304811.4184,513302907018.58167,0.02183876346364704,-0.030295942745627576,0.050620483177302084,0.3556968734762052,5.1189311045023506e-05,17237511862.0,-0.024732347493014117,ssiam,equity,SSI Sustainable Competitive Advantage Fund
SSI-SCA,2025-03,45,2025-02-27,2025-03-26,4,True,30425787412.824303,-466773159.7186315,30892560572.54293,846767622044.0,276616249830.351,570151372213.649,0.03593168494017277,-0.0016874394038849992,0.054183085542003684,0.3266731540379769,5.159444033742836e-05,30552659850.0,0.0177518880088412,ssiam,equity,SSI Sustainable Competitive Advantage Fund
SSI-SCA,2025-04,46,2025-03-27,2025-04-30,5,True,36115051979.573555,-11522457313.136501,47637509292.710045,869213243716.0,273636881203.168,595576362512.832,0.04154912760553095,-0.04210856834236971,0.07998556069572635,0.31480983887605607,0.0005139675044792946,38072421830.0,-0.07525130270192826,ssiam,equity,SSI Sustainable Competitive Advantage Fund
SSI-SCA,2025-05,47,2025-05-01,2025-05-28,4,True,18802087525.346775,-9619847469.73607,28421934995.082844,816920561776.0,233388729144.23303,583531832631.767,0.023015808886571173,-0.04121813210521856,0.04870674298417971,0.28569329756719763,3.199613466917086e-05,18798973617.0,0.09424284432846775,ssiam,equity,SSI Sustainable Competitive Advantage Fund
SSI-SCA,2025-06,48,2025-05-29,2025-06-25,4,True,4134903015.514747,53328529.3113205,4081574486.203426,894126529105.0,240013529433.6384,654112999671.3616,0.004624516643806207,0.00022218968004495497,0.0062398614432889795,0.26843351765201107,9.92734089200603e-06,4103788851.0,0.01854128939465083,ssiam,equity,SSI Sustainable Competitive Advantage Fund
SSIBF,2021-05,1,2021-05-11,2021-05-31,3,True,-102555567906.6045,0.0,-102555567906.6045,1770231527591.0,980010528.8264999,1769251517062.1736,-0.057933420746474965,0.0,-0.057965510792324836,0.0005536058496032642,1.0761625910747323e-05,-102499494595.0,0.05733097672048637,ssiam,bond,SSI Bond Fund
SSIBF,2021-06,2,2021-06-01,2021-06-28,4,True,-148768808109.17072,0.0,-148768808109.17072,1674096093082.0,983685094.8134999,1673112407987.1865,-0.08886515458935712,0.0,-0.08891740172326189,0.0005875917749754389,1.1558344975493105e-05,-148703459005.0,0.0585520123489327,ssiam,bond,SSI Bond Fund
SSIBF,2021-07,3,2021-06-29,2021-07-26,4,True,85397411243.1572,0.0,85397411243.1572,1533206100265.0002,988396823.982,1532217703441.0183,0.05569858561637412,0.0,0.05573451543561578,0.0006446601170000334,1.0975819555003446e-05,85408649316.0,-0.09467851274354266,ssiam,bond,SSI Bond Fund
SSIBF,2021-08,4,2021-07-27,2021-08-30,5,True,332027768063.7492,0.0,332027768063.7492,1626488705481.0,993291257.6745,1625495414223.3254,0.20413776434159678,0.0,0.2042625067769845,0.0006106966831846243,5.5030851084798845e-06,331991968856.0,0.04355273392996062,ssiam,bond,SSI Bond Fund
SSIBF,2021-09,5,2021-08-31,2021-09-27,4,True,-125129373222.14568,0.0,-125129373222.14568,1969020670780.0,999156702.9104999,1968021514077.0896,-0.06354903992581115,0.0,-0.06358130352087413,0.0005074384021142338,1.218702834324015e-05,-125178368542.0,-0.002371737919195316,ssiam,bond,SSI Bond Fund
SSIBF,2021-10,6,2021-09-28,2021-10-25,4,True,-108433945567.55354,0.0,-108433945567.55354,1852696202954.0005,1003706990.5814999,1851692495963.419,-0.05852764495045807,0.0,-0.058559369767892444,0.0005417547620495773,7.029194741662394e-06,-108382486839.0,0.04559279692676932,ssiam,bond,SSI Bond Fund
SSIBF,2021-11,7,2021-10-26,2021-11-29,5,True,-189645898336.07794,0.0,-189645898336.07794,1752756123618.0,1008399031.7624999,1751747724586.2375,-0.1081986796569366,0.0,-0.10826096456376004,0.0005753219276626945,9.032899741887515e-06,-189594763964.0,0.07177710408546267,ssiam,bond,SSI Bond Fund
SSIBF,2021-12,8,2021-11-30,2021-12-27,4,True,-186826168893.3412,0.0,-186826168893.3412,1572815689243.9998,1014280227.3885,1571801409016.6113,-0.1187845277555327,0.0,-0.11886117916781098,0.0006448818093085216,8.005507666417214e-06,-186786672777.0,0.002720831874141627,ssiam,bond,SSI Bond Fund
SSIBF,2022-01,9,2021-12-28,2022-01-31,5,True,-148427672146.76978,0.0,-148427672146.76978,1392943244322.0,1018985656.401,1391924258665.599,-0.10655686995992097,0.0,-0.10663487702201803,0.0007315342247824177,1.65758848591555e-05,-148512605484.0,-0.006662726344634828,ssiam,bond,SSI Bond Fund
SSIBF,2022-02,10,2022-02-01,2022-02-28,4,True,24445318484.483555,0.0,24445318484.483555,1251932944984.9998,1024803850.4669999,1250908141134.5327,0.019526060546938038,0.0,0.019542057230767122,0.0008185772685127946,6.003812001442806e-06,24467913106.0,0.007552604532915286,ssiam,bond,SSI Bond Fund
SSIBF,2022-03,11,2022-03-01,2022-03-28,4,True,-81857666098.4618,0.0,-81857666098.4618,1281144751768.0,1028644583.0684999,1280116107184.9314,-0.06389415870883984,0.0,-0.06394550122369196,0.0008029105076916204,1.992379186838339e-05,-81806895149.0,-0.004664022602055118,ssiam,bond,SSI Bond Fund
SSIBF,2022-04,12,2022-03-29,2022-04-25,4,True,3626360395.573288,0.0,3626360395.573288,1207059279737.0,1035084917.5395,1206024194819.4604,0.003004293539223208,0.0,0.003006872010653275,0.0008575261670371561,1.7093267909173355e-05,3571707143.0,-0.11614234280397495,ssiam,bond,SSI Bond Fund
SSIBF,2022-05,13,2022-04-26,2022-05-30,5,True,9301111838.434677,1000007495.0167999,8301104343.417877,1215018289226.9998,1038909112.2314999,1213979380114.7683,0.007655120849540535,0.9625553219654198,0.006837928616739025,0.0008550563571289603,2.1802428462982595e-05,9340882133.0,-0.01296799194458842,ssiam,bond,SSI Bond Fund
SSIBF,2022-06,14,2022-05-31,2022-06-27,4,True,235704580598.43423,2698574323.4424,233006006274.99182,1234105056412.0002,2050196631.9208,1232054859780.0793,0.1909923141257638,1.3162514665308684,0.18911983052165646,0.0016612820936667092,1.3337235919976549e-05,235670718782.0,-0.07040620749350801,ssiam,bond,SSI Bond Fund
SSIBF,2022-07,15,2022-06-28,2022-07-18,3,True,70003943197.7398,0.0,70003943197.7398,1476687790733.0,4760848624.9786,1471926942108.0215,0.04740605538763964,0.0,0.04755938708308688,0.0032240048674171025,2.1405425281082017e-05,69937137460.0,-0.02189022463876511,ssiam,bond,SSI Bond Fund
SSIBF,2022-09,17,2022-08-30,2022-09-26,4,True,-118998356206.28201,0.0,-118998356206.28201,1598212138512.0,6506833746.8576,1591705304765.1423,-0.0744571720729604,0.0,-0.0747615503008205,0.004071320439923404,1.4413913277970838e-05,-118908549941.0,-0.07589707271010371,ssiam,bond,SSI Bond Fund
SSIBF,2022-10,18,2022-09-27,2022-10-31,5,True,-898463914770.2839,-47761685.714699745,-898416153084.5692,1488955915881.0,6548634154.3880005,1482407281726.612,-0.6034187481223526,-0.0072933812744290175,-0.6060521721386529,0.00439813837638923,0.0004968651627046364,-900457165326.0,-0.12467322348533205,ssiam,bond,SSI Bond Fund
SSIBF,2022-11,19,2022-11-01,2022-11-28,4,True,-131074717469.40054,-5339181663.515699,-125735535805.88484,579922769697.0,6393459378.0012,573529310318.9988,-0.22602098817034708,-0.8351005844952907,-0.21923122941345463,0.011024673822243048,2.625621573628887e-05,-131085174823.0,-0.021645232211996768,ssiam,bond,SSI Bond Fund
SSIBF,2022-12,20,2022-11-29,2022-12-26,4,True,-2005203268.1844354,0.0,-2005203268.1844354,450080271347.0,1056121138.4235,449024150208.5765,-0.004455212538384018,0.0,-0.004465691360371145,0.002346517289599789,1.2506787423527974e-06,-2002953132.0,-0.020364128111048374,ssiam,bond,SSI Bond Fund
SSIBF,2023-01,21,2022-12-27,2023-01-30,5,True,143763786.0756095,0.0,143763786.0756095,447861563347.0,1055618700.9825,446805944646.0175,0.0003210005006931625,0.0,0.0003217588928668049,0.0023570200869517666,0.00023995012697807113,251324231.0,0.11912181159346713,ssiam,bond,SSI Bond Fund
SSIBF,2023-03,23,2023-02-28,2023-03-27,4,True,-511845596.85592604,30002947.128000118,-541848543.9839263,446776913584.0,1066454181.783,445710459402.217,-0.001145640209450286,0.028133367228058804,-0.001215696272218177,0.0023869948275259136,4.019363047988152e-07,-511491980.0,0.030354957160342977,ssiam,bond,SSI Bond Fund
SSIBF,2023-04,24,2023-03-28,2023-04-24,4,True,-1740085555.4907906,50072274.49639999,-1790157829.9871907,448197326370.0,1101081325.4265,447096245044.5735,-0.0038824094949069356,0.04547554602926779,-0.0040039652531832825,0.0024566887409710365,6.615549894311375e-05,-1858492728.0,-0.010349251603706255,ssiam,bond,SSI Bond Fund
SSIBF,2023-05,25,2023-04-25,2023-05-29,5,True,-1704828732.0801663,40048273.997300014,-1744877006.0774665,452360811172.99994,1166190627.798,451194620545.20197,-0.003768736570392644,0.0343411043123534,-0.00386723805343477,0.0025780098518569604,5.108975676812948e-07,-1704185816.0,0.03228470461703914,ssiam,bond,SSI Bond Fund
SSIBF,2023-09,29,2023-08-29,2023-09-25,4,True,-2679510147.0823092,30027425.079149883,-2709537572.161459,458606395527.00006,1291155046.2725,457315240480.72754,-0.005842723026143571,0.0232562504137962,-0.005924879234974121,0.002815388225863685,1.3383263632724274e-06,-2678875784.0,-0.04037546183803198,ssiam,bond,SSI Bond Fund
SSIBF,2023-10,30,2023-09-26,2023-10-30,5,True,233692491.08635768,-204973224.17254996,438665715.2589076,461435883859.0,1337045462.4295998,460098838396.5704,0.0005064462892048652,-0.15330310743516887,0.0009534162633134296,0.0028975758262401586,5.919760817117965e-07,232950616.0,-0.096080471730836,ssiam,bond,SSI Bond Fund
SSIBF,2023-11,31,2023-10-31,2023-11-27,4,True,-183285531408.89716,0.0,-183285531408.89716,465946970768.99994,1144327260.021,464802643508.97894,-0.3933613542038964,0.0,-0.39432979559927245,0.0024559173721687678,0.00020840617596398778,-182931815776.0,0.04380276285495022,ssiam,bond,SSI Bond Fund
SSIBF,2023-12,32,2023-11-28,2023-12-25,4,True,-143223643248.7608,0.0,-143223643248.7608,286347712249.0,1154919397.296,285192792851.704,-0.5001738694675427,0.0,-0.5021993782403715,0.004033276146071369,7.843950871703597e-05,-143172135548.0,0.027204382111281067,ssiam,bond,SSI Bond Fund
SSIBF,2024-01,33,2023-12-26,2024-01-29,5,True,-28900801735.20968,0.0,-28900801735.20968,143895639465.0,1159779967.6499999,142735859497.35,-0.20084557004411016,0.0,-0.20247751221721716,0.008059868749060289,1.7690930087319995e-05,-28896014094.0,0.05192097775709992,ssiam,bond,SSI Bond Fund
SSIBF,2024-02,34,2024-01-30,2024-02-26,4,True,3651248059.665524,0.0,3651248059.665524,115803112566.99998,1167003096.504,114636109470.49599,0.03152979206455291,0.0,0.03185076741116419,0.010077476076722974,1.7657786965386154e-05,3648697442.0,0.04123535966113523,ssiam,bond,SSI Bond Fund
SSIBF,2024-03,35,2024-02-27,2024-03-25,4,True,22021615005.018253,0.0,22021615005.018253,120414316506.0,1176591933.9359999,119237724572.064,0.18288203300079323,0.0,0.18468664245357178,0.009771196383258735,9.973986179950128e-05,21980502102.0,0.03568948757117041,ssiam,bond,SSI Bond Fund
SSIBF,2024-04,36,2024-03-26,2024-04-22,4,True,48576478874.38191,0.0,48576478874.38191,142967089266.0,1181690335.179,141785398930.821,0.3397738537153965,0.0,0.3426056507982393,0.0082654710342489,4.3679596786773035e-05,48560862945.0,-0.06123704509961647,ssiam,bond,SSI Bond Fund
SSIBF,2025-09,38,2025-08-26,2025-09-29,5,True,-17305787551.18009,0.0,-17305787551.18009,125547018941.00002,1846802418.423,123700216522.57701,-0.13784307821209862,0.0,-0.13990102877484895,0.01471004595729105,3.8284100974358216e-05,-17289089910.0,0.03249629808615695,ssiam,bond,SSI Bond Fund
SSIBF,2025-10,39,2025-09-30,2025-10-27,4,True,-6101833272.939804,0.0,-6101833272.939804,108966316601.0,1857987408.243,107108329192.757,-0.0559974262072451,0.0,-0.0569688026965547,0.017051025180986515,5.451014047947622e-06,-6099940710.0,-0.008364936872929607,ssiam,bond,SSI Bond Fund
SSIBF,2026-02,43,2026-01-27,2026-02-23,4,True,5273887282.558567,0.0,5273887282.558567,81022692321.0,4083335494.7172,76939356826.2828,0.06509148402109623,0.0,0.06854602767821663,0.050397430370983286,2.7283538872603193e-05,5276118140.0,0.008905907621547637,ssiam,bond,SSI Bond Fund
SSIBF,2026-03,44,2026-02-24,2026-03-30,5,True,-4617619254.243706,0.0,-4617619254.243706,86426651028.00002,4089632218.8328004,82337018809.16722,-0.05342818678404785,0.0,-0.05608193399552123,0.04731911013777295,9.254264691660734e-06,-4615689387.0,-0.10622856344146159,ssiam,bond,SSI Bond Fund
SSIBF,2026-04,45,2026-03-31,2026-04-27,4,True,-4190350868.840796,0.0,-4190350868.840796,82231105190.0,4110255162.7708,78120850027.2292,-0.050958221455965284,0.0,-0.0536393404242304,0.04998418972083379,5.453405986018104e-06,-4189152692.0,0.11473408158600673,ssiam,bond,SSI Bond Fund
SSIBF,2026-05,46,2026-04-28,2026-05-25,4,True,-1649067533.6122675,-656673952.19765,-992393581.4146175,78475359196.00002,4132467714.8351994,74342891481.16481,-0.021013825874865475,-0.15890600907546057,-0.013348869833318846,0.052659430389021225,5.393531471794238e-07,-1649181918.0,0.017665880677066426,ssiam,bond,SSI Bond Fund
SSIBF,2026-06,47,2026-05-26,2026-06-29,5,True,-4105534849.036257,0.0,-4105534849.036257,76930724373.0,3481879150.8479996,73448845222.152,-0.05336664749353584,0.0,-0.055896520042197174,0.045259929361460914,1.1264127073029917e-05,-4101526368.0,-0.01646845490262583,ssiam,bond,SSI Bond Fund
SSIBF,2026-07,48,2026-06-30,2026-07-27,4,True,-1500379888.601429,0.0,-1500379888.601429,73343176961.0,3506046866.856,69837130094.144,-0.020456979786943934,0.0,-0.021483985475617924,0.0478033133023448,4.953368646903939e-06,-1500319428.0,-0.1002495997239845,ssiam,bond,SSI Bond Fund
VCBF-AIF,2025-02,1,2025-02-05,2025-02-26,3,True,41737373696.749054,3482564016.5111,38254809680.237946,96007250859.0,130000000.0,95877250859.0,0.4347314741679896,26.788953973162307,0.3989977741069843,0.0013540643944791532,0.00028787594972136464,41657591538.0,0.026267909042934523,vcbf,bond,VCBF Active Income Fund
VCBF-AIF,2025-03,2,2025-02-27,2025-03-26,4,True,64493280492.81485,249603042.29640022,64243677450.51845,139558617930.00003,3633928816.0158,135924689113.98422,0.4621232386033191,0.06868682765505084,0.4726417096797238,0.026038727453137362,0.00026859484491233106,64672335119.0,0.0177518880088412,vcbf,bond,VCBF Active Income Fund
VCBF-AIF,2025-04,3,2025-03-27,2025-04-30,5,True,24606310257.141453,-2966288293.3477497,27572598550.489204,198612356313.0,3772936116.3310003,194839420196.669,0.12389113504279425,-0.7862015687221132,0.14151447649894305,0.01899648232552612,0.000887217354894019,25398307912.0,-0.07525130270192826,vcbf,bond,VCBF Active Income Fund
VCBF-AIF,2025-05,4,2025-05-01,2025-05-28,4,True,10490829102.26331,0.0,10490829102.26331,207716161452.0,458823503.51699996,207257337948.483,0.050505598740748815,0.0,0.05061740735505812,0.002208896507184045,6.48187525954423e-05,10444356666.0,0.09424284432846775,vcbf,bond,VCBF Active Income Fund
VCBF-AIF,2025-07,6,2025-06-26,2025-07-30,5,True,4715505971.519789,9588020.834399996,4705917950.685389,247828673083.0,505225653.144,247323447429.856,0.019027281681569284,0.018977699914353333,0.019027382965863135,0.002038608555091587,0.00019182937988268992,4947511407.0,0.1030766416681912,vcbf,bond,VCBF Active Income Fund
VCBF-AIF,2025-08,7,2025-07-31,2025-08-27,4,True,7185478158.299964,250002174.70775008,6935475983.592215,268031249870.0,546310396.79,267484939473.21,0.026808359703523566,0.4576192878200891,0.02592847282262349,0.0020382339635955523,0.00015355672963238606,7113582666.0,0.109542792329683,vcbf,bond,VCBF Active Income Fund
VCBF-AIF,2025-09,8,2025-08-28,2025-09-24,4,True,19648051849.815002,629346361.4929,19018705488.3221,296214356661.99994,841226868.8198999,295373129793.18005,0.06633051845030834,0.7481291727828039,0.0643887461992192,0.0028399260532121847,6.822034193093919e-05,19692325190.0,-0.009158406963258758,vcbf,bond,VCBF Active Income Fund
VCBF-AIF,2025-10,9,2025-09-25,2025-10-29,5,True,34332197793.672516,389645692.8507,33942552100.821815,314621020453.0,1463741832.0336,313157278620.9664,0.10912239031022172,0.26619837209226915,0.1083881947444836,0.0046523968103786085,0.00044989021634553246,33720840825.0,0.017116551832321747,vcbf,bond,VCBF Active Income Fund
VCBF-AIF,2025-11,10,2025-10-30,2025-11-19,3,True,7182996956.457773,50642823.653099954,7132354132.804673,350277799196.00006,1860431022.3872,348417368173.61285,0.02050657213487425,0.027221016551378475,0.020470719270374298,0.005311301563095024,7.005021920908091e-05,7218087990.0,-0.021846805431152583,vcbf,bond,VCBF Active Income Fund
VCBF-AIF,2026-01,12,2026-01-01,2026-01-28,4,True,20795531934.59574,211579010.32574978,20583952924.26999,389194328754.99994,2200695053.2124,386993633701.78754,0.05343225838135644,0.09614190299419428,0.0531893838339773,0.005654489006179096,7.683131185802258e-05,20705610472.0,0.01032227695307908,vcbf,bond,VCBF Active Income Fund
VCBF-AIF,2026-02,13,2026-01-29,2026-02-25,4,True,42612746899.44001,724014736.0433497,41888732163.39667,428689874691.00006,2516633120.5372,426173241570.4629,0.09940227053451008,0.28769180940001365,0.09829038540532312,0.005870521486776871,0.0001621036596054029,42343007994.0,0.032170213710057904,vcbf,bond,VCBF Active Income Fund
VCBF-AIF,2026-03,14,2026-02-26,2026-03-25,4,True,38261320206.77132,127155328.67380059,38134164878.09752,488071661167.0,3347439776.2145996,484724221390.7854,0.07839283296081334,0.03798584505606617,0.0786718781427547,0.0068585005902836674,0.0002557055515323694,38038895904.0,-0.10893595069079098,vcbf,bond,VCBF Active Income Fund
VCBF-AIF,2026-04,15,2026-03-26,2026-04-29,5,True,12645821128.958149,37585775.84424987,12608235353.1139,490325376755.0,3229724532.6144004,487095652222.3856,0.025790672334050666,0.011637455598674509,0.025884516307194537,0.006586900629106519,1.2365698562427702e-05,12647861806.0,0.11814689510852205,vcbf,bond,VCBF Active Income Fund
VCBF-AIF,2026-05,16,2026-04-30,2026-05-27,4,True,8143990679.680643,15675864.121799482,8128314815.558844,507515642735.00006,3297358629.4542003,504218284105.54584,0.016046777663428668,0.0047540670832017596,0.016120626862982577,0.006497058123538313,1.2259306284615526e-05,8128017058.0,0.010964888625208946,vcbf,bond,VCBF Active Income Fund
VCBF-AIF,2026-06,17,2026-05-28,2026-06-24,4,True,3580919723.613592,0.0,3580919723.613592,514465559514.0,3305517594.5123997,511160041919.4876,0.006960465394411199,0.0,0.007005476621698884,0.006425148454320289,8.044568195140707e-06,3583487371.0,0.0019152489023328556,vcbf,bond,VCBF Active Income Fund
VCBF-AIF,2026-07,18,2026-06-25,2026-07-29,5,True,-4579063287.150639,139410923.77525014,-4718474210.925888,508023217677.00006,3241344450.1607995,504781873226.83923,-0.009013492155120352,0.043010215643182914,-0.00934755081588577,0.0063803077051916126,3.209035637267272e-05,-4548460504.0,-0.09229933653528677,vcbf,bond,VCBF Active Income Fund
VCBF-AIF,2026-08,19,2026-07-30,2026-08-12,2,True,3464958351.3859262,0.0,3464958351.3859262,461049420388.0,3106720832.692,457942699555.308,0.007515372969062539,0.0,0.0075663578756700895,0.006738368372912199,8.823443356928874e-06,3456539934.0,0.05191590210479391,vcbf,bond,VCBF Active Income Fund
VCBF-BCF,2022-08,2,2022-07-28,2022-08-31,5,True,-963764075.4953785,19958434.16099905,-983722509.6563776,380542387739.0,77965446244.60721,302576941494.3928,-0.0025326063706637295,0.00025599076414418076,-0.0032511483023058034,0.204879794621147,2.183654926831675e-05,-946423916.0,0.07511922353573364,vcbf,equity,VCBF Blue Chip Fund
VCBF-BCF,2022-09,3,2022-09-01,2022-09-21,3,True,1377526536.7617154,20146272.27690212,1357380264.4848132,405456185829.0,83288547228.9744,322167638600.0256,0.003397473228692294,0.00024188526450721475,0.0042132731592263205,0.20541935266983719,8.79583740573604e-06,1388055618.0,-0.05463448157374784,vcbf,equity,VCBF Blue Chip Fund
VCBF-BCF,2022-11,5,2022-10-27,2022-11-30,5,True,-1273579310.3214676,24879599.049553033,-1298458909.3710206,321214388915.00006,65630234722.022995,255584154192.97708,-0.00396488872937284,0.00037908746106014445,-0.005080357635906598,0.20431909960107705,2.377960648164274e-05,-1292207623.0,0.05542804220020958,vcbf,equity,VCBF Blue Chip Fund
VCBF-BCF,2022-12,6,2022-12-01,2022-12-28,4,True,-1723971182.5664718,-147784287.42479587,-1576186895.141676,346621460190.00006,71139845011.0106,275481615178.98944,-0.004973642375234007,-0.0020773771351613526,-0.005721568367157916,0.20523785507110667,1.8754517069853663e-05,-1700753146.0,-0.031247019324316505,vcbf,equity,VCBF Blue Chip Fund
VCBF-BCF,2023-01,7,2022-12-29,2023-01-25,4,True,542709751.3901277,20009980.549348608,522699770.84077907,339551174871.0,69889873912.55971,269661300958.4403,0.0015983150451365992,0.00028630729216056963,0.0019383566310144612,0.20583016371276525,4.535009880414331e-06,545425923.0,0.09099501801784093,vcbf,equity,VCBF Blue Chip Fund
VCBF-BCF,2023-02,8,2023-01-26,2023-02-22,4,True,-8392307446.82802,19947140.183745235,-8412254587.011765,369395931143.0,75936448425.8457,293459482717.1543,-0.022719003484581432,0.00026268202684280443,-0.02866581276952555,0.2055692605786968,4.695384911206642e-05,-8445902658.0,-0.04855245108656381,vcbf,equity,VCBF Blue Chip Fund
VCBF-BCF,2023-03,9,2023-02-23,2023-03-29,5,True,301514577.3575433,20291410.230605148,281223167.1269382,347011609439.0,73061375610.93039,273950233828.06964,0.0008688890202981682,0.00027773101807803134,0.0010265483741234295,0.21054447062749812,1.0877399168264173e-05,304319294.0,0.0019444549834959357,vcbf,equity,VCBF Blue Chip Fund
VCBF-BCF,2023-04,10,2023-03-30,2023-04-26,4,True,-2490414781.9101257,20049039.976496723,-2510463821.8866224,342148383065.0,71994849716.54161,270153533348.4584,-0.007278756542996746,0.00027847880862914327,-0.009292729918318308,0.21041996186451162,1.6280479848781478e-05,-2494596748.0,-0.014701845067355612,vcbf,equity,VCBF Blue Chip Fund
VCBF-BCF,2023-05,11,2023-04-27,2023-05-31,5,True,-2815083429.5879297,24888017.652452894,-2839971447.2403827,338653712132.0,71796337780.3434,266857374351.65662,-0.00831257219023387,0.00034664745336449184,-0.010642282058497488,0.21200516990747975,4.728189110788059e-06,-2817500423.0,0.033022674865488266,vcbf,equity,VCBF Blue Chip Fund
VCBF-BCF,2023-06,12,2023-06-01,2023-06-28,4,True,48923641.45156929,14792364.799199516,34131276.65236977,345771803577.99994,73930139483.4265,271841664094.57346,0.00014149112491335051,0.00020008571473770364,0.0001255557229096991,0.21381193815807822,0.001809736796769483,-2450301461.0,0.058762800301347395,vcbf,equity,VCBF Blue Chip Fund
VCBF-BCF,2023-07,13,2023-06-29,2023-07-26,4,True,136388760.26394892,-1713029793.8146,1849418554.0785491,369207910702.0,78945577274.6459,290262333427.3541,0.00036940909528353205,-0.021698869689116267,0.0063715416748739645,0.21382417598946168,1.9647911899883377e-05,139638795.0,0.05489524311503513,vcbf,equity,VCBF Blue Chip Fund
VCBF-BCF,2023-08,14,2023-07-27,2023-08-30,5,True,-1779920130.3069158,19764625.533048443,-1799684755.8399644,389512952543.0,81481476007.08391,308031476535.9161,-0.004569604473192513,0.000242565875111665,-0.005842535237239379,0.2091881039516621,0.00012471974781797947,-1977338196.0,0.010259485027147797,vcbf,equity,VCBF Blue Chip Fund
VCBF-BCF,2023-09,15,2023-08-31,2023-09-27,4,True,-888592251.4853709,20903328.402593773,-909495579.8879645,404568027363.0,85032210373.6154,319535816989.3846,-0.0021963976176695705,0.0002458283550521445,-0.0028463024535311456,0.2101802530661178,0.0001212421933530117,-728969541.0,-0.04888885225361861,vcbf,equity,VCBF Blue Chip Fund
VCBF-BCF,2023-11,17,2023-10-26,2023-11-29,5,True,4325553113.714272,20007050.865098037,4305546062.849174,371898690045.0,77092011363.76,294806678681.24,0.011630998520567192,0.00025952171322517995,0.014604642208613426,0.20729304358246545,4.070396909462369e-05,4323805189.0,0.0010348020260333435,vcbf,equity,VCBF Blue Chip Fund
VCBF-BCF,2023-12,18,2023-11-30,2023-12-27,4,True,498525327.6607022,4977205.825909658,493548121.8347926,373154381880.0,76468444385.8365,296685937494.1635,0.0013359760781826203,6.508836247271086e-05,0.0016635372947007366,0.2049244176112273,2.1862822238153054e-05,494739878.0,0.017401160681900674,vcbf,equity,VCBF Blue Chip Fund
VCBF-BCF,2024-01,19,2023-12-28,2024-01-31,5,True,14233463018.003468,-114358848.90835889,14347821866.911827,385189015196.0,78834815971.3965,306354199224.6035,0.03695189233462667,-0.0014506135074869905,0.04683409564232127,0.20466527564728737,3.569747167806512e-05,14276682778.0,0.03771869624506441,vcbf,equity,VCBF Blue Chip Fund
VCBF-BCF,2024-02,20,2024-02-01,2024-02-28,4,True,18172416485.20356,2018905126.3135989,16153511358.889961,422339935065.0,83405217582.0864,338934717482.9136,0.04302793786812214,0.02420598117050192,0.04765965398544424,0.19748361605740636,5.7463588802602875e-05,18117992281.0,0.07750513179479657,vcbf,equity,VCBF Blue Chip Fund
VCBF-BCF,2024-03,21,2024-02-29,2024-03-27,4,True,15148708461.35671,14986213.740904786,15133722247.615805,472449802265.0,91669772460.5376,380780029804.4624,0.03206416510014689,0.00016348042913879945,0.039744001951434405,0.19403071399555685,0.0001750163554149521,15075251529.0,0.02274919293770683,vcbf,equity,VCBF Blue Chip Fund
VCBF-BCF,2024-04,22,2024-03-28,2024-04-24,4,True,22112938144.725857,4368795692.2356,17744142452.490257,503732311509.0,94767876113.194,408964435395.80597,0.04389819282881315,0.046099964158924076,0.043387984178421365,0.1881314220827004,0.00012648348170815575,22014685042.0,-0.06038547568759789,vcbf,equity,VCBF Blue Chip Fund
VCBF-BCF,2024-05,23,2024-04-25,2024-05-29,5,True,31762059061.137314,4989807.923546506,31757069253.213768,500318162428.0,94293806936.5396,406024355491.4604,0.06348372185210874,5.291766326610063e-05,0.07821469038421192,0.18846768719916154,6.715379370026026e-05,31599001252.0,0.05559841076301675,vcbf,equity,VCBF Blue Chip Fund
VCBF-BCF,2024-06,24,2024-05-30,2024-06-26,4,True,14723763850.228247,4962882.5747105405,14718800967.653536,561340997729.0001,99745145780.4319,461595851948.5682,0.026229624969128784,4.975563006981101e-05,0.031886770441112045,0.17769082640314487,6.079424761367838e-05,14620613790.0,-0.008957757103344122,vcbf,equity,VCBF Blue Chip Fund
VCBF-BCF,2024-07,25,2024-06-27,2024-07-31,5,True,21158846151.693947,206512584.4845894,20952333567.20936,586101518208.0,101528909579.808,484572608628.192,0.036100991883431605,0.0020340274049950053,0.04323879062525774,0.1732275150732107,3.4065257233380186e-05,21125562685.0,-0.007714630046620763,vcbf,equity,VCBF Blue Chip Fund
VCBF-BCF,2024-08,26,2024-08-01,2024-08-28,4,True,8012694460.684786,0.0,8012694460.684786,603319816896.0,101075400344.8596,502244416551.14044,0.013281006584383437,0.0,0.015953775087649787,0.16753204107380237,5.2462033108881597e-05,8070002204.0,0.023915110546459895,vcbf,equity,VCBF Blue Chip Fund
VCBF-BCF,2024-09,27,2024-08-29,2024-09-25,4,True,-2188274727.7184367,766652219.2593058,-2954926946.977742,628784175348.0,103918775549.9916,524865399798.0084,-0.003480168257267827,0.007377417749600956,-0.005629875675011021,0.16526938753265832,3.719621361112466e-05,-2095718323.0,0.004713447371706758,vcbf,equity,VCBF Blue Chip Fund
VCBF-BCF,2024-10,28,2024-09-26,2024-10-30,5,True,14428828191.665012,5007422.8448045775,14423820768.82021,642415616682.0,107335742623.62239,535079874058.3776,0.02246026998252033,4.665196068343544e-05,0.02695638813588896,0.16708146538840182,1.724540278223019e-05,14384798908.0,-0.02240811507751539,vcbf,equity,VCBF Blue Chip Fund
VCBF-BCF,2024-11,29,2024-10-31,2024-11-27,4,True,18504844741.069386,103901261.56424743,18400943479.505135,649220888611.0,106079808982.70161,543141079628.2984,0.02850315673092446,0.0009794631283809208,0.03387875483861011,0.1633955574190751,2.016685589799285e-05,18482918888.0,-0.013236614414085301,vcbf,equity,VCBF Blue Chip Fund
VCBF-BCF,2024-12,30,2024-11-28,2024-12-18,3,True,10118120473.24472,4956243.906295501,10113164229.338425,661919893900.0,105237792259.68001,556682101640.32,0.015286019602204798,4.709566591881458e-05,0.01816685716953889,0.15898871333149397,8.30403748253805e-06,10121142040.0,0.01934829343703992,vcbf,equity,VCBF Blue Chip Fund
VCBF-BCF,2025-02,32,2025-01-30,2025-02-26,4,True,19520479697.05621,40110930.933598004,19480368766.12261,733219171510.9999,109368335534.9594,623850835976.0405,0.026622980488670105,0.00036675085834854474,0.031226004106646364,0.14916186017009872,3.139853852584992e-05,19427982850.0,0.029967194972530864,vcbf,equity,VCBF Blue Chip Fund
VCBF-BCF,2025-03,33,2025-02-27,2025-03-26,4,True,37831603223.439,54939632.3025027,37776663591.1365,761584903338.9999,110691640367.45999,650893262971.5399,0.04967483343954789,0.0004963304556705558,0.05803818496856722,0.1453437953958345,4.6320748537046546e-05,37976767128.0,0.0177518880088412,vcbf,equity,VCBF Blue Chip Fund
VCBF-BCF,2025-04,34,2025-03-27,2025-04-30,5,True,16196572205.100208,-5999218050.393194,22195790255.4934,786118463255.0002,108891010714.6806,677227452540.3196,0.020603220713118375,-0.05509378608040034,0.032774498689082526,0.1385173047123289,0.0003322650988984335,17287143017.0,-0.07525130270192826,vcbf,equity,VCBF Blue Chip Fund
VCBF-BCF,2025-05,35,2025-05-01,2025-05-28,4,True,15153722125.229824,2786268741.8650017,12367453383.364822,752521398178.9999,96265602402.18498,656255795776.815,0.02013726408564565,0.028943554835135592,0.0188454768139996,0.1279240731693939,6.300145751585548e-05,14978638352.0,0.09424284432846775,vcbf,equity,VCBF Blue Chip Fund
VCBF-BCF,2025-07,37,2025-06-26,2025-07-30,5,True,25038864500.32234,4984253.32879584,25033880246.99354,819870810369.9999,109656046885.432,710214763484.5679,0.03054001213803738,4.545352007813448e-05,0.03524832421698525,0.1337479582130083,3.9366617673693065e-05,25101324759.0,0.1030766416681912,vcbf,equity,VCBF Blue Chip Fund
VCBF-BCF,2025-08,38,2025-07-31,2025-08-27,4,True,-7543022367.142326,321615028.80699885,-7864637395.949324,901046193260.9999,117134326129.67151,783911867131.3284,-0.008371404733250331,0.0027456941055089227,-0.010032553053099481,0.1299981366168893,0.0001015064611447921,-7625607181.0,0.109542792329683,vcbf,equity,VCBF Blue Chip Fund
VCBF-BCF,2025-09,39,2025-08-28,2025-09-24,4,True,61605750163.63453,5983341.120000047,61599766822.51453,985558292771.0,129364284807.3432,856194007963.6567,0.06250847932132307,4.625187801185455e-05,0.07194603822213304,0.13125990188121903,0.00011640437131508685,61130777378.0,-0.009158406963258758,vcbf,equity,VCBF Blue Chip Fund
VCBF-BCF,2025-10,40,2025-09-25,2025-10-29,5,True,121506661619.51912,543733323.331252,120962928296.18785,1044561589965.9999,129055968709.0575,915505621256.9424,0.11632311850895659,0.0042131590562621635,0.13212690942313596,0.123550367875635,0.00032879228942194616,120111496873.0,0.017116551832321747,vcbf,equity,VCBF Blue Chip Fund
VCBF-BCF,2025-11,41,2025-10-30,2025-11-19,3,True,28834312637.39167,106947489.92399599,28727365147.467674,1171299200797.0002,130218772937.24,1041080427859.7601,0.024617375831701767,0.0008212908746693551,0.02759380003572349,0.11117464508524703,8.270486867045447e-05,28570783078.0,-0.021846805431152583,vcbf,equity,VCBF Blue Chip Fund
VCBF-BCF,2026-01,43,2026-01-01,2026-01-28,4,True,33012481026.945694,-481942458.1570369,33494423485.10273,1260002187430.0,132741188710.23898,1127260998719.761,0.02620033628217786,-0.003630692649657297,0.029713104172984433,0.10534996687663567,4.5667740822725954e-05,32960765661.0,0.01032227695307908,vcbf,equity,VCBF Blue Chip Fund
VCBF-BCF,2026-02,44,2026-01-29,2026-02-25,4,True,100422334114.31018,24815730.650981702,100397518383.65921,1352521808363.0,138493404996.9288,1214028403366.0713,0.07424821802751892,0.00017918348279134309,0.08269783318519765,0.10239643023911885,0.00013610270733092067,99655580343.0,0.032170213710057904,vcbf,equity,VCBF Blue Chip Fund
VCBF-BCF,2026-03,45,2026-02-26,2026-03-25,4,True,111689369690.6859,355710167.6216016,111333659523.0643,1501772147717.0,143361127282.488,1358411020434.512,0.07437171468419929,0.0024812177077869046,0.08195874286079646,0.09546130383389129,0.0002593991259935324,110445463890.0,-0.10893595069079098,vcbf,equity,VCBF Blue Chip Fund
VCBF-BCF,2026-04,46,2026-03-26,2026-04-29,5,True,55386776933.07772,963356910.0675149,54423420023.01021,1491824015470.0,132349681077.77689,1359474334392.2231,0.03712688384067077,0.007278875946073391,0.040032693995169205,0.08871668488060909,4.655774009387745e-05,55048692934.0,0.11814689510852205,vcbf,equity,VCBF Blue Chip Fund
VCBF-BCF,2026-05,47,2026-04-30,2026-05-27,4,True,36464656871.08374,100064081.2284015,36364592789.85533,1569052221531.0002,135248726048.63641,1433803495482.3638,0.023239925587373637,0.0007398523013992586,0.02536232677938999,0.08619772126938369,8.161765501968167e-06,36437657839.0,0.010964888625208946,vcbf,equity,VCBF Blue Chip Fund
VCBF-BCF,2026-06,48,2026-05-28,2026-06-24,4,True,42823540117.2378,102839367.91323203,42720700749.32456,1597041405960.0,134630768984.97711,1462410636975.023,0.026814295457478186,0.0007638622930595268,0.029212520525487812,0.08430011174572459,1.7668364636068004e-05,42713010997.0,0.0019152489023328556,vcbf,equity,VCBF Blue Chip Fund
VCBF-BCF,2026-07,49,2026-06-25,2026-07-29,5,True,47949699481.10731,958404633.2297056,46991294847.8776,1604672267471.9998,131802125193.3162,1472870142278.6836,0.029881303773416145,0.007271541576617212,0.031904574272364004,0.08213647600513295,4.900050782079968e-05,47909485772.0,-0.09229933653528677,vcbf,equity,VCBF Blue Chip Fund
VCBF-BCF,2026-08,50,2026-07-30,2026-08-12,2,True,34089032064.531105,55222509.993746266,34033809554.53736,1492323252703.0002,119815850341.494,1372507402361.5063,0.022842927631655317,0.000460894863545628,0.024796813114435323,0.08028813470839857,3.9396109323574106e-05,33966884717.0,0.05191590210479391,vcbf,equity,VCBF Blue Chip Fund
VCBF-FIF,2022-07,1,2022-06-29,2022-07-27,4,True,-950300144.0006719,0.0,-950300144.0006719,91665358043.0,2118809562.112,89546548480.888,-0.0103670586608617,0.0,-0.010612359271485437,0.02311461611395301,4.801373480186731e-06,-952052405.0,-0.02220689768407913,vcbf,bond,VCBF Fixed Income Fund
VCBF-FIF,2022-08,2,2022-07-28,2022-08-31,5,True,86779393.37768817,0.0,86779393.37768817,90513972944.0,2114160424.7552,88399812519.2448,0.0009587402978253714,0.0,0.000981669427848573,0.023357282373001213,1.1838059557074179e-06,87211582.0,0.07511922353573364,vcbf,bond,VCBF Fixed Income Fund
VCBF-FIF,2022-09,3,2022-09-01,2022-09-28,4,True,716706179.9936578,0.0,716706179.9936578,91923397928.99998,2145025630.208,89778372298.79199,0.007796776404493109,0.0,0.007983060526073955,0.02333492536758465,6.7066673775924684e-06,714580027.0,-0.10690271844811827,vcbf,bond,VCBF Fixed Income Fund
VCBF-FIF,2022-10,4,2022-09-29,2022-10-26,4,True,-357013292.8753098,0.0,-357013292.8753098,93423193233.0,2163288569.2416,91259904663.7584,-0.003821463177617028,0.0,-0.003912049811915799,0.023155797766902478,2.3142578341372775e-06,-357876132.0,-0.1313897973102951,vcbf,bond,VCBF Fixed Income Fund
VCBF-FIF,2022-11,5,2022-10-27,2022-11-30,5,True,-3069587202.608648,0.0,-3069587202.608648,93031805237.0,2162519659.7248,90869285577.27519,-0.03299502997699363,0.0,-0.03378025020344495,0.023244949984747118,1.5984548592481864e-05,-3068714893.0,0.05542804220020958,vcbf,bond,VCBF Fixed Income Fund
VCBF-FIF,2022-12,6,2022-12-01,2022-12-28,4,True,-807188375.6307875,-107613889.90694991,-699574485.7238376,89760100456.92235,2157617192.5504003,87602483264.37195,-0.008992730305801888,-0.04987626641023631,-0.007985783731867742,0.02403759779197087,1.787144888363219e-05,-811880003.0,-0.031247019324316505,vcbf,bond,VCBF Fixed Income Fund
VCBF-FIF,2023-01,7,2022-12-29,2023-01-25,4,True,-5249644819.9505825,0.0,-5249644819.9505825,90099900162.99998,2076142868.8852003,88023757294.11479,-0.05826471295143985,0.0,-0.059638954088381886,0.02304267668587029,3.5610779504902154e-05,-5262366705.0,0.09099501801784093,vcbf,bond,VCBF Fixed Income Fund
VCBF-FIF,2023-02,8,2023-01-26,2023-02-22,4,True,2706828789.4373517,0.0,2706828789.4373517,85209615751.0,2084711578.9844,83124904172.0156,0.03176670573597305,0.0,0.03256339139755206,0.02446568454288487,6.154542847654848e-05,2727846927.0,-0.04855245108656381,vcbf,bond,VCBF Fixed Income Fund
VCBF-FIF,2023-03,9,2023-02-23,2023-03-29,5,True,423583621.4480783,0.0,423583621.4480783,88832410356.0,2106957007.9326,86725453348.0674,0.004768345469300532,0.0,0.004884190339692441,0.023718336578832794,1.5863856910519695e-06,423424596.0,0.0019444549834959357,vcbf,bond,VCBF Fixed Income Fund
VCBF-FIF,2023-04,10,2023-03-30,2023-04-26,4,True,-1199484945.7843556,0.0,-1199484945.7843556,90281981809.0,2131224286.3959002,88150757522.6041,-0.013285983778269053,0.0,-0.013607199523801905,0.02360630818788078,4.337449662946025e-06,-1199603537.0,-0.014701845067355612,vcbf,bond,VCBF Fixed Income Fund
VCBF-FIF,2023-05,11,2023-04-27,2023-05-31,5,True,884775826.9595728,0.0,884775826.9595728,89750233319.0,2147070298.9409003,87603163020.0591,0.009858200856312059,0.0,0.010099815993595797,0.023922726655311866,4.809249059802983e-06,883039525.0,0.033022674865488266,vcbf,bond,VCBF Fixed Income Fund
VCBF-FIF,2023-06,12,2023-06-01,2023-06-28,4,True,-1743947424.7474494,0.0,-1743947424.7474494,90704330166.99998,2148680321.6059003,88555649845.39409,-0.019226727340762962,0.0,-0.019693237278390938,0.023688839525630855,4.6261300832778425e-06,-1743246489.0,0.058762800301347395,vcbf,bond,VCBF Fixed Income Fund
VCBF-FIF,2023-07,13,2023-06-29,2023-07-26,4,True,350097418.72542363,0.0,350097418.72542363,89544468333.0,2162297723.8304,87382170609.1696,0.00390976042678006,0.0,0.004006508607932034,0.024147753223450925,4.318716833249773e-06,350460475.0,0.05489524311503513,vcbf,bond,VCBF Fixed Income Fund
VCBF-FIF,2023-08,14,2023-07-27,2023-08-30,5,True,14663864175.208317,0.0,14663864175.208317,90600962300.0,2179302952.6942,88421659347.3058,0.16185108637867435,0.0,0.16584018308920284,0.02405386098966633,2.3074922692858834e-05,14653047373.0,0.010259485027147797,vcbf,bond,VCBF Fixed Income Fund
VCBF-FIF,2023-09,15,2023-08-31,2023-09-27,4,True,-460876374.7243235,0.0,-460876374.7243235,107137762050.99998,2222070238.9587,104915691812.04129,-0.004301717395449571,0.0,-0.004392825961153584,0.020740308518866997,1.1356755717938483e-05,-457064123.0,-0.04888885225361861,vcbf,bond,VCBF Fixed Income Fund
VCBF-FIF,2023-11,17,2023-10-26,2023-11-29,5,True,4913542332.059026,174607833.52019987,4738934498.538826,110474164214.0,2250043959.0729,108224120254.9271,0.044476845487067734,0.07760196542655312,0.043788154501750984,0.02036715077304708,1.7828258900159977e-05,4914228882.0,0.0010348020260333435,vcbf,bond,VCBF Fixed Income Fund
VCBF-FIF,2023-12,18,2023-11-30,2023-12-27,4,True,5300366212.97728,14986386.218000157,5285379826.759279,116492703647.99998,2447028081.256,114045675566.74399,0.04549955531114742,0.006124321307464526,0.04634441245136093,0.021005848474854347,1.4787961348676067e-05,5300361789.0,0.017401160681900674,vcbf,bond,VCBF Fixed Income Fund
VCBF-FIF,2024-01,19,2023-12-28,2024-01-31,5,True,50155222010.26058,5012063923.0851,45143158087.17548,122327814254.00002,2472969173.0782,119854845080.92181,0.4100066883081788,2.026739345418686,0.3766485873532805,0.02021591890739874,8.454767458878537e-05,50149899983.0,0.03771869624506441,vcbf,bond,VCBF Fixed Income Fund
VCBF-FIF,2024-02,20,2024-02-01,2024-02-28,4,True,12349377762.636345,14974685.894850506,12334403076.741493,173090682886.0,7507339894.612801,165583342991.3872,0.07134628829657932,0.0019946726943316107,0.07449060306375783,0.04337229346744933,2.6955410096550728e-05,12330187830.0,0.07750513179479657,vcbf,bond,VCBF Fixed Income Fund
VCBF-FIF,2024-03,21,2024-02-29,2024-03-27,4,True,33034641121.396683,0.0,33034641121.396683,186795846898.0,7580051823.063901,179215795074.9361,0.17684890574379455,0.0,0.18432884840079972,0.0405793380791972,4.477642843541187e-05,33053123660.0,0.02274919293770683,vcbf,bond,VCBF Fixed Income Fund
VCBF-FIF,2024-04,22,2024-03-28,2024-04-24,4,True,8955633998.988243,-3232439203.121401,12188073202.109644,221692881574.0,7650870912.728701,214042010661.2713,0.04039657897630284,-0.42249297367488114,0.05694243463914045,0.034511125744806005,1.4875831805125202e-05,8959826437.0,-0.06038547568759789,vcbf,bond,VCBF Fixed Income Fund
VCBF-FIF,2024-05,23,2024-04-25,2024-05-29,5,True,27270933862.025116,14983578.524750097,27255950283.500366,232263054712.0,4443023552.5719,227820031159.4281,0.11741399808867728,0.0033723833212805417,0.11963807635697625,0.01912927373697522,2.751253978846841e-05,27293223555.0,0.05559841076301675,vcbf,bond,VCBF Fixed Income Fund
VCBF-FIF,2024-06,24,2024-05-30,2024-06-26,4,True,9140849155.943266,14981672.717599934,9125867483.225666,260497825340.0,4476043513.347,256021781826.65298,0.035089925008059825,0.0033470793286362087,0.03564488700185909,0.01718265212964791,3.892542312833246e-06,9143800119.0,-0.008957757103344122,vcbf,bond,VCBF Fixed Income Fund
VCBF-FIF,2024-07,25,2024-06-27,2024-07-31,5,True,18958504213.350277,15004458.711200032,18943499754.639076,271118452528.00003,4516041412.442201,266602411115.55783,0.06992701543024749,0.0033224803186837626,0.07105524543222562,0.016657078743011054,6.71014401379557e-06,18961631174.0,-0.007714630046620763,vcbf,bond,VCBF Fixed Income Fund
VCBF-FIF,2024-08,26,2024-08-01,2024-08-28,4,True,10697965548.395544,14944197.509800097,10683021350.885742,290945410448.0,4545991202.0352,286399419245.9648,0.03676966593809723,0.0032873353347251774,0.03730112784101346,0.015624894013743841,1.9137065331113583e-05,10686121647.0,0.023915110546459895,vcbf,bond,VCBF Fixed Income Fund
VCBF-FIF,2024-09,27,2024-08-29,2024-09-25,4,True,14690715959.61666,14990685.727199934,14675725273.88946,305168056421.0,4615275642.678801,300552780778.3212,0.048139756604635646,0.0032480585966690027,0.0488291115985842,0.015123718048365178,8.012766913707021e-06,14690950484.0,0.004713447371706758,vcbf,bond,VCBF Fixed Income Fund
VCBF-FIF,2024-10,28,2024-09-26,2024-10-30,5,True,19578764975.367992,15004839.121999701,19563760136.245995,321093460579.0,4648123998.0492,316445336580.9508,0.06097528408103766,0.0032281494917728477,0.061823505909815585,0.014475922336342949,1.4052428394293227e-05,19570074222.0,-0.02240811507751539,vcbf,bond,VCBF Fixed Income Fund
VCBF-FIF,2024-12,30,2024-11-28,2024-12-25,4,True,22141850693.82195,15011872.136399934,22126838821.68555,349805904320.0,4701077086.08,345104827233.92,0.06329753277568105,0.0031932835521566835,0.06411628315673333,0.01343910159326381,1.166776759632405e-05,22125050625.0,0.02582187975555006,vcbf,bond,VCBF Fixed Income Fund
VCBF-FIF,2025-01,31,2024-12-26,2025-01-29,5,True,22745091253.449944,14993392.634850135,22730097860.815094,373724373173.0,4739366343.864,368985006829.136,0.06086060446189058,0.0031635859199325026,0.061601684188053216,0.012681448372301129,1.4979643934911625e-05,22721852693.0,-0.007056293365985122,vcbf,bond,VCBF Fixed Income Fund
VCBF-FIF,2025-02,32,2025-01-30,2025-02-26,4,True,23091761523.30712,14975223.5625,23076786299.74462,399864238533.0,4795644630.151,395068593902.849,0.057749004032030746,0.0031226716567671273,0.05841210021725851,0.011993182105369057,1.6196982683876287e-05,23118020072.0,0.029967194972530864,vcbf,bond,VCBF Fixed Income Fund
VCBF-FIF,2025-03,33,2025-02-27,2025-03-26,4,True,28983040933.425575,25045595.216250136,28957995338.20932,423458495854.0,4816621885.198501,418641873968.8015,0.06844364020840982,0.005199825897319313,0.0691712825181156,0.011374483998684903,1.9480455947025544e-05,28962344967.0,0.0177518880088412,vcbf,bond,VCBF Fixed Income Fund
VCBF-FIF,2025-04,34,2025-03-27,2025-04-30,5,True,43791748561.99211,1517768681.9661996,42273979880.02592,455931733682.99994,4880813106.660601,451050920576.33936,0.0960489154993533,0.3109663592516945,0.09372329808352789,0.010705140147261894,2.9638716120615715e-05,43849838649.0,-0.07525130270192826,vcbf,bond,VCBF Fixed Income Fund
VCBF-FIF,2025-05,35,2025-05-01,2025-05-28,4,True,16959085379.49235,-2779736826.225,19738822205.717354,500936768057.00006,6415117620.8432,494521650436.15686,0.03385474267595112,-0.4333103444889967,0.03991498084726556,0.012806242284282161,3.93290095599021e-06,16959785695.0,0.09424284432846775,vcbf,bond,VCBF Fixed Income Fund
VCBF-FIF,2025-07,37,2025-06-26,2025-07-30,5,True,38073475806.739334,34995861.122400485,38038479945.616936,572828873315.0,3910108374.1703997,568918764940.8296,0.06646570656678934,0.008950100041619816,0.06686100422364014,0.006825962440654107,1.0497798060115843e-05,38057667729.0,0.1030766416681912,vcbf,bond,VCBF Fixed Income Fund
VCBF-FIF,2025-08,38,2025-07-31,2025-08-27,4,True,17854139697.956238,412182922.80914986,17441956775.147087,615278493082.9999,3974502458.9931,611303990624.0068,0.029017981123464605,0.10370679778458917,0.0285323783954734,0.006459680459620661,8.763352999302583e-06,17839794506.0,0.109542792329683,vcbf,bond,VCBF Fixed Income Fund
VCBF-FIF,2025-09,39,2025-08-28,2025-09-24,4,True,-21471214322.651115,15977403.36460028,-21487191726.015717,635459262420.0,4402880944.0,631056381476.0,-0.033788498480426504,0.0036288520102669124,-0.034049559368623396,0.0069286596393805695,2.2025311228278704e-05,-21527260136.0,-0.009158406963258758,vcbf,bond,VCBF Fixed Income Fund
VCBF-FIF,2025-10,40,2025-09-25,2025-10-29,5,True,-10589486576.648012,14994242.42019961,-10604480819.068213,617870054116.9999,4446220285.7962,613423833831.2037,-0.0171386952743348,0.0033723570710384944,-0.017287363539229966,0.007196044307650268,5.883841812345835e-06,-10579487080.0,0.017116551832321747,vcbf,bond,VCBF Fixed Income Fund
VCBF-FIF,2025-11,41,2025-10-30,2025-11-26,4,True,6288055725.921754,813139618.4640505,5474916107.457703,610621523587.0,4485411321.0016,606136112265.9984,0.010297795742579725,0.18128540735088594,0.009032486262846315,0.007345648896640193,6.90352246966527e-06,6283721111.0,-0.003244692525343651,vcbf,bond,VCBF Fixed Income Fund
VCBF-FIF,2025-12,42,2025-11-27,2025-12-31,5,True,117972666.35003853,421881085.6859001,-303908419.33586156,619228334094.9999,5317073342.7254,613911260752.2745,0.00019051561411907158,0.07934460529176268,-0.0004950363981977758,0.00858661183599792,3.77127904877043e-06,108331995.0,0.06196886381489697,vcbf,bond,VCBF Fixed Income Fund
VCBF-FIF,2026-01,43,2026-01-01,2026-01-28,4,True,3279069682.1830206,7191177117.424549,-3912107435.2415295,619024402871.0,5733212917.918,613291189953.082,0.005297157376954578,1.254301422322896,-0.006378874341144234,0.009261691286042496,1.2146861453769013e-05,3286315103.0,0.01032227695307908,vcbf,bond,VCBF Fixed Income Fund
VCBF-FIF,2026-02,44,2026-01-29,2026-02-25,4,True,-23787451233.107426,495980907.48515075,-24283432140.592575,630084442203.0,13014297704.582201,617070144498.4178,-0.03775279889460214,0.03811046271905406,-0.039352790532964824,0.020654846926674738,3.289625769096697e-06,-23788412219.0,0.032170213710057904,vcbf,bond,VCBF Fixed Income Fund
VCBF-FIF,2026-03,45,2026-02-26,2026-03-25,4,True,-10898523720.783665,7568071044.6852,-18466594765.468864,609609202158.0001,13582645542.6518,596026556615.3483,-0.017877885836045757,0.55718681761371,-0.03098283886935338,0.02228090634880445,7.2902328130288165e-06,-10905085554.0,-0.10893595069079098,vcbf,bond,VCBF Fixed Income Fund
VCBF-FIF,2026-04,46,2026-03-26,2026-04-29,5,True,-1673095780.152392,10062199015.58295,-11735294795.735344,603611693580.0001,21282338346.258,582329355233.7421,-0.0027718080977346855,0.472795745085603,-0.020152332507820933,0.03525832678958419,1.4182629957274812e-05,-1665180222.0,0.11814689510852205,vcbf,bond,VCBF Fixed Income Fund
VCBF-FIF,2026-05,47,2026-04-30,2026-05-27,4,True,-9744816813.731482,912454013.8165486,-10657270827.54803,604304483328.0,31447437882.0993,572857045445.9008,-0.01612567353474732,0.0290152099906346,-0.01860371782501622,0.05203906101922876,9.801912293323181e-06,-9764802814.0,0.010964888625208946,vcbf,bond,VCBF Fixed Income Fund
VCBF-FIF,2026-06,48,2026-05-28,2026-06-24,4,True,-10139415114.983812,1610624475.1906483,-11750039590.17446,597745577700.9999,32526768049.7826,565218809651.2173,-0.016962760567767313,0.04951689244764708,-0.02078847941636111,0.05441574017976744,4.1622261828016845e-06,-10136390659.0,0.0019152489023328556,vcbf,bond,VCBF Fixed Income Fund
VCBF-FIF,2026-07,49,2026-06-25,2026-07-29,5,True,-33912153491.237686,23552893.845454462,-33935706385.083138,588877572082.0001,34198310019.826496,554679262062.1736,-0.057587782416878126,0.0006887151391925406,-0.06118077365812769,0.058073717935830035,1.1511734106823665e-05,-33906937370.0,-0.09229933653528677,vcbf,bond,VCBF Fixed Income Fund
VCBF-FIF,2026-08,50,2026-07-30,2026-08-12,2,True,-7271359788.371547,2505640879.585297,-9777000667.956844,558741330118.0,34439642806.569,524301687311.431,-0.01301382123788107,0.07275455479193799,-0.01864766203231649,0.06163790102889959,2.242559228912261e-05,-7246310434.0,0.05191590210479391,vcbf,bond,VCBF Fixed Income Fund
VCBF-MGF,2022-07,1,2022-06-29,2022-07-27,4,True,1071310466.2745686,1513318.7107499973,1069797147.5638185,264998895518.0,576985513.9304,264421910004.0696,0.004042697854194642,0.0026228019148025685,0.0040457961579180544,0.0021773129008804053,4.206414952274615e-05,1088498637.0,-0.02220689768407913,vcbf,equity,VCBF Midcap Growth Fund
VCBF-MGF,2022-08,2,2022-07-28,2022-08-31,5,True,8522449787.091595,1497849.8851500675,8520951937.206445,268705755871.0,584129742.375,268121626128.625,0.03171666256074933,0.0025642417711174803,0.031780174021168735,0.0021738638998690762,3.882286291208852e-05,8468518203.0,0.07511922353573364,vcbf,equity,VCBF Midcap Growth Fund
VCBF-MGF,2022-09,3,2022-09-01,2022-09-28,4,True,16725003701.75723,0.0,16725003701.75723,296883184332.0,627984152.4234,296255200179.5766,0.05633530150718779,0.0,0.05645471772856404,0.002115256725760307,0.0003659491018831665,16324474253.0,-0.10690271844811827,vcbf,equity,VCBF Midcap Growth Fund
VCBF-MGF,2022-10,4,2022-09-29,2022-10-26,4,True,2120310610.468903,3099022.664099992,2117211587.804803,281864366343.99994,562872255.5766001,281301494088.42334,0.00752245002790165,0.005505730000718169,0.007526485398400643,0.001996961385639097,3.1441863873405454e-05,2123135575.0,-0.1313897973102951,vcbf,equity,VCBF Midcap Growth Fund
VCBF-MGF,2022-11,5,2022-10-27,2022-11-30,5,True,6663590720.811263,2089360.891399998,6661501359.919863,235981975467.0,470016125.0223,235511959341.9777,0.028237710560835218,0.0044452961934037215,0.028285193577991332,0.0019917458699638168,0.00012696077266750159,6718401982.0,0.05542804220020958,vcbf,equity,VCBF Midcap Growth Fund
VCBF-MGF,2022-12,6,2022-12-01,2022-12-28,4,True,2164669524.7931585,1952501.2759999556,2162717023.5171585,252235661897.99997,490893953.8097,251744767944.19028,0.008581932897611107,0.003977440057770323,0.008590911506040176,0.0019461718859096523,6.562617504567724e-05,2201934314.0,-0.031247019324316505,vcbf,equity,VCBF Midcap Growth Fund
VCBF-MGF,2023-01,7,2022-12-29,2023-01-25,4,True,636585896.4566191,2027441.7924000516,634558454.664219,253843282015.0,491713367.49719995,253351568647.5028,0.002507790993732118,0.0041232187823561596,0.0025046557163697814,0.0019370745744933435,4.76096383523609e-06,632616647.0,0.09099501801784093,vcbf,equity,VCBF Midcap Growth Fund
VCBF-MGF,2023-02,8,2023-01-26,2023-02-21,4,True,593940670.7288527,2031663.5792999926,591909007.1495526,276078205031.0,535579253.38,275542625777.62,0.00215134936371439,0.0037933948458203303,0.002148157677887776,0.001939954851995149,4.0845477856912805e-05,569569976.0,-0.02332864053136907,vcbf,equity,VCBF Midcap Growth Fund
VCBF-MGF,2023-03,9,2023-02-23,2023-03-29,5,True,-901157402.7239127,312654978.38205004,-1213812381.1059628,269005022056.0,522795777.44850004,268482226278.5515,-0.0033499649777405075,0.5980441921469981,-0.004521015777955547,0.001943442443761021,1.0709237489723834e-05,-898316775.0,-0.02393206619664945,vcbf,equity,VCBF Midcap Growth Fund
VCBF-MGF,2023-04,10,2023-03-30,2023-04-26,4,True,-4172976402.8859944,2014477.2762499999,-4174990880.1622443,262116586643.99994,819925209.6535001,261296661434.34644,-0.01592030651823505,0.002456903693815338,-0.01597797253606034,0.0031280935714575802,2.853077816813703e-05,-4200086354.0,-0.014701845067355612,vcbf,equity,VCBF Midcap Growth Fund
VCBF-MGF,2023-05,11,2023-04-27,2023-05-31,5,True,-9181265576.801683,1989823.4752000154,-9183255400.276884,273230856771.0,869806952.7600001,272361049818.24,-0.03360259410413765,0.002287661036608262,-0.03371721252508508,0.003183414066182876,3.815515597882321e-05,-9204923008.0,0.033022674865488266,vcbf,equity,VCBF Midcap Growth Fund
VCBF-MGF,2023-06,12,2023-06-01,2023-06-28,4,True,-640540281.8315445,1998594.7397499725,-642538876.5712944,280916397989.0,926748458.9247999,279989649530.0752,-0.002280181172822195,0.002156566563993765,-0.002294866533994057,0.0032990187314059505,2.942380415588262e-05,-609403026.0,0.058762800301347395,vcbf,equity,VCBF Midcap Growth Fund
VCBF-MGF,2023-08,14,2023-07-27,2023-08-30,5,True,-1553182204.5119536,2006832.0159999942,-1555189036.5279534,320641603694.00006,1037034839.4453,319604568854.55475,-0.004843982148973443,0.0019351635448172884,-0.00486597873773102,0.003234249166352661,9.884285925368252e-05,-1659801658.0,0.010259485027147797,vcbf,equity,VCBF Midcap Growth Fund
VCBF-MGF,2023-09,15,2023-08-31,2023-09-27,4,True,-3646549982.3816233,2985334.7050500503,-3649535317.0866733,323533872341.0,1053663649.8707999,322480208691.1292,-0.011270999095075314,0.002833290021361287,-0.011317083091391168,0.0032567336527912407,0.00013345716298269043,-3488123022.0,-0.04888885225361861,vcbf,equity,VCBF Midcap Growth Fund
VCBF-MGF,2023-11,17,2023-10-26,2023-11-29,5,True,3628945553.5431843,181133885.57640004,3447811667.9667845,317173003675.0,1029661261.295,316143342413.705,0.01144153352112427,0.17591599527459043,0.010905849358216058,0.0032463710636295847,3.864514143910344e-05,3574180510.0,0.0010348020260333435,vcbf,equity,VCBF Midcap Growth Fund
VCBF-MGF,2023-12,18,2023-11-30,2023-12-27,4,True,3332276146.0586305,14847153.305999916,3317428992.7526307,321909745234.0,1212536927.8152,320697208306.1848,0.010351585173777078,0.012244701967759564,0.01034442741261821,0.003766698417078963,3.0016578724035404e-05,3294527404.0,0.017401160681900674,vcbf,equity,VCBF Midcap Growth Fund
VCBF-MGF,2024-01,19,2023-12-28,2024-01-31,5,True,-14276216339.800375,16954282.73060002,-14293170622.530973,334748803456.0,1263242648.6043,333485560807.3957,-0.042647550020822905,0.013421239972646623,-0.04285993848706986,0.003773703253192787,0.00011307432682858298,-14087707320.0,0.03771869624506441,vcbf,equity,VCBF Midcap Growth Fund
VCBF-MGF,2024-02,20,2024-02-01,2024-02-28,4,True,19149088482.766068,16930008.095200077,19132158474.670868,338212941777.0,1350427309.2384,336862514467.7616,0.056618438023557295,0.012536778528825877,0.05679515426315519,0.003992831563875522,5.988737778740121e-05,19063993141.0,0.07750513179479657,vcbf,equity,VCBF Midcap Growth Fund
VCBF-MGF,2024-03,21,2024-02-29,2024-03-27,4,True,28855777596.41844,2025656.7639999578,28853751939.65444,375043751244.0,1437191677.0080001,373606559566.992,0.07693976369611645,0.0014094548391882192,0.07723031408521248,0.0038320640518363855,0.00020930428384975384,28682279479.0,0.02274919293770683,vcbf,equity,VCBF Midcap Growth Fund
VCBF-MGF,2024-04,22,2024-03-28,2024-04-24,4,True,28245025058.38355,17203258.20419992,28227821800.179348,421444161499.0,1504159702.9558,419940001796.0442,0.06701961407632544,0.011437122115686304,0.0672187019084907,0.0035690604838510003,0.00015799415253583483,28184403813.0,-0.06038547568759789,vcbf,equity,VCBF Midcap Growth Fund
VCBF-MGF,2024-05,23,2024-04-25,2024-05-29,5,True,20752827386.863968,16930507.55965011,20735896879.30432,427441556593.00006,1443832606.5162997,425997723986.48376,0.048551262896097694,0.011726087555606798,0.048676074334993956,0.003377847998740758,2.8429405150156576e-05,20690441105.0,0.05559841076301675,vcbf,equity,VCBF Midcap Growth Fund
VCBF-MGF,2024-06,24,2024-05-30,2024-06-26,4,True,18857896858.92723,17031837.765049994,18840865021.162178,477111163946.99994,1557692651.7216,475553471295.2783,0.03952516370172815,0.010934016891089516,0.03961881504059846,0.003264842178152505,6.788041686377655e-05,18809082529.0,-0.008957757103344122,vcbf,equity,VCBF Midcap Growth Fund
VCBF-MGF,2024-07,25,2024-06-27,2024-07-31,5,True,22907515786.60627,16911740.91510001,22890604045.69117,503089261289.00006,1598182378.3289,501491078910.67114,0.04553370057614294,0.010581859207322353,0.045645087237471266,0.0031767372140563796,3.709689213651173e-05,22886030816.0,-0.007714630046620763,vcbf,equity,VCBF Midcap Growth Fund
VCBF-MGF,2024-08,26,2024-08-01,2024-08-28,4,True,13303840491.368206,17226652.094900027,13286613839.273304,518439428038.0,1591430768.0976,516847997269.9024,0.025661320825300107,0.01082463179689105,0.025707004592173975,0.003069656129589266,5.425402914159095e-05,13247681888.0,0.023915110546459895,vcbf,equity,VCBF Midcap Growth Fund
VCBF-MGF,2024-09,27,2024-08-29,2024-09-25,4,True,-1088432050.5409212,17098023.572800063,-1105530074.1137211,540364332203.99994,1634565380.9402,538729766823.05975,-0.0020142559115652607,0.010460287347432562,-0.002052105048200949,0.0030249320384882735,9.545696949099668e-06,-1071293473.0,0.004713447371706758,vcbf,equity,VCBF Midcap Growth Fund
VCBF-MGF,2024-10,28,2024-09-26,2024-10-30,5,True,9274053462.87284,21205796.841599807,9252847666.031242,550417411098.0,1685948392.5370002,548731462705.46295,0.01684912809057493,0.012577963201880404,0.0168622510187607,0.0030630360859657158,1.525255732999233e-05,9247436129.0,-0.02240811507751539,vcbf,equity,VCBF Midcap Growth Fund
VCBF-MGF,2024-11,29,2024-10-31,2024-11-27,4,True,17688114035.642197,3015714.673600165,17685098320.968594,557935964858.0,1701755676.5396001,556234209181.4604,0.03170276725241039,0.0017721196498268234,0.03179433776105486,0.0030500913791651936,4.087040258218749e-05,17599650894.0,-0.013236614414085301,vcbf,equity,VCBF Midcap Growth Fund
VCBF-MGF,2024-12,30,2024-11-28,2024-12-25,4,True,2430843073.404047,12686150.172299964,2418156923.2317467,577234127606.0,1709428629.6018002,575524698976.3982,0.0042111908446675495,0.007421280978109695,0.004201656206123855,0.0029614129654658896,3.789770456408143e-05,2468886672.0,0.02582187975555006,vcbf,equity,VCBF Midcap Growth Fund
VCBF-MGF,2025-01,31,2024-12-26,2025-01-29,5,True,47429417722.058685,16910658.588749986,47412507063.46993,609911933926.9999,1811931362.6790001,608100002564.3209,0.07776437069640203,0.009332946565783276,0.07796827308589749,0.00297080818047392,4.959495231590586e-05,47285220159.0,-0.007056293365985122,vcbf,equity,VCBF Midcap Growth Fund
VCBF-MGF,2025-02,32,2025-01-30,2025-02-26,4,True,55878737729.86824,10537737846.6719,45340999883.19634,657299567535.0,1826586917.3253,655472980617.6747,0.08501258861225829,5.769086456669949,0.06917295025718674,0.002778926090238204,8.05764110821295e-05,55671491131.0,0.029967194972530864,vcbf,equity,VCBF Midcap Growth Fund
VCBF-MGF,2025-03,33,2025-02-27,2025-03-26,4,True,87961451870.84589,26916447.67459897,87934535423.1713,733809880905.0,12604653102.245401,721205227802.7546,0.1198695386363072,0.0021354374020657544,0.12192720190212053,0.01717700106013865,9.705581449201439e-05,88147247262.0,0.0177518880088412,vcbf,equity,VCBF Midcap Growth Fund
VCBF-MGF,2025-04,34,2025-03-27,2025-04-30,5,True,44431837257.13228,-10246868237.547602,54678705494.67988,793894907994.0,12185057612.4165,781709850381.5835,0.055966900416834615,-0.8409372005846,0.06994757129897883,0.015348451652379903,0.0006447791413472234,46650708180.0,-0.07525130270192826,vcbf,equity,VCBF Midcap Growth Fund
VCBF-MGF,2025-05,35,2025-05-01,2025-05-28,4,True,12351931502.019732,16836460.43909997,12335095041.580631,764588575046.0,1699589979.405,762888985066.595,0.016155004018045392,0.009906189518129634,0.01616892533912239,0.002222881736498283,4.0309473502296044e-05,12253824593.0,0.09424284432846775,vcbf,equity,VCBF Midcap Growth Fund
VCBF-MGF,2025-07,37,2025-06-26,2025-07-30,5,True,-6045088400.65206,7389540.585599887,-6052477941.237659,840059916227.0001,1917222154.848,838142694072.1521,-0.0071960205264913054,0.003854295427848183,-0.007221297738492997,0.002282244537340751,3.295811714818089e-05,-5989236346.0,0.1030766416681912,vcbf,equity,VCBF Midcap Growth Fund
VCBF-MGF,2025-08,38,2025-07-31,2025-08-27,4,True,-52777327317.5446,16917119.838500086,-52794244437.3831,878041479013.0,2024818569.8048,876016660443.1952,-0.06010801149949226,0.008354881810537207,-0.06026625613566914,0.00230606254738772,0.00011188849625501292,-52623256510.0,0.109542792329683,vcbf,equity,VCBF Midcap Growth Fund
VCBF-MGF,2025-09,39,2025-08-28,2025-09-24,4,True,4116345707.041425,18180229.216849755,4098165477.824576,880760911086.0001,2170358297.1966,878590552788.8035,0.004673624425459423,0.008376602720542836,0.004664477059099106,0.0024641855353463565,7.695952485353051e-06,4142681301.0,-0.009158406963258758,vcbf,equity,VCBF Midcap Growth Fund
VCBF-MGF,2025-10,40,2025-09-25,2025-10-29,5,True,21809745914.718315,16885087.94340024,21792860826.774914,882472809274.0,2182553537.7086997,880290255736.2913,0.024714354578993698,0.007736391182012715,0.024756449006182575,0.0024732246872334355,0.0001452615037443084,21231755628.0,0.017116551832321747,vcbf,equity,VCBF Midcap Growth Fund
VCBF-MGF,2025-11,41,2025-10-30,2025-11-26,4,True,-3686934006.176416,17479080.477299817,-3704413086.6537156,888458137035.0,2159912042.5131,886298224992.4869,-0.004149811738435542,0.008092496422661065,-0.004179646288567393,0.002431079138653904,3.260081565259299e-05,-3726011269.0,-0.003244692525343651,vcbf,equity,VCBF Midcap Growth Fund
VCBF-MGF,2025-12,42,2025-11-27,2025-12-31,5,True,5858784310.256947,271060801.8188501,5587723508.438095,850372905583.0001,2093509600.0925,848279395982.9076,0.006889664842085098,0.12947674173878806,0.00658712628751705,0.002461872416616129,3.348191844098173e-05,5792029604.0,0.06196886381489697,vcbf,equity,VCBF Midcap Growth Fund
VCBF-MGF,2026-01,43,2026-01-01,2026-01-28,4,True,-6430934017.949394,52205363.10040009,-6483139381.049796,865753401383.0,2391825105.5814,863361576277.4186,-0.007428136011566668,0.02182658045463994,-0.007509182200351489,0.002762709452553779,2.3431373918612835e-05,-6416832858.0,0.01032227695307908,vcbf,equity,VCBF Midcap Growth Fund
VCBF-MGF,2026-02,44,2026-01-29,2026-02-25,4,True,27938862110.461258,248376143.65459982,27690485966.806656,911821513225.0,2589899313.5631003,909231613911.4369,0.030640713895469473,0.0959018531546278,0.030454820909366038,0.0028403577630044573,0.00011384373505010203,27504752208.0,0.032170213710057904,vcbf,equity,VCBF Midcap Growth Fund
VCBF-MGF,2026-03,45,2026-02-26,2026-03-25,4,True,42212127657.79303,338551957.89469993,41873575699.89832,985235402790.0,2971326256.8329997,982264076533.167,0.042844712581639154,0.11393967832248315,0.042629651944198356,0.003015854128281187,0.00016778560611901595,41774280149.0,-0.10893595069079098,vcbf,equity,VCBF Midcap Growth Fund
VCBF-MGF,2026-04,46,2026-03-26,2026-04-29,5,True,15863154122.339636,5046027067.7987995,10817127054.540836,967631977706.0,3130773459.8855,964501204246.1145,0.01639378863847285,1.6117509402878818,0.0112152551048351,0.0032355002025746785,1.2908274294748721e-05,15836232340.0,0.11814689510852205,vcbf,equity,VCBF Midcap Growth Fund
VCBF-MGF,2026-05,47,2026-04-30,2026-05-27,4,True,-6314210155.544278,1022168630.6605004,-7336378786.204779,977213215432.0,8097946451.7028,969115268980.2972,-0.006461445727330789,0.1262256594010403,-0.007570181815341857,0.00828677541791421,7.6020255193757025e-06,-6285131905.0,0.010964888625208946,vcbf,equity,VCBF Midcap Growth Fund
VCBF-MGF,2026-06,48,2026-05-28,2026-06-24,4,True,480080939.0824058,82596614.45004979,397484324.63235617,957849085399.0,8996285603.6136,948852799795.3864,0.0005012072845300302,0.009181190781323421,0.00041891041973852105,0.009392174342230669,1.0574783973290426e-05,512334012.0,0.0019152489023328556,vcbf,equity,VCBF Midcap Growth Fund
VCBF-MGF,2026-07,49,2026-06-25,2026-07-29,5,True,-5789846332.025965,226225098.85709953,-6016071430.883062,941565349930.0,8920391379.62,932644958550.38,-0.006149170986863957,0.02536044543672662,-0.006450548384707838,0.009474001332231672,2.0824122041973867e-05,-5762064757.0,-0.09229933653528677,vcbf,equity,VCBF Midcap Growth Fund
VCBF-MGF,2026-08,50,2026-07-30,2026-08-12,2,True,4985195979.067593,72658484.87960078,4912537494.187991,837428369547.0,8207654889.2952,829220714657.7048,0.005952981962820645,0.008852526800848474,0.005924282169212143,0.00980102321316755,8.022128195107145e-06,4970980066.0,0.05191590210479391,vcbf,equity,VCBF Midcap Growth Fund
VCBF-TBF,2022-07,1,2022-06-29,2022-07-27,4,True,1636825272.2200923,20236105.201490037,1616589167.0186024,246373386216.0,81808648830.353,164564737385.647,0.006643677295505684,0.00024735899554402557,0.009823423855562861,0.33205148529569617,1.4558556465677458e-05,1643997424.0,-0.02220689768407913,vcbf,balanced,VCBF Tactical Balanced Fund
VCBF-TBF,2022-08,2,2022-07-28,2022-08-31,5,True,-267538628.88141444,19990103.27425182,-287528732.15566623,243014158790.0,80169542645.50859,162844616144.4914,-0.0011009178650887054,0.0002493478522466255,-0.0017656631147114075,0.32989659139485317,1.745855759485605e-06,-266145888.0,0.07511922353573364,vcbf,balanced,VCBF Tactical Balanced Fund
VCBF-TBF,2022-09,3,2022-09-01,2022-09-28,4,True,53554057.84560217,20096820.01890049,33457237.826701716,254939514668.0,84209751340.7598,170729763327.2402,0.00021006574016328537,0.00023865193399725772,0.0001959660528701943,0.3303126682829988,9.717883671159213e-06,63308673.0,-0.10690271844811827,vcbf,balanced,VCBF Tactical Balanced Fund
VCBF-TBF,2022-10,4,2022-09-29,2022-10-26,4,True,-189705092.81635028,-3327313.532041791,-186377779.2843085,236850623147.0,78239497954.9176,158611125192.0824,-0.0008009482529358215,-4.2527286332525074e-05,-0.0011750612011521885,0.3303326667051186,1.6595599714878983e-05,-179208357.0,-0.1313897973102951,vcbf,balanced,VCBF Tactical Balanced Fund
VCBF-TBF,2022-11,5,2022-10-27,2022-11-30,5,True,-2087792878.7777686,24909282.36994009,-2112702161.1477087,216787545185.0,71671052112.7356,145116493072.2644,-0.009630594216084271,0.0003475501145254408,-0.014558663294706519,0.3306050264629994,2.5974701791653506e-05,-2079077510.0,0.05542804220020958,vcbf,balanced,VCBF Tactical Balanced Fund
VCBF-TBF,2022-12,6,2022-12-01,2022-12-28,4,True,-11072471430.430904,-10030808822.233591,-1041662608.1973122,226872734303.00003,75772971438.89069,151099762864.10934,-0.0488047691779615,-0.1323797738395838,-0.0068938732162943574,0.333988884436382,6.173732995403256e-05,-11040899537.0,-0.031247019324316505,vcbf,balanced,VCBF Tactical Balanced Fund
VCBF-TBF,2023-01,7,2022-12-29,2023-01-25,4,True,421008503.6154225,20007315.655290574,401001187.96013194,213431088516.99997,65040799805.2555,148390288711.74448,0.001972573473437019,0.000307611771614068,0.0027023411804198098,0.30473910927027364,3.2750807920786127e-06,418149613.0,0.09099501801784093,vcbf,balanced,VCBF Tactical Balanced Fund
VCBF-TBF,2023-02,8,2023-01-26,2023-02-22,4,True,-22167957180.69985,19938373.23040977,-22187895553.930256,226899682279.0,69034700146.8912,157864982132.1088,-0.09769937515135751,0.00028881668476845907,-0.1405498246302805,0.3042520793925347,0.00017453075062161998,-22318629436.0,-0.04855245108656381,vcbf,balanced,VCBF Tactical Balanced Fund
VCBF-TBF,2023-03,9,2023-02-23,2023-03-29,5,True,-814703795.0066576,20187781.825444996,-834891576.8321025,199118684493.0,67314166561.68001,131804517931.31999,-0.004091548701625228,0.0002999039111172374,-0.006334316834777571,0.33806052271325865,6.432294714497508e-06,-810513607.0,0.0019444549834959357,vcbf,balanced,VCBF Tactical Balanced Fund
VCBF-TBF,2023-04,10,2023-03-30,2023-04-26,4,True,-562252680.6345117,20027067.235904183,-582279747.8704159,197801394523.0,67165347264.2836,130636047258.71642,-0.002842511206710092,0.0002981755927964053,-0.004457267041441079,0.3395595234616697,3.1572706685094392e-06,-561296066.0,-0.014701845067355612,vcbf,balanced,VCBF Tactical Balanced Fund
VCBF-TBF,2023-05,11,2023-04-27,2023-05-31,5,True,-276388552.30053,24942234.48929251,-301330786.7898225,198776656764.0,67707041356.1192,131069615407.8808,-0.0013904477356648356,0.0003683846464078036,-0.00229901328276656,0.3406186745383549,3.0133582717601703e-06,-279352944.0,0.033022674865488266,vcbf,balanced,VCBF Tactical Balanced Fund
VCBF-TBF,2023-06,12,2023-06-01,2023-06-28,4,True,681497289.3112814,14851743.406501424,666645545.90478,203000114983.0,69264968319.6247,133735146663.37529,0.0033571276024565435,0.00021441926224477189,0.004984819342837328,0.34120654722498656,4.062788329562031e-06,678144480.0,0.058762800301347395,vcbf,balanced,VCBF Tactical Balanced Fund
VCBF-TBF,2023-07,13,2023-06-29,2023-07-26,4,True,-1380223106.1508017,-1583147233.7458916,202924127.59508967,212904013703.0,72424356823.728,140479656879.272,-0.006482842113423966,-0.02185932058187383,0.0014445089922840739,0.340173750433656,1.4694673794406827e-05,-1374343806.0,0.05489524311503513,vcbf,balanced,VCBF Tactical Balanced Fund
VCBF-TBF,2023-08,14,2023-07-27,2023-08-30,5,True,-7478028959.376947,19825067.62199845,-7497854026.998946,219843331249.0,73650169986.58942,146193161262.41058,-0.034015264037766724,0.00026917884406252285,-0.051287310310915386,0.33501207231604135,1.849742976208286e-05,-7457617020.0,0.010259485027147797,vcbf,balanced,VCBF Tactical Balanced Fund
VCBF-TBF,2023-09,15,2023-08-31,2023-09-27,4,True,2366523908.776255,19884309.815998413,2346639598.960257,218537037258.99997,75761441953.7243,142775595305.27567,0.010828937458191861,0.00026245949526863425,0.01643585932135523,0.34667552422217274,1.2216846503101213e-05,2355680367.0,-0.04888885225361861,vcbf,balanced,VCBF Tactical Balanced Fund
VCBF-TBF,2023-12,18,2023-11-30,2023-12-27,4,True,151174543.6634166,-121644564.91200049,272819108.57541716,213886612837.0,72123528602.9375,141763084234.0625,0.0007067975955027377,-0.0016866141641750743,0.0019244721575397612,0.33720450123683915,6.46154381830134e-06,154032305.0,0.017401160681900674,vcbf,balanced,VCBF Tactical Balanced Fund
VCBF-TBF,2024-01,19,2023-12-28,2024-01-31,5,True,9598851639.700369,4994292720.259394,4604558919.440975,219603557343.99997,73876277841.22299,145727279502.77698,0.0437099096016198,0.06760346983091474,0.03159709654329498,0.3364074732427892,3.238255871013573e-05,9586669391.0,0.03771869624506441,vcbf,balanced,VCBF Tactical Balanced Fund
VCBF-TBF,2024-02,20,2024-02-01,2024-02-28,4,True,9430375057.598246,1027391980.3159542,8402983077.282291,237987307338.00003,81879825795.4997,156107481542.50034,0.03962553786200376,0.012547559430352647,0.05382818936192097,0.3440512299221503,4.44171660663182e-05,9391488383.0,0.07750513179479657,vcbf,balanced,VCBF Tactical Balanced Fund
VCBF-TBF,2024-03,21,2024-02-29,2024-03-27,4,True,13447448366.110455,578046560.8869007,12869401805.223553,260438295191.0,87343428008.4512,173094867182.5488,0.05163391334691535,0.006618088779741618,0.07434883549522738,0.33537090981337964,0.00010266718628467937,13361491058.0,0.02274919293770683,vcbf,balanced,VCBF Tactical Balanced Fund
VCBF-TBF,2024-04,22,2024-03-28,2024-04-24,4,True,10727096990.862957,4968601.099005176,10722128389.763954,281815396278.99994,90523987946.6715,191291408332.32846,0.038064268781976086,5.488712121180768e-05,0.05605128052137354,0.32121732574558093,5.4765279526960425e-05,10737413691.0,-0.06038547568759789,vcbf,balanced,VCBF Tactical Balanced Fund
VCBF-TBF,2024-05,23,2024-04-25,2024-05-29,5,True,10099396705.562527,869304037.6200017,9230092667.942526,282198945183.0,87287403864.752,194911541318.248,0.03578821564699075,0.009959100616246419,0.04735529053598627,0.3093115879938813,2.4572227713807488e-05,10068087304.0,0.05559841076301675,vcbf,balanced,VCBF Tactical Balanced Fund
VCBF-TBF,2024-06,24,2024-05-30,2024-06-26,4,True,8962830138.88868,246040866.0183965,8716789272.870281,304635206015.0,91957223419.93091,212677982595.06906,0.02942151780857317,0.0026756012944717657,0.04098585648833581,0.30186013173869014,3.465074854567113e-05,8918800304.0,-0.008957757103344122,vcbf,balanced,VCBF Tactical Balanced Fund
VCBF-TBF,2024-07,25,2024-06-27,2024-07-31,5,True,10007631766.930439,110156671.4638536,9897475095.466585,317754150810.0,93484602730.9168,224269548079.08322,0.03149488918215412,0.0011783402640210727,0.044132050830086304,0.294204190543574,1.883492340725331e-05,10009474771.0,-0.007714630046620763,vcbf,balanced,VCBF Tactical Balanced Fund
VCBF-TBF,2024-08,26,2024-08-01,2024-08-28,4,True,4841210440.817589,99338155.30800115,4741872285.509588,325761894340.0,93027022273.974,232734872066.026,0.01486119317492912,0.0010678419332335524,0.02037456717772976,0.2855675384085317,1.639532145581758e-05,4832862572.0,0.023915110546459895,vcbf,balanced,VCBF Tactical Balanced Fund
VCBF-TBF,2024-10,28,2024-09-26,2024-10-30,5,True,6363969082.894617,104998847.77385849,6258970235.120758,348151972880.0,96818011319.16159,251333961560.83838,0.018279284848654674,0.0010844970511502108,0.024903002348951157,0.27809123274028535,1.194437222931595e-05,6355292990.0,-0.02240811507751539,vcbf,balanced,VCBF Tactical Balanced Fund
VCBF-TBF,2024-11,29,2024-10-31,2024-11-27,4,True,7266042109.667509,206846736.49150354,7059195373.176006,351261918748.0,96021761647.5456,255240157100.45438,0.020685538972074754,0.0021541651907069624,0.027657071886214725,0.2733622875767324,1.1646740916780418e-05,7258488902.0,-0.013236614414085301,vcbf,balanced,VCBF Tactical Balanced Fund
VCBF-TBF,2024-12,30,2024-11-28,2024-12-25,4,True,11248985501.725513,4971865.652999396,11244013636.072514,358312581971.0,96168583428.82141,262143998542.17856,0.03139433574966103,5.169947893304774e-05,0.042892508310707594,0.2683929849736753,2.631209475877786e-05,11266271070.0,0.02582187975555006,vcbf,balanced,VCBF Tactical Balanced Fund
VCBF-TBF,2025-01,31,2024-12-26,2025-01-29,5,True,12180973254.831982,4999380.227094433,12175973874.604889,379192362521.0,98714495299.7732,280477867221.2268,0.032123466764596,5.0644844122562415e-05,0.04341153188034297,0.26032827940807035,1.5096909390228025e-05,12168509567.0,-0.007056293365985122,vcbf,balanced,VCBF Tactical Balanced Fund
VCBF-TBF,2025-02,32,2025-01-30,2025-02-26,4,True,11309152424.733582,105612007.04730743,11203540417.686272,392365117331.0,98940391488.4957,293424725842.50433,0.02882303223503214,0.0010674306565644374,0.038181991601143286,0.25216408676062146,2.7985996531451963e-05,11264863621.0,0.029967194972530864,vcbf,balanced,VCBF Tactical Balanced Fund
VCBF-TBF,2025-03,33,2025-02-27,2025-03-26,4,True,18503982917.75666,55441794.66919686,18448541123.087463,407026313873.00006,99869638320.243,307156675552.7571,0.045461392266472125,0.0005551416386571527,0.06006231539616579,0.24536408314722427,1.842257488084733e-05,18534712991.0,0.0177518880088412,vcbf,balanced,VCBF Tactical Balanced Fund
VCBF-TBF,2025-04,34,2025-03-27,2025-04-30,5,True,-5334171860.568529,-5671942115.153608,337770254.585078,421223341241.0,98904987077.90651,322318354163.0935,-0.012663523927361423,-0.057347382399290686,0.0010479398713179263,0.2348041463858925,0.00013132881469166195,-5106985790.0,-0.07525130270192826,vcbf,balanced,VCBF Tactical Balanced Fund
VCBF-TBF,2025-05,35,2025-05-01,2025-05-28,4,True,10845099544.403341,5965176.074909546,10839134368.328432,398353446172.00006,89404035564.7296,308949410607.27045,0.02722481667629573,6.672155274904438e-05,0.03508384866966746,0.22443394534141156,3.464866527932579e-05,10794174732.0,0.09424284432846775,vcbf,balanced,VCBF Tactical Balanced Fund
VCBF-TBF,2025-07,37,2025-06-26,2025-07-30,5,True,13927385103.569427,4991375.569958943,13922393727.99947,438164947350.00006,95780785404.38649,342384161945.6136,0.03178571263584996,5.2112493637271344e-05,0.04066307754682586,0.21859527099021486,2.2254936021011636e-05,13918892050.0,0.1030766416681912,vcbf,balanced,VCBF Tactical Balanced Fund
VCBF-TBF,2025-08,38,2025-07-31,2025-08-27,4,True,7542010977.193031,30297301.331852015,7511713675.861179,471423091074.0,99981802108.058,371441288965.942,0.015998391084345826,0.0003030281580552769,0.020223152080839184,0.21208507602009616,2.922104774339221e-05,7512125301.0,0.109542792329683,vcbf,balanced,VCBF Tactical Balanced Fund
VCBF-TBF,2025-09,39,2025-08-28,2025-09-24,4,True,31664026721.404396,71288593.99998936,31592738127.404404,510630274182.0,106676408495.51552,403953865686.4845,0.06200969335813143,0.0006682695359301134,0.07820877781108813,0.20891124927209795,6.045637135664428e-05,31583790664.0,-0.009158406963258758,vcbf,balanced,VCBF Tactical Balanced Fund
VCBF-TBF,2025-10,40,2025-09-25,2025-10-29,5,True,38582842747.02648,253782181.5146599,38329060565.511826,542495405029.00006,106799575386.33,435695829642.67004,0.07112104985472452,0.002376247102075494,0.08797206206207409,0.1968672442131023,0.00016833334951689029,38157013791.0,0.017116551832321747,vcbf,balanced,VCBF Tactical Balanced Fund
VCBF-TBF,2025-11,41,2025-10-30,2025-11-26,4,True,20224013502.233177,269329767.8971373,19954683734.33604,585573111433.0,107921185876.9488,477651925556.0512,0.03453712799882746,0.002495615348447206,0.04177662156622963,0.184300104922589,3.463372878226675e-05,20146362550.0,-0.003244692525343651,vcbf,balanced,VCBF Tactical Balanced Fund
VCBF-TBF,2025-12,42,2025-11-27,2025-12-31,5,True,27857855548.8369,609887318.7809663,27247968230.055935,596471929167.0,106493422351.25339,489978506815.7466,0.04670438655468943,0.0057269952013499935,0.055610537709366026,0.17853886686667092,4.3987845276157856e-05,27754771253.0,0.06196886381489697,vcbf,balanced,VCBF Tactical Balanced Fund
VCBF-TBF,2026-01,43,2026-01-01,2026-01-28,4,True,23760358566.229816,334609990.2272845,23425748576.00253,637268332485.9999,109362008863.3555,527906323622.6444,0.0372846999529069,0.003059654753099584,0.0443748209251375,0.17161061249777082,2.697854032289661e-05,23698843059.0,0.01032227695307908,vcbf,balanced,VCBF Tactical Balanced Fund
VCBF-TBF,2026-02,44,2026-01-29,2026-02-25,4,True,43699268771.153275,54580691.442713454,43644688079.710556,681660230451.0,113238517657.2817,568421712793.7183,0.06410711204648241,0.00048199757972726957,0.07678223244710804,0.16612164330367465,2.8503339747067744e-05,43653823842.0,0.032170213710057904,vcbf,balanced,VCBF Tactical Balanced Fund
VCBF-TBF,2026-03,45,2026-02-26,2026-03-25,4,True,44908949550.18185,56244751.12529562,44852704799.05655,742251825879.0001,116023085671.49521,626228740207.5049,0.06050365655483451,0.00048477206755684435,0.07162351696633137,0.15631229405747393,9.920755827879953e-05,44727670273.0,-0.10893595069079098,vcbf,balanced,VCBF Tactical Balanced Fund
VCBF-TBF,2026-04,46,2026-03-26,2026-04-29,5,True,27249646204.44644,5028040064.320095,22221606140.126343,752049773323.0,110704122556.3192,641345650766.6808,0.03623383341243681,0.04541872468897578,0.03464840856652271,0.1472031858571847,3.224924659968861e-05,27145500632.0,0.11814689510852205,vcbf,balanced,VCBF Tactical Balanced Fund
VCBF-TBF,2026-05,47,2026-04-30,2026-05-27,4,True,5029908227.073868,2027537446.196196,3002370780.8776703,787114297923.0,116910341221.49399,670203956701.506,0.00639031490133841,0.017342669818702344,0.004479786713964239,0.14853032339774727,7.508154637670977e-06,5027708384.0,0.010964888625208946,vcbf,balanced,VCBF Tactical Balanced Fund
VCBF-TBF,2026-06,48,2026-05-28,2026-06-24,4,True,11586223509.903202,559871006.9192079,11026352502.983997,791471094737.9999,118832181997.4955,672638912740.5044,0.014638846051274407,0.004711442620240767,0.01639267710228032,0.15014089938032726,1.2560667915599024e-05,11551403025.0,0.0019152489023328556,vcbf,balanced,VCBF Tactical Balanced Fund
VCBF-TBF,2026-07,49,2026-06-25,2026-07-29,5,True,16190442460.984352,274484675.41140354,15915957785.572948,793807213618.9999,118010942712.0197,675796270906.9802,0.02039593768261623,0.0023259256226875868,0.023551414044076156,0.1486644876581594,3.0254466114672577e-05,16150703413.0,-0.09229933653528677,vcbf,balanced,VCBF Tactical Balanced Fund
VCBF-TBF,2026-08,50,2026-07-30,2026-08-12,2,True,7011426240.832923,5019008.57823688,7006407232.254686,763368888305.0,111465840483.04951,651903047821.9504,0.009184846734324265,4.502732457303917e-05,0.010747621530016677,0.14601831721299327,1.4590190562908966e-05,7028063255.0,0.05191590210479391,vcbf,balanced,VCBF Tactical Balanced Fund
VINACAPITAL-VEOF,2021-01,1,2020-12-29,2021-01-25,4,True,-13419335836.316,1112530938.8783505,-14531866775.19435,318684369815.00006,4636268622.1228,314048101192.87726,-0.042108547225287764,0.2399625711007569,-0.046272742041733886,0.014548151905957004,0.00021917318537243533,-13260597586.0,0.06053715813695426,vinacapital,equity,VinaCapital Leading Enterprise Equity Fund
VINACAPITAL-VEOF,2021-02,2,2021-01-26,2021-02-22,4,True,-10921922245.133898,19155531.918299623,-10941077777.052197,340265317247.0,6292521779.294001,333972795467.706,-0.032098253014736816,0.0030441741149521786,-0.03276038625161061,0.018492986091574633,0.00038290976413443386,-11220505064.0,0.007709789460143224,vinacapital,equity,VinaCapital Leading Enterprise Equity Fund
VINACAPITAL-VEOF,2021-04,4,2021-03-30,2021-04-29,5,True,-12426991344.753819,23861457.505049676,-12450852802.258865,293422381199.0,5930852771.700999,287491528427.299,-0.04235188636249868,0.004023275981306493,-0.04330859024045101,0.02021268025794759,0.00021564119700829735,-12235893317.0,0.054189915623299,vinacapital,equity,VinaCapital Leading Enterprise Equity Fund
VINACAPITAL-VEOF,2021-05,5,2021-04-30,2021-05-31,4,True,-11585080153.538519,43398295.134650394,-11628478448.673168,297806515616.0,6304661887.412399,291501853728.5876,-0.03890136563861028,0.00688352459016041,-0.03989161063620627,0.021170328910942317,0.00011949720609615754,-11539443484.0,0.07153519069864989,vinacapital,equity,VinaCapital Leading Enterprise Equity Fund
VINACAPITAL-VEOF,2021-06,6,2021-06-01,2021-06-28,4,True,18648355476.712406,544951834.3474504,18103403642.364956,320509510223.00006,7079332894.3624,313430177328.63763,0.05818347001228603,0.07697785122965763,0.05775896819081076,0.022087746754961595,0.00013748385776027604,18498413355.0,0.0585520123489327,vinacapital,equity,VinaCapital Leading Enterprise Equity Fund
VINACAPITAL-VEOF,2021-07,7,2021-06-29,2021-07-26,4,True,28291640995.085773,1062787515.2347001,27228853479.851074,354884358025.0,7978410667.0884,346905947357.9116,0.07972073255787948,0.1332079231793352,0.07849059287461099,0.022481719711428805,0.00031273865716980546,28637889646.0,-0.09467851274354266,vinacapital,equity,VinaCapital Leading Enterprise Equity Fund
VINACAPITAL-VEOF,2021-08,8,2021-07-27,2021-08-30,5,True,16680882698.286303,480011241.2305995,16200871457.055704,370117015320.0,8785724065.3836,361331291254.6164,0.045069213269928035,0.05463536501469232,0.044836613515544015,0.023737692950397155,0.00019778598036671464,16442061793.0,0.04355273392996062,vinacapital,equity,VinaCapital Leading Enterprise Equity Fund
VINACAPITAL-VEOF,2021-09,9,2021-08-31,2021-09-20,3,True,10831732095.483498,17152687.50939994,10814579407.974098,406514599464.00006,9727620868.3566,396786978595.64343,0.026645370448602376,0.0017632972893913516,0.027255378808675547,0.023929327215265375,0.00023961021606988235,10629351029.0,0.016820515909467204,vinacapital,equity,VinaCapital Leading Enterprise Equity Fund
VINACAPITAL-VEOF,2021-11,11,2021-10-26,2021-11-29,5,True,92055396553.64133,25620503.61210026,92029776050.02922,457125997756.99994,11750243122.937199,445375754634.06274,0.20137860678529235,0.002180423276696927,0.2066340053145558,0.025704604814848923,0.00015114716493319736,91870418796.0,0.07177710408546267,vinacapital,equity,VinaCapital Leading Enterprise Equity Fund
VINACAPITAL-VEOF,2021-12,12,2021-11-30,2021-12-27,4,True,57349372516.833725,34931962.34764988,57314440554.48608,564982654859.0001,12181941381.632399,552800713477.3677,0.10150643037200163,0.002867520147512723,0.10368011320743818,0.021561620125617104,0.0003294379919718866,56627975370.0,0.002720831874141627,vinacapital,equity,VinaCapital Leading Enterprise Equity Fund
VINACAPITAL-VEOF,2022-01,13,2021-12-28,2022-01-31,5,True,6685280560.260374,1075128557.1170008,5610152003.14337,617310556255.0,12085485045.5152,605225071209.4847,0.010829687735809274,0.08896031504469654,0.009269530080655803,0.01957764195518293,0.00019462456849937603,6714497761.0,-0.006662726344634828,vinacapital,equity,VinaCapital Leading Enterprise Equity Fund
VINACAPITAL-VEOF,2022-02,14,2022-02-01,2022-02-28,4,True,21968877654.846413,1625612204.4758496,20343265450.370567,630408661605.0,13312803964.172,617095857640.828,0.034848629139888974,0.12210892677836827,0.03296613516114555,0.02111773643826218,5.7997068942511226e-05,22034441856.0,0.007552604532915286,vinacapital,equity,VinaCapital Leading Enterprise Equity Fund
VINACAPITAL-VEOF,2022-03,15,2022-03-01,2022-03-28,4,True,89286132570.9691,1186151243.9673998,88099981327.00171,684828099000.0,15642798834.085201,669185300165.9148,0.130377437347192,0.07582730280867711,0.13165259503632043,0.02284193486938859,0.0002175719275407131,88929233524.0,-0.004664022602055118,vinacapital,equity,VinaCapital Leading Enterprise Equity Fund
VINACAPITAL-VEOF,2022-04,16,2022-03-29,2022-04-25,4,True,146243999213.11078,4887507636.247201,141356491576.8636,791953886335.0,17193825189.8674,774760061145.1326,0.18466226599366534,0.2842594700292456,0.1824519598595879,0.02171063932704074,0.0004886870945649825,147502019221.0,-0.11614234280397495,vinacapital,equity,VinaCapital Leading Enterprise Equity Fund
VINACAPITAL-VEOF,2022-06,18,2022-05-31,2022-06-27,4,True,28281430193.42293,3207877460.700397,25073552732.722534,1096154806667.0001,29930491184.771797,1066224315482.2283,0.025800580375518547,0.10717757489835379,0.02351620795796835,0.027304985575695565,0.0001267144248239591,28592871281.0,-0.07040620749350801,vinacapital,equity,VinaCapital Leading Enterprise Equity Fund
VINACAPITAL-VEOF,2022-07,19,2022-06-28,2022-07-25,4,True,5206675811.167525,857595025.8044991,4349080785.363027,1077356606822.0,31788159394.283997,1045568447427.7161,0.004832824877295033,0.02697844235544849,0.004159537136055069,0.029505698663744317,3.8599803440422774e-05,5295709599.0,-0.011905355747326651,vinacapital,equity,VinaCapital Leading Enterprise Equity Fund
VINACAPITAL-VEOF,2022-09,21,2022-08-30,2022-09-26,4,True,-8593903616.510405,-576478692.8446488,-8017424923.665756,1134396183861.0,44249127186.2398,1090147056674.7603,-0.007575751522065623,-0.013028024042560484,-0.007354443489597674,0.03900676660920585,4.048471437363818e-05,-8620027635.0,-0.07589707271010371,vinacapital,equity,VinaCapital Leading Enterprise Equity Fund
VINACAPITAL-VEOF,2022-10,22,2022-09-27,2022-10-31,5,True,-35106140031.72264,575689741.4112967,-35681829773.133934,1038015381831.9999,40211806981.9193,997803574850.0806,-0.03382044297817976,0.014316435510350181,-0.03576037475962652,0.03873912437689432,9.952438900995712e-05,-35232118154.0,-0.12467322348533205,vinacapital,equity,VinaCapital Leading Enterprise Equity Fund
VINACAPITAL-VEOF,2022-11,23,2022-11-01,2022-11-28,4,True,-4843553013.834281,209194824.73670012,-5052747838.570981,879186073859.0,35928615516.618996,843257458342.381,-0.005509133001361744,0.005822512827969555,-0.005991939695977708,0.04086576958495031,0.0001690238137974372,-4630180568.0,-0.021645232211996768,vinacapital,equity,VinaCapital Leading Enterprise Equity Fund
VINACAPITAL-VEOF,2022-12,24,2022-11-29,2022-12-26,4,True,-3525445678.6315613,534930002.3343504,-4060375680.965912,856688600504.0,35419633759.09,821268966744.91,-0.004115200875274283,0.015102640698453509,-0.00494402667747104,0.04134481740302393,2.0746349425903984e-05,-3496624826.0,-0.020364128111048374,vinacapital,equity,VinaCapital Leading Enterprise Equity Fund
VINACAPITAL-VEOF,2023-01,25,2022-12-27,2023-01-30,5,True,-2493429399.0049224,205572146.5099034,-2699001545.514826,852948294046.9999,35917010527.9944,817031283519.0055,-0.0029233066252753737,0.005723531649430472,-0.0033034249727746717,0.04210924715914289,2.6989219454834085e-06,-2490067577.0,0.11912181159346713,vinacapital,equity,VinaCapital Leading Enterprise Equity Fund
VINACAPITAL-VEOF,2023-02,26,2023-01-31,2023-02-27,4,True,-11150691866.86121,-1901800143.6649532,-9248891723.196259,937535810641.0,39807496264.2244,897728314376.7756,-0.011893617012066347,-0.04777492487951646,-0.010302550977928171,0.04245970747187537,4.095074377221262e-05,-11208025376.0,-0.07375495433396506,vinacapital,equity,VinaCapital Leading Enterprise Equity Fund
VINACAPITAL-VEOF,2023-04,28,2023-03-28,2023-04-24,4,True,-7366846253.164215,240897140.52080068,-7607743393.685016,875210024171.0,43905770732.855995,831304253438.144,-0.008417232492443286,0.005486685155501215,-0.009151575205131674,0.05016598247311392,6.8169826071718395e-06,-7360099245.0,-0.010349251603706255,vinacapital,equity,VinaCapital Leading Enterprise Equity Fund
VINACAPITAL-VEOF,2023-05,29,2023-04-25,2023-05-29,5,True,-11129924597.210354,1628885860.5926566,-12758810457.803009,869274190966.0001,44212773068.487404,825061417897.5127,-0.01280369843356557,0.036841974559466,-0.015464073559900579,0.05086171144613759,7.4550176425578525e-06,-11097318017.0,0.03228470461703914,vinacapital,equity,VinaCapital Leading Enterprise Equity Fund
VINACAPITAL-VEOF,2023-06,30,2023-05-30,2023-06-26,4,True,-11938867248.726763,91980669.89668658,-12030847918.62345,887022898326.0001,47319685167.87681,839703213158.1233,-0.013459480325996016,0.0019438140716778922,-0.01432750015731801,0.05334663316716971,1.3328758313770503e-05,-11902348189.0,0.05307075480474066,vinacapital,equity,VinaCapital Leading Enterprise Equity Fund
VINACAPITAL-VEOF,2023-07,31,2023-06-27,2023-07-31,5,True,-2940363869.8731165,-445919848.6362914,-2494444021.236825,920468419932.0,49854173656.42169,870614246275.5784,-0.0031944212383628948,-0.008944483800081053,-0.002865154150541261,0.05416174262676463,3.023818796708469e-06,-2944140979.0,0.08027172424759055,vinacapital,equity,VinaCapital Leading Enterprise Equity Fund
VINACAPITAL-VEOF,2023-08,32,2023-08-01,2023-08-28,4,True,-9433805344.087238,542764807.5378473,-9976570151.625086,984123352455.0001,53020723437.950806,931102629017.0493,-0.009585998869505138,0.010236842735143649,-0.010714791088236102,0.053876095212744404,3.083544041596958e-05,-9323035745.0,-0.01731948646659598,vinacapital,equity,VinaCapital Leading Enterprise Equity Fund
VINACAPITAL-VEOF,2023-09,33,2023-08-29,2023-09-25,4,True,-6854114459.092108,76595460.93474437,-6930709920.026852,970255188435.0,53331084398.1,916924104036.9,-0.007064238914452642,0.00143622545461448,-0.007558651680671639,0.05496603886666337,2.5391303421220666e-05,-6879939446.0,-0.04037546183803198,vinacapital,equity,VinaCapital Leading Enterprise Equity Fund
VINACAPITAL-VEOF,2023-10,34,2023-09-26,2023-10-30,5,True,-2628904114.475148,1612670704.1712067,-4241574818.646355,957788876265.0,53085390832.020294,904703485432.9797,-0.002744763673521497,0.030378804392233436,-0.004688359099905966,0.05542493982497734,1.375939057912231e-05,-2653471472.0,-0.096080471730836,vinacapital,equity,VinaCapital Leading Enterprise Equity Fund
VINACAPITAL-VEOF,2023-11,35,2023-10-31,2023-11-27,4,True,-2980200239.211239,667116536.3448538,-3647316775.5560923,876184718123.0,50187428775.9054,825997289347.0946,-0.003401337843001359,0.013292502776415022,-0.004415652233482625,0.05727950709231615,1.551137153164993e-05,-2951748666.0,0.04380276285495022,vinacapital,equity,VinaCapital Leading Enterprise Equity Fund
VINACAPITAL-VEOF,2023-12,36,2023-11-28,2023-12-25,4,True,-193117851556.7115,-301343530.27889955,-192816508026.4326,920977269411.0,53605404739.245804,867371864671.7542,-0.2096879673047932,-0.00562151394518394,-0.2222997031375943,0.0582049161468757,0.000328587705798834,-191933738790.0,0.027204382111281067,vinacapital,equity,VinaCapital Leading Enterprise Equity Fund
VINACAPITAL-VEOF,2024-01,37,2023-12-26,2024-01-29,5,True,-53426535390.145996,482765070.96823907,-53909300461.114235,760544763432.0,55362270654.91431,705182492777.0857,-0.07024771973848827,0.008720109656943519,-0.07644730408551909,0.0727929154427269,0.00017931227592116555,-52775577808.0,0.05192097775709992,vinacapital,equity,VinaCapital Leading Enterprise Equity Fund
VINACAPITAL-VEOF,2024-02,38,2024-01-30,2024-02-26,4,True,-12530574646.372705,4045464153.158699,-16576038799.531403,744252173479.0,58681105668.139496,685571067810.8605,-0.01683646362468604,0.06893980791768135,-0.024178439811442715,0.07884572965885367,2.3279201286400527e-05,-12467162339.0,0.04123535966113523,vinacapital,equity,VinaCapital Leading Enterprise Equity Fund
VINACAPITAL-VEOF,2024-03,39,2024-02-27,2024-03-25,4,True,50571677553.85646,10112935186.297901,40458742367.55856,763794661109.0001,65344188318.54279,698450472790.4573,0.0662110906620221,0.15476411057397957,0.05792642992411092,0.08555203596692543,0.00013481481366494635,50957723983.0,0.03568948757117041,vinacapital,equity,VinaCapital Leading Enterprise Equity Fund
VINACAPITAL-VEOF,2024-04,40,2024-03-26,2024-04-22,4,True,35742814476.86245,6578975431.656605,29163839045.205845,851682224146.0,78752596510.19539,772929627635.8046,0.041967312999519904,0.08353979072683507,0.03773155796137693,0.0924671130587025,0.00013821893354073835,36152451635.0,-0.06123704509961647,vinacapital,equity,VinaCapital Leading Enterprise Equity Fund
VINACAPITAL-VEOF,2024-05,41,2024-04-23,2024-05-27,5,True,6143646812.20249,13396520751.91839,-7252873939.7159,843882032485.0,81197233129.062,762684799355.938,0.007280219954572493,0.16498740456617267,-0.009509661062919717,0.09621870119684682,1.5222233010589043e-05,6163831069.0,0.06508040530322146,vinacapital,equity,VinaCapital Leading Enterprise Equity Fund
VINACAPITAL-VEOF,2024-06,42,2024-05-28,2024-06-24,4,True,-49547185248.52919,-5994731097.814444,-43552454150.71475,923145513292.0,101852780804.4448,821292732487.5552,-0.05367212918778161,-0.05885682305841214,-0.05302914835104144,0.11033231417789251,0.00012398856625950126,-49850560880.0,-0.010696705793259986,vinacapital,equity,VinaCapital Leading Enterprise Equity Fund
VINACAPITAL-VEOF,2024-07,43,2024-06-25,2024-07-29,5,True,24250785166.35524,13293841333.45796,10956943832.897276,886486639756.9999,97270085933.6624,789216553823.3375,0.027356063903007908,0.13666936968190074,0.013883317297155855,0.1097253828442645,3.532506586621139e-05,24106906852.0,-0.005996236404809396,vinacapital,equity,VinaCapital Leading Enterprise Equity Fund
VINACAPITAL-VEOF,2024-08,44,2024-07-30,2024-08-26,4,True,21428830687.89527,4523763481.975492,16905067205.919785,900346184412.0,109139333906.5048,791206850505.4952,0.0238006569682861,0.0414494327576785,0.021366179015158023,0.12121929963837383,0.0001115941409316433,21359457538.0,0.026808920263115876,vinacapital,equity,VinaCapital Leading Enterprise Equity Fund
VINACAPITAL-VEOF,2024-09,45,2024-08-27,2024-09-30,5,True,33767053746.919487,393745809.21790123,33373307937.701588,943571533203.0,116332891595.7868,827238641607.2133,0.03578642695196151,0.0033846473152753767,0.04034302347489685,0.123289954711636,4.7091933911179246e-05,33718141928.0,0.006187403321823437,vinacapital,equity,VinaCapital Leading Enterprise Equity Fund
VINACAPITAL-VEOF,2024-10,46,2024-10-01,2024-10-28,4,True,27365395937.173508,-681459313.7629406,28046855250.936447,988125321665.0001,117957695314.277,870167626350.7231,0.027694256322732997,-0.005777150121043949,0.03223155447480655,0.11937523786508902,3.0807562561705666e-05,27243418813.0,-0.02575430532478229,vinacapital,equity,VinaCapital Leading Enterprise Equity Fund
VINACAPITAL-VEOF,2024-11,47,2024-10-29,2024-11-25,4,True,27584305967.731827,10877912951.475712,16706393016.25612,995529730471.0,114940223462.703,880589507008.297,0.027708168951098306,0.09463974076060057,0.018971828398244486,0.11545634444118817,5.684241092743895e-05,27480866357.0,-0.01599496322035099,vinacapital,equity,VinaCapital Leading Enterprise Equity Fund
VINACAPITAL-VEOF,2024-12,48,2024-11-26,2024-12-30,5,True,-33811175336.406696,753187338.9424847,-34564362675.349174,1014028930390.0,124745160469.61342,889283769920.3866,-0.0333434030559688,0.0060378080889635245,-0.0388676414036473,0.1230193308406259,2.5326897436851898e-05,-33828080311.0,0.030225965821657264,vinacapital,equity,VinaCapital Leading Enterprise Equity Fund
VINACAPITAL-VEOF,2025-01,49,2024-12-31,2025-01-31,4,True,29594985803.680412,2035907774.874836,27559078028.805573,1031546624430.0,131787574864.9077,899759049565.0923,0.02868991580485629,0.015448404578062814,0.03062939799508161,0.12775726442586086,3.999002080310528e-05,29591651250.0,-0.005479473593182349,vinacapital,equity,VinaCapital Leading Enterprise Equity Fund
VINACAPITAL-VEOF,2025-02,50,2025-02-01,2025-02-24,4,True,-17348802268.642826,-12621176648.423584,-4727625620.219242,1055886522373.0,133127309626.63199,922759212746.368,-0.016430555652564936,-0.09480531593270274,-0.005123357810916475,0.12608107671214666,2.1830618754353438e-05,-17382373628.0,0.031231967115924464,vinacapital,equity,VinaCapital Leading Enterprise Equity Fund
VINACAPITAL-VEOF,2025-03,51,2025-02-25,2025-03-31,5,True,18211483026.4698,1198916597.1585937,17012566429.311205,1050586150029.0,121747752380.4668,928838397648.5332,0.017334592718519178,0.009847546042672963,0.018315959452559857,0.11588554863121517,2.4491975080553982e-05,18180174520.0,0.0017630465444284926,vinacapital,equity,VinaCapital Leading Enterprise Equity Fund
VINACAPITAL-VEOF,2025-04,52,2025-04-01,2025-04-28,4,True,90980840374.08305,1862983034.1759005,89117857339.90717,1038792469330.0,119450333032.758,919342136297.242,0.08758326909393542,0.015596298368335206,0.09693655258622189,0.11498960240807389,0.0013703299854369898,87295764087.0,-0.061261343984818306,vinacapital,equity,VinaCapital Leading Enterprise Equity Fund
VINACAPITAL-VEOF,2025-05,53,2025-04-29,2025-05-26,4,True,2411637148.233036,56654912.66280514,2354982235.5702305,1017809965762.0,108490136031.64099,909319829730.359,0.002369437546651967,0.0005222125691342282,0.0025898283074598234,0.10659174077787506,2.0406364818772913e-05,2325926158.0,0.08616726442777978,vinacapital,equity,VinaCapital Leading Enterprise Equity Fund
VINACAPITAL-VEOF,2025-06,54,2025-05-27,2025-06-30,5,True,-18082200022.238194,1336215131.211854,-19418415153.450047,1090292505331.0,115999419155.2005,974293086175.7996,-0.016584723763416725,0.011519153638382237,-0.01993077383897829,0.1063929345455644,2.4384223568109547e-05,-17972361807.0,0.03269018618997244,vinacapital,equity,VinaCapital Leading Enterprise Equity Fund
VINACAPITAL-VEOF,2025-07,55,2025-07-01,2025-07-28,4,True,-37541469646.48946,-2483538986.7112036,-35057930659.77826,1132231305885.0,123819598769.39761,1008411707115.6024,-0.03315706733364474,-0.020057721163646815,-0.0347654935106374,0.109358925270676,3.0503039454644036e-05,-37400316898.0,0.13178835379014164,vinacapital,equity,VinaCapital Leading Enterprise Equity Fund
VINACAPITAL-VEOF,2025-08,56,2025-07-29,2025-08-25,4,True,-43910315207.58127,-6614649393.738748,-37295665813.842514,1204952011904.0,133505902504.62,1071446109399.3801,-0.03644154686143605,-0.049545744941950014,-0.034808718316919667,0.110797692510311,0.00028987670717539767,-42519436555.0,0.036348576491890716,vinacapital,equity,VinaCapital Leading Enterprise Equity Fund
VINACAPITAL-VEOF,2025-09,57,2025-08-26,2025-09-29,5,True,227622460067.4005,3512042941.2021894,224110417126.19836,1226116477546.0,134301647177.18271,1091814830368.8173,0.18564505431243652,0.026150408539433543,0.2052641261984813,0.10953416713392479,0.0002555150591259984,228770623510.0,0.03249629808615695,vinacapital,equity,VinaCapital Leading Enterprise Equity Fund
VINACAPITAL-VEOF,2025-10,58,2025-09-30,2025-10-27,4,True,142118067817.17435,11657952611.049305,130460115206.12503,1482874760525.0,141232631600.4528,1341642128924.547,0.09583956218046262,0.08254432760291305,0.0972391313551708,0.09524245429226302,0.00029611132331045615,142124440291.0,-0.008364936872929607,vinacapital,equity,VinaCapital Leading Enterprise Equity Fund
VINACAPITAL-VEOF,2025-11,59,2025-10-28,2025-11-24,4,True,80097445994.16231,5920686919.541241,74176759074.62106,1568425489011.0,147374652482.4804,1421050836528.5195,0.05106869695459314,0.04017439104899725,0.05219852602587197,0.0939634388213177,0.00010318677437696235,80234030020.0,0.009343192903046527,vinacapital,equity,VinaCapital Leading Enterprise Equity Fund
VINACAPITAL-VEOF,2025-12,60,2025-11-25,2025-12-29,5,True,43623808639.1352,6040829559.628916,37582979079.50629,1642941233584.0002,152764076771.6098,1490177156812.3904,0.026552263554778452,0.03954352153523808,0.02522047724842281,0.09298206999063627,2.805747916410765e-05,43484026254.0,0.052074964927636636,vinacapital,equity,VinaCapital Leading Enterprise Equity Fund
VINACAPITAL-VEOF,2026-01,61,2025-12-30,2026-01-26,4,True,-32877042304.568726,214473596.60973215,-33091515901.178463,1684210983711.9998,158581734702.131,1525629249009.8687,-0.019520738566915025,0.0013524482943296373,-0.021690404744570027,0.09415787940808756,3.2613810855700456e-05,-33058514828.0,0.0506484921702266,vinacapital,equity,VinaCapital Leading Enterprise Equity Fund
VINACAPITAL-VEOF,2026-02,62,2026-01-27,2026-02-23,4,True,9213876480.581387,4364603775.058801,4849272705.522586,1730708263586.0,166442762211.0266,1564265501374.9734,0.00532376060971153,0.02622285112959782,0.003100031740941755,0.09617031692340791,5.836889347231711e-05,8842022093.0,0.008905907621547637,vinacapital,equity,VinaCapital Leading Enterprise Equity Fund
VINACAPITAL-VEOF,2026-03,63,2026-02-24,2026-03-30,5,True,48396754921.65459,-13227961716.90735,61624716638.561935,1826338226026.0,179173438012.87778,1647164788013.1223,0.02649933852995179,-0.07382769378995013,0.03741259956928547,0.09810528819886127,0.00019650569029354618,48656597209.0,-0.10622856344146159,vinacapital,equity,VinaCapital Leading Enterprise Equity Fund
VINACAPITAL-VEOF,2026-04,64,2026-03-31,2026-04-27,4,True,9324586602.55313,-1979197502.6799462,11303784105.233076,1756256590875.0,153858754590.26398,1602397836284.736,0.005309353229477388,-0.012863730165700872,0.007054293165698249,0.08760607953853068,2.9008353655532523e-05,9491523645.0,0.11473408158600673,vinacapital,equity,VinaCapital Leading Enterprise Equity Fund
VINACAPITAL-VEOF,2026-05,65,2026-04-28,2026-05-25,4,True,-30715610531.551273,5574109608.239145,-36289720139.79042,1768233965092.9998,152141245843.0137,1616092719249.986,-0.01737078414842902,0.03663772816735553,-0.022455221601785414,0.0860413547338527,7.942059152963038e-05,-31274531145.0,0.017665880677066426,vinacapital,equity,VinaCapital Leading Enterprise Equity Fund
VINACAPITAL-VEOF,2026-06,66,2026-05-26,2026-06-29,5,True,23507426950.342014,431142233.32126164,23076284717.02075,1682921784832.0002,152853281080.4716,1530068503751.5286,0.013968223099975304,0.00282062792681749,0.01508186375998245,0.09082613491495706,2.149111672392918e-05,23526351521.0,-0.01646845490262583,vinacapital,equity,VinaCapital Leading Enterprise Equity Fund
VINACAPITAL-VEOF,2026-07,67,2026-06-30,2026-07-27,4,True,3603563075.880514,-511541193.4388094,4115104269.319323,1681170574360.0,151000301998.97098,1530170272361.029,0.002143484504689445,-0.0033876832474301634,0.0026893113424362775,0.0898185492310647,1.6304577789366602e-05,3675337448.0,-0.1002495997239845,vinacapital,equity,VinaCapital Leading Enterprise Equity Fund
VINACAPITAL-VEOF,2026-08,68,2026-07-28,2026-08-10,2,True,10058962302.598867,5901922067.579001,4157040235.019865,1433121546701.0,128043746978.18478,1305077799722.8152,0.007018917778296109,0.046093012793389516,0.0031852815486576942,0.08934604833270242,3.7479161058170433e-05,9948193985.0,0.06456522129885367,vinacapital,equity,VinaCapital Leading Enterprise Equity Fund
VINACAPITAL-VESAF,2021-01,1,2020-12-29,2021-01-25,4,True,-4315987982.765944,1055632990.9585303,-5371620973.724474,331327327188.0,304663221384.11,26664105803.890003,-0.01302635680369639,0.003464917708684045,-0.20145513272531393,0.9195233727619443,6.12795544912575e-05,-4230816503.0,0.06053715813695426,vinacapital,equity,VinaCapital Strategic Growth Equity Fund
VINACAPITAL-VESAF,2021-02,2,2021-01-26,2021-02-22,4,True,207818157.18596947,-1126594455.5690806,1334412612.75505,366908470580.0,342662886232.0675,24245584347.932518,0.0005664032690699552,-0.0032877632823243587,0.05503734591857089,0.9339192570026915,3.0425101169317638e-05,234680042.0,0.007709789460143224,vinacapital,equity,VinaCapital Strategic Growth Equity Fund
VINACAPITAL-VESAF,2021-03,3,2021-02-23,2021-03-29,5,True,2726718793.812014,-3889478670.091259,6616197463.903273,379572126461.0,353000886368.79,26571240092.21,0.007183664457227149,-0.011018325506491252,0.24899844497069487,0.9299968616242948,2.2272477579785844e-05,2740355404.0,0.0005446623093681158,vinacapital,equity,VinaCapital Strategic Growth Equity Fund
VINACAPITAL-VESAF,2021-04,4,2021-03-30,2021-04-26,4,True,10180424371.85637,548110930.7113854,9632313441.144985,386965535780.0,353485174253.50995,33480361526.49004,0.026308349014430597,0.0015505910024908008,0.2877004011298919,0.9134797328681887,8.70897065604494e-05,10054120789.0,0.03409941480675016,vinacapital,equity,VinaCapital Strategic Growth Equity Fund
VINACAPITAL-VESAF,2021-05,5,2021-04-27,2021-05-31,5,True,2081599456.4658518,2743389937.1805596,-661790480.7147074,402296687776.0,358801866144.4536,43494821631.54641,0.005174289323567318,0.00764597455041126,-0.0152153855537303,0.8918837192719706,4.614531246108766e-05,2080128478.0,0.09235299439861144,vinacapital,equity,VinaCapital Strategic Growth Equity Fund
VINACAPITAL-VESAF,2021-06,6,2021-06-01,2021-06-28,4,True,-19172411907.767277,-58266759213.68935,39094347305.922066,472061095092.0,421644439639.8689,50416655452.13112,-0.0406142596945651,-0.13818932194020064,0.7754252430140036,0.893198876212611,0.00023252788253056458,-18943277490.0,0.0585520123489327,vinacapital,equity,VinaCapital Strategic Growth Equity Fund
VINACAPITAL-VESAF,2021-07,7,2021-06-29,2021-07-26,4,True,8475941596.172881,-8499793779.531482,16975735375.704363,483136313657.0,388457939561.6,94678374095.40001,0.0175435821249204,-0.02188085996935486,0.17929897442682358,0.8040338276815673,0.00014946368077853976,8723135835.0,-0.09467851274354266,vinacapital,equity,VinaCapital Strategic Growth Equity Fund
VINACAPITAL-VESAF,2021-08,8,2021-07-27,2021-08-30,5,True,21717827965.645805,-5445486770.041498,27163314735.68731,470852733635.0,363507362099.34296,107345371535.65706,0.04612445976045078,-0.014980402978890152,0.2530459799718932,0.7720192241277928,0.0002085595870062337,21609527598.0,0.04355273392996062,vinacapital,equity,VinaCapital Strategic Growth Equity Fund
VINACAPITAL-VESAF,2021-09,9,2021-08-31,2021-09-27,4,True,33014595894.497818,-30210592252.7682,63225188147.26602,537499417505.0,391895009453.8381,145604408051.16193,0.06142257055411731,-0.07708848422150359,0.43422578336399126,0.729107784475306,0.000332594422796815,33155778175.0,-0.002371737919195316,vinacapital,equity,VinaCapital Strategic Growth Equity Fund
VINACAPITAL-VESAF,2021-10,10,2021-09-28,2021-10-25,4,True,39354249739.326744,-42616031277.13449,81970281016.46123,575789134635.0,365727490492.561,210061644142.43903,0.06834837160356265,-0.11652400321271807,0.390220124911898,0.6351760887679831,0.00015343602898191166,39124754907.0,0.04559279692676932,vinacapital,equity,VinaCapital Strategic Growth Equity Fund
VINACAPITAL-VESAF,2021-11,11,2021-10-26,2021-11-29,5,True,209746507255.67276,866894511.2700942,208879612744.40268,651172417433.0,344813951437.7558,306358465995.2442,0.3221059455843027,0.002514093492027923,0.6818143969543353,0.5295278826413654,0.00031626290882866585,209984753253.0,0.07177710408546267,vinacapital,equity,VinaCapital Strategic Growth Equity Fund
VINACAPITAL-VESAF,2021-12,12,2021-11-30,2021-12-20,3,True,23874121572.8716,509335806.20220405,23364785766.669395,881484952554.0,356198733230.7618,525286219323.2382,0.02708398084811217,0.001429920318869391,0.04448010419304704,0.4040894086719432,0.00031505572283305503,23357438728.0,-0.0050577840036636346,vinacapital,equity,VinaCapital Strategic Growth Equity Fund
VINACAPITAL-VESAF,2022-02,14,2022-02-01,2022-02-28,4,True,48665028179.5847,2296360569.8160014,46368667609.7687,961829756288.0,356281527313.36615,605548228974.6338,0.050596301332366936,0.006445354007355665,0.07657303810182733,0.37042057077581725,6.639928147525737e-05,48756930004.0,0.007552604532915286,vinacapital,equity,VinaCapital Strategic Growth Equity Fund
VINACAPITAL-VESAF,2022-03,15,2022-03-01,2022-03-28,4,True,70499442716.3014,2763632364.9743166,67735810351.3271,1058269777104.0,375948825559.02826,682320951544.9718,0.0666176472593086,0.007351086576384037,0.0992726519652572,0.3552485705373049,7.385941932260271e-05,70584778649.0,-0.004664022602055118,vinacapital,equity,VinaCapital Strategic Growth Equity Fund
VINACAPITAL-VESAF,2022-04,16,2022-03-29,2022-04-25,4,True,120523551714.15121,-22033408776.784157,142556960490.93536,1158136654835.0002,388360983088.914,769775671746.0862,0.10406677934852361,-0.056734352152311034,0.18519286296431356,0.3353326064481085,0.00047250256243533406,122817446463.0,-0.11614234280397495,vinacapital,equity,VinaCapital Strategic Growth Equity Fund
VINACAPITAL-VESAF,2022-05,17,2022-04-26,2022-05-30,5,True,64765903794.721954,8125174680.3912945,56640729114.330666,1167059354635.0,334260047571.59503,832799307063.4049,0.05549495279524803,0.02430794448639862,0.06801245946524105,0.28641220880846757,0.0003161358426983231,65822137769.0,-0.01296799194458842,vinacapital,equity,VinaCapital Strategic Growth Equity Fund
VINACAPITAL-VESAF,2022-08,20,2022-07-26,2022-08-29,5,True,13430571683.81917,10391126429.24567,3039445254.573502,1202413133532.0,317324180373.0785,885088953158.9216,0.011169681459123667,0.0327460908180045,0.00343405625358399,0.26390611639525435,2.7486697029858102e-05,13261165793.0,0.06924694993689529,vinacapital,equity,VinaCapital Strategic Growth Equity Fund
VINACAPITAL-VESAF,2022-09,21,2022-08-30,2022-09-26,4,True,16755059999.256132,342825160.6429349,16412234838.613197,1274078164432.0,343283750840.3982,930794413591.6018,0.013150731616788792,0.0009986641074727813,0.01763250251501217,0.26943696267916056,3.333021045025473e-05,16658322621.0,-0.07589707271010371,vinacapital,equity,VinaCapital Strategic Growth Equity Fund
VINACAPITAL-VESAF,2022-10,22,2022-09-27,2022-10-31,5,True,-33678038301.735558,-6328453567.18616,-27349584734.549404,1195156432264.0,318093478217.1754,877062954046.8245,-0.028178770069403235,-0.019894949128336,-0.031183148949977507,0.266152170234826,5.220702205361997e-05,-33518786555.0,-0.12467322348533205,vinacapital,equity,VinaCapital Strategic Growth Equity Fund
VINACAPITAL-VESAF,2023-02,25,2023-01-31,2023-02-27,4,True,-4086627625.194581,-2242308728.4544244,-1844318896.740157,1085995241115.0,288882335411.5468,797112905703.4532,-0.003763025352669877,-0.007762013988359628,-0.0023137486340313895,0.26600699936304417,2.502316869054012e-05,-4108662598.0,-0.07375495433396506,vinacapital,equity,VinaCapital Strategic Growth Equity Fund
VINACAPITAL-VESAF,2023-04,27,2023-03-28,2023-04-24,4,True,3426694718.675008,8704836885.3269,-5278142166.651895,1036355881404.0,280514230376.1347,755841651027.8654,0.0033064845582124777,0.031031712272332125,-0.0069831321937262585,0.2706736512134315,1.1890496239523208e-05,3395244666.0,-0.010349251603706255,vinacapital,equity,VinaCapital Strategic Growth Equity Fund
VINACAPITAL-VESAF,2023-05,28,2023-04-25,2023-05-29,5,True,-4931508620.439538,2296598718.507702,-7228107338.947241,1064980392499.0,296126282321.528,768854110177.4719,-0.004630609779460487,0.007755470742087326,-0.009401142873878637,0.27805796651960996,3.888915077527819e-06,-4922388916.0,0.03228470461703914,vinacapital,equity,VinaCapital Strategic Growth Equity Fund
VINACAPITAL-VESAF,2023-06,29,2023-05-30,2023-06-26,4,True,18086910606.223354,3010410453.6868744,15076500152.536478,1118280324725.0,314670573771.91516,803609750953.0848,0.01617386106714447,0.009566863585626952,0.018760972144322142,0.28138791930305745,6.497829767118078e-06,18072784125.0,0.05307075480474066,vinacapital,equity,VinaCapital Strategic Growth Equity Fund
VINACAPITAL-VESAF,2023-07,30,2023-06-27,2023-07-31,5,True,53560746377.39719,8499144690.595238,45061601686.80194,1189874080090.0002,332677980191.284,857196099898.7162,0.04501379370609194,0.025547662294054987,0.05256860325440852,0.2795909128183721,4.5386322073560186e-05,53275029002.0,0.08027172424759055,vinacapital,equity,VinaCapital Strategic Growth Equity Fund
VINACAPITAL-VESAF,2023-09,32,2023-08-29,2023-09-25,4,True,31268147100.896324,3826356487.231697,27441790613.664627,1379530009815.0,379077450312.4587,1000452559502.5413,0.022665796958697186,0.010093864681420067,0.02742937718836924,0.2747873896293814,0.00010020791469161777,31805906918.0,-0.04037546183803198,vinacapital,equity,VinaCapital Strategic Growth Equity Fund
VINACAPITAL-VESAF,2023-10,33,2023-09-26,2023-10-30,5,True,-9680919621.799202,-75100255945.72882,65419336323.92962,1416381918156.0,384578929735.542,1031802988420.4581,-0.006834964141876985,-0.1952791745438887,0.0634029335620332,0.27152205546102187,0.00021723498908139848,-8507634709.0,-0.096080471730836,vinacapital,equity,VinaCapital Strategic Growth Equity Fund
VINACAPITAL-VESAF,2023-11,34,2023-10-31,2023-11-27,4,True,40343381729.55249,2999146372.15709,37344235357.3954,1300869847119.0002,287117887411.904,1013751959707.0962,0.03101261960902533,0.010445696710823404,0.036837645540221974,0.2207122319329454,5.2646650804718686e-05,40338120306.0,0.04380276285495022,vinacapital,equity,VinaCapital Strategic Growth Equity Fund
VINACAPITAL-VESAF,2023-12,35,2023-11-28,2023-12-25,4,True,49502144033.33297,29184216895.88786,20317927137.445118,1402437416722.0,303556617626.2155,1098880799095.7845,0.03529722142542179,0.09614093451200544,0.018489655251200814,0.21644931460523661,8.083458460909421e-05,49141424312.0,0.027204382111281067,vinacapital,equity,VinaCapital Strategic Growth Equity Fund
VINACAPITAL-VESAF,2024-01,36,2023-12-26,2024-01-29,5,True,2416979672.428711,-2409321245.0755525,4826300917.504263,1489746866150.0,341145844707.4202,1148601021442.5798,0.0016224096370647102,-0.007062437612692832,0.00420189502482132,0.22899584651522326,3.135710520907134e-05,2435533434.0,0.05192097775709992,vinacapital,equity,VinaCapital Strategic Growth Equity Fund
VINACAPITAL-VESAF,2024-02,37,2024-01-30,2024-02-26,4,True,34428091912.16469,26672658092.287598,7755433819.877089,1538395322467.0,349264160248.3395,1189131162218.6606,0.02237922295353521,0.07636815089564979,0.006521933043455974,0.22703147568614082,8.334276529171588e-06,34379333487.0,0.04123535966113523,vinacapital,equity,VinaCapital Strategic Growth Equity Fund
VINACAPITAL-VESAF,2024-03,38,2024-02-27,2024-03-25,4,True,120874548171.37581,50356478469.05672,70518069702.31909,1638308370224.0,390877254529.442,1247431115694.5579,0.0737800955963187,0.12882939051973852,0.0565306322850984,0.23858588629196759,0.00022050524843858385,122267234541.0,0.03568948757117041,vinacapital,equity,VinaCapital Strategic Growth Equity Fund
VINACAPITAL-VESAF,2024-04,39,2024-03-26,2024-04-22,4,True,66554651770.050064,3241669787.7716312,63312981982.27843,1837376543240.0,460359137994.823,1377017405245.177,0.0362226523544753,0.007041610604041243,0.0459783454741486,0.25055241925698757,9.527714996621892e-05,67116075555.0,-0.06123704509961647,vinacapital,equity,VinaCapital Strategic Growth Equity Fund
VINACAPITAL-VESAF,2024-05,40,2024-04-23,2024-05-27,5,True,112958328026.94974,29610723374.105156,83347604652.8446,1813323784589.0,441317012989.1855,1372006771599.8145,0.06229352363155176,0.06709626527548071,0.06074868315384332,0.24337463432610987,0.0001646486017551693,113914956317.0,0.06508040530322146,vinacapital,equity,VinaCapital Strategic Growth Equity Fund
VINACAPITAL-VESAF,2024-06,41,2024-05-28,2024-06-24,4,True,5169661758.121375,-15545338685.814125,20715000443.9355,2105084090885.0,515433855557.8366,1589650235327.1633,0.002455798217518234,-0.030159715971683567,0.0130311687335876,0.24485190771697043,4.0719812739896536e-05,5402493950.0,-0.010696705793259986,vinacapital,equity,VinaCapital Strategic Growth Equity Fund
VINACAPITAL-VESAF,2024-07,42,2024-06-25,2024-07-29,5,True,163467367135.81186,8298893727.830042,155168473407.9818,2152020579023.9998,510174580126.5589,1641845998897.441,0.07595994607539895,0.01626677229933984,0.09450854313509492,0.23706770516011377,7.042386481074113e-05,162996776789.0,-0.005996236404809396,vinacapital,equity,VinaCapital Strategic Growth Equity Fund
VINACAPITAL-VESAF,2024-08,43,2024-07-30,2024-08-26,4,True,51105577529.11162,6184192756.595314,44921384772.5163,2303686629508.0,515981036411.55005,1787705593096.4497,0.02218425756111901,0.011985310157140657,0.02512795448310303,0.22398056654161702,0.00013654234370273974,50922762539.0,0.026808920263115876,vinacapital,equity,VinaCapital Strategic Growth Equity Fund
VINACAPITAL-VESAF,2024-09,44,2024-08-27,2024-09-30,5,True,53297680064.40428,5591519332.234318,47706160732.16997,2381601479095.0,527574105260.45526,1854027373834.5447,0.022378924657309673,0.010598547723402517,0.025731098367497627,0.22152073295693936,1.308632750739139e-05,53209039950.0,0.006187403321823437,vinacapital,equity,VinaCapital Strategic Growth Equity Fund
VINACAPITAL-VESAF,2024-10,45,2024-10-01,2024-10-28,4,True,42241067592.25158,8034574671.527949,34206492920.72363,2452540393291.0,536989711477.02966,1915550681813.9705,0.017223393224349463,0.014962250672230315,0.017857263316223553,0.21895244333018188,3.170406202228542e-05,42122037109.0,-0.02575430532478229,vinacapital,equity,VinaCapital Strategic Growth Equity Fund
VINACAPITAL-VESAF,2024-11,46,2024-10-29,2024-11-25,4,True,80160492111.6488,5385405472.830418,74775086638.81837,2437280498579.0,532413336617.25806,1904867161961.742,0.03288931748249105,0.010115083718689572,0.039254751266650366,0.21844565569193589,4.6593583772285496e-05,80294615106.0,-0.01599496322035099,vinacapital,equity,VinaCapital Strategic Growth Equity Fund
VINACAPITAL-VESAF,2024-12,47,2024-11-26,2024-12-30,5,True,2376673095.3002224,-1459334060.1489367,3836007155.449158,2484220492594.9995,530644949771.0092,1953575542823.9905,0.0009567077891775887,-0.002750113914734678,0.0019635827084034945,0.21360622028228307,1.8644250876072608e-05,2166831261.0,0.030225965821657264,vinacapital,equity,VinaCapital Strategic Growth Equity Fund
VINACAPITAL-VESAF,2025-01,48,2024-12-31,2025-01-31,4,True,71691271670.11537,-22999971815.31318,94691243485.42856,2612312426555.0,555986944306.4872,2056325482248.5127,0.027443605497317405,-0.041367827160046534,0.04604876236902308,0.21283325020954624,7.043825705793804e-05,71919665410.0,-0.005479473593182349,vinacapital,equity,VinaCapital Strategic Growth Equity Fund
VINACAPITAL-VESAF,2025-02,49,2025-02-01,2025-02-24,4,True,-37699451699.12611,-15255565078.950441,-22443886620.17567,2672403913902.0,529793599115.05005,2142610314786.9497,-0.014106943753154744,-0.028795298970075968,-0.010475020336307574,0.19824607962854457,1.5802559057613024e-05,-37643994928.0,0.031231967115924464,vinacapital,equity,VinaCapital Strategic Growth Equity Fund
VINACAPITAL-VESAF,2025-03,50,2025-02-25,2025-03-31,5,True,-40436284162.6712,-68946285177.09412,28510001014.422916,2652028676543.0,517729818376.9248,2134298858166.075,-0.0152473027612134,-0.13317039646903028,0.013358017273607371,0.1952202941680862,2.6481895196177307e-05,-40732095204.0,0.0017630465444284926,vinacapital,equity,VinaCapital Strategic Growth Equity Fund
VINACAPITAL-VESAF,2025-04,51,2025-04-01,2025-04-28,4,True,48321836999.27744,-13168159801.918213,61489996801.195656,2509404399938.0,430892753587.6243,2078511646350.3757,0.01925629723151491,-0.03056017928424131,0.029583667192418634,0.17171116524633112,0.0002906021896687058,46787107350.0,-0.061261343984818306,vinacapital,equity,VinaCapital Strategic Growth Equity Fund
VINACAPITAL-VESAF,2025-05,52,2025-04-29,2025-05-26,4,True,15180197402.578072,4760060122.494774,10420137280.083298,2350728370943.0,382010644492.27844,1968717726450.7217,0.006457656950168386,0.012460543157956397,0.005292854907579418,0.16250735270576327,1.576269171480417e-05,15201705680.0,0.08616726442777978,vinacapital,equity,VinaCapital Strategic Growth Equity Fund
VINACAPITAL-VESAF,2025-06,53,2025-05-27,2025-06-30,5,True,-214351366332.11295,-176933922414.60272,-37417443917.51022,2518892043049.0,411730807474.1264,2107161235574.8735,-0.08509748042740678,-0.42973204628541534,-0.017757276133310244,0.16345710750499085,0.00010853962525913735,-213671250246.0,0.03269018618997244,vinacapital,equity,VinaCapital Strategic Growth Equity Fund
VINACAPITAL-VESAF,2025-07,54,2025-07-01,2025-07-28,4,True,-126387090593.27159,526220695.63071835,-126913311288.90231,2429068535147.0,251107739721.448,2177960795425.552,-0.05203109289200151,0.0020955972771466587,-0.05827162341740165,0.1033761444307094,4.6058045700318054e-05,-125934295885.0,0.13178835379014164,vinacapital,equity,VinaCapital Strategic Growth Equity Fund
VINACAPITAL-VESAF,2025-08,55,2025-07-29,2025-08-25,4,True,-170464074359.62677,-18454659668.26057,-152009414691.36618,2494882367634.0,272029893623.9616,2222852474010.0386,-0.0683254956510374,-0.06784055760346407,-0.06838484176016428,0.10903515819142158,0.00017067231019498723,-171136447658.0,0.036348576491890716,vinacapital,equity,VinaCapital Strategic Growth Equity Fund
VINACAPITAL-VESAF,2025-09,56,2025-08-26,2025-09-29,5,True,61262191226.855515,834553323.6612136,60427637903.194305,2440871258597.0,266539994312.8222,2174331264284.178,0.025098493421594346,0.003131062285090874,0.02779136688865483,0.10919871065466517,7.715663092261434e-05,61949925479.0,0.03249629808615695,vinacapital,equity,VinaCapital Strategic Growth Equity Fund
VINACAPITAL-VESAF,2025-10,57,2025-09-30,2025-10-27,4,True,158909414.76169586,-5595821347.773118,5754730762.534821,2508970054840.0,268193373521.77924,2240776681318.2207,6.333651310630318e-05,-0.02086487549745034,0.002568185759211572,0.10689381206619553,0.00022080668764855844,-1074814543.0,-0.008364936872929607,vinacapital,equity,VinaCapital Strategic Growth Equity Fund
VINACAPITAL-VESAF,2025-11,58,2025-10-28,2025-11-24,4,True,33563937976.69595,2761197193.8286085,30802740782.867344,2399324875340.0,250816092157.44238,2148508783182.5576,0.01398890926429449,0.01100885182476788,0.014336800027989484,0.1045361112766774,3.31412306193037e-05,33516835473.0,0.009343192903046527,vinacapital,equity,VinaCapital Strategic Growth Equity Fund
VINACAPITAL-VESAF,2025-12,59,2025-11-25,2025-12-29,5,True,-4224135867.078656,769530826.084455,-4993666693.163113,2426327277117.9995,252887755261.0944,2173439521856.9053,-0.0017409588174337718,0.003042973849366299,-0.002297587139161209,0.10422656401137913,1.6957419021726866e-05,-4145357421.0,0.052074964927636636,vinacapital,equity,VinaCapital Strategic Growth Equity Fund
VINACAPITAL-VESAF,2026-01,60,2025-12-30,2026-01-26,4,True,-78115406594.7492,-9226619781.730366,-68888786813.01883,2395948349918.0,250952733493.4291,2144995616424.5708,-0.032603126272493586,-0.036766364937690366,-0.032116050161373984,0.10474046049532655,8.792642212437782e-05,-78543877104.0,0.0506484921702266,vinacapital,equity,VinaCapital Strategic Growth Equity Fund
VINACAPITAL-VESAF,2026-03,62,2026-02-24,2026-03-30,5,True,71449589715.06952,-5336422439.264332,76786012154.33385,2574735164012.0,273380212753.3725,2301354951258.6274,0.027750267566834116,-0.019520148826859453,0.03336556671205328,0.10617799320664359,0.00017087859707167857,73210063410.0,-0.10622856344146159,vinacapital,equity,VinaCapital Strategic Growth Equity Fund
VINACAPITAL-VESAF,2026-04,63,2026-03-31,2026-04-27,4,True,59509745335.49701,-2801282954.814975,62311028290.31198,2523033524342.0,254461556822.23502,2268571967519.765,0.02358658525990731,-0.011008668616972781,0.027467071436325985,0.10085540059900626,4.0124529115256794e-05,59909383525.0,0.11473408158600673,vinacapital,equity,VinaCapital Strategic Growth Equity Fund
VINACAPITAL-VESAF,2026-05,64,2026-04-28,2026-05-25,4,True,-16087852856.960386,-11498384727.867449,-4589468129.092939,2530971793145.0,246483071688.617,2284488721456.383,-0.00635639357994169,-0.04664979484835941,-0.002008969484501158,0.0973867319881648,1.9728061440542952e-05,-16169029635.0,0.017665880677066426,vinacapital,equity,VinaCapital Strategic Growth Equity Fund
VINACAPITAL-VESAF,2026-06,65,2026-05-26,2026-06-29,5,True,28315978419.693806,2526802437.335968,25789175982.35784,2457235831641.0,229431567097.28818,2227804264543.712,0.011523508673884072,0.011013316385815831,0.011576051088868822,0.09336977922223622,1.0099953947712122e-05,28415107033.0,-0.01646845490262583,vinacapital,equity,VinaCapital Strategic Growth Equity Fund
VINACAPITAL-VESAF,2026-07,66,2026-06-30,2026-07-27,4,True,-16068431940.761412,-5656219061.411059,-10412212879.350353,2436882154639.0,227424984964.9254,2209457169674.0747,-0.006593848582366836,-0.024870702145076053,-0.004712566064761644,0.09332621379822784,8.78052808585599e-05,-16511677532.0,-0.1002495997239845,vinacapital,equity,VinaCapital Strategic Growth Equity Fund
VINACAPITAL-VESAF,2026-08,67,2026-07-28,2026-08-10,2,True,18370699391.636433,-2520857901.9289093,20891557293.565342,2098876424785.0,192321970206.5088,1906554454578.4912,0.008752635064505167,-0.013107487923621507,0.010957755359882512,0.09163091639671422,8.066419528429813e-05,18025077241.0,0.06456522129885367,vinacapital,equity,VinaCapital Strategic Growth Equity Fund
VINACAPITAL-VFF,2021-01,1,2020-12-29,2021-01-25,4,True,132015075071.60883,-1114833206.1564498,133129908277.76529,1147372149135.0,8835962156.8585,1138536186978.1416,0.11505863652968616,-0.1261699842490965,0.11693076583811843,0.007701042912293018,1.7074312923503634e-05,131933325697.0,0.06053715813695426,vinacapital,bond,VinaCapital Enhanced Fixed Income Fund
VINACAPITAL-VFF,2021-02,2,2021-01-26,2021-02-22,4,True,55888337676.04803,2997612465.9541507,52890725210.09388,1285569860794.0002,7761450408.2414,1277808410385.7588,0.043473590491247195,0.38621807887494497,0.04139174917007053,0.006037361830688636,5.950718115231007e-06,55857669332.0,0.007709789460143224,vinacapital,bond,VinaCapital Enhanced Fixed Income Fund
VINACAPITAL-VFF,2021-03,3,2021-02-23,2021-03-29,5,True,77715872189.44972,14992034021.459251,62723838167.99047,1346558636988.0,10797327149.228,1335761309838.772,0.057714435936696826,1.3884949315934332,0.046957370082504724,0.008018460431385004,5.524846355151666e-06,77683316339.0,0.0005446623093681158,vinacapital,bond,VinaCapital Enhanced Fixed Income Fund
VINACAPITAL-VFF,2021-04,4,2021-03-30,2021-04-29,5,True,-17802212405.14533,0.0,-17802212405.14533,1431616159141.9998,25873730137.0887,1405742429004.9111,-0.012435045728887694,0.0,-0.012663921951724154,0.018073091709579065,5.27878294636411e-06,-17805907064.0,0.054189915623299,vinacapital,bond,VinaCapital Enhanced Fixed Income Fund
VINACAPITAL-VFF,2021-05,5,2021-04-30,2021-05-31,4,True,-7121120595.186466,0.0,-7121120595.186466,1421994924023.0,26022337317.252598,1395972586705.7473,-0.00500783826642639,0.0,-0.005101189423777349,0.01829988059565795,2.773511954096784e-06,-7126592279.0,0.07153519069864989,vinacapital,bond,VinaCapital Enhanced Fixed Income Fund
VINACAPITAL-VFF,2021-07,7,2021-06-29,2021-07-26,4,True,-37766762029.516205,0.0,-37766762029.516205,1407496465841.9998,26320126504.6964,1381176339337.3035,-0.026832580362411908,0.0,-0.027343910371094918,0.01869995921371713,5.325931130814922e-06,-37736944167.0,-0.09467851274354266,vinacapital,bond,VinaCapital Enhanced Fixed Income Fund
VINACAPITAL-VFF,2021-08,8,2021-07-27,2021-08-23,4,True,-45082108356.60791,0.0,-45082108356.60791,1378650289487.9998,26488708927.141304,1352161580560.8584,-0.032700176905160194,0.0,-0.03334077007121328,0.019213508406819124,7.420289952490272e-06,-45041547259.0,0.02054670741960063,vinacapital,bond,VinaCapital Enhanced Fixed Income Fund
VINACAPITAL-VFF,2021-10,10,2021-09-28,2021-10-25,4,True,-94820439818.30449,-818146319.2,-94002293499.10449,1238273331624.0,28035577050.448803,1210237754573.5513,-0.07657472497929607,-0.029182431940950646,-0.07767258387359421,0.022640863155536137,7.4871014985486105e-06,-94784138673.0,0.04559279692676932,vinacapital,bond,VinaCapital Enhanced Fixed Income Fund
VINACAPITAL-VFF,2021-11,11,2021-10-26,2021-11-22,4,True,-162260195753.28326,0.0,-162260195753.28326,1149914390779.0002,27366540395.069004,1122547850383.9312,-0.1411063267443426,0.0,-0.14454635114020967,0.02379876329448296,2.5064862065340715e-05,-162151855732.0,0.04464414609499068,vinacapital,bond,VinaCapital Enhanced Fixed Income Fund
VINACAPITAL-VFF,2022-01,13,2021-12-28,2022-01-31,5,True,-103132238373.36101,550448911.9156021,-103682687285.27661,806335524964.0,27794052741.7697,778541472222.2303,-0.12790238700938483,0.019804557364474295,-0.13317554810449578,0.034469587263950205,1.7431511187033322e-05,-103065516488.0,-0.006662726344634828,vinacapital,bond,VinaCapital Enhanced Fixed Income Fund
VINACAPITAL-VFF,2022-02,14,2022-02-01,2022-02-28,4,True,-48326882633.61775,-1898756348.2435522,-46428126285.3742,709859053890.0,28589097262.7724,681269956627.2277,-0.06807954673366257,-0.06641540062602949,-0.06814938165661458,0.04027432925748465,9.822936658141196e-06,-48303859918.0,0.007552604532915286,vinacapital,bond,VinaCapital Enhanced Fixed Income Fund
VINACAPITAL-VFF,2022-03,15,2022-03-01,2022-03-28,4,True,-42219235903.834335,2625456895.035753,-44844692798.87009,665584174687.0,26853195891.215397,638730978795.7845,-0.06343185055998139,0.09777074228600961,-0.07020904619878764,0.04034530403888205,1.1353975167742893e-05,-42197634618.0,-0.004664022602055118,vinacapital,bond,VinaCapital Enhanced Fixed Income Fund
VINACAPITAL-VFF,2022-04,16,2022-03-29,2022-04-25,4,True,10546174250.26986,2433493029.4964495,8112681220.77341,627629762763.0,29669071997.908806,597960690765.0912,0.0168031774080354,0.08202120476393639,0.013567248392855436,0.04727161418747469,6.107736553770566e-06,10545125892.0,-0.11614234280397495,vinacapital,bond,VinaCapital Enhanced Fixed Income Fund
VINACAPITAL-VFF,2022-05,17,2022-04-26,2022-05-30,5,True,15607189978.56417,3770454194.02985,11836735784.53432,641314767560.0,32250354537.2733,609064413022.7267,0.024336239812385103,0.11691202308092934,0.01943429222172047,0.05028787136771496,4.674162303961741e-06,15596801182.0,-0.01296799194458842,vinacapital,bond,VinaCapital Enhanced Fixed Income Fund
VINACAPITAL-VFF,2022-08,20,2022-07-26,2022-08-29,5,True,168240856467.5655,3374037790.0633473,164866818677.50217,903905442903.0,48488279055.0445,855417163847.9554,0.18612661068533887,0.06958460592575573,0.19273265214351734,0.05364308782046783,1.5151751855965517e-05,168166704457.0,0.06924694993689529,vinacapital,bond,VinaCapital Enhanced Fixed Income Fund
VINACAPITAL-VFF,2022-09,21,2022-08-30,2022-09-26,4,True,77241290434.5969,1959967730.0409994,75281322704.5559,1079162590742.0001,52214739035.9358,1026947851706.0643,0.0715752112770033,0.0375366757783102,0.07330588654476597,0.04838449690888052,1.0442107928618351e-05,77198428796.0,-0.07589707271010371,vinacapital,bond,VinaCapital Enhanced Fixed Income Fund
VINACAPITAL-VFF,2022-10,22,2022-09-27,2022-10-31,5,True,-13628256997.217436,7091917349.872805,-20720174347.09024,1163084787681.0,54491288595.468,1108593499085.532,-0.011717337499005503,0.13014772696094093,-0.018690506812625286,0.04685065884501394,9.37163987429674e-06,-13621723268.0,-0.12467322348533205,vinacapital,bond,VinaCapital Enhanced Fixed Income Fund
VINACAPITAL-VFF,2022-11,23,2022-11-01,2022-11-28,4,True,-196695422000.8932,-26058866748.168007,-170636555252.72516,1158305650502.0,62021019295.284004,1096284631206.716,-0.16981305574711392,-0.42016185874180706,-0.15564986536835784,0.053544605664665984,4.025628402135342e-05,-196522529218.0,-0.021645232211996768,vinacapital,bond,VinaCapital Enhanced Fixed Income Fund
VINACAPITAL-VFF,2022-12,24,2022-11-29,2022-12-26,4,True,-117786267436.45634,5250531119.045954,-123036798555.50229,969485924889.9999,36255471624.6969,933230453265.303,-0.12149353014054397,0.14482037838033085,-0.13183967381797906,0.03739659410610889,1.2297855249896464e-05,-117738570279.0,-0.020364128111048374,vinacapital,bond,VinaCapital Enhanced Fixed Income Fund
VINACAPITAL-VFF,2023-02,26,2023-01-31,2023-02-27,4,True,-31405507748.567127,364670251.5386555,-31770178000.10579,811776069753.9999,44649711750.306,767126358003.6938,-0.038687402744064917,0.008167359591882613,-0.04141453056414574,0.055002498119754405,6.969217995984615e-06,-31383304658.0,-0.07375495433396506,vinacapital,bond,VinaCapital Enhanced Fixed Income Fund
VINACAPITAL-VFF,2023-03,27,2023-02-28,2023-03-20,3,True,-19522965010.78827,4603182324.432789,-24126147335.221054,785544877430.0,45303523712.66801,740241353717.332,-0.024852768532664722,0.10160760018642044,-0.03259227171525173,0.057671464755627545,6.1895773670869045e-06,-19508504439.0,0.0018115055079561682,vinacapital,bond,VinaCapital Enhanced Fixed Income Fund
VINACAPITAL-VFF,2023-05,29,2023-04-25,2023-05-29,5,True,-43685348369.482895,6302764264.376902,-49988112633.859795,699354568267.9999,55872289267.492096,643482279000.5078,-0.06246523630734649,0.11280662287170697,-0.07768374400535799,0.07989121942230777,7.472443024808601e-06,-43660201836.0,0.03228470461703914,vinacapital,bond,VinaCapital Enhanced Fixed Income Fund
VINACAPITAL-VFF,2023-06,30,2023-05-30,2023-06-26,4,True,-59295938596.440094,3914255777.9621453,-63210194374.40225,661853711534.0,62704227110.798,599149484423.202,-0.08959070193775594,0.06242411330651885,-0.10549987276589975,0.09474031197236374,4.626030168728604e-06,-59284409773.0,0.05307075480474066,vinacapital,bond,VinaCapital Enhanced Fixed Income Fund
VINACAPITAL-VFF,2023-07,31,2023-06-27,2023-07-31,5,True,-54631201706.32121,997249612.0942976,-55628451318.41552,604370362506.0,66806332942.4694,537564029563.5306,-0.09039358164386965,0.014927471216734559,-0.1034824658256663,0.11053873102820486,1.1074705110270896e-05,-54599109511.0,0.08027172424759055,vinacapital,bond,VinaCapital Enhanced Fixed Income Fund
VINACAPITAL-VFF,2023-08,32,2023-08-01,2023-08-28,4,True,-20877017008.889618,17055764933.364758,-37932781942.25437,552752525071.0,68157027302.165596,484595497768.8344,-0.03776919337674307,0.25024220698109634,-0.0782772066948698,0.12330477783599623,6.8878206960302484e-06,-20861922271.0,-0.01731948646659598,vinacapital,bond,VinaCapital Enhanced Fixed Income Fund
VINACAPITAL-VFF,2023-09,33,2023-08-29,2023-09-25,4,True,-33969526056.870243,1592048522.6484485,-35561574579.51869,535655251426.00006,85753565603.3916,449901685822.60846,-0.06341677033210806,0.018565391554814625,-0.07904299028019257,0.16009096405776266,8.003668901862698e-06,-33953503727.0,-0.04037546183803198,vinacapital,bond,VinaCapital Enhanced Fixed Income Fund
VINACAPITAL-VFF,2023-10,34,2023-09-26,2023-10-30,5,True,11081462173.014706,3525377626.7795014,7556084546.235203,504851390987.0,87873691940.408,416977699046.592,0.02194994877868932,0.040118692511181324,0.018121075931667285,0.1740585318951231,8.669625663728039e-06,11066606701.0,-0.096080471730836,vinacapital,bond,VinaCapital Enhanced Fixed Income Fund
VINACAPITAL-VFF,2023-11,35,2023-10-31,2023-11-27,4,True,48223370918.61312,12324229381.603764,35899141537.00936,520110959805.0001,92131909300.50381,427979050504.4963,0.09271746732022916,0.13376722001284272,0.08388060465738197,0.17713894999452787,1.2832918375459346e-05,48195782441.0,0.04380276285495022,vinacapital,bond,VinaCapital Enhanced Fixed Income Fund
VINACAPITAL-VFF,2023-12,36,2023-11-28,2023-12-25,4,True,119560674572.02536,13303890788.30415,106256783783.72122,571748250043.0,105064496912.22653,466683753130.77344,0.2091141941633113,0.12662594101048757,0.22768477169151868,0.1837600673099128,1.9425435585166817e-05,119513248120.0,0.027204382111281067,vinacapital,bond,VinaCapital Enhanced Fixed Income Fund
VINACAPITAL-VFF,2024-02,38,2024-01-30,2024-02-26,4,True,136862052846.87973,8066659533.401033,128795393313.47868,884003487612.0,146324782302.8113,737678705309.1887,0.15482071594150787,0.055128457438655284,0.17459551480409852,0.16552511879572476,2.0787850653034238e-05,136784750764.0,0.04123535966113523,vinacapital,bond,VinaCapital Enhanced Fixed Income Fund
VINACAPITAL-VFF,2024-03,39,2024-02-27,2024-03-25,4,True,186812439128.97223,3349276946.569309,183463162182.4029,1026185029820.0,155233577265.3792,870951452554.6208,0.1820455704384427,0.02157572482429855,0.21064682956125752,0.15127250228217445,1.7077417920980994e-05,186737507182.0,0.03568948757117041,vinacapital,bond,VinaCapital Enhanced Fixed Income Fund
VINACAPITAL-VFF,2024-05,41,2024-04-23,2024-05-27,5,True,130412908620.22829,31094042894.98294,99318865725.24535,1344261898985.0,163069549646.83142,1181192349338.1687,0.09701450938890555,0.19067963922341724,0.08408356672890277,0.12130787145716092,8.286678356639868e-06,130355286008.0,0.06508040530322146,vinacapital,bond,VinaCapital Enhanced Fixed Income Fund
VINACAPITAL-VFF,2024-06,42,2024-05-28,2024-06-24,4,True,26095738344.36933,2887771573.541948,23207966770.827377,1482216193925.0,195125023415.3051,1287091170509.6948,0.017605892076557474,0.014799596294707932,0.01803133088205158,0.13164410442622543,4.137579837330646e-06,26082844424.0,-0.010696705793259986,vinacapital,bond,VinaCapital Enhanced Fixed Income Fund
VINACAPITAL-VFF,2024-07,43,2024-06-25,2024-07-29,5,True,38645172246.22541,359509392.23798895,38285662853.98743,1515038005421.0,198891650496.0376,1316146354924.9624,0.02550772462997498,0.0018075640246403971,0.02908921390901866,0.13127832422974064,1.9041899022512403e-06,38630549239.0,-0.005996236404809396,vinacapital,bond,VinaCapital Enhanced Fixed Income Fund
VINACAPITAL-VFF,2024-08,44,2024-07-30,2024-08-26,4,True,28680371449.86613,4752413379.288472,23927958070.57766,1562723719257.0,200442839760.3,1362280879496.7,0.01835280996662818,0.023709569196742854,0.01756462887405271,0.1282650524147678,2.0575799959993315e-06,28669424376.0,0.026808920263115876,vinacapital,bond,VinaCapital Enhanced Fixed Income Fund
VINACAPITAL-VFF,2024-09,45,2024-08-27,2024-09-30,5,True,27430619447.66558,4825386874.377796,22605232573.28779,1599252797510.0,206204756002.11374,1393048041507.8862,0.01715214723424241,0.02340094849377932,0.016227173722464773,0.1289381868352332,6.4772460126036525e-06,27418197263.0,0.006187403321823215,vinacapital,bond,VinaCapital Enhanced Fixed Income Fund
VINACAPITAL-VFF,2024-10,46,2024-10-01,2024-10-28,4,True,-3696795742.6208754,-2413920656.3112965,-1282875086.3095803,1635973507104.0,212235129991.323,1423738377112.677,-0.0022596916921747362,-0.011373803462273126,-0.0009010609722491532,0.12973017537858642,1.5892277081697618e-06,-3689345481.0,-0.02575430532478229,vinacapital,bond,VinaCapital Enhanced Fixed Income Fund
VINACAPITAL-VFF,2024-11,47,2024-10-29,2024-11-25,4,True,-43776204458.79914,9395929239.158714,-53172133697.957855,1640159361938.0002,210846337668.1018,1429313024269.8984,-0.02669021405765931,0.044562923610980944,-0.037201181823077904,0.128552348363861,5.3016708770043314e-06,-43746208795.0,-0.01599496322035099,vinacapital,bond,VinaCapital Enhanced Fixed Income Fund
VINACAPITAL-VFF,2024-12,48,2024-11-26,2024-12-30,5,True,5285900467.093117,9030275209.285913,-3744374742.1927967,1605389424482.0002,221441743285.49896,1383947681196.5012,0.0032925970399977447,0.04077946224277786,-0.0027055753574120466,0.13793646570018364,2.6819783259028058e-06,5286203432.0,0.030225965821657264,vinacapital,bond,VinaCapital Enhanced Fixed Income Fund
VINACAPITAL-VFF,2025-02,50,2025-02-01,2025-02-24,4,True,-5794121845.03647,11363129263.16546,-17157251108.20193,1631527546325.0,236441686391.141,1395085859933.8591,-0.0035513478507228848,0.04805890804030069,-0.012298347794174727,0.14492043785820446,7.654508971106826e-07,-5790160744.0,0.031231967115924464,vinacapital,bond,VinaCapital Enhanced Fixed Income Fund
VINACAPITAL-VFF,2025-03,51,2025-02-25,2025-03-31,5,True,-29603088644.721825,9864186447.95428,-39467275092.6761,1632595310064.0,248824336594.5475,1383770973469.4524,-0.018132533189478134,0.03964317390717173,-0.02852153705300089,0.15241029731047875,4.0944448119353515e-06,-29596221699.0,0.0017630465444284926,vinacapital,bond,VinaCapital Enhanced Fixed Income Fund
VINACAPITAL-VFF,2025-04,52,2025-04-01,2025-04-28,4,True,-123975970861.69124,-589559679.4255891,-123386411182.26564,1612584483222.0002,260175883377.12027,1352408599844.88,-0.07688029504908972,-0.0022660043343488254,-0.09123456564563251,0.16134093195370436,8.88697426167981e-06,-123920231824.0,-0.061261343984818306,vinacapital,bond,VinaCapital Enhanced Fixed Income Fund
VINACAPITAL-VFF,2025-05,53,2025-04-29,2025-05-26,4,True,-2200145132.994993,-2350417475.07713,150272342.08213806,1496362884784.0,260875847877.294,1235487036906.706,-0.0014703285916588236,-0.00900971666868401,0.00012163004353196254,0.17433996160293125,2.761792845160188e-06,-2193251935.0,0.08616726442777978,vinacapital,bond,VinaCapital Enhanced Fixed Income Fund
VINACAPITAL-VFF,2025-06,54,2025-05-27,2025-06-30,5,True,889704993.0346422,4056335837.4690504,-3166630844.4344053,1501746817848.9998,259847712396.7244,1241899105452.2754,0.0005924467310068919,0.015610435050803948,-0.0025498293947809714,0.17303030664577176,5.32129504000746e-06,882659484.0,0.03269018618997244,vinacapital,bond,VinaCapital Enhanced Fixed Income Fund
VINACAPITAL-VFF,2025-07,55,2025-07-01,2025-07-28,4,True,4243011784.7242174,2083552226.6765783,2159459558.047639,1511873553596.0,265519427339.48322,1246354126256.5168,0.00280645942554666,0.007847080146088994,0.0017326211808947726,0.17562277394689768,2.821926953155089e-06,4244416378.0,0.13178835379014164,vinacapital,bond,VinaCapital Enhanced Fixed Income Fund
VINACAPITAL-VFF,2025-08,56,2025-07-29,2025-08-25,4,True,-3492066486.723173,-5886917669.883711,2394851183.1605415,1523369187359.0,268889089267.1561,1254480098091.844,-0.002292331048639115,-0.021893479151304403,0.0019090388016543948,0.17650947091382202,2.9617524114887846e-06,-3487524278.0,0.036348576491890716,vinacapital,bond,VinaCapital Enhanced Fixed Income Fund
VINACAPITAL-VFF,2025-09,57,2025-08-26,2025-09-29,5,True,22993695228.466652,8995517116.968994,13998178111.49765,1526976759263.0,264244287174.2016,1262732472088.7983,0.015058313814523694,0.034042427986489446,0.011085624564910425,0.17305062802772447,3.936917337923959e-06,22977862805.0,0.03249629808615717,vinacapital,bond,VinaCapital Enhanced Fixed Income Fund
VINACAPITAL-VFF,2025-10,58,2025-09-30,2025-10-27,4,True,-52862397096.55659,-5917975336.851752,-46944421759.704834,1559203739006.0,274853199300.09344,1284350539705.9065,-0.033903457113472944,-0.021531404225680194,-0.03655109746787218,0.17627792470233153,4.46407536221114e-06,-52838801195.0,-0.008364936872929607,vinacapital,bond,VinaCapital Enhanced Fixed Income Fund
VINACAPITAL-VFF,2025-11,59,2025-10-28,2025-11-24,4,True,-23725171607.95871,-2183928417.875856,-21541243190.082855,1513310064789.0,270176218251.25623,1243133846537.7437,-0.015677667227612536,-0.008083348090411365,-0.01732817688946162,0.17853328576713506,2.1833954519063073e-06,-23712835496.0,0.009343192903046527,vinacapital,bond,VinaCapital Enhanced Fixed Income Fund
VINACAPITAL-VFF,2025-12,60,2025-11-25,2025-12-29,5,True,-20204711583.726147,3334981836.502664,-23539693420.22881,1496694131298.0,269259323588.4665,1227434807709.5334,-0.013499559570133223,0.012385761770685498,-0.01917795818757599,0.179902705541414,6.0574495600558635e-06,-20178255244.0,0.052074964927636636,vinacapital,bond,VinaCapital Enhanced Fixed Income Fund
VINACAPITAL-VFF,2026-01,61,2025-12-30,2026-01-26,4,True,-46295853158.94556,-21864212954.94837,-24431640203.997185,1494612342263.0,275898148114.4007,1218714194148.5994,-0.030975157805032422,-0.0792474074377709,-0.020047062979409433,0.1845951223021897,3.979322028860531e-06,-46272222616.0,0.0506484921702266,vinacapital,bond,VinaCapital Enhanced Fixed Income Fund
VINACAPITAL-VFF,2026-02,62,2026-01-27,2026-02-23,4,True,-45887283732.114944,-3287292106.727948,-42599991625.38699,1455525158393.9998,255358688772.9798,1200166469621.02,-0.03152627315816797,-0.012873233812891452,-0.035495068978921664,0.17544093092471036,6.435555804891546e-06,-45850662474.0,0.008905907621547637,vinacapital,bond,VinaCapital Enhanced Fixed Income Fund
VINACAPITAL-VFF,2026-03,63,2026-02-24,2026-03-30,5,True,-102954940013.86041,-11035295265.383816,-91919644748.4766,1416728759698.0,253324203892.6729,1163404555805.3271,-0.07267089011153202,-0.04356194590098936,-0.07900918411381701,0.17880924782431418,7.853420194907702e-06,-102903648009.0,-0.10622856344146159,vinacapital,bond,VinaCapital Enhanced Fixed Income Fund
VINACAPITAL-VFF,2026-04,64,2026-03-31,2026-04-27,4,True,-54521499275.502335,1256544690.366429,-55778043965.86876,1321771735506.0,243739271013.5889,1078032464492.4111,-0.04124880099257868,0.005155282056687429,-0.05174059761932282,0.18440345217419915,5.396679557748676e-06,-54493375145.0,0.11473408158600673,vinacapital,bond,VinaCapital Enhanced Fixed Income Fund
VINACAPITAL-VFF,2026-05,65,2026-04-28,2026-05-25,4,True,-21062860480.61371,-4795768366.973259,-16267092113.640451,1274145429469.0,246307655168.23184,1027837774300.7682,-0.016530970479085465,-0.019470642776805606,-0.01582651710257181,0.1933120423081379,1.8971879535180551e-06,-21053222559.0,0.017665880677066426,vinacapital,bond,VinaCapital Enhanced Fixed Income Fund
VINACAPITAL-VFF,2026-06,66,2026-05-26,2026-06-29,5,True,-31978399282.685505,4942959406.98208,-36921358689.66758,1259947757455.0,242832172633.6621,1017115584821.3379,-0.02538073431495245,0.020355455182781958,-0.03630006190117815,0.19273193765126015,3.051732525705028e-06,-31959359482.0,-0.01646845490262583,vinacapital,bond,VinaCapital Enhanced Fixed Income Fund
VINACAPITAL-VFF,2026-07,67,2026-06-30,2026-07-27,4,True,-35337210848.5883,63479787.44950771,-35400690636.03781,1236196209722.0,249409443085.42978,986786766636.5703,-0.028585438598404258,0.0002545203848908162,-0.03587471157188283,0.2017555474802158,1.0132306799107778e-05,-35307980006.0,-0.1002495997239845,vinacapital,bond,VinaCapital Enhanced Fixed Income Fund
VINACAPITAL-VFF,2026-08,68,2026-07-28,2026-08-10,2,True,-11116939638.382648,-2702396776.254448,-8414542862.1282015,1209413891234.0,251228475408.9379,958185415825.062,-0.00919200591208665,-0.01075672959387113,-0.008781748003211586,0.20772745974713605,2.973093354731551e-06,-11109761935.0,0.06456522129885367,vinacapital,bond,VinaCapital Enhanced Fixed Income Fund
VINACAPITAL-VIBF,2021-01,1,2020-12-31,2021-01-27,4,True,6462416482.235752,0.0,6462416482.235752,99136498825.0,2545237145.3906,96591261679.6094,0.06518705581527029,0.0,0.06690477347393403,0.02567406732694446,0.0005585779957799565,6304155371.0,-0.006069555291836615,vinacapital,balanced,VinaCapital Integrated Balanced Fund
VINACAPITAL-VIBF,2021-02,2,2021-01-28,2021-02-24,4,True,2206493191.379298,0.0,2206493191.379298,107464344163.00002,2589040237.2854004,104875303925.71461,0.020532328267248608,0.0,0.021039206646230116,0.02409208614680968,0.0005347337796050318,2169536838.0,0.05909749628589922,vinacapital,balanced,VinaCapital Integrated Balanced Fund
VINACAPITAL-VIBF,2021-03,3,2021-02-25,2021-03-31,5,True,47908231983.96964,0.0,47908231983.96964,116735959306.0,2751100723.1000004,113984858582.9,0.41039823777339923,0.0,0.42030347345763025,0.0235668661092555,0.0003447604517923671,47766981061.0,0.02532680441648516,vinacapital,balanced,VinaCapital Integrated Balanced Fund
VINACAPITAL-VIBF,2021-04,4,2021-04-01,2021-04-28,4,True,34863447669.37199,0.0,34863447669.37199,167307143527.0,2811524525.5434003,164495619001.4566,0.20837991094950306,0.0,0.21194149656388886,0.016804569525686014,0.00025831498557324275,34880567271.0,0.03198650372658296,vinacapital,balanced,VinaCapital Integrated Balanced Fund
VINACAPITAL-VIBF,2021-05,5,2021-04-29,2021-05-26,4,True,70597962654.72495,0.0,70597962654.72495,206317353211.00003,2883548365.2954,203433804845.70462,0.3421814091542976,0.0,0.34703161899896784,0.013976276451871722,0.0007487273118248735,69891140176.0,0.07087959009393696,vinacapital,balanced,VinaCapital Integrated Balanced Fund
VINACAPITAL-VIBF,2021-06,6,2021-05-27,2021-06-30,5,True,85860745754.69756,1986996.0363998867,85858758758.66115,298393544889.0,3139420130.5994,295254124758.4006,0.2877433082094221,0.0006329181676045746,0.2907961364770681,0.010521072537836698,0.0003242483251816535,85595522361.0,0.06975772765246457,vinacapital,balanced,VinaCapital Integrated Balanced Fund
VINACAPITAL-VIBF,2021-07,7,2021-07-01,2021-07-28,4,True,48013017318.31643,997259288.0625002,47015758030.25393,396432065426.0,3254676157.4184003,393177389268.5816,0.12111285010893949,0.3064081462573295,0.11957899745383682,0.008209921550924428,0.00015976517096197851,48199856033.0,-0.09334421923254388,vinacapital,balanced,VinaCapital Integrated Balanced Fund
VINACAPITAL-VIBF,2021-08,8,2021-07-29,2021-08-25,4,True,6401070331.973682,9892757.755649606,6391177574.218033,435677241817.99994,4188891359.5704,431488350458.42957,0.01469223020523911,0.0023616649147625963,0.01481193540318714,0.009614666449160708,0.00011892162836681096,6456539225.0,0.025433218226095455,vinacapital,balanced,VinaCapital Integrated Balanced Fund
VINACAPITAL-VIBF,2021-10,10,2021-09-30,2021-10-27,4,True,27095553289.780388,387308417.15580034,26708244872.624584,515846271198.0,4816654568.110001,511029616629.89,0.052526411069820755,0.08041025398003072,0.052263594914045586,0.009337383707211482,5.482645148426059e-05,27056568886.0,0.06258167128381653,vinacapital,balanced,VinaCapital Integrated Balanced Fund
VINACAPITAL-VIBF,2021-11,11,2021-10-28,2021-11-24,4,True,94901535216.41885,470066956.55205,94431468259.8668,562593771929.0,5390289354.548,557203482574.452,0.1686857195219636,0.08720625659092604,0.16947393764224927,0.009581139400221197,0.0001824230459358513,94609917291.0,0.04627482396593163,vinacapital,balanced,VinaCapital Integrated Balanced Fund
VINACAPITAL-VIBF,2021-12,12,2021-11-25,2021-12-29,5,True,92958349771.90463,452947532.26959974,92505402239.63503,662379697509.0,5907741950.0008,656471955558.9991,0.14033997437042758,0.07667016198456982,0.1409129536399842,0.008918965922744831,6.997520309372968e-05,92984724339.0,-0.002048533451543544,vinacapital,balanced,VinaCapital Integrated Balanced Fund
VINACAPITAL-VIBF,2022-01,13,2021-12-30,2022-01-26,4,True,3065235434.878972,303028869.78209996,2762206565.0968723,739462014728.0,6216357326.9508,733245657401.0492,0.004145223654262313,0.0487470159523052,0.003767095702806299,0.00840659452837127,4.446866431091187e-05,2935690691.0,-0.0028536431061635392,vinacapital,balanced,VinaCapital Integrated Balanced Fund
VINACAPITAL-VIBF,2022-02,14,2022-01-27,2022-02-23,4,True,9745308884.908375,50490542.22724975,9694818342.681126,744031757802.0,6534482248.512,737497275553.488,0.013097974357570062,0.007726785429518491,0.013145564958738611,0.008782531363736414,1.4476865671152459e-05,9732172014.0,0.0207346211476942,vinacapital,balanced,VinaCapital Integrated Balanced Fund
VINACAPITAL-VIBF,2022-03,15,2022-02-24,2022-03-30,5,True,-9393479020.547768,2833040347.4242,-12226519367.971964,772434552639.0,6748387880.615399,765686164758.3846,-0.012160873679789727,0.4198099453592536,-0.01596805575275099,0.008736517362616329,6.796504642786991e-05,-9154242626.0,-0.01440851682867128,vinacapital,balanced,VinaCapital Integrated Balanced Fund
VINACAPITAL-VIBF,2022-04,16,2022-03-31,2022-04-27,4,True,19158159754.83039,2667357997.3667507,16490801757.463642,783392714887.0,9827147001.662699,773565567885.3373,0.024455371349213845,0.27142750555328504,0.021317910778453898,0.012544343105207724,5.5301131594293965e-05,19332237950.0,-0.09174041100026153,vinacapital,balanced,VinaCapital Integrated Balanced Fund
VINACAPITAL-VIBF,2022-08,20,2022-07-28,2022-08-31,5,True,-3968046874.818013,12226801202.722004,-16194848077.540016,685570684993.0,16739685061.9572,668830999931.0428,-0.005787947124458113,0.7304080786148583,-0.02421366246362642,0.024417154100059162,3.0399418378803995e-05,-3977779000.0,0.07511922353573364,vinacapital,balanced,VinaCapital Integrated Balanced Fund
VINACAPITAL-VIBF,2022-09,21,2022-09-01,2022-09-28,4,True,-9465867040.23155,483567543.6084467,-9949434583.839998,710029173781.0,29938283574.201603,680090890206.7983,-0.013331659303271366,0.016152146545406705,-0.014629566028762168,0.04216486403618636,3.526494277602168e-05,-9449108974.0,-0.10690271844811827,vinacapital,balanced,VinaCapital Integrated Balanced Fund
VINACAPITAL-VIBF,2022-10,22,2022-09-29,2022-10-26,4,True,-25400330304.077034,1431296809.8004022,-26831627113.87744,660568886237.9999,28712266813.5253,631856619424.4746,-0.03845220511177,0.04984966248384717,-0.042464740083465416,0.0434659691240444,9.715606589603093e-05,-25193271296.0,-0.1313897973102951,vinacapital,balanced,VinaCapital Integrated Balanced Fund
VINACAPITAL-VIBF,2022-11,23,2022-10-27,2022-11-30,5,True,-72727428734.36281,182239042.84269887,-72909667777.20552,589556006260.0001,28089876223.333202,561466130036.6669,-0.1233596604260347,0.006487712562126556,-0.12985586106938296,0.04764581468947886,0.00019473132739766997,-72371305047.0,0.05542804220020958,vinacapital,balanced,VinaCapital Integrated Balanced Fund
VINACAPITAL-VIBF,2022-12,24,2022-12-01,2022-12-28,4,True,-19202967163.460983,-1149241964.245299,-18053725199.215687,515050020592.00006,28240899462.5448,486809121129.45526,-0.037283693613659186,-0.040694240839230705,-0.0370858400461538,0.054831372358911126,2.6127736940656836e-05,-19175654312.0,-0.031247019324316505,vinacapital,balanced,VinaCapital Integrated Balanced Fund
VINACAPITAL-VIBF,2023-01,25,2022-12-29,2023-01-25,4,True,-11436981252.13829,80313915.88550065,-11517295168.02379,496193274760.0,27113967152.0536,469079307607.9464,-0.023049448337787645,0.002962086493470496,-0.02455298066068153,0.05464396341358748,1.7956775013894666e-05,-11401345498.0,0.09099501801784093,vinacapital,balanced,VinaCapital Integrated Balanced Fund
VINACAPITAL-VIBF,2023-02,26,2023-01-26,2023-02-22,4,True,-18462956172.154804,-1394147722.7313025,-17068808449.4235,503301089282.99994,28223370361.454403,475077718921.54553,-0.036683719875228234,-0.04939692548680637,-0.03592845500767896,0.05607651356698088,2.1213974872605346e-05,-18493670627.0,-0.04855245108656381,vinacapital,balanced,VinaCapital Integrated Balanced Fund
VINACAPITAL-VIBF,2023-03,27,2023-02-23,2023-03-29,5,True,-20657418608.90039,948444373.1390531,-21605862982.03944,480947563123.0,26614300066.0768,454333263056.9232,-0.04295149865145976,0.03563664536675012,-0.04755509829209324,0.05533721783152132,2.4514061474498004e-05,-20627502847.0,0.0019444549834959357,vinacapital,balanced,VinaCapital Integrated Balanced Fund
VINACAPITAL-VIBF,2023-04,28,2023-03-30,2023-04-26,4,True,-15632639363.04254,776335384.1044973,-16408974747.147036,454520477022.00006,27237801049.722202,427282675972.27783,-0.03439369655129064,0.02850213138304772,-0.038403089265925804,0.05992645530116307,4.504428781167003e-06,-15629855474.0,-0.014701845067355612,vinacapital,balanced,VinaCapital Integrated Balanced Fund
VINACAPITAL-VIBF,2023-05,29,2023-04-27,2023-05-31,5,True,-10159829762.135023,1836340755.1587982,-11996170517.29382,441953531430.0,28197653220.9666,413755878209.0334,-0.022988457020043554,0.06512388604713289,-0.02899335368773478,0.06380230321891377,7.199025845111116e-06,-10172693694.0,0.033022674865488266,vinacapital,balanced,VinaCapital Integrated Balanced Fund
VINACAPITAL-VIBF,2023-06,30,2023-06-01,2023-06-21,3,True,-8239451279.617288,135467931.63680553,-8374919211.254093,437361152672.0,30396986823.130398,406964165848.8696,-0.018839010344836187,0.004456623691849682,-0.020579008949805685,0.06950088419473023,2.025904618458937e-05,-8235976702.0,0.04026340020647878,vinacapital,balanced,VinaCapital Integrated Balanced Fund
VINACAPITAL-VIBF,2023-08,32,2023-07-27,2023-08-30,5,True,-8536001390.850284,-1074139295.4775434,-7461862095.372739,448798945419.00006,33034686231.592197,415764259187.40784,-0.019019655634175,-0.03251549864730688,-0.017947338979922435,0.07360687133689879,1.1357119960318952e-05,-8549675656.0,0.010259485027147797,vinacapital,balanced,VinaCapital Integrated Balanced Fund
VINACAPITAL-VIBF,2023-09,33,2023-08-31,2023-09-27,4,True,-4436045846.034704,506120928.99565,-4942166775.030355,446617981193.00006,32418814281.242405,414199166911.7576,-0.009932528543040737,0.015611950659419787,-0.01193186073231106,0.07258734678493171,3.821639476384563e-05,-4380479803.0,-0.04888885225361861,vinacapital,balanced,VinaCapital Integrated Balanced Fund
VINACAPITAL-VIBF,2023-10,34,2023-09-28,2023-10-25,4,True,-13956277022.918407,814021375.9004472,-14770298398.818855,440442107775.00006,32786736565.783203,407655371209.21686,-0.03168697264987201,0.024827764552510352,-0.03623231641718869,0.0744405132638506,8.25617045027263e-05,-14096603931.0,-0.04523118256272418,vinacapital,balanced,VinaCapital Integrated Balanced Fund
VINACAPITAL-VIBF,2023-11,35,2023-10-26,2023-11-29,5,True,-10947327870.149595,218123514.75120085,-11165451384.900797,418269021972.0,32962645869.17,385306376102.83,-0.026172934869851387,0.0066172938791667826,-0.0289781121657872,0.07880728463648116,4.936863308598685e-05,-10846411026.0,0.0010348020260333435,vinacapital,balanced,VinaCapital Integrated Balanced Fund
VINACAPITAL-VIBF,2024-01,37,2023-12-28,2024-01-31,5,True,10238707176.211893,4579789758.231001,5658917417.980893,411013383558.0,33825606130.4275,377187777427.5725,0.024910885109333824,0.1353941667910363,0.015002918325123928,0.08229806493796135,2.6686719174425932e-05,10201203642.0,0.03771869624506441,vinacapital,balanced,VinaCapital Integrated Balanced Fund
VINACAPITAL-VIBF,2024-02,38,2024-02-01,2024-02-28,4,True,359252939.9677887,3554153576.948997,-3194900636.9812107,433417285921.0,39426772487.676605,393990513433.3234,0.0008288846606668811,0.09014568915220991,-0.008109080112462901,0.09096723589114768,2.1040747826079966e-05,377859834.0,0.07750513179479634,vinacapital,balanced,VinaCapital Integrated Balanced Fund
VINACAPITAL-VIBF,2024-03,39,2024-02-29,2024-03-27,4,True,16166891209.92303,1013833437.1997524,15153057772.723278,452176408130.0,44682268903.857,407494139226.143,0.03575350442713737,0.022689837872405753,0.03718595266547855,0.09881601096493058,2.449922052922001e-05,16121884366.0,0.02274919293770683,vinacapital,balanced,VinaCapital Integrated Balanced Fund
VINACAPITAL-VIBF,2024-04,40,2024-03-28,2024-04-24,4,True,3477512579.1371794,1971066708.5763502,1506445870.5608282,481138711869.9999,46960198436.2728,434178513433.7271,0.007227671549481925,0.04197313414787164,0.003469646295131027,0.09760220343475728,7.473589666583382e-05,3612643578.0,-0.06038547568759778,vinacapital,balanced,VinaCapital Integrated Balanced Fund
VINACAPITAL-VIBF,2024-05,41,2024-04-25,2024-05-29,5,True,3164777600.526043,1902049317.2686973,1262728283.2573433,475029993558.99994,47997237824.2416,427032755734.75836,0.0066622690007740945,0.039628307867084045,0.0029569822602593466,0.10104043634095332,8.277518783744402e-05,3137849671.0,0.05559841076301675,vinacapital,balanced,VinaCapital Integrated Balanced Fund
VINACAPITAL-VIBF,2024-06,42,2024-05-30,2024-06-26,4,True,26178446349.109447,631325855.4903533,25547120493.6191,499389973960.9999,52119593886.1734,447270380074.8265,0.05242084886380572,0.012113023306918652,0.05711784556210758,0.1043665203623886,7.90751117858996e-05,26341280017.0,-0.008957757103344122,vinacapital,balanced,VinaCapital Integrated Balanced Fund
VINACAPITAL-VIBF,2024-07,43,2024-06-27,2024-07-31,5,True,38577985423.14504,-2190562891.214404,40768548314.359436,535260232681.99994,53761834588.716805,481498398093.28314,0.07207332633295843,-0.040745687121215644,0.08467016396274933,0.10044055453052293,0.00011232444044440824,38431569320.0,-0.007714630046620763,vinacapital,balanced,VinaCapital Integrated Balanced Fund
VINACAPITAL-VIBF,2024-08,44,2024-08-01,2024-08-28,4,True,32422608853.58416,1161632177.5225017,31260976676.061653,568897340074.0,51123480655.91521,517773859418.0848,0.056992020474848325,0.022722087045301674,0.060375733744448226,0.08986415835459041,5.215790801043242e-05,32307602923.0,0.023915110546459895,vinacapital,balanced,VinaCapital Integrated Balanced Fund
VINACAPITAL-VIBF,2024-09,45,2024-08-29,2024-09-30,5,True,47042802375.14838,1713134298.1265473,45329668077.02182,606781784561.0001,52765025448.367096,554016759112.633,0.07752836946017311,0.03246723153394335,0.08182003040779165,0.08695881582296015,2.4486196795197423e-05,47048678890.0,0.005072418529155076,vinacapital,balanced,VinaCapital Integrated Balanced Fund
VINACAPITAL-VIBF,2024-10,46,2024-10-01,2024-10-28,4,True,46394497014.63176,583229847.346151,45811267167.28561,661650189827.0,55140535529.289,606509654297.711,0.07011937384430043,0.010577152393385022,0.07553262646796832,0.08333789724099748,4.229189454797146e-05,46291751020.0,-0.02575430532478229,vinacapital,balanced,VinaCapital Integrated Balanced Fund
VINACAPITAL-VIBF,2024-11,47,2024-10-29,2024-11-25,4,True,61538733816.04686,2552795684.1946507,58985938131.85221,701820066099.0,55221372441.30879,646598693657.6912,0.08768448892905563,0.04622839982667673,0.09122495716497583,0.07868309144856962,7.657648985401834e-05,61660777725.0,-0.01599496322035099,vinacapital,balanced,VinaCapital Integrated Balanced Fund
VINACAPITAL-VIBF,2025-01,49,2024-12-31,2025-01-31,4,True,26963543871.67672,-47862750.4787519,27011406622.15547,833339965934.0,60347917071.81359,772992048862.1864,0.03235599512073829,-0.0007931135456058172,0.03494396438089523,0.07241692411112935,4.3707649791149226e-05,26826600095.0,-0.005479473593182349,vinacapital,balanced,VinaCapital Integrated Balanced Fund
VINACAPITAL-VIBF,2025-02,50,2025-02-01,2025-02-24,4,True,7708897558.90665,-9532462373.041842,17241359931.94849,861649450888.0001,60398293634.3752,801251157253.6249,0.008946674951120785,-0.15782668349452372,0.021518046839451837,0.07009613198514758,2.257427226503729e-05,7651483929.0,0.031231967115924464,vinacapital,balanced,VinaCapital Integrated Balanced Fund
VINACAPITAL-VIBF,2025-03,51,2025-02-25,2025-03-31,5,True,175215301924.40137,5579104219.671947,169636197704.72943,882519326521.0,51647559739.223,830871766781.777,0.19853990350004197,0.10802261031966967,0.20416652061940055,0.05852286537771818,7.145957552434604e-05,175196033020.0,0.0017630465444284926,vinacapital,balanced,VinaCapital Integrated Balanced Fund
VINACAPITAL-VIBF,2025-04,52,2025-04-01,2025-04-28,4,True,8664075914.511581,-414831264.4401037,9078907178.951687,1046322554202.9999,56574574762.751396,989747979440.2485,0.00828050191569381,-0.007332468095071355,0.00917294843489982,0.05406991805299,0.00015218712917636215,8983675209.0,-0.061261343984818306,vinacapital,balanced,VinaCapital Integrated Balanced Fund
VINACAPITAL-VIBF,2025-06,54,2025-05-27,2025-06-30,5,True,-27933634420.76975,102034681.21669781,-28035669101.986446,1077302426500.0,55321564948.268196,1021980861551.7318,-0.025929241161669052,0.0018443925314135918,-0.027432675264993017,0.05135193571224003,8.823251835108145e-06,-27927586999.0,0.03269018618997244,vinacapital,balanced,VinaCapital Integrated Balanced Fund
VINACAPITAL-VIBF,2025-07,55,2025-07-01,2025-07-28,4,True,-15395562430.225697,10175530513.2596,-25571092943.4853,1076332349555.0,56838886418.053,1019493463136.947,-0.01430372545858243,0.17902410047969688,-0.025082154881899788,0.05280793282999673,7.240689081545863e-05,-15116648029.0,0.13178835379014164,vinacapital,balanced,VinaCapital Integrated Balanced Fund
VINACAPITAL-VIBF,2025-08,56,2025-07-29,2025-08-25,4,True,10251773282.265356,564162537.0852014,9687610745.180157,1104765875898.0,69572430588.96721,1035193445309.0327,0.009279589011501903,0.008108995651140385,0.00935826128834128,0.06297481856272563,0.00011857008850501592,10673648988.0,0.036348576491890716,vinacapital,balanced,VinaCapital Integrated Balanced Fund
VINACAPITAL-VIBF,2025-09,57,2025-08-26,2025-09-29,5,True,96336602616.38277,-220831511.82860178,96557434128.21136,1133517037960.0,71303015520.1422,1062214022439.8578,0.08498910857992972,-0.003097085168385616,0.09090205183548913,0.06290422916665357,9.800794325642642e-05,96340550204.0,0.03249629808615695,vinacapital,balanced,VinaCapital Integrated Balanced Fund
VINACAPITAL-VIBF,2025-10,58,2025-09-30,2025-10-27,4,True,89329966374.48529,2373684981.2694016,86956281393.21588,1248656748868.0,72251586635.3487,1176405162232.6514,0.07154085096282027,0.03285304990254829,0.07391694986120692,0.05786344942343051,0.00014854904697126747,89722984137.0,-0.008364936872929607,vinacapital,balanced,VinaCapital Integrated Balanced Fund
VINACAPITAL-VIBF,2025-11,59,2025-10-28,2025-11-24,4,True,74864137295.5234,-70555622.54804707,74934692918.07146,1309066748258.0,72979043727.808,1236087704530.192,0.057188938146314185,-0.0009667929167611509,0.06062247253446501,0.055748909537976274,6.822809784699664e-05,75045717841.0,0.009343192903046527,vinacapital,balanced,VinaCapital Integrated Balanced Fund
VINACAPITAL-VIBF,2025-12,60,2025-11-25,2025-12-29,5,True,30815348947.8908,2870733906.9357963,27944615040.954998,1392498819672.0,73357279110.66501,1319141540561.335,0.02212953326247651,0.039133593035874145,0.0211839398439865,0.05268031690536309,1.0900424489404926e-05,30867442019.0,0.052074964927636636,vinacapital,balanced,VinaCapital Integrated Balanced Fund
VINACAPITAL-VIBF,2026-01,61,2025-12-30,2026-01-26,4,True,-16975709461.716473,-3263941014.8919487,-13711768446.824526,1433585875581.9998,76779563618.1561,1356806311963.8438,-0.011841431860386293,-0.04251054396615668,-0.01010591440054409,0.053557700955295426,8.73996845695912e-06,-16936037009.0,0.0506484921702266,vinacapital,balanced,VinaCapital Integrated Balanced Fund
VINACAPITAL-VIBF,2026-02,62,2026-01-27,2026-02-23,4,True,3987730850.061228,2517936400.2122536,1469794449.8489742,1448188811944.0,75184937210.84961,1373003874733.1504,0.0027535987139054277,0.033489904941343775,0.0010704954857717612,0.05191652952346999,1.690463001891177e-05,4048405528.0,0.008905907621547637,vinacapital,balanced,VinaCapital Integrated Balanced Fund
VINACAPITAL-VIBF,2026-03,63,2026-02-24,2026-03-30,5,True,8200362041.862383,5028638789.791748,3171723252.0706306,1480054882054.0,79174468191.4836,1400880413862.5164,0.005540579705045824,0.06351338890751973,0.0022640927952768896,0.05349427859161976,0.00013738420852944718,8477622101.0,-0.10622856344146159,vinacapital,balanced,VinaCapital Integrated Balanced Fund
VINACAPITAL-VIBF,2026-04,64,2026-03-31,2026-04-27,4,True,-5953294089.829996,-705770759.8186516,-5247523330.011345,1435266107486.9998,81237331790.4564,1354028775696.5435,-0.0041478678126480595,-0.00868776391670663,-0.0038754887814787383,0.056600884927669924,2.1780267161978905e-05,-6077978726.0,0.11473408158600673,vinacapital,balanced,VinaCapital Integrated Balanced Fund
VINACAPITAL-VIBF,2026-05,65,2026-04-28,2026-05-25,4,True,2709213110.703599,160046534.13935113,2549166576.5642486,1453558577403.0,81892922305.866,1371665655097.134,0.0018638485939410944,0.001954339027511868,0.0018584460193280339,0.05633960927269953,6.164442778086832e-06,2690384583.0,0.017665880677066426,vinacapital,balanced,VinaCapital Integrated Balanced Fund
VINACAPITAL-VIBF,2026-06,66,2026-05-26,2026-06-29,5,True,-1430682035.4630594,3432787585.3460555,-4863469620.809116,1440245775117.0002,81144564033.5048,1359101211083.4954,-0.0009933596474857467,0.04230459090184585,-0.0035784455058588955,0.05634077560610301,7.941908334980361e-06,-1404437770.0,-0.01646845490262583,vinacapital,balanced,VinaCapital Integrated Balanced Fund
VINACAPITAL-VIBF,2026-07,67,2026-06-30,2026-07-27,4,True,-33867154650.147945,788332620.3431518,-34655487270.4911,1433280763410.0,84263239729.75441,1349017523680.2456,-0.02362911406804391,0.009355593528939306,-0.0256894270549931,0.0587904630278292,5.221929802561791e-05,-34159098183.0,-0.1002495997239845,vinacapital,balanced,VinaCapital Integrated Balanced Fund
VINACAPITAL-VIBF,2026-08,68,2026-07-28,2026-08-10,2,True,-3473002451.7054186,104966444.07794139,-3577968895.78336,1292399000974.0,78605699810.4255,1213793301163.5745,-0.002687252504132265,0.001335354107031557,-0.002947757985114454,0.060821541761627275,6.268707642883429e-06,-3461686108.0,0.06456522129885367,vinacapital,balanced,VinaCapital Integrated Balanced Fund
VINACAPITAL-VLBF,2021-10,2,2021-09-30,2021-10-27,4,True,82688905.88156015,0.0,82688905.88156015,51507009265.99999,50124674600.0,1382334665.9999955,0.0016053913255674789,0.0,0.05981829720065808,0.9731622028593985,2.001718136105079e-06,83106527.0,0.06258167128381653,vinacapital,bond,VinaCapital Liquidity Bond Fund
VINACAPITAL-VLBF,2021-11,3,2021-10-28,2021-11-24,4,True,526670164.0234737,0.0,526670164.0234737,51827937713.0,50355004700.0,1472933012.9999976,0.010161896985751933,0.0,0.35756559149338213,0.9715803275608524,1.2383597277360975e-06,526561971.0,0.04627482396593163,vinacapital,bond,VinaCapital Liquidity Bond Fund
VINACAPITAL-VLBF,2021-12,4,2021-11-25,2021-12-29,5,True,15441452018.635788,0.0,15441452018.635788,52583198748.00001,50576626100.0,2006572648.0000072,0.2936575253368948,0.0,7.695436312274368,0.9618400421469923,3.338162886034788e-05,15432754933.0,-0.002048533451543544,vinacapital,bond,VinaCapital Liquidity Bond Fund
VINACAPITAL-VLBF,2022-01,5,2021-12-30,2022-01-26,4,True,20934544795.86058,17997696942.955997,2936847852.904581,68256915427.0,50782631899.99999,17474283527.000008,0.3067021805028655,0.35440654155926093,0.1680668536919854,0.74399248167479,1.2128480377470273e-05,20936202318.0,-0.0028536431061635392,vinacapital,bond,VinaCapital Liquidity Bond Fund
VINACAPITAL-VLBF,2022-03,7,2022-02-24,2022-03-30,5,True,-1072131853.6242838,0.0,-1072131853.6242838,90224109479.99998,69299293282.5528,20924816197.447193,-0.011882986263909245,0.0,-0.05123733673489007,0.7680795486035182,2.965390848741448e-06,-1071317802.0,-0.01440851682867128,vinacapital,bond,VinaCapital Liquidity Bond Fund
VINACAPITAL-VLBF,2022-04,8,2022-03-31,2022-04-27,4,True,19009564187.44895,0.0,19009564187.44895,89592528558.0,69637443073.6608,19955085484.339207,0.2121780074009478,0.0,0.952617527114464,0.7772684195265147,2.736480552284894e-05,19018856294.0,-0.09174041100026153,vinacapital,bond,VinaCapital Liquidity Bond Fund
VINACAPITAL-VLBF,2022-05,9,2022-04-28,2022-05-25,4,True,-20798394579.199825,0.0,-20798394579.199825,109043096975.0,69944217443.2692,39098879531.730804,-0.1907355454510634,0.0,-0.5319434937341575,0.6414364538757104,2.98466127855146e-06,-20799518096.0,-0.06303877320371953,vinacapital,bond,VinaCapital Liquidity Bond Fund
VINACAPITAL-VLBF,2022-06,10,2022-05-26,2022-06-29,5,True,-11172454925.66191,0.0,-11172454925.66191,88652778687.00002,70224563272.0896,18428215414.910416,-0.12602487018605127,0.0,-0.6062689562778926,0.7921304251503093,1.4746297099631718e-05,-11166817272.0,-0.039686856980676755,vinacapital,bond,VinaCapital Liquidity Bond Fund
VINACAPITAL-VLBF,2022-07,11,2022-06-30,2022-07-27,4,True,1837058173.1267614,0.0,1837058173.1267614,77943060858.0,70615502379.2844,7327558478.715606,0.023569233141531257,0.0,0.25070535819848766,0.9059883150847096,1.0900323908799754e-06,1836946252.0,-0.02220689768407913,vinacapital,bond,VinaCapital Liquidity Bond Fund
VINACAPITAL-VLBF,2022-08,12,2022-07-28,2022-08-31,5,True,167142648737.22888,0.0,167142648737.22888,80107892401.0,70908859182.0312,9199033218.968796,2.0864691820945027,0.0,18.169588559868842,0.8851669549247314,0.00010795215128303639,167158823206.0,0.07511922353573364,vinacapital,bond,VinaCapital Liquidity Bond Fund
VINACAPITAL-VLBF,2022-09,13,2022-09-01,2022-09-28,4,True,-168392657508.48438,0.0,-168392657508.48438,248130550039.0,71246670145.69319,176883879893.30682,-0.6786454045340938,0.0,-0.9519954990248732,0.2871338097404571,6.615708301654829e-06,-168398513246.0,-0.10690271844811827,vinacapital,bond,VinaCapital Liquidity Bond Fund
VINACAPITAL-VLBF,2022-10,14,2022-09-29,2022-10-26,4,True,49134998990.946686,0.0,49134998990.946686,80074294011.0,71436277984.47481,8638016026.5252,0.6136176359444004,0.0,5.6882273475836715,0.8921249805169863,7.278915664577519e-05,49111646105.0,-0.1313897973102951,vinacapital,bond,VinaCapital Liquidity Bond Fund
VINACAPITAL-VLBF,2022-11,15,2022-10-27,2022-11-30,5,True,-51318094219.525566,0.0,-51318094219.525566,129706966105.00002,71722180583.40959,57984785521.59042,-0.3956464001939779,0.0,-0.8850268869308391,0.5529555022152723,4.087625966503522e-05,-51327594717.0,0.05542804220020958,vinacapital,bond,VinaCapital Liquidity Bond Fund
VINACAPITAL-VLBF,2022-12,16,2022-12-01,2022-12-28,4,True,-18941789998.53918,-18810377294.5168,-131412704.02237855,78846972441.0,72078152698.1772,6768819742.822798,-0.24023484240581383,-0.2609719670991582,-0.019414419206792995,0.9141524457659068,0.0002280102976355779,-19013585620.0,-0.031247019324316505,vinacapital,bond,VinaCapital Liquidity Bond Fund
VINACAPITAL-VLBF,2023-02,18,2023-01-26,2023-02-22,4,True,-487265160.31728506,0.0,-487265160.31728506,58965786058.0,53219916750.0,5745869307.999999,-0.008263523525964713,0.0,-0.08480268766970799,0.9025558770242079,8.732825318519932e-07,-487219762.0,-0.04855245108656381,vinacapital,bond,VinaCapital Liquidity Bond Fund
VINACAPITAL-VLBF,2023-03,19,2023-02-23,2023-03-29,5,True,-21357331.023663595,0.0,-21357331.023663595,58768415429.0,53482579150.0,5285836278.999996,-0.00036341512473594034,0.0,-0.004040482886031441,0.910056511811417,3.668950196265462e-07,-21249300.0,0.0019444549834959357,vinacapital,bond,VinaCapital Liquidity Bond Fund
VINACAPITAL-VLBF,2023-04,20,2023-03-30,2023-04-26,4,True,-2892757948.0523167,-2807077000.0,-85680948.05231631,59105971123.0,53809205450.0,5296765672.999999,-0.04894189018622948,-0.05216722634212396,-0.016176088077498065,0.9103852695021728,3.555713575365942e-06,-2893540922.0,-0.014701845067355612,vinacapital,bond,VinaCapital Liquidity Bond Fund
VINACAPITAL-VLBF,2023-05,21,2023-04-27,2023-05-31,5,True,-3813062521.2174854,-5176733782.821197,1363671261.6037116,56500074336.0,51263319250.0,5236755086.000004,-0.06748774344156795,-0.10098319536383116,0.2604038644559423,0.9073141912193324,1.0281444372977965e-05,-3811665800.0,0.033022674865488266,vinacapital,bond,VinaCapital Liquidity Bond Fund
VINACAPITAL-VLBF,2023-06,22,2023-06-01,2023-06-21,3,True,5089123215.667873,1060573827.5439993,4028549388.123874,53243341731.0,46579792353.772804,6663549377.227192,0.09558234044323369,0.02276896855805963,0.6045650988783123,0.8748472736573658,7.567880550466575e-06,5089306602.0,0.04026340020647878,vinacapital,bond,VinaCapital Liquidity Bond Fund
VINACAPITAL-VLBF,2023-08,24,2023-07-27,2023-08-30,5,True,592807348.2829065,0.0,592807348.2829065,56856233399.0,47986938256.7721,8869295142.227898,0.01042642667027839,0.0,0.06683815779908729,0.844004876651152,6.545791378302349e-07,592699236.0,0.010259485027147797,vinacapital,bond,VinaCapital Liquidity Bond Fund
VINACAPITAL-VLBF,2023-09,25,2023-08-31,2023-09-27,4,True,201558595.90759104,0.0,201558595.90759104,57785887064.0,48269068322.4195,9516818741.580502,0.0034880246051143503,0.0,0.021179198782776996,0.8353089443614446,9.728480396307519e-07,201402264.0,-0.04888885225361861,vinacapital,bond,VinaCapital Liquidity Bond Fund
VINACAPITAL-VLBF,2023-10,26,2023-09-28,2023-10-25,4,True,665514640.3719147,0.0,665514640.3719147,58250166876.0,48488105274.0975,9762061601.902494,0.01142511130978609,0.0,0.06817357516389928,0.8324114397357268,1.1741085693713447e-06,665348344.0,-0.04523118256272418,vinacapital,bond,VinaCapital Liquidity Bond Fund
VINACAPITAL-VLBF,2023-11,27,2023-10-26,2023-11-29,5,True,-53414135.58832989,0.0,-53414135.58832989,59169900942.0,48699113779.73791,10470787162.262089,-0.0009027247762454077,0.0,-0.005101253111212166,0.8230386227530472,1.0047242714288443e-06,-53151086.0,0.0010348020260333435,vinacapital,bond,VinaCapital Liquidity Bond Fund
VINACAPITAL-VLBF,2023-12,28,2023-11-30,2023-12-27,4,True,796272357.5815989,0.0,796272357.5815989,59421254175.99999,48949915452.69511,10471338723.304888,0.013400463666133962,0.0,0.07604303314240275,0.8237778911180536,1.0357855998613358e-06,796069051.0,0.017401160681900674,vinacapital,bond,VinaCapital Liquidity Bond Fund
VINACAPITAL-VLBF,2024-01,29,2023-12-28,2024-01-31,5,True,497699747.4228772,6640062.531004619,491059684.8918726,60416028562.0,49112535117.81541,11303493444.184591,0.008237875929102637,0.00013520097293034987,0.04344317863470009,0.8129057186772092,1.209105635258341e-06,497550438.0,0.03771869624506441,vinacapital,bond,VinaCapital Liquidity Bond Fund
VINACAPITAL-VLBF,2024-02,30,2024-02-01,2024-02-28,4,True,1245083237.993014,50012747.36025505,1195070490.632759,61124706682.0,49290381543.76471,11834325138.235289,0.020369557672816875,0.001014655309897509,0.10098340857406642,0.8063904797154591,6.992746875653312e-07,1245056889.0,0.07750513179479657,vinacapital,bond,VinaCapital Liquidity Bond Fund
VINACAPITAL-VLBF,2024-03,31,2024-02-29,2024-03-27,4,True,-440525536.61481494,0.0,-440525536.61481494,62516889144.0,49457665147.13642,13059223996.863577,-0.007046504434987453,0.0,-0.03373290302093108,0.7911088639298214,7.599207800454606e-07,-440693408.0,0.02274919293770683,vinacapital,bond,VinaCapital Liquidity Bond Fund
VINACAPITAL-VLBF,2024-04,32,2024-03-28,2024-04-18,3,True,1151384667.4245796,-20167750.891401693,1171552418.3159814,62247997106.00001,49594130934.73082,12653866171.269188,0.018496734368238798,-0.000406655999637211,0.09258454313164861,0.7967185008423429,2.7517335171715972e-06,1150866493.0,-0.07020551948811049,vinacapital,bond,VinaCapital Liquidity Bond Fund
VINACAPITAL-VLBF,2024-06,34,2024-05-30,2024-06-26,4,True,-1419004208.858006,4998492.054997871,-1424002700.913004,64036859068.99999,49873400048.63971,14163459020.360285,-0.0221591787837224,0.00010022360717582967,-0.10054060232503717,0.7788233335257887,8.965938067745347e-07,-1419057428.0,-0.008957757103344122,vinacapital,bond,VinaCapital Liquidity Bond Fund
VINACAPITAL-VLBF,2024-09,37,2024-08-29,2024-09-25,4,True,89901008.88627039,0.0,89901008.88627039,62079865203.0,50466454080.68351,11613411122.31649,0.0014481508391214408,0.0,0.007741137202446521,0.8129278940226295,3.7462659254503546e-07,89831991.0,0.004713447371706758,vinacapital,bond,VinaCapital Liquidity Bond Fund
VINACAPITAL-VLBF,2024-11,39,2024-10-31,2024-11-27,4,True,4803761500.201576,-49604305044.55514,54408066544.756714,62457575736.0,51136389805.32542,11321185930.674582,0.07691239122867093,-0.9700392466773099,4.8058628201961495,0.8187379865890447,4.815811733407917e-06,4804893491.0,-0.013236614414085301,vinacapital,bond,VinaCapital Liquidity Bond Fund
VINACAPITAL-VLBF,2024-12,40,2024-11-28,2024-12-25,4,True,-14179116500.640306,-11746483.433700018,-14167370017.206606,67491564434.0,1696884871.1100273,65794679562.88998,-0.21008724008029275,-0.0069223809073246,-0.21532698557585794,0.025142177179333442,5.311066005594422e-06,-14180480217.0,0.02582187975555006,vinacapital,bond,VinaCapital Liquidity Bond Fund
VINACAPITAL-VLBF,2025-02,42,2025-01-23,2025-02-26,5,True,-137631553.8096856,0.0,-137631553.8096856,52485645976.99999,1697449388.5440276,50788196588.45596,-0.002622270360738207,0.0,-0.0027099122050923325,0.032341211715063496,1.8208005048326352e-06,-137175250.0,0.048634640612299496,vinacapital,bond,VinaCapital Liquidity Bond Fund
VINACAPITAL-VLBF,2025-03,43,2025-02-27,2025-03-19,3,True,123401471.90889892,0.0,123401471.90889892,52593977289.999985,1705472176.5120277,50888505113.48796,0.0023463042399031876,0.0,0.002424938041188234,0.0324271383224767,2.0822257848073318e-07,123398022.0,0.016631362436299035,vinacapital,bond,VinaCapital Liquidity Bond Fund
VINACAPITAL-VLBF,2025-05,45,2025-04-24,2025-05-28,5,True,644720720.9497905,0.0,644720720.9497905,52588427638.999985,1718493878.400028,50869933760.59996,0.012259745154876253,0.0,0.012673905257748593,0.03267817570429848,5.08076156320339e-07,644665978.0,0.10806771263418646,vinacapital,bond,VinaCapital Liquidity Bond Fund
VINACAPITAL-VLBF,2025-06,46,2025-05-29,2025-06-25,4,True,-11077209867.85358,0.0,-11077209867.85358,53475155201.99999,1726395480.576028,51748759721.423965,-0.2071468484010924,0.0,-0.21405749485562298,0.032284066760622704,1.1155538861813844e-05,-11076208603.0,0.01854128939465083,vinacapital,bond,VinaCapital Liquidity Bond Fund
VINACAPITAL-VLBF,2025-07,47,2025-06-26,2025-07-30,5,True,1021239754.7270801,1499578.395800112,1019740176.33128,42545909624.00001,1731479513.0880282,40814430110.91198,0.02400324176289328,0.0008660676516614804,0.024984795170731697,0.04069673273858755,1.8027944411940516e-06,1021618492.0,0.1030766416681912,vinacapital,bond,VinaCapital Liquidity Bond Fund
VINACAPITAL-VLBF,2025-08,48,2025-07-31,2025-08-27,4,True,-323197764.2681541,1500985.5203001685,-324698749.78845423,43772727929.00001,1741201509.8432283,42031526419.15678,-0.007383541752124416,0.0008620400980672892,-0.007725123911761286,0.039778227042817214,1.210990126501691e-06,-323085116.0,0.109542792329683,vinacapital,bond,VinaCapital Liquidity Bond Fund
VINACAPITAL-VLBF,2025-09,49,2025-08-28,2025-09-24,4,True,295562679.0827466,499921.12499999994,295062757.9577466,43594794631.0,1748487992.7420287,41846306638.25797,0.006779769960713928,0.000285916247109029,0.007051106337972145,0.040107724042326126,8.599326234352292e-07,295534961.0,-0.009158406963258758,vinacapital,bond,VinaCapital Liquidity Bond Fund
VINACAPITAL-VLBF,2025-10,50,2025-09-25,2025-10-29,5,True,536596497.4154591,0.0,536596497.4154591,44009425172.99999,1753761856.9680288,42255663316.03197,0.01219276314803275,0.0,0.01269880662864597,0.03984968788103987,1.908902009882103e-06,536668142.0,0.017116551832321747,vinacapital,bond,VinaCapital Liquidity Bond Fund
VINACAPITAL-VLBF,2025-11,51,2025-10-30,2025-11-26,4,True,292773310.6369846,0.0,292773310.6369846,44703570706.0,1759988021.712029,42943582684.28797,0.006549215331420702,0.0,0.0068176265773955405,0.039370188866720834,8.143310754854406e-07,292753601.0,-0.003244692525343651,vinacapital,bond,VinaCapital Liquidity Bond Fund
VINACAPITAL-VLBF,2025-12,52,2025-11-27,2025-12-24,4,True,62491465.86101982,150054257.6861999,-87562791.82518008,45124908568.99999,1765038920.160029,43359869648.839966,0.0013848552350076194,0.08501470192657003,-0.0020194431517974528,0.0391145151565488,1.5043299776221802e-06,62220454.0,0.060975029160418304,vinacapital,bond,VinaCapital Liquidity Bond Fund
VINACAPITAL-VLBF,2026-01,53,2025-12-26,2026-01-28,5,True,841156292.8912699,-14498235.170950301,855654528.0622201,45470358926.706375,1926951210.157529,43543407716.54884,0.01849900270739294,-0.007523924370542347,0.0196506101137561,0.04237818340654798,0.0006170060695115773,700453412.0,0.011268664251018023,vinacapital,bond,VinaCapital Liquidity Bond Fund
VINACAPITAL-VLBF,2026-02,54,2026-01-29,2026-02-25,4,True,-246530606.6336643,-581105885.9771,334575279.3434356,46474756545.00001,1919342190.7563288,44555414354.243675,-0.0053046131913559716,-0.30276304495141204,0.007509194655521569,0.04129859591406125,1.47146597728244e-06,-246663669.0,0.032170213710057904,vinacapital,bond,VinaCapital Liquidity Bond Fund
VINACAPITAL-VLBF,2026-03,55,2026-02-26,2026-03-25,4,True,-1759599605.0537422,-16801606.37515,-1742797998.6785924,46379178706.0,1342916321.252029,45036262384.74797,-0.03793943002328555,-0.01251128317472939,-0.038697660649317345,0.028955155281313726,3.3148128967978646e-06,-1760160983.0,-0.10893595069079098,vinacapital,bond,VinaCapital Liquidity Bond Fund
VINACAPITAL-VLBF,2026-04,56,2026-03-26,2026-04-22,4,True,-718733473.0039654,52763708.74110002,-771497181.7450655,44782869117.99999,1330912157.459529,43451956960.54047,-0.016049294901363927,0.03964477177954134,-0.0177551768829578,0.029719224865933903,1.1507003493389944e-06,-718569112.0,0.12007671014781174,vinacapital,bond,VinaCapital Liquidity Bond Fund
VINACAPITAL-VLBF,2026-05,57,2026-04-23,2026-05-27,5,True,91206286.43314552,-112367000.69055006,203573287.1236956,44245178361.0,1389251363.6364293,42855926997.36357,0.0020613836312057786,-0.08088313147048082,0.004750178129065301,0.03139893238312692,2.926380064781943e-06,91556229.0,0.009223065740591396,vinacapital,bond,VinaCapital Liquidity Bond Fund
VINACAPITAL-VLBF,2026-06,58,2026-05-28,2026-06-24,4,True,-407352169.4562297,-190629593.4192999,-216722576.0369298,44562887881.99999,1283654071.0554292,43279233810.944565,-0.009141063086729819,-0.1485054250344588,-0.005007541884489749,0.02880545072515212,1.939147330985021e-06,-407007293.0,0.0019152489023328556,vinacapital,bond,VinaCapital Liquidity Bond Fund
VLGF,2022-01,1,2022-01-06,2022-01-26,3,True,1696538056.3350272,0.0,1696538056.3350272,151183006141.0,100691666625.0,50491339516.0,0.011221751039615924,0.0,0.033600575318415114,0.6660250328075265,4.105249873352661e-05,1678152177.0,-0.030741150225374048,ssiam,equity,Vietnam Long-term Growth Fund
VLGF,2022-02,2,2022-01-27,2022-02-23,4,True,3494604967.7284145,0.0,3494604967.7284145,150159912372.0,98864309899.99998,51295602472.000015,0.02327255598731986,0.0,0.06812679448761644,0.6583934975606379,3.124162722461016e-05,3483809829.0,0.0207346211476942,ssiam,equity,Vietnam Long-term Growth Fund
VLGF,2022-03,3,2022-02-24,2022-03-30,5,True,1324647900.2418728,0.0,1324647900.2418728,161480247315.0,103960183550.0,57520063764.99999,0.008203157489955277,0.0,0.023029319050371064,0.6437950478686384,5.163995575916632e-05,1340382258.0,-0.01440851682867128,ssiam,equity,Vietnam Long-term Growth Fund
VLGF,2022-05,5,2022-04-28,2022-05-25,4,True,-16838153576.013346,-18754820000.0,1916666423.9866533,2064726785858.0,2010112938167.2349,54613847690.76516,-0.008155148512308483,-0.009330231970498197,0.035094879870746575,0.9735491164909403,4.539447124191002e-05,-16484964054.0,-0.06303877320371953,ssiam,equity,Vietnam Long-term Growth Fund
VLGF,2022-06,6,2022-05-26,2022-06-29,5,True,170022802329.98746,169004318046.37738,1018484283.610091,1988896396823.0,1933966331683.5034,54930065139.4965,0.08548600248940895,0.08738741480533448,0.018541472343490226,0.9723816357517465,0.00043588587954056896,166743405093.0,-0.039686856980676755,ssiam,equity,Vietnam Long-term Growth Fund
VLGF,2022-07,7,2022-06-30,2022-07-27,4,True,-5757912847.502753,0.0,-5757912847.502753,2174051081319.0,2117653045198.7764,56398036120.223526,-0.0026484717387640308,0.0,-0.10209420830237116,0.9740585505994611,2.417753525575933e-06,-5742132844.0,-0.02220689768407913,ssiam,equity,Vietnam Long-term Growth Fund
VLGF,2022-08,8,2022-07-28,2022-08-31,5,True,98053360763.143,99778683251.77292,-1725322488.629903,2120755774521.0002,2071343073690.3276,49412700830.67252,0.04623510257105847,0.04817100774813036,-0.03491657933336288,0.976700428486711,5.6593883819627624e-05,97682245114.0,0.07511922353573364,ssiam,equity,Vietnam Long-term Growth Fund
VLGF,2022-09,9,2022-09-01,2022-09-28,4,True,-57025095782.1174,-55978650000.0,-1046445782.1174035,2304326062788.9995,2254671068626.1885,49654994162.81095,-0.02474697340058642,-0.024827856612409896,-0.02107433098645167,0.9784514027920546,5.740533499332171e-05,-57523078974.0,-0.10690271844811827,ssiam,equity,Vietnam Long-term Growth Fund
VLGF,2022-10,10,2022-09-29,2022-10-26,4,True,124981879317.73547,124989357472.05984,-7478154.324393898,2066570509302.0,2021835964767.605,44734544534.39496,0.060477916797500926,0.06181973199117884,-0.00016716732901223986,0.9783532454697108,0.0007872796538197168,118766830122.0,-0.1313897973102951,ssiam,equity,Vietnam Long-term Growth Fund
VLGF,2022-11,11,2022-10-27,2022-11-30,5,True,105812650666.99666,104914482262.00815,898168404.9885011,1971608505265.9998,1931554987843.2224,40053517422.77741,0.053668185334147224,0.05431607327894705,0.022424207979240687,0.9796848525882305,0.00021028423995099487,107042560329.0,0.05542804220020958,ssiam,equity,Vietnam Long-term Growth Fund
VLGF,2022-12,12,2022-12-01,2022-12-28,4,True,233021706291.20917,232333965955.8688,687740335.3403623,2145252197054.0,2102960228041.865,42291969012.13501,0.10862205693634051,0.11047948642005587,0.016261724185578263,0.9802857822170218,0.0001363930689653675,234234796396.0,-0.031247019324316505,ssiam,equity,Vietnam Long-term Growth Fund
VLGF,2023-01,13,2022-12-29,2023-01-25,4,True,53940289265.17383,54430812599.22558,-490523334.05175066,2372930452363.0,2330039451526.813,42891000836.18702,0.022731508718032284,0.0233604682373762,-0.011436509395646872,0.9819248807762252,4.916813009808932e-05,53469340594.0,0.09099501801784093,ssiam,equity,Vietnam Long-term Growth Fund
VLGF,2023-02,14,2023-01-26,2023-02-22,4,True,217165440753.14713,217124225398.89148,41215354.255640775,2594711283466.0,2549336960583.173,45374322882.82702,0.08369541618636614,0.08516890028896898,0.0009083409214077704,0.9825127661902266,0.0001929887182081718,218433067926.0,-0.04855245108656381,ssiam,equity,Vietnam Long-term Growth Fund
VLGF,2023-04,16,2023-03-30,2023-04-26,4,True,-523638377.45718986,0.0,-523638377.45718986,2628303865046.0,2587886458360.154,40417406685.846054,-0.00019923053206331805,0.0,-0.012955763874889208,0.9846222473651696,1.1841629697613914e-06,-531386309.0,-0.014701845067355612,ssiam,equity,Vietnam Long-term Growth Fund
VLGF,2023-05,17,2023-04-27,2023-05-31,5,True,-19564040089.54548,-19674306316.57695,110266227.03146902,2653778996800.0005,2613486520017.9097,40292476782.09074,-0.007372143691368549,-0.007527992268520339,0.002736645543727913,0.9848169433737035,8.882710569415921e-06,-19514093437.0,0.033022674865488266,ssiam,equity,Vietnam Long-term Growth Fund
VLGF,2023-06,18,2023-06-01,2023-06-28,4,True,-49813828658.186676,-48443103046.68472,-1370725611.5019484,2729756986808.0,2687902093576.2173,41854893231.78251,-0.018248448084910197,-0.01802264418873674,-0.032749470985654984,0.9846671724134957,3.098887694134937e-05,-49976802553.0,0.058762800301347395,ssiam,equity,Vietnam Long-term Growth Fund
VLGF,2023-07,19,2023-06-29,2023-07-26,4,True,79898210585.81151,80095797122.54865,-197586536.73713514,2795571412553.9995,2753320867580.795,42250544973.20482,0.028580278875014496,0.029090614924560103,-0.004676544098128059,0.984886615743933,9.049932025872316e-05,80033040367.0,0.05489524311503513,ssiam,equity,Vietnam Long-term Growth Fund
VLGF,2023-08,20,2023-07-27,2023-08-30,5,True,-189616263609.01956,-189598879205.0,-17384404.019566238,3029153674986.0,2984829945572.348,44323729413.652084,-0.06259710927670116,-0.06352083122398586,-0.0003922143792848734,0.9853676194180354,0.00012151929458141513,-190421936254.0,0.010259485027147797,ssiam,equity,Vietnam Long-term Growth Fund
VLGF,2023-09,21,2023-08-31,2023-09-27,4,True,-39739883120.656105,-44550279743.31362,4810396622.65751,2969615586800.0,2923327639135.405,46287947664.59518,-0.013382164108142707,-0.015239578057179279,0.10392330758567843,0.9844128149547887,8.152811000837377e-05,-40103598083.0,-0.04888885225361861,ssiam,equity,Vietnam Long-term Growth Fund
VLGF,2023-10,22,2023-09-28,2023-10-25,4,True,74988973127.21652,75117616473.30716,-128643346.09064494,2837044908639.0,2787596298285.645,49448610353.35494,0.02643207123682458,0.02694709291998416,-0.0026015563465054355,0.982570381525234,0.00013229710323213638,75917005799.0,-0.04523118256272418,ssiam,equity,Vietnam Long-term Growth Fund
VLGF,2023-11,23,2023-10-26,2023-11-29,5,True,179707690793.871,179374944133.01343,332746660.8575743,2816936228954.0,2769261416895.155,47674812058.84502,0.06379544163859223,0.06477356851854216,0.006979506504333255,0.9830756509257051,0.00011621610535236877,178067586161.0,0.0010348020260333435,ssiam,equity,Vietnam Long-term Growth Fund
VLGF,2023-12,24,2023-11-30,2023-12-27,4,True,-307342825.04004896,0.0,-307342825.04004896,2985526152063.9995,2937760635355.471,47765516708.528465,-0.00010294427494047307,0.0,-0.006434408046195664,0.9840009719306909,2.742926652175295e-07,-306345079.0,0.017401160681900674,ssiam,equity,Vietnam Long-term Growth Fund
VLGF,2024-01,25,2023-12-28,2024-01-31,5,True,41466767473.44301,42269400748.92561,-802633275.4826007,3064363201197.0,3015641478022.5977,48721723174.40244,0.01353193624608378,0.014016719512905196,-0.016473827754603935,0.9841005390107247,6.751460184447442e-06,41566555219.0,0.03771869624506441,ssiam,equity,Vietnam Long-term Growth Fund
VLGF,2024-03,27,2024-02-29,2024-03-27,4,True,200092131905.31598,199205686368.34622,886445536.96977,3425989643496.0,3370707176196.546,55282467299.454124,0.058404184695997785,0.059099078013987213,0.016034840344011255,0.9838637961429907,0.00019916469500086601,197342117144.0,0.02274919293770683,ssiam,equity,Vietnam Long-term Growth Fund
VLGF,2024-04,28,2024-03-28,2024-04-24,4,True,51371914339.74242,50493058741.648445,878855598.0939736,3788957496585.0,3730200755444.286,58756741140.713684,0.013558324258333353,0.013536284519795092,0.014957527953928636,0.9844926365118449,0.00022664657325783633,54794815269.0,-0.06038547568759778,ssiam,equity,Vietnam Long-term Growth Fund
VLGF,2024-05,29,2024-04-25,2024-05-29,5,True,56621635155.83465,54877678883.66907,1743956272.1655896,3730282125390.0,3672328043362.227,57954082027.77289,0.015178914959391944,0.014943566651912012,0.03009203512756611,0.9844638876954344,2.7668738597316356e-06,56584562433.0,0.05559841076301675,ssiam,equity,Vietnam Long-term Growth Fund
VLGF,2024-06,30,2024-05-30,2024-06-26,4,True,-17930954951.716576,-24892574282.94757,6961619331.230996,4130887506093.9995,4065785398587.4556,65102107506.54417,-0.0043407027969811175,-0.006122451591172472,0.10693385510647567,0.9842401645141623,4.924446448714859e-05,-18249536734.0,-0.008957757103344122,ssiam,equity,Vietnam Long-term Growth Fund
VLGF,2024-07,31,2024-06-27,2024-07-31,5,True,130883110662.20728,127392503252.97484,3490607409.2324286,4220895996939.0,4147193913722.118,73702083216.88191,0.031008371387763144,0.03071775902049386,0.047361041328515444,0.9825387587682022,3.4157069389543846e-05,131209183806.0,-0.007714630046620763,ssiam,equity,Vietnam Long-term Growth Fund
VLGF,2024-08,32,2024-08-01,2024-08-28,4,True,64941078594.81201,65158488790.608315,-217410195.79630327,4335527144269.0,4258657383401.8613,76869760867.13873,0.01497881951463633,0.015300242053883896,-0.0028282928598161484,0.9822698005780565,4.143959134210186e-05,65312156361.0,0.023915110546459895,ssiam,equity,Vietnam Long-term Growth Fund
VLGF,2024-09,33,2024-08-29,2024-09-25,4,True,14900431234.46703,13509293408.308176,1391137826.1588533,4511652019897.999,4432966392817.96,78685627080.03954,0.003302655251058991,0.0030474612733800924,0.017679694218408894,0.9825594645302858,8.535934882857313e-06,14748703986.0,0.004713447371706758,ssiam,equity,Vietnam Long-term Growth Fund
VLGF,2024-11,35,2024-10-31,2024-11-27,4,True,36116880314.543106,28243560633.65532,7873319680.887787,4581946314453.0,4494500589552.878,87445724900.12221,0.007882432013796913,0.006284026460983298,0.09003664490037047,0.980915157250034,8.647607967262866e-06,35978812974.0,-0.013236614414085301,ssiam,equity,Vietnam Long-term Growth Fund
VLGF,2024-12,36,2024-11-28,2024-12-25,4,True,16401520674.668854,17109014992.49604,-707494317.8271856,4555785602179.999,4461680731633.765,94104870546.23462,0.0036001520060163776,0.003834656942436828,-0.007518147718821705,0.9793438763884753,1.0659608839505538e-06,16386483563.0,0.02582187975555006,ssiam,equity,Vietnam Long-term Growth Fund
VLGF,2025-01,37,2024-12-26,2025-01-29,5,True,-7340050837.498293,-12438587200.0,5098536362.501707,4733658218883.0,4636938310469.026,96719908413.97346,-0.0015506085353222487,-0.0026825000392860167,0.05271444572382477,0.9795676189657824,3.832113029382301e-06,-7288637546.0,-0.007056293365985122,ssiam,equity,Vietnam Long-term Growth Fund
VLGF,2025-02,38,2025-01-30,2025-02-26,4,True,111052211969.82826,108591820939.169,2460391030.6592383,4710432925952.001,4608829376399.703,101603549552.29749,0.02357579732384876,0.02356169258407177,0.024215601142879593,0.9784301037400371,3.471450434624494e-05,111594789537.0,0.029967194972530864,ssiam,equity,Vietnam Long-term Growth Fund
VLGF,2025-03,39,2025-02-27,2025-03-26,4,True,53310823621.37474,51662568058.79625,1648255562.5784943,4803874161946.0,4700201089351.839,103673072594.16124,0.01109746463462296,0.010991565483407979,0.01589858891354323,0.9784188617146948,6.4657459285261645e-06,53432961475.0,0.0177518880088412,ssiam,equity,Vietnam Long-term Growth Fund
