fund_code,period_start,period_end,report_date,period_days,source,source_fund_key,date_conflict,template_variant,nav_begin,nav_per_unit_begin,nav_end,nav_per_unit_end,chg_investment,chg_flows_net,subscriptions,redemptions,chg_distribution,chg_nav_per_unit,nav_52w_high,nav_52w_low,foreign_units,foreign_value,foreign_ownership_pct,prior_nav_begin,prior_nav_per_unit_begin,prior_nav_end,prior_nav_per_unit_end,prior_chg_investment,prior_chg_flows_net,prior_subscriptions,prior_redemptions,prior_chg_distribution,prior_chg_nav_per_unit,prior_nav_52w_high,prior_nav_52w_low,prior_foreign_units,prior_foreign_value,prior_foreign_ownership_pct,net_flow,units_begin,units_end,gross_return,price_return,distribution_yield,total_return,foreign_share_of_nav,foreign_ownership_anomaly,reconcile_residual_vnd,net_flow_residual_vnd,prior_column_warnings,filename_date_conflict,gross_subscription_rate,gross_redemption_rate,net_flow_rate,churn_rate,gross_legs_disclosed,gross_legs_inferred_zero,flow_asymmetry,manager_id,fund_key,fund_name,asset_class,canonical_code,is_alias,index_end,index_begin,market_boundary_source,market_return,excess_return,excess_return_gross,month,deposit_rate_pct,deposit_rate_provenance,deposit_rate_tenor,deposit_rate_source,deposit_rate_bank,split_valid,split_reason,reason,split_opening_source,split_measure,split_caveat,delta_total_units,delta_foreign_units,delta_domestic_units,midpoint_nav_per_unit,total_unit_demand_vnd,foreign_unit_demand_vnd,domestic_unit_demand_vnd,opening_total_aum_vnd,opening_foreign_aum_vnd,opening_domestic_aum_vnd,total_demand_rate,foreign_demand_rate,domestic_demand_rate,unit_proxy_error_vnd,unit_proxy_error_nav_rate
DCBF,2021-07-09,2021-07-15,2021-07-16,6,https://vfmcomvnaz.azureedge.net/dcvfmcomvn/uploads/vfm_files/report/2021/07/DCBF_BC_TUAN_20210715.xlsx,dcbf,,standard,830746172955.0,21523.3,831153025502.0,21543.02,760952557.0,-354100010.0,4884844472.0,-5238944482.0,0.0,,21543.02,20126.13,3333372.63,71810913236.0,8.64,815456614807.0,21484.7,830746172955.0,21523.3,1489605815.0,13799952333.0,22074221637.0,-8274269304.0,0.0,,21523.3,20109.76,3333372.63,71745179127.0,8.63,-354100010.0,38597527.932751946,38581082.20212393,0.0009162163794584,0.0009162163794584,-0.0,0.0009162163794584,8.639914796992723,,0.0,0.0,,False,0.0058800685829516,0.0063063119067582,-0.0004262433238066,0.0121863804897099,True,False,-0.0349770240775408,dcvfm,dcbf,DC Bond Fund,bond,DCBF,False,1293.92,1347.14,gap_8d_asof,-0.0395059162373621,0.0404221326168205,0.0404221326168205,2021-07,,,,,,False,non-contiguous filing pair: 8-day boundary gap,non-contiguous filing pair: 8-day boundary gap,,net_unit_demand,"Net certificate-stock change only; not gross subscriptions, gross redemptions, investor counts, customer identity, or fund transfers.",,,,,,,,,,,,,,,
DCBF,2023-01-13,2023-01-26,2023-01-27,13,https://vfmcomvnaz.azureedge.net/dcvfmcomvn/uploads/vfm_files/report/2023/01/DCBF_BC_TUAN_20230126.xlsx,dcbf,,standard,433163118984.0,23313.96,431866364606.0,23318.3,80372674.0,-1377127052.0,598535926.0,-1975662978.0,,,23780.78,22361.58,2273787.89,53020868155.0,12.28,434969225166.0,23277.66,433163118984.0,23313.96,674414024.0,-2480520206.0,326441578.0,-2806961784.0,,,23780.78,22333.98,2273015.83,52993000140.0,12.23,-1377127052.0,18579560.014000196,18520490.970868375,0.0001861545614729,0.0001861545614729,,0.0001861545614729,12.277146937194788,,0.0,0.0,,False,0.0013817795185423,0.0045610138338508,-0.0031792343153085,0.0059427933523931,True,False,-0.534973055058064,dcvfm,dcbf,DC Bond Fund,bond,DCBF,False,1108.08,1060.17,gap_8d_asof,0.0451908656158916,-0.0450047110544187,-0.0450047110544187,2023-01,7.4,"bridged between observations at 2022-12 and 2023-02, which agree at 7.4%",12 months,agribank-board-rate,Agribank,False,non-contiguous filing pair: 8-day boundary gap,non-contiguous filing pair: 8-day boundary gap,,net_unit_demand,"Net certificate-stock change only; not gross subscriptions, gross redemptions, investor counts, customer identity, or fund transfers.",,,,,,,,,,,,,,,
DCDE,2022-12-09,2022-12-15,2022-12-16,6,https://vfmcomvnaz.azureedge.net/dcvfmcomvn/uploads/vfm_files/report/2022/12/DCBC_BC_TUAN_20221215.xlsx,dcbc,,standard,382914001901.0,21122.17,390739716246.0,21537.52,7536047360.0,289666985.0,1243342388.0,-953675403.0,,,30706.12,18641.51,2006414.16,43213185099.0,11.06,370174982666.0,20466.56,382914001901.0,21122.17,11863836411.0,875182824.0,1650248753.0,-775065929.0,,,30706.12,18641.51,2006414.16,42379820978.0,11.06,289666985.0,18128535.178961255,18142279.90251431,0.0196641727625523,0.0196641727625523,,0.0196641727625523,11.059327552921202,,0.0,0.0,,False,0.0032470538602071,0.0024905733356978,0.0007564805245092,0.005737627195905,True,False,0.1318455345180224,dcvfm,dcde,DC Dividend Focus Equity Fund,equity,DCDE,False,1055.32,1051.81,gap_8d_asof,0.0033371046101482,0.0163270681524041,0.0163270681524041,2022-12,7.4,"Agribank published board rate, 12 months VND retail term deposit, read from Wayback Machine snapshot 20221225030309 of https://www.agribank.com.vn/vn/lai-suat",12 months,agribank-board-rate,Agribank,False,non-contiguous filing pair: 8-day boundary gap,non-contiguous filing pair: 8-day boundary gap,,net_unit_demand,"Net certificate-stock change only; not gross subscriptions, gross redemptions, investor counts, customer identity, or fund transfers.",,,,,,,,,,,,,,,
DCDS,2021-06-25,2021-07-01,2021-07-02,6,https://vfmcomvnaz.azureedge.net/dcvfmcomvn/uploads/vfm_files/report/2021/07/DCDS_BC_TUAN_20210701.xlsx,dcds,,standard,873558956629.0,67410.66,917163045456.0,70004.92,33775617157.0,9828471670.0,17913804929.0,-8085333259.0,0.0,,70004.92,35084.76,3997392.07,279837112069.0,30.510000000000005,851876301188.0,66705.5,873558956629.0,67410.66,8997573683.0,12685081758.0,15078557862.0,-2393476104.0,0.0,,68031.12,35084.76,3997392.07,269466837717.0,30.85,9828471670.0,12958765.818774063,13101408.378953936,0.0384844177463918,0.0384844177463918,-0.0,0.0384844177463918,30.511163032072353,,0.0,0.0,,False,0.0205066925283761,0.0092556240167243,0.0112510685116518,0.0297623165451004,True,False,0.3780306715911209,dcvfm,dcds,DC Dynamic Securities Fund,equity,DCDS,False,1417.08,1390.12,gap_8d_asof,0.0193940091502891,0.0190904085961027,0.0190904085961027,2021-07,,,,,,False,non-contiguous filing pair: 8-day boundary gap,non-contiguous filing pair: 8-day boundary gap,,net_unit_demand,"Net certificate-stock change only; not gross subscriptions, gross redemptions, investor counts, customer identity, or fund transfers.",,,,,,,,,,,,,,,
DCDS,2021-10-22,2021-10-28,2021-10-29,6,https://vfmcomvnaz.azureedge.net/dcvfmcomvn/uploads/vfm_files/report/2021/10/DCDS_BC_TUAN_20211028.xlsx,dcds,,standard,1228160963036.0,77202.54,1302181929871.0,78567.96,22991391130.0,51029575705.0,55240086877.0,-4210511172.0,0.0,,78567.96,41509.84,2944262.37,231324688116.0,17.759999999999998,1194335794647.0,76190.3,1228160963036.0,77202.54,15909134160.0,17916034229.0,32839985747.0,-14923951518.0,0.0,,77202.54,41509.84,2944262.37,227304533390.0,18.51,51029575705.0,15908297.357004058,16573956.226825794,0.0176862056611093,0.0176862056611093,-0.0,0.0176862056611093,17.76439088959836,,0.0,0.0,,False,0.0449778885175173,0.0034283056526985,0.0415495828648188,0.0484061941702159,True,False,0.8583526050140105,dcvfm,dcds,DC Dynamic Securities Fund,equity,DCDS,False,1438.01,1389.24,gap_8d_asof,0.0351055253231982,-0.0174193196620888,-0.0174193196620888,2021-10,,,,,,False,non-contiguous filing pair: 8-day boundary gap,non-contiguous filing pair: 8-day boundary gap,,net_unit_demand,"Net certificate-stock change only; not gross subscriptions, gross redemptions, investor counts, customer identity, or fund transfers.",,,,,,,,,,,,,,,
DCIP,2022-07-15,2022-07-21,,6,https://vfmcomvnaz.azureedge.net/dcvfmcomvn/uploads/vfm_files/report/2022/07/DCIP_BC_TUAN_20220721.xlsx,dcip,,standard,382837900368.0,9988.75,401897324086.0,10002.04,517842924.0,18541580794.0,20286925585.0,-1745344791.0,0.0,,10002.04,9365.87,90860.64,908791756.0,0.2299999999999999,378217697095.0,9976.94,382837900368.0,9988.75,451995289.0,4168207984.0,12655722984.0,-8487515000.0,0.0,,9988.75,9355.26,90860.64,907584218.0,0.24,18541580794.0,38326907.80808409,40181535.37538342,0.00133049680891,0.00133049680891,-0.0,0.00133049680891,0.2261253562876502,,0.0,0.0,,False,0.0529909018033463,0.0045589655290719,0.0484319362742744,0.0575498673324183,True,False,0.8415646902280917,dcvfm,dcip,DC Income Plus Bond Fund,bond,DCIP,False,1198.47,1179.25,gap_8d_asof,0.0162984948060207,-0.0149679979971106,-0.0149679979971106,2022-07,5.5,"Press report, article dated 02/08/2022 reporting the increase: ""for a 12-month term, the interest rate increases from 5.5%/year to 5.6%/year"". 5.5% is the pre-increase level, so it is the July level; the month is inferred from the increase date, the level is stated (https://en.baoquocte.vn/the-trend-of-race-to-increase-interest-rates-continues-to-be-hot-192920.html)",12 months,press-state-owned,Vietcombank (over-the-counter),False,non-contiguous filing pair: 8-day boundary gap,non-contiguous filing pair: 8-day boundary gap,,net_unit_demand,"Net certificate-stock change only; not gross subscriptions, gross redemptions, investor counts, customer identity, or fund transfers.",,,,,,,,,,,,,,,
DCIP,2023-02-10,2023-02-16,2023-02-17,6,https://vfmcomvnaz.azureedge.net/dcvfmcomvn/uploads/vfm_files/report/2023/02/DCIP_BC_TUAN_20230216.xlsx,dcip,,standard,290796545011.0,9936.32,290532120688.0,9948.94,368893311.0,-633317634.0,122787361.0,-756104995.0,,,10182.26,9734.78,90860.64,903967056.0,0.31,291454121150.0,9924.2,290796545011.0,9936.32,354820324.0,-1012396463.0,156439477.0,-1168835940.0,,,10182.26,9716.73,90860.64,902820394.0,0.31,-633317634.0,29266020.519769896,29202319.11017656,0.0012700879198739,0.0012700879198739,,0.0012700879198739,0.3111418640594175,,0.0,0.0,,False,0.0004222449100808,0.002600116844481,-0.0021778719344001,0.0030223617545619,True,False,-0.7205861214703749,dcvfm,dcip,DC Income Plus Bond Fund,bond,DCIP,False,1058.29,1055.3,gap_8d_asof,0.0028333175400359,-0.0015632296201619,-0.0015632296201619,2023-02,7.4,"Agribank published board rate, 12 months VND retail term deposit, read from Wayback Machine snapshot 20230227065357 of https://www.agribank.com.vn/vn/lai-suat",12 months,agribank-board-rate,Agribank,False,non-contiguous filing pair: 8-day boundary gap,non-contiguous filing pair: 8-day boundary gap,,net_unit_demand,"Net certificate-stock change only; not gross subscriptions, gross redemptions, investor counts, customer identity, or fund transfers.",,,,,,,,,,,,,,,
SSI-EF,2025-10-30,2025-11-05,,6,https://ssiam.com.vn/upload/files/QuanLyQuy/BCThayDoiGTTSR_TT98%20tuan_SSIEF%2020251105.pdf,ssi-ef,,standard,74898995913.0,,74755792703.0,,-747867346.0,604664136.0,,,,-98.38,74898995913.0,70747438120.0,,1288254000.0,1.72,72983131382.0,,74898995913.0,,659240282.0,1256624249.0,,,,86.84,74898995913.0,70747438120.0,,1301240160.0,1.74,604664136.0,,,,,,,1.7232831776905249,,0.0,0.0,,False,,,0.0080730606415919,,False,False,,ssiam,ssi-ef,SSI Enhanced Fund,equity,SSI-EF,False,1654.89,1685.83,contiguous,-0.0183529774651061,,,2025-11,,"no observation: bracketing observations 2025-10 at 4.7% and 2026-03 at 5.9% disagree, so the rate moved somewhere in this gap; left missing rather than picking a side",12 months,,state-owned banks (average),False,"critical fields missing: nav_per_unit_begin, nav_per_unit_end, units_end, foreign_units","critical fields missing: nav_per_unit_begin, nav_per_unit_end, units_end, foreign_units",,net_unit_demand,"Net certificate-stock change only; not gross subscriptions, gross redemptions, investor counts, customer identity, or fund transfers.",,,,,,,,,,,,,,,
SSI-EF,2025-11-06,2025-11-12,,6,https://ssiam.com.vn/upload/files/QuanLyQuy/BCThayDoiGTTSR_TT98%20tuan_SSIEF%2020251112.pdf,ssi-ef,,standard,74755792703.0,,84814864344.0,,-367330622.0,10426402263.0,,,,-64.89,84814864344.0,70747438120.0,,1279688520.0,1.51,74898995913.0,,74755792703.0,,-747867346.0,604664136.0,,,,-98.38,74898995913.0,70747438120.0,,1288254000.0,1.72,10426402263.0,,,,,,,1.5088021774222506,,0.0,0.0,,False,,,0.1394728339571413,,False,False,,ssiam,ssi-ef,SSI Enhanced Fund,equity,SSI-EF,False,1631.86,1654.89,contiguous,-0.0139163328076187,,,2025-11,,"no observation: bracketing observations 2025-10 at 4.7% and 2026-03 at 5.9% disagree, so the rate moved somewhere in this gap; left missing rather than picking a side",12 months,,state-owned banks (average),False,"critical fields missing: nav_per_unit_begin, nav_per_unit_end, units_end, foreign_units","critical fields missing: nav_per_unit_begin, nav_per_unit_end, units_end, foreign_units",,net_unit_demand,"Net certificate-stock change only; not gross subscriptions, gross redemptions, investor counts, customer identity, or fund transfers.",,,,,,,,,,,,,,,
SSI-EF,2025-11-13,2025-11-19,,6,https://ssiam.com.vn/upload/files/QuanLyQuy/BCThayDoiGTTSR_TT98%20tuan_SSIEF%2020251119.pdf,ssi-ef,,standard,84814864344.0,,85790366964.0,,435401425.0,540101195.0,,,,49.48,86109107207.0,70747438120.0,,1286219880.0,1.5,74755792703.0,,84814864344.0,,-367330622.0,10426402263.0,,,,-64.89,84814864344.0,70747438120.0,,1279688520.0,1.51,540101195.0,,,,,,,1.4992590957673992,,0.0,0.0,,False,,,0.0063680016371824,,False,False,,ssiam,ssi-ef,SSI Enhanced Fund,equity,SSI-EF,False,1649.0,1631.86,contiguous,0.0105033520032356,,,2025-11,,"no observation: bracketing observations 2025-10 at 4.7% and 2026-03 at 5.9% disagree, so the rate moved somewhere in this gap; left missing rather than picking a side",12 months,,state-owned banks (average),False,"critical fields missing: nav_per_unit_begin, nav_per_unit_end, units_end, foreign_units","critical fields missing: nav_per_unit_begin, nav_per_unit_end, units_end, foreign_units",,net_unit_demand,"Net certificate-stock change only; not gross subscriptions, gross redemptions, investor counts, customer identity, or fund transfers.",,,,,,,,,,,,,,,
SSI-EF,2025-11-20,2025-11-26,,6,https://ssiam.com.vn/upload/files/QuanLyQuy/BCThayDoiGTTSR_TT98%20tuan_SSIEF%2020251126.pdf,ssi-ef,,standard,85790366964.0,9744.09,86303505296.0,9715.21,-250959171.0,764097503.0,,,,-28.88,86303505296.0,70747438120.0,132000.0,1282407720.0,1.49,84814864344.0,9694.61,85790366964.0,9744.09,435401425.0,540101195.0,,,,49.48,86109107207.0,70747438120.0,132000.0,1286219880.0,1.5,764097503.0,8804348.78618732,8883339.145113694,-0.0029638478298128,-0.0029638478298128,,-0.0029638478298128,1.4859277332961784,,0.0,0.0,,False,,,0.0089065652711409,,False,False,,ssiam,ssi-ef,SSI Enhanced Fund,equity,SSI-EF,False,1680.36,1649.0,contiguous,0.0190175864160095,-0.0219814342458224,-0.0219814342458224,2025-11,,"no observation: bracketing observations 2025-10 at 4.7% and 2026-03 at 5.9% disagree, so the rate moved somewhere in this gap; left missing rather than picking a side",12 months,,state-owned banks (average),False,"previous stock missing: units_end, foreign_units, nav_per_unit_end","previous stock missing: units_end, foreign_units, nav_per_unit_end",,net_unit_demand,"Net certificate-stock change only; not gross subscriptions, gross redemptions, investor counts, customer identity, or fund transfers.",,,,,,,,,,,,,,,
SSI-EF,2025-11-27,2025-12-03,,6,https://ssiam.com.vn/upload/files/QuanLyQuy/BCThayDoiGTTSR_TT98%20tuan_SSIEF%2020251203.pdf,ssi-ef,,standard,86303505296.0,,89678291524.0,,1112430160.0,2262356068.0,,,,121.76,89678291524.0,70747438120.0,,1298480040.0,1.45,85790366964.0,,86303505296.0,,-250959171.0,764097503.0,,,,-28.88,86303505296.0,70747438120.0,,1282407720.0,1.49,2262356068.0,,,,,,,1.4479312863052218,,0.0,0.0,,False,,,0.0262139534221775,,False,False,,ssiam,ssi-ef,SSI Enhanced Fund,equity,SSI-EF,False,1731.77,1680.36,contiguous,0.0305946344830869,,,2025-12,,"no observation: bracketing observations 2025-10 at 4.7% and 2026-03 at 5.9% disagree, so the rate moved somewhere in this gap; left missing rather than picking a side",12 months,,state-owned banks (average),False,"critical fields missing: nav_per_unit_begin, nav_per_unit_end, units_end, foreign_units","critical fields missing: nav_per_unit_begin, nav_per_unit_end, units_end, foreign_units",,net_unit_demand,"Net certificate-stock change only; not gross subscriptions, gross redemptions, investor counts, customer identity, or fund transfers.",,,,,,,,,,,,,,,
SSI-EF,2025-12-04,2025-12-10,,6,https://ssiam.com.vn/upload/files/QuanLyQuy/BCThayDoiGTTSR_TT98%20tuan_SSIEF%2020251210.pdf,ssi-ef,,standard,89678291524.0,,88130583365.0,,-1320250830.0,-227457329.0,,,,-145.19,90134216282.0,70747438120.0,,1279314960.0,1.45,86303505296.0,,89678291524.0,,1112430160.0,2262356068.0,,,,121.76,89678291524.0,70747438120.0,,1298480040.0,1.45,-227457329.0,,,,,,,1.4516129488234666,,0.0,0.0,,False,,,-0.0025363700081097,,False,False,,ssiam,ssi-ef,SSI Enhanced Fund,equity,SSI-EF,False,1718.98,1731.77,contiguous,-0.0073855073133267,,,2025-12,,"no observation: bracketing observations 2025-10 at 4.7% and 2026-03 at 5.9% disagree, so the rate moved somewhere in this gap; left missing rather than picking a side",12 months,,state-owned banks (average),False,"critical fields missing: nav_per_unit_begin, nav_per_unit_end, units_end, foreign_units","critical fields missing: nav_per_unit_begin, nav_per_unit_end, units_end, foreign_units",,net_unit_demand,"Net certificate-stock change only; not gross subscriptions, gross redemptions, investor counts, customer identity, or fund transfers.",,,,,,,,,,,,,,,
SSI-EF,2025-12-11,2025-12-17,,6,https://ssiam.com.vn/upload/files/QuanLyQuy/BCThayDoiGTTSR_TT98%20tuan_SSIEF%2020251217.pdf,ssi-ef,,standard,88130583365.0,,87413739023.0,,-1043242391.0,326398049.0,,,,-114.8,90134216282.0,70747438120.0,,1264161360.0,1.45,89678291524.0,,88130583365.0,,-1320250830.0,-227457329.0,,,,-145.19,90134216282.0,70747438120.0,,1279314960.0,1.45,326398049.0,,,,,,,1.4461815432324412,,0.0,0.0,,False,,,0.0037035729997178,,False,False,,ssiam,ssi-ef,SSI Enhanced Fund,equity,SSI-EF,False,1673.66,1718.98,contiguous,-0.0263644719542984,,,2025-12,,"no observation: bracketing observations 2025-10 at 4.7% and 2026-03 at 5.9% disagree, so the rate moved somewhere in this gap; left missing rather than picking a side",12 months,,state-owned banks (average),False,"critical fields missing: nav_per_unit_begin, nav_per_unit_end, units_end, foreign_units","critical fields missing: nav_per_unit_begin, nav_per_unit_end, units_end, foreign_units",,net_unit_demand,"Net certificate-stock change only; not gross subscriptions, gross redemptions, investor counts, customer identity, or fund transfers.",,,,,,,,,,,,,,,
SSI-EF,2025-12-25,2025-12-31,,6,https://ssiam.com.vn/upload/files/QuanLyQuy/BCThayDoiGTTSR_TT98%20tuan_SSIEF%2020251231.pdf,ssi-ef,,standard,90124283168.0,,89431135163.0,,163827358.0,-856975363.0,,,,18.0,90134216282.0,70747438120.0,,1300609200.0,1.45,87413739023.0,,90124283168.0,,2365125036.0,345419109.0,,,,258.12,90134216282.0,70747438120.0,,1298233200.0,1.44,-856975363.0,,,,,,,1.4543136432624597,,0.0,0.0,,False,,,-0.0095088175226039,,False,False,,ssiam,ssi-ef,SSI Enhanced Fund,equity,SSI-EF,False,1784.49,1742.85,gap_8d_asof,0.0238919011963163,,,2025-12,,"no observation: bracketing observations 2025-10 at 4.7% and 2026-03 at 5.9% disagree, so the rate moved somewhere in this gap; left missing rather than picking a side",12 months,,state-owned banks (average),False,"critical fields missing: nav_per_unit_begin, nav_per_unit_end, units_end, foreign_units","critical fields missing: nav_per_unit_begin, nav_per_unit_end, units_end, foreign_units",,net_unit_demand,"Net certificate-stock change only; not gross subscriptions, gross redemptions, investor counts, customer identity, or fund transfers.",,,,,,,,,,,,,,,
SSI-EF,2026-01-01,2026-01-07,,6,https://ssiam.com.vn/upload/files/QuanLyQuy/BCThayDoiGTTSR_TT98%20tuan_SSIEF%2020260107.pdf,ssi-ef,,standard,89431135163.0,9853.1,89818939054.0,10020.46,1500787305.0,-1112983414.0,,,,167.36,90134216282.0,70747438120.0,0.0,0.0,0.0,90124283168.0,9835.1,89431135163.0,9853.1,163827358.0,-856975363.0,,,,18.0,90134216282.0,70747438120.0,132000.0,1300609200.0,1.45,-1112983414.0,9076446.515614375,8963554.472948348,0.0169855172483786,0.0169855172483786,,0.0169855172483786,0.0,,0.0,0.0,,False,,,-0.0124451446576345,,False,False,,ssiam,ssi-ef,SSI Enhanced Fund,equity,SSI-EF,False,1861.58,1784.49,contiguous,0.0432000179322944,-0.0262145006839158,-0.0262145006839158,2026-01,,"no observation: bracketing observations 2025-10 at 4.7% and 2026-03 at 5.9% disagree, so the rate moved somewhere in this gap; left missing rather than picking a side",12 months,,state-owned banks (average),False,"previous stock missing: units_end, foreign_units, nav_per_unit_end","previous stock missing: units_end, foreign_units, nav_per_unit_end",,net_unit_demand,"Net certificate-stock change only; not gross subscriptions, gross redemptions, investor counts, customer identity, or fund transfers.",,,,,,,,,,,,,,,
SSI-EF,2026-01-08,2026-01-14,,6,https://ssiam.com.vn/upload/files/QuanLyQuy/BCThayDoiGTTSR_TT98%20tuan_SSIEF%2020260114.pdf,ssi-ef,,standard,89818939054.0,,90926670731.0,,737186769.0,370544908.0,,,,81.93,91243725863.0,70747438120.0,0.0,0.0,0.0,89431135163.0,,89818939054.0,,1500787305.0,-1112983414.0,,,,167.36,90134216282.0,70747438120.0,132000.0,1300609200.0,1.45,370544908.0,,,,,,,0.0,,0.0,0.0,,False,,,0.0041254652070341,,False,False,,ssiam,ssi-ef,SSI Enhanced Fund,equity,SSI-EF,False,1894.44,1861.58,contiguous,0.0176516722354129,,,2026-01,,"no observation: bracketing observations 2025-10 at 4.7% and 2026-03 at 5.9% disagree, so the rate moved somewhere in this gap; left missing rather than picking a side",12 months,,state-owned banks (average),False,"critical fields missing: nav_per_unit_begin, nav_per_unit_end, units_end","critical fields missing: nav_per_unit_begin, nav_per_unit_end, units_end",,net_unit_demand,"Net certificate-stock change only; not gross subscriptions, gross redemptions, investor counts, customer identity, or fund transfers.",,,,,,,,,,,,,,,
SSI-EF,2026-01-15,2026-01-21,,6,https://ssiam.com.vn/upload/files/QuanLyQuy/BCThayDoiGTTSR_TT98%20tuan_SSIEF%2020260121.pdf,ssi-ef,,standard,90926670731.0,,84959615734.0,,77972691.0,-6045027688.0,,,,5.22,91691797067.0,70747438120.0,0.0,0.0,0.0,89818939054.0,,90926670731.0,,737186769.0,370544908.0,,,,81.93,91243725863.0,70747438120.0,132000.0,1300609200.0,1.45,-6045027688.0,,,,,,,0.0,,0.0,0.0,,False,,,-0.0664824483223825,,False,False,,ssiam,ssi-ef,SSI Enhanced Fund,equity,SSI-EF,False,1885.44,1894.44,contiguous,-0.004750744283271,,,2026-01,,"no observation: bracketing observations 2025-10 at 4.7% and 2026-03 at 5.9% disagree, so the rate moved somewhere in this gap; left missing rather than picking a side",12 months,,state-owned banks (average),False,"critical fields missing: nav_per_unit_begin, nav_per_unit_end, units_end","critical fields missing: nav_per_unit_begin, nav_per_unit_end, units_end",,net_unit_demand,"Net certificate-stock change only; not gross subscriptions, gross redemptions, investor counts, customer identity, or fund transfers.",,,,,,,,,,,,,,,
SSI-EF,2026-01-22,2026-01-28,,6,https://ssiam.com.vn/upload/files/QuanLyQuy/BCThayDoiGTTSR_TT98%20tuan_SSIEF%2020260128.pdf,ssi-ef,,standard,84959615734.0,10107.61,84168271989.0,10005.33,-858619852.0,67276107.0,,,,-102.28,91691797067.0,70747438120.0,0.0,0.0,0.0,90926670731.0,10102.39,84959615734.0,10107.61,77972691.0,-6045027688.0,,,,5.22,91691797067.0,70747438120.0,132000.0,1300609200.0,1.45,67276107.0,8405509.881564485,8412343.419857217,-0.0101191082758437,-0.0101191082758437,,-0.0101191082758437,0.0,,0.0,0.0,,False,,,0.0007918598315067,,False,False,,ssiam,ssi-ef,SSI Enhanced Fund,equity,SSI-EF,False,1802.91,1885.44,contiguous,-0.0437722759674134,0.0336531676915696,0.0336531676915696,2026-01,,"no observation: bracketing observations 2025-10 at 4.7% and 2026-03 at 5.9% disagree, so the rate moved somewhere in this gap; left missing rather than picking a side",12 months,,state-owned banks (average),False,"previous stock missing: units_end, nav_per_unit_end","previous stock missing: units_end, nav_per_unit_end",,net_unit_demand,"Net certificate-stock change only; not gross subscriptions, gross redemptions, investor counts, customer identity, or fund transfers.",,,,,,,,,,,,,,,
SSI-EF,2026-01-29,2026-02-04,,6,https://ssiam.com.vn/upload/files/QuanLyQuy/BCThayDoiGTTSR_TT98%20tuan_SSIEF%2020260204.pdf,ssi-ef,,standard,84168271989.0,10005.33,87065488278.0,10222.57,1828863073.0,1068353216.0,,,,217.24,91691797067.0,70747438120.0,0.0,0.0,0.0,84959615734.0,10107.61,84168271989.0,10005.33,-858619852.0,67276107.0,,,,-102.28,91691797067.0,70747438120.0,132000.0,1300609200.0,1.45,1068353216.0,8412343.419857217,8516986.264510784,0.0217124272762616,0.0217124272762616,,0.0217124272762616,0.0,,0.0,0.0,,False,,,0.0126930634401003,,False,False,,ssiam,ssi-ef,SSI Enhanced Fund,equity,SSI-EF,False,1791.43,1802.91,contiguous,-0.0063674836791631,0.0280799109554248,0.0280799109554248,2026-02,,"no observation: bracketing observations 2025-10 at 4.7% and 2026-03 at 5.9% disagree, so the rate moved somewhere in this gap; left missing rather than picking a side",12 months,,state-owned banks (average),False,same-filing prior foreign units disagree with previous filing by 13200000.0000%,same-filing prior foreign units disagree with previous filing by 13200000.0000%,,net_unit_demand,"Net certificate-stock change only; not gross subscriptions, gross redemptions, investor counts, customer identity, or fund transfers.",,,,,,,,,,,,,,,
SSI-EF,2026-03-19,2026-03-25,,6,https://ssiam.com.vn/upload/files/QuanLyQuy/BCThayDoiGTTSR_TT98%20tuan_SSIEF%2020260325.pdf,ssi-ef,,standard,85013447873.0,9785.03,85004403368.0,9772.15,-108388394.0,99343889.0,,,,-12.88,91691797067.0,70747438120.0,0.0,0.0,0.0,85040366801.0,9836.6,85013447873.0,9785.03,-446163673.0,419244745.0,,,,-51.57,91691797067.0,70747438120.0,0.0,0.0,0.0,99343889.0,8688113.155810457,8698638.822367648,-0.0013162964242318,-0.0013162964242318,,-0.0013162964242318,0.0,,0.0,0.0,,False,,,0.0011685667560314,,False,False,,ssiam,ssi-ef,SSI Enhanced Fund,equity,SSI-EF,False,1658.19,1699.13,gap_8d_asof,-0.024094683749919,0.0227783873256872,0.0227783873256872,2026-03,5.9,"mean of big-four published 12-month VND board rates (Agribank 5.9, BIDV 5.9, Vietcombank 5.9, VietinBank 5.9), read from Wayback Machine snapshot 20260331012516 of https://cafefnew.mediacdn.vn/Images/Uploaded/DuLieuDownload/Liveboard/all_banks_interest_rates.json",12 months,cafef-big-four,big four (mean),False,non-contiguous filing pair: 8-day boundary gap,non-contiguous filing pair: 8-day boundary gap,,net_unit_demand,"Net certificate-stock change only; not gross subscriptions, gross redemptions, investor counts, customer identity, or fund transfers.",,,,,,,,,,,,,,,
SSI-EF,2026-05-01,2026-05-06,,5,https://ssiam.com.vn/upload/files/QuanLyQuy/BCThayDoiGTTSR_TT98%20tuan_SSIEF%2020260506.pdf,ssi-ef,,standard,89166905641.0,9904.53,93831382167.0,9996.89,853894238.0,3810582288.0,,,,92.36,93831382167.0,70747438120.0,0.0,0.0,0.0,90156366552.0,9965.54,89166905641.0,9904.53,-550200592.0,-439260319.0,,,,-61.01,91691797067.0,70747438120.0,0.0,0.0,0.0,3810582288.0,9002638.756306456,9386057.28051424,0.0093250260234456,0.0093250260234456,,0.0093250260234456,0.0,,0.0,0.0,,False,,,0.0427353877608134,,False,False,,ssiam,ssi-ef,SSI Enhanced Fund,equity,SSI-EF,False,1891.2,1854.1,gap_9d_asof,0.020009708214228,-0.0106846821907824,-0.0106846821907824,2026-05,5.9,"bridged between observations at 2026-03 and 2026-08, which agree at 5.9%",12 months,cafef-big-four,big four (mean),False,non-contiguous filing pair: 9-day boundary gap,non-contiguous filing pair: 9-day boundary gap,,net_unit_demand,"Net certificate-stock change only; not gross subscriptions, gross redemptions, investor counts, customer identity, or fund transfers.",,,,,,,,,,,,,,,
SSI-EF,2026-07-30,2026-08-05,,6,https://ssiam.com.vn/upload/files/QuanLyQuy/BCThayDoiGTTSR_TT98%20tuan_SSIEF%2020260805.pdf,ssi-ef,,standard,86091834687.0,,88795587015.0,,2522395461.0,181356867.0,,,,268.75,94966648304.0,70747438120.0,0.0,0.0,0.0,85418174921.0,,86091834687.0,,553114828.0,120544938.0,,,,58.93,94966648304.0,70747438120.0,0.0,0.0,0.0,181356867.0,,,,,,,0.0,,0.0,0.0,,False,,,0.0021065513083714,,False,False,,ssiam,ssi-ef,SSI Enhanced Fund,equity,SSI-EF,False,1776.46,1704.68,contiguous,0.0421076096393457,,,2026-08,5.9,"mean of big-four published 12-month VND board rates (Agribank 5.9, BIDV 5.9, Vietcombank 5.9, VietinBank 5.9), read live from https://cafefnew.mediacdn.vn/Images/Uploaded/DuLieuDownload/Liveboard/all_banks_interest_rates.json on 2026-08-15",12 months,cafef-big-four,big four (mean),False,"critical fields missing: nav_per_unit_begin, nav_per_unit_end, units_end","critical fields missing: nav_per_unit_begin, nav_per_unit_end, units_end",,net_unit_demand,"Net certificate-stock change only; not gross subscriptions, gross redemptions, investor counts, customer identity, or fund transfers.",,,,,,,,,,,,,,,
SSI-EF,2026-08-06,2026-08-12,,6,https://ssiam.com.vn/upload/files/QuanLyQuy/BCThayDoiGTTSR_TT98%20tuan_SSIEF%2020260812.pdf,ssi-ef,,standard,88795587015.0,,89039266837.0,,466469201.0,-222789379.0,,,,49.84,94966648304.0,70747438120.0,0.0,0.0,0.0,86091834687.0,,88795587015.0,,2522395461.0,181356867.0,,,,268.75,94966648304.0,70747438120.0,0.0,0.0,0.0,-222789379.0,,,,,,,0.0,,0.0,0.0,,False,,,-0.0025090140905579,,False,False,,ssiam,ssi-ef,SSI Enhanced Fund,equity,SSI-EF,False,1793.18,1776.46,contiguous,0.0094119766276752,,,2026-08,5.9,"mean of big-four published 12-month VND board rates (Agribank 5.9, BIDV 5.9, Vietcombank 5.9, VietinBank 5.9), read live from https://cafefnew.mediacdn.vn/Images/Uploaded/DuLieuDownload/Liveboard/all_banks_interest_rates.json on 2026-08-15",12 months,cafef-big-four,big four (mean),False,"critical fields missing: nav_per_unit_begin, nav_per_unit_end, units_end","critical fields missing: nav_per_unit_begin, nav_per_unit_end, units_end",,net_unit_demand,"Net certificate-stock change only; not gross subscriptions, gross redemptions, investor counts, customer identity, or fund transfers.",,,,,,,,,,,,,,,
SSI-SCA,2024-02-08,2024-02-14,2024-02-15,6,https://ssiam.com.vn/upload/files/QuanLyQuy/Bao-cao-ve-thay-doi-gia-tri-tai-san-rong-quy-mo-PLXXIV-TT98-2020-TT-BTC_SSISCA_TUAN_240214(1).pdf,ssi-sca,,standard,503023130442.0,33571.84,502823608060.0,33558.52,-199522382.0,,,,,-13.32,33571.84,24178.27,7194734.39,241444637922.0,48.02,481744825381.0,32013.33,503023130442.0,33571.84,23373943618.0,-2095638557.0,4473748827.0,-6569387384.0,,1558.51,33571.84,24178.27,7194734.39,241540471784.0,48.02,,14983484.087914158,14983485.8050951,-0.0003967610950129,-0.0003967610950129,,-0.0003967610950129,48.01776091093745,,0.0,0.0,,False,,,,,False,True,,ssiam,ssi-sca,SSI Sustainable Competitive Advantage Fund,equity,SSI-SCA,False,1198.53,1198.53,contiguous,0.0,-0.0003967610950129,-0.0003967610950129,2024-02,4.78,"Shinhan Securities Vietnam, Vietnam Economic Update (25 Mar 2024), indicator table row ""Avg. Deposit rate 12M term of SCBs"", column 02/24 = 4.78% (https://shinhansec.com.vn/uploads/report/Vietnam_economic_update_2402_E.pdf)",12 months,shinhan-scb-average,state-owned commercial banks (average),False,critical fields missing: net_flow,critical fields missing: net_flow,,net_unit_demand,"Net certificate-stock change only; not gross subscriptions, gross redemptions, investor counts, customer identity, or fund transfers.",,,,,,,,,,,,,,,
SSI-SCA,2024-03-21,2024-03-27,2024-03-28,6,https://ssiam.com.vn/upload/files/QuanLyQuy/Bao-cao-ve-thay-doi-gia-tri-tai-san-rong-quy-mo-PLXXIV-TT98-2020-TT-BTC_SSISCA_TUAN_240327.pdf,ssi-sca,,standard,551159908775.0,35475.07,564408436702.0,36221.08,11605859086.0,1642668841.0,4426029047.0,-2783360206.0,,746.01,36221.08,24727.91,7217938.51,261441528206.0,46.32,558682812146.0,35775.22,551159908775.0,35475.07,-4660862137.0,-2862041234.0,5669584236.0,-8531625470.0,,-300.15,35775.22,24335.55,7217938.51,256056873898.0,46.46,1642668841.0,15536541.82430084,15582319.375954552,0.0210291339805672,0.0210291339805672,,0.0210291339805672,46.32133596968849,,0.0,0.0,,False,0.0080303900493002,0.0050500048383168,0.0029803852109834,0.013080394887617,True,False,0.2278513176849822,ssiam,ssi-sca,SSI Sustainable Competitive Advantage Fund,equity,SSI-SCA,False,1283.09,1276.42,gap_8d_asof,0.0052255527177573,0.0158035812628098,0.0158035812628098,2024-03,4.7,"Shinhan Securities Vietnam, Vietnam Economic Update (25 Mar 2024): ""Deposit interest rates 12M term at State-owned commercial banks (SCBs) continue to decrease, reaching 4.7% on March 22, 2024"" (https://shinhansec.com.vn/uploads/report/Vietnam_economic_update_2402_E.pdf)",12 months,shinhan-scb-average,state-owned commercial banks (average),False,non-contiguous filing pair: 8-day boundary gap,non-contiguous filing pair: 8-day boundary gap,,net_unit_demand,"Net certificate-stock change only; not gross subscriptions, gross redemptions, investor counts, customer identity, or fund transfers.",,,,,,,,,,,,,,,
SSI-SCA,2025-01-30,2025-02-05,2025-02-06,6,https://ssiam.com.vn/upload/files/QuanLyQuy/Bao-cao-ve-thay-doi-gia-tri-tai-san-rong-quy-mo-PLXXIV-TT98-2020-TT-BTC_SSISCA_TUAN_250205.pdf,ssi-sca,,standard,814755625411.0,40712.0,822108172735.0,40630.96,-1571072204.0,8923619528.0,11618513639.0,-2694894111.0,,-81.04,40927.49,33356.75,6693557.46,271965665415.0,33.08,795776756685.0,39963.38,814755625411.0,40712.0,14929455683.0,4049413043.0,4309610084.0,-260197041.0,,748.62,40927.49,32013.33,6711557.46,273240927312.0,33.54,8923619528.0,20012665.19480743,20233540.451296255,-0.0019905678915307,-0.0019905678915307,,-0.0019905678915307,33.08149394868818,,0.0,0.0,,False,0.0142601207977411,0.0033076103152286,0.0109525104825124,0.0175677311129698,True,False,0.6234447927328837,ssiam,ssi-sca,SSI Sustainable Competitive Advantage Fund,equity,SSI-SCA,False,1269.61,1265.05,gap_8d_asof,0.0036046006086716,-0.0055951685002023,-0.0055951685002023,2025-02,4.7,"Agribank published board rate, 12 months VND retail term deposit, read from Wayback Machine snapshot 20250207105719 of https://www.agribank.com.vn/vn/lai-suat",12 months,agribank-board-rate,Agribank,False,non-contiguous filing pair: 8-day boundary gap,non-contiguous filing pair: 8-day boundary gap,,net_unit_demand,"Net certificate-stock change only; not gross subscriptions, gross redemptions, investor counts, customer identity, or fund transfers.",,,,,,,,,,,,,,,
SSI-SCA,2025-06-26,2025-07-02,2025-07-03,6,https://ssiam.com.vn/upload/files/QuanLyQuy/Bao-cao-ve-thay-doi-gia-tri-tai-san-rong-quy-mo-PLXXIV-TT98-2020-TT-BTC_SSISCA_TUAN_250702.pdf,ssi-sca,,standard,925356320399.0,,936528575974.0,,14113705377.0,-2941449802.0,5757342319.0,-8698792121.0,,620.98,,,251073336559.0,251073336559.0,26.81,920774060067.0,,925356320399.0,,7642964295.0,-3060703963.0,2982500441.0,-6043204404.0,,334.77,,,247289830298.0,247289830298.0,26.73,-2941449802.0,,,,,,,26.80893493269877,,0.0,0.0,,False,0.0062217571675714,0.009400478420301,-0.0031787212527296,0.0156222355878724,True,False,-0.2034741593064487,ssiam,ssi-sca,SSI Sustainable Competitive Advantage Fund,equity,SSI-SCA,False,1384.59,1366.75,contiguous,0.0130528626303274,,,2025-07,4.7,"Agribank published board rate, 12 months VND retail term deposit, read from Wayback Machine snapshot 20250722154555 of https://www.agribank.com.vn/vn/lai-suat",12 months,agribank-board-rate,Agribank,False,"critical fields missing: nav_per_unit_begin, nav_per_unit_end, units_end","critical fields missing: nav_per_unit_begin, nav_per_unit_end, units_end",,net_unit_demand,"Net certificate-stock change only; not gross subscriptions, gross redemptions, investor counts, customer identity, or fund transfers.",,,,,,,,,,,,,,,
SSI-SCA,2025-07-03,2025-07-09,2025-07-10,6,https://ssiam.com.vn/upload/files/QuanLyQuy/Bao-cao-ve-thay-doi-gia-tri-tai-san-rong-quy-mo-PLXXIV-TT98-2020-TT-BTC_SSISCA_TUAN_250709(1).pdf,ssi-sca,,standard,936528575974.0,,955940823276.0,,22926679223.0,-3514431921.0,16243644184.0,-19758076105.0,,1015.73,,,257261975186.0,257261975186.0,26.91,925356320399.0,,936528575974.0,,14113705377.0,-2941449802.0,5757342319.0,-8698792121.0,,620.98,,,251073336559.0,251073336559.0,26.81,-3514431921.0,,,,,,,26.91191430703479,,0.0,0.0,,False,0.0173445259447704,0.0210971417337174,-0.0037526157889469,0.0384416676784878,True,False,-0.0976184441406763,ssiam,ssi-sca,SSI Sustainable Competitive Advantage Fund,equity,SSI-SCA,False,1431.32,1384.59,contiguous,0.0337500631956031,,,2025-07,4.7,"Agribank published board rate, 12 months VND retail term deposit, read from Wayback Machine snapshot 20250722154555 of https://www.agribank.com.vn/vn/lai-suat",12 months,agribank-board-rate,Agribank,False,"critical fields missing: nav_per_unit_begin, nav_per_unit_end, units_end","critical fields missing: nav_per_unit_begin, nav_per_unit_end, units_end",,net_unit_demand,"Net certificate-stock change only; not gross subscriptions, gross redemptions, investor counts, customer identity, or fund transfers.",,,,,,,,,,,,,,,
SSI-SCA,2025-07-10,2025-07-16,2025-07-17,6,https://ssiam.com.vn/upload/files/QuanLyQuy/Bao-cao-ve-thay-doi-gia-tri-tai-san-rong-quy-mo-PLXXIV-TT98-2020-TT-BTC_SSISCA_TUAN_250716(2)-merged.pdf,ssi-sca,,standard,955940823276.0,,975682688077.0,,10111017854.0,9630846947.0,18263301404.0,-8632454457.0,,442.76,,,262811567028.0,262811567028.0,26.93,936528575974.0,,955940823276.0,,22926679223.0,-3514431921.0,16243644184.0,-19758076105.0,,1015.73,,,257261975186.0,257261975186.0,26.91,9630846947.0,,,,,,,26.93617199931902,,0.0,0.0,,False,0.0191050543708467,0.0090303230564175,0.0100747313144292,0.0281353774272642,True,False,0.3580805461193653,ssiam,ssi-sca,SSI Sustainable Competitive Advantage Fund,equity,SSI-SCA,False,1475.47,1431.32,contiguous,0.030845652963698,,,2025-07,4.7,"Agribank published board rate, 12 months VND retail term deposit, read from Wayback Machine snapshot 20250722154555 of https://www.agribank.com.vn/vn/lai-suat",12 months,agribank-board-rate,Agribank,False,"critical fields missing: nav_per_unit_begin, nav_per_unit_end, units_end","critical fields missing: nav_per_unit_begin, nav_per_unit_end, units_end",,net_unit_demand,"Net certificate-stock change only; not gross subscriptions, gross redemptions, investor counts, customer identity, or fund transfers.",,,,,,,,,,,,,,,
SSI-SCA,2025-07-17,2025-07-23,2025-07-24,6,https://ssiam.com.vn/upload/files/QuanLyQuy/Bao-cao-ve-thay-doi-gia-tri-tai-san-rong-quy-mo-PLXXIV-TT98-2020-TT-BTC_SSISCA_TUAN_250723(1).pdf,ssi-sca,,standard,975682688077.0,,974752283412.0,,10422313956.0,-11352718621.0,6814674502.0,-18167393123.0,,459.06,,,265797925106.0,265797925106.0,27.27,955940823276.0,,975682688077.0,,10111017854.0,9630846947.0,18263301404.0,-8632454457.0,,442.76,,,262811567028.0,262811567028.0,26.93,-11352718621.0,,,,,,,27.268253650620565,,0.0,0.0,,False,0.0069845192348664,0.0186201859938773,-0.0116356667590109,0.0256047052287438,True,False,-0.4544347085842939,ssiam,ssi-sca,SSI Sustainable Competitive Advantage Fund,equity,SSI-SCA,False,1512.31,1475.47,contiguous,0.0249683151809252,,,2025-07,4.7,"Agribank published board rate, 12 months VND retail term deposit, read from Wayback Machine snapshot 20250722154555 of https://www.agribank.com.vn/vn/lai-suat",12 months,agribank-board-rate,Agribank,False,"critical fields missing: nav_per_unit_begin, nav_per_unit_end, units_end","critical fields missing: nav_per_unit_begin, nav_per_unit_end, units_end",,net_unit_demand,"Net certificate-stock change only; not gross subscriptions, gross redemptions, investor counts, customer identity, or fund transfers.",,,,,,,,,,,,,,,
SSIBF,2022-07-26,2022-08-01,,6,https://ssiam.com.vn/upload/files/QuanLyQuy/Quy-ETF-Giao-Dich/SSIBF_Bao-cao-ve-thay-doi-GTTSR-quy-mo-PLXXIV-TT98-01_08_2022.pdf,ssibf,,standard,1600692248758.0,13420.62,1670407640867.0,13431.52,1320790581.0,68394601528.0,,,,10.9,2014496100237.0,1135452956766.0,407443.11,5472580281.0,0.33,1551964007237.0,13408.16,1600692248758.0,13420.62,1466603179.0,47261638342.0,,,,12.46,2014496100237.0,1135452956766.0,356308.54,4781881518.0,0.29,68394601528.0,119271110.33305465,124364751.03837836,0.0008121830437044,0.0008121830437044,,0.0008121830437044,0.3276194473200289,,0.0,0.0,,False,,,0.042728139391609,,False,False,,ssiam,ssibf,SSI Bond Fund,bond,SSIBF,False,1231.35,1185.07,gap_8d_asof,0.0390525454192578,-0.0382403623755533,-0.0382403623755533,2022-08,5.6,"Press report, article dated 02/08/2022: ""for a 12-month term, the interest rate increases from 5.5%/year to 5.6%/year"". Sits just above the SBV's 5.5-6.6% band for 12-to-24-month terms that month (https://en.baoquocte.vn/the-trend-of-race-to-increase-interest-rates-continues-to-be-hot-192920.html)",12 months,press-state-owned,Vietcombank (over-the-counter),False,non-contiguous filing pair: 8-day boundary gap,non-contiguous filing pair: 8-day boundary gap,,net_unit_demand,"Net certificate-stock change only; not gross subscriptions, gross redemptions, investor counts, customer identity, or fund transfers.",,,,,,,,,,,,,,,
SSIBF,2023-02-07,2023-02-13,,6,https://ssiam.com.vn/upload/files/QuanLyQuy/SSIBF_Bao-cao-ve-thay-doi-GTTSR-quy-mo-PLXXIV-TT98-20230213.pdf,ssibf,,standard,446700790602.0,13468.88,445921574971.0,13476.99,268357780.0,-1047573411.0,,,,8.11,1808773684277.0,445198974045.0,78751.95,1061339243.0,0.24,448861817381.0,13429.93,446700790602.0,13468.88,1291764444.0,-3452791223.0,,,,38.95,1808773684277.0,445212247712.0,78751.95,1060700564.0,0.24,-1047573411.0,33165399.84037277,33087623.792182084,0.0006021287590356,0.0006021287590356,,0.0006021287590356,0.238010292071879,,0.0,0.0,,False,,,-0.0023451344457846,,False,False,,ssiam,ssibf,SSI Bond Fund,bond,SSIBF,False,1043.7,1065.84,gap_8d_asof,-0.0207723485701417,0.0213744773291774,0.0213744773291774,2023-02,7.4,"Agribank published board rate, 12 months VND retail term deposit, read from Wayback Machine snapshot 20230227065357 of https://www.agribank.com.vn/vn/lai-suat",12 months,agribank-board-rate,Agribank,False,non-contiguous filing pair: 8-day boundary gap,non-contiguous filing pair: 8-day boundary gap,,net_unit_demand,"Net certificate-stock change only; not gross subscriptions, gross redemptions, investor counts, customer identity, or fund transfers.",,,,,,,,,,,,,,,
SSIBF,2023-06-20,2023-06-26,,6,https://ssiam.com.vn/upload/files/QuanLyQuy/SSIBF_Bao-cao-ve-thay-doi-GTTSR-quy-mo-PLXXIV-TT98-20230626.pdf,ssibf,,standard,455951802382.0,13980.92,455624746350.0,14036.4,110920900.0,-437976932.0,,,,55.48,1808773684277.0,445198974045.0,90760.55,1273951384.0,0.28,455951802382.0,13980.92,455292780236.0,14012.69,1036645057.0,-1695667203.0,,,,31.77,1808773684277.0,445198974045.0,90760.55,1271799451.0,0.28,-437976932.0,32612431.97028522,32460228.14610584,0.0039682653215953,0.0039682653215953,,0.0039682653215953,0.2796053976886894,,0.0,0.0,"prior nav_end 455,292,780,236 vs current nav_begin 455,951,802,382, gap 659,022,146 VND; prior nav_per_unit_end 14,012.69 vs current nav_per_unit_begin 13,980.92, gap -31.77",False,,,-0.0009605772577537,,False,False,,ssiam,ssibf,SSI Bond Fund,bond,SSIBF,False,1132.03,1111.72,gap_8d_asof,0.0182689885942501,-0.0143007232726548,-0.0143007232726548,2023-06,6.8,"Agribank published board rate, 12 months VND retail term deposit, read from Wayback Machine snapshot 20230606055027 of https://www.agribank.com.vn/vn/lai-suat",12 months,agribank-board-rate,Agribank,False,non-contiguous filing pair: 8-day boundary gap,non-contiguous filing pair: 8-day boundary gap,,net_unit_demand,"Net certificate-stock change only; not gross subscriptions, gross redemptions, investor counts, customer identity, or fund transfers.",,,,,,,,,,,,,,,
SSIBF,2023-07-25,2023-07-31,,6,https://ssiam.com.vn/upload/files/QuanLyQuy/SSIBF_Bao-cao-ve-thay-doi-GTTSR-quy-mo-PLXXIV-TT98-20230731.pdf,ssibf,,standard,455821621691.0,,455631821266.0,,172003150.0,-361803575.0,,,,5.33,1806289804432.0,445198974045.0,,1279297180.0,0.28,455086656006.0,,455821621691.0,,1040403866.0,-305438181.0,,,,32.14,1806289804432.0,445198974045.0,,1278813427.0,0.28,-361803575.0,,,,,,,0.2807743270532328,,0.0,0.0,,False,,,-0.0007937393879162,,False,False,,ssiam,ssibf,SSI Bond Fund,bond,SSIBF,False,1222.9,1190.72,contiguous,0.0270256651437785,,,2023-07,6.4,"VNDIRECT Research, average 12-month term deposit rate across commercial banks: ""the average 12-month deposit interest rate of commercial banks fell to 6.40% p.a at the end of July 2023"" (https://www.vndirect.com.vn/cmsupload/beta/Vietnam-Money-market-chartbook_August_20230809.pdf)",12 months,vndirect-market-average,commercial banks (average),False,"critical fields missing: nav_per_unit_begin, nav_per_unit_end, units_end, foreign_units","critical fields missing: nav_per_unit_begin, nav_per_unit_end, units_end, foreign_units",,net_unit_demand,"Net certificate-stock change only; not gross subscriptions, gross redemptions, investor counts, customer identity, or fund transfers.",,,,,,,,,,,,,,,
SSIBF,2023-08-01,2023-08-07,,6,https://ssiam.com.vn/upload/files/QuanLyQuy/Copy%20of%20SSIBF_Bao-cao-ve-thay-doi-GTTSR-quy-mo-PLXXIV-TT98-20230807.pdf,ssibf,,standard,455631821266.0,14095.3,455975577122.0,14113.63,592029546.0,-248273690.0,,,,18.33,1806289804432.0,445198974045.0,90760.55,1280960821.0,0.28,455821621691.0,14089.97,455631821266.0,14095.3,172003150.0,-361803575.0,,,,5.33,1806289804432.0,445198974045.0,90760.55,1279297180.0,0.28,-248273690.0,32325088.59449604,32307462.86547118,0.0013004334778259,0.0013004334778259,,0.0013004334778259,0.2809275069259397,,0.0,0.0,,False,,,-0.0005448998037717,,False,False,,ssiam,ssibf,SSI Bond Fund,bond,SSIBF,False,1241.42,1222.9,contiguous,0.0151443290538881,-0.0138438955760622,-0.0138438955760622,2023-08,5.9,"VNDIRECT Research, average 12-month term deposit rate across commercial banks: ""decreased to 5.4%/year on October 10, down 0.5% points compared to the end of August (corroborated by the 25 Sep report's 0.3pp decline from end-August)"" (https://www.vndirect.com.vn/cmsupload/beta/Econ_Update_20231017.pdf)",12 months,vndirect-market-average,commercial banks (average),False,"previous stock missing: units_end, foreign_units, nav_per_unit_end","previous stock missing: units_end, foreign_units, nav_per_unit_end",,net_unit_demand,"Net certificate-stock change only; not gross subscriptions, gross redemptions, investor counts, customer identity, or fund transfers.",,,,,,,,,,,,,,,
SSIBF,2025-07-29,2025-08-04,,6,https://ssiam.com.vn/upload/files/QuanLyQuy/BCThayDoiGTTSR_TT98%20tuan_SSIBF%2020250804.pdf,ssibf,,standard,118911565525.0,16140.91,118955819261.0,16155.75,109480701.0,-65226965.0,,,,14.84,384984169755.0,112581719904.0,111797.02,1806164706.0,1.52,113438526477.0,16133.78,118911565525.0,16140.91,51818490.0,5421220558.0,,,,7.13,384984169755.0,112581719904.0,111797.02,1804505638.0,1.52,-65226965.0,7367091.788814881,7363063.878866658,0.0009194029332919,0.0009194029332919,,0.0009194029332919,1.5183491797379904,,0.0,0.0,,False,,,-0.000548533397168,,False,False,,ssiam,ssibf,SSI Bond Fund,bond,SSIBF,False,1528.19,1493.41,gap_463d_asof,0.0232889829316798,-0.0223695799983878,-0.0223695799983878,2025-08,4.7,"bridged between observations at 2025-07 and 2025-10, which agree at 4.7%",12 months,agribank-board-rate,Agribank,False,non-contiguous filing pair: 463-day boundary gap,non-contiguous filing pair: 463-day boundary gap,,net_unit_demand,"Net certificate-stock change only; not gross subscriptions, gross redemptions, investor counts, customer identity, or fund transfers.",,,,,,,,,,,,,,,
SSIBF,2025-10-28,2025-11-03,,6,https://ssiam.com.vn/upload/files/QuanLyQuy/BCThayDoiGTTSR_TT98%20tuan_SSIBF%2020251103.pdf,ssibf,,standard,103228319952.0,16368.68,96740862296.0,16370.32,10029343.0,-6497486999.0,,,,1.64,384984169755.0,96514695016.0,,1944582184.0,2.01,104273785814.0,16363.74,103228319952.0,16368.68,30999210.0,-1076465072.0,,,,4.94,384984169755.0,102838913862.0,,1864394289.0,1.81,-6497486999.0,6306453.541275167,5909527.870927386,0.0001001913410243,0.0001001913410243,,0.0001001913410243,2.010093912591064,,0.0,0.0,,False,,,-0.0629428726731313,,False,False,,ssiam,ssibf,SSI Bond Fund,bond,SSIBF,False,1617.0,1652.54,contiguous,-0.0215062872910791,0.0216064786321035,0.0216064786321035,2025-11,,"no observation: bracketing observations 2025-10 at 4.7% and 2026-03 at 5.9% disagree, so the rate moved somewhere in this gap; left missing rather than picking a side",12 months,,state-owned banks (average),False,critical fields missing: foreign_units,critical fields missing: foreign_units,,net_unit_demand,"Net certificate-stock change only; not gross subscriptions, gross redemptions, investor counts, customer identity, or fund transfers.",,,,,,,,,,,,,,,
SSIBF,2025-11-04,2025-11-10,,6,https://ssiam.com.vn/upload/files/QuanLyQuy/BCThayDoiGTTSR_TT98%20tuan_SSIBF%2020251110.pdf,ssibf,,standard,96740862296.0,16370.32,94073551873.0,16400.95,176377475.0,-2843687898.0,,,,30.63,384984169755.0,94073551873.0,,1948220632.0,2.07,103228319952.0,16368.68,96740862296.0,16370.32,10029343.0,-6497486999.0,,,,1.64,384984169755.0,96514695016.0,,1944582184.0,2.01,-2843687898.0,5909527.870927386,5735859.927199339,0.0018710691055521,0.0018710691055521,,0.0018710691055521,2.0709546872750297,,0.0,0.0,,False,,,-0.0293948992236508,,False,False,,ssiam,ssibf,SSI Bond Fund,bond,SSIBF,False,1580.54,1617.0,contiguous,-0.0225479282622139,0.024418997367766,0.024418997367766,2025-11,,"no observation: bracketing observations 2025-10 at 4.7% and 2026-03 at 5.9% disagree, so the rate moved somewhere in this gap; left missing rather than picking a side",12 months,,state-owned banks (average),False,critical fields missing: foreign_units,critical fields missing: foreign_units,,net_unit_demand,"Net certificate-stock change only; not gross subscriptions, gross redemptions, investor counts, customer identity, or fund transfers.",,,,,,,,,,,,,,,
SSIBF,2025-11-11,2025-11-17,,6,https://ssiam.com.vn/upload/files/QuanLyQuy/BCThayDoiGTTSR_TT98%20tuan_SSIBF%2020251117.pdf,ssibf,,standard,94073551873.0,16400.95,93571732363.0,16373.02,-159913729.0,-341905781.0,,,,-27.93,384984169755.0,93571732363.0,,1944902909.0,2.08,96740862296.0,16370.32,94073551873.0,16400.95,176377475.0,-2843687898.0,,,,30.63,384984169755.0,94073551873.0,,1948220632.0,2.07,-341905781.0,5735859.927199339,5714995.300989066,-0.0017029501339861,-0.0017029501339861,,-0.0017029501339861,2.0785154446590655,,0.0,0.0,,False,,,-0.0036344517049975,,False,False,,ssiam,ssibf,SSI Bond Fund,bond,SSIBF,False,1654.42,1580.54,contiguous,0.046743518038139,-0.0484464681721251,-0.0484464681721251,2025-11,,"no observation: bracketing observations 2025-10 at 4.7% and 2026-03 at 5.9% disagree, so the rate moved somewhere in this gap; left missing rather than picking a side",12 months,,state-owned banks (average),False,critical fields missing: foreign_units,critical fields missing: foreign_units,,net_unit_demand,"Net certificate-stock change only; not gross subscriptions, gross redemptions, investor counts, customer identity, or fund transfers.",,,,,,,,,,,,,,,
SSIBF,2025-11-18,2025-11-24,,6,https://ssiam.com.vn/upload/files/QuanLyQuy/BCThayDoiGTTSR_TT98%20tuan_SSIBF%2020251124.pdf,ssibf,,standard,93571732363.0,16373.02,99831822013.0,16358.25,-100118484.0,6360208134.0,,,,-14.77,384984169755.0,93571732363.0,,1943148424.0,1.95,94073551873.0,16400.95,93571732363.0,16373.02,-159913729.0,-341905781.0,,,,-27.93,384984169755.0,93571732363.0,,1944902909.0,2.08,6360208134.0,5714995.300989066,6102842.419757615,-0.0009020938104271,-0.0009020938104271,,-0.0009020938104271,1.9464218771314872,,0.0,0.0,,False,,,0.0679714693036392,,False,False,,ssiam,ssibf,SSI Bond Fund,bond,SSIBF,False,1667.98,1654.42,contiguous,0.0081962258676755,-0.0090983196781027,-0.0090983196781027,2025-11,,"no observation: bracketing observations 2025-10 at 4.7% and 2026-03 at 5.9% disagree, so the rate moved somewhere in this gap; left missing rather than picking a side",12 months,,state-owned banks (average),False,critical fields missing: foreign_units,critical fields missing: foreign_units,,net_unit_demand,"Net certificate-stock change only; not gross subscriptions, gross redemptions, investor counts, customer identity, or fund transfers.",,,,,,,,,,,,,,,
SSIBF,2025-11-25,2025-12-01,,6,https://ssiam.com.vn/upload/files/QuanLyQuy/BCThayDoiGTTSR_TT98%20tuan_SSIBF%2020251201.pdf,ssibf,,standard,99831822013.0,16358.25,105100151618.0,16392.32,215901217.0,5052428388.0,,,,34.07,384984169755.0,93571732363.0,,1947195499.0,1.85,93571732363.0,16373.02,99831822013.0,16358.25,-100118484.0,6360208134.0,,,,-14.77,384984169755.0,93571732363.0,,1943148424.0,1.95,5052428388.0,6102842.419757615,6411548.311526373,0.002082741124509,0.002082741124509,,0.002082741124509,1.8527047478269416,,0.0,0.0,,False,,,0.0506093977463626,,False,False,,ssiam,ssibf,SSI Bond Fund,bond,SSIBF,False,1701.67,1667.98,contiguous,0.0201980839098789,-0.0181153427853699,-0.0181153427853699,2025-12,,"no observation: bracketing observations 2025-10 at 4.7% and 2026-03 at 5.9% disagree, so the rate moved somewhere in this gap; left missing rather than picking a side",12 months,,state-owned banks (average),False,critical fields missing: foreign_units,critical fields missing: foreign_units,,net_unit_demand,"Net certificate-stock change only; not gross subscriptions, gross redemptions, investor counts, customer identity, or fund transfers.",,,,,,,,,,,,,,,
SSIBF,2025-12-02,2025-12-08,,6,https://ssiam.com.vn/upload/files/QuanLyQuy/BCThayDoiGTTSR_TT98%20tuan_SSIBF%2020251208.pdf,ssibf,,standard,105100151618.0,16392.32,101575545381.0,16397.78,31937845.0,-3556544082.0,,,,5.46,384984169755.0,93571732363.0,,1947844077.0,1.92,99831822013.0,16358.25,105100151618.0,16392.32,215901217.0,5052428388.0,,,,34.07,384984169755.0,93571732363.0,,1947195499.0,1.85,-3556544082.0,6411548.311526373,6194469.3355442025,0.0003330828095107,0.0003330828095107,,0.0003330828095107,1.9176309314351463,,0.0,0.0,,False,,,-0.033839571373091,,False,False,,ssiam,ssibf,SSI Bond Fund,bond,SSIBF,False,1753.74,1701.67,contiguous,0.0305993524008767,-0.030266269591366,-0.030266269591366,2025-12,,"no observation: bracketing observations 2025-10 at 4.7% and 2026-03 at 5.9% disagree, so the rate moved somewhere in this gap; left missing rather than picking a side",12 months,,state-owned banks (average),False,critical fields missing: foreign_units,critical fields missing: foreign_units,,net_unit_demand,"Net certificate-stock change only; not gross subscriptions, gross redemptions, investor counts, customer identity, or fund transfers.",,,,,,,,,,,,,,,
SSIBF,2025-12-09,2025-12-15,,6,https://ssiam.com.vn/upload/files/QuanLyQuy/BCThayDoiGTTSR_TT98%20tuan_SSIBF%2020251215.pdf,ssibf,,standard,101575545381.0,16397.78,94705081148.0,16413.62,88757529.0,-6959221762.0,,,,15.84,384984169755.0,93571732363.0,,1949725664.0,2.06,105100151618.0,16392.32,101575545381.0,16397.78,31937845.0,-3556544082.0,,,,5.46,384984169755.0,93571732363.0,,1947844077.0,1.92,-6959221762.0,6194469.3355442025,5769908.231578409,0.0009659844198421,0.0009659844198421,,0.0009659844198421,2.058733956368269,,0.0,0.0,,False,,,-0.0685127678704223,,False,False,,ssiam,ssibf,SSI Bond Fund,bond,SSIBF,False,1646.01,1753.74,contiguous,-0.0614287180539875,0.0623947024738297,0.0623947024738297,2025-12,,"no observation: bracketing observations 2025-10 at 4.7% and 2026-03 at 5.9% disagree, so the rate moved somewhere in this gap; left missing rather than picking a side",12 months,,state-owned banks (average),False,critical fields missing: foreign_units,critical fields missing: foreign_units,,net_unit_demand,"Net certificate-stock change only; not gross subscriptions, gross redemptions, investor counts, customer identity, or fund transfers.",,,,,,,,,,,,,,,
SSIBF,2025-12-16,2025-12-22,,6,https://ssiam.com.vn/upload/files/QuanLyQuy/BCThayDoiGTTSR_TT98%20tuan_SSIBF%2020251222.pdf,ssibf,,standard,94705081148.0,16413.62,93156544033.0,16410.86,-16328942.0,-1532208173.0,,,,-2.76,340991125972.0,92156098509.0,246833.56,4050750996.0,4.35,101575545381.0,16397.78,94705081148.0,16413.62,88757529.0,-6959221762.0,,,,15.84,384984169755.0,93571732363.0,118787.06,1949725664.0,2.06,-1532208173.0,5769908.231578409,5676518.112579109,-0.0001681530338827,-0.0001681530338827,,-0.0001681530338827,4.34832682775893,,0.0,0.0,,False,,,-0.0161787324864391,,False,False,,ssiam,ssibf,SSI Bond Fund,bond,SSIBF,False,1751.03,1646.01,contiguous,0.0638027715505979,-0.0639709245844807,-0.0639709245844807,2025-12,,"no observation: bracketing observations 2025-10 at 4.7% and 2026-03 at 5.9% disagree, so the rate moved somewhere in this gap; left missing rather than picking a side",12 months,,state-owned banks (average),False,previous stock missing: foreign_units,previous stock missing: foreign_units,,net_unit_demand,"Net certificate-stock change only; not gross subscriptions, gross redemptions, investor counts, customer identity, or fund transfers.",,,,,,,,,,,,,,,
SSIBF,2025-12-23,2025-12-29,,6,https://ssiam.com.vn/upload/files/QuanLyQuy/BCThayDoiGTTSR_TT98%20tuan_SSIBF%2020251229.pdf,ssibf,,standard,93156544033.0,16410.86,85058669090.0,16500.85,498343670.0,-8596218613.0,,,,89.99,340991125972.0,84805597771.0,,4072963549.0,4.79,94705081148.0,16413.62,93156544033.0,16410.86,-16328942.0,-1532208173.0,,,,-2.76,340991125972.0,92156098509.0,,4050750996.0,4.35,-8596218613.0,5676518.112579109,5154805.30336316,0.005483563932664,0.005483563932664,,0.005483563932664,4.788416739380703,,0.0,0.0,,False,,,-0.0922771309544808,,False,False,,ssiam,ssibf,SSI Bond Fund,bond,SSIBF,False,1754.84,1751.03,contiguous,0.0021758622068153,0.0033077017258487,0.0033077017258487,2025-12,,"no observation: bracketing observations 2025-10 at 4.7% and 2026-03 at 5.9% disagree, so the rate moved somewhere in this gap; left missing rather than picking a side",12 months,,state-owned banks (average),False,critical fields missing: foreign_units,critical fields missing: foreign_units,,net_unit_demand,"Net certificate-stock change only; not gross subscriptions, gross redemptions, investor counts, customer identity, or fund transfers.",,,,,,,,,,,,,,,
SSIBF,2025-12-30,2026-01-05,,6,https://ssiam.com.vn/upload/files/QuanLyQuy/BCThayDoiGTTSR_TT98%20tuan_SSIBF%2020260105.pdf,ssibf,,standard,85058669090.0,16500.85,83565144591.0,16491.96,-45694665.0,-1447829834.0,,,,-8.89,340991125972.0,83565144591.0,,4070769198.0,4.87,93156544033.0,16410.86,85058669090.0,16500.85,498343670.0,-8596218613.0,,,,89.99,340991125972.0,84805597771.0,,4072963549.0,4.79,-1447829834.0,5154805.30336316,5067023.2398696095,-0.0005387601244783,-0.0005387601244783,,-0.0005387601244783,4.871372170686609,,0.0,0.0,,False,,,-0.0170215434768684,,False,False,,ssiam,ssibf,SSI Bond Fund,bond,SSIBF,False,1788.4,1754.84,contiguous,0.0191242506439335,-0.0196630107684119,-0.0196630107684119,2026-01,,"no observation: bracketing observations 2025-10 at 4.7% and 2026-03 at 5.9% disagree, so the rate moved somewhere in this gap; left missing rather than picking a side",12 months,,state-owned banks (average),False,critical fields missing: foreign_units,critical fields missing: foreign_units,,net_unit_demand,"Net certificate-stock change only; not gross subscriptions, gross redemptions, investor counts, customer identity, or fund transfers.",,,,,,,,,,,,,,,
SSIBF,2026-01-06,2026-01-12,,6,https://ssiam.com.vn/upload/files/QuanLyQuy/BCThayDoiGTTSR_TT98%20tuan_SSIBF%2020260112.pdf,ssibf,period_start VN 2026-01-06 vs EN 2026-01-01,standard,83565144591.0,16491.96,82094268197.0,16511.43,98139269.0,-1569015663.0,,,,19.47,340991125972.0,82011178882.0,,4075575048.0,4.96,85058669090.0,16500.85,83565144591.0,16491.96,-45694665.0,-1447829834.0,,,,-8.89,340991125972.0,83565144591.0,,4070769198.0,4.87,-1569015663.0,5067023.2398696095,4971965.977326009,0.0011805752621278,0.0011805752621278,,0.0011805752621278,4.964506216463156,,0.0,0.0,,False,,,-0.0187759582141497,,False,False,,ssiam,ssibf,SSI Bond Fund,bond,SSIBF,False,1877.33,1788.4,contiguous,0.0497260120778348,-0.048545436815707,-0.048545436815707,2026-01,,"no observation: bracketing observations 2025-10 at 4.7% and 2026-03 at 5.9% disagree, so the rate moved somewhere in this gap; left missing rather than picking a side",12 months,,state-owned banks (average),False,critical fields missing: foreign_units,critical fields missing: foreign_units,,net_unit_demand,"Net certificate-stock change only; not gross subscriptions, gross redemptions, investor counts, customer identity, or fund transfers.",,,,,,,,,,,,,,,
SSIBF,2026-01-20,2026-01-26,,6,https://ssiam.com.vn/upload/files/QuanLyQuy/BCThayDoiGTTSR_TT98%20tuan_SSIBF%2020260126.pdf,ssibf,,standard,81519540512.0,16523.09,81022692321.0,16542.87,99353393.0,-596201584.0,,,,19.78,340991125972.0,81022692321.0,246833.56,4083335495.0,5.04,82094268197.0,16511.43,81519540512.0,16523.09,58003301.0,-632730986.0,,,,11.66,340991125972.0,81301766737.0,246833.56,4078453127.0,5.0,-596201584.0,4933674.059270996,4897740.979709083,0.0011971126466052,0.0011971126466052,,0.0011971126466052,5.039743037447367,,0.0,0.0,,False,,,-0.0073136033428971,,False,False,,ssiam,ssibf,SSI Bond Fund,bond,SSIBF,False,1843.72,1893.78,gap_8d_asof,-0.0264339046774175,0.0276310173240228,0.0276310173240228,2026-01,,"no observation: bracketing observations 2025-10 at 4.7% and 2026-03 at 5.9% disagree, so the rate moved somewhere in this gap; left missing rather than picking a side",12 months,,state-owned banks (average),False,previous stock missing: foreign_units,previous stock missing: foreign_units,,net_unit_demand,"Net certificate-stock change only; not gross subscriptions, gross redemptions, investor counts, customer identity, or fund transfers.",,,,,,,,,,,,,,,
SSIBF,2026-07-28,2026-08-03,,6,https://ssiam.com.vn/upload/files/QuanLyQuy/BCThayDoiGTTSR_TT98%20tuan_SSIBF%2020260803.pdf,ssibf,,standard,72145860439.0,16951.68,70889397746.0,16936.69,-62698597.0,-1193764096.0,,,,-14.99,127967122670.0,70583053909.0,,3517713252.0,4.96,72428860598.0,16932.36,72145860439.0,16951.68,82229912.0,-365230071.0,,,,19.32,127967122670.0,72046867969.0,,3520826642.0,4.88,-1193764096.0,4255971.115488258,4185552.0615893663,-0.0008842781364444,-0.0008842781364444,,-0.0008842781364444,4.9622558010778,,0.0,0.0,,False,,,-0.0165465362632876,,False,False,,ssiam,ssibf,SSI Bond Fund,bond,SSIBF,False,1762.84,1669.01,contiguous,0.0562189561476562,-0.0571032342841006,-0.0571032342841006,2026-08,5.9,"mean of big-four published 12-month VND board rates (Agribank 5.9, BIDV 5.9, Vietcombank 5.9, VietinBank 5.9), read live from https://cafefnew.mediacdn.vn/Images/Uploaded/DuLieuDownload/Liveboard/all_banks_interest_rates.json on 2026-08-15",12 months,cafef-big-four,big four (mean),False,critical fields missing: foreign_units,critical fields missing: foreign_units,,net_unit_demand,"Net certificate-stock change only; not gross subscriptions, gross redemptions, investor counts, customer identity, or fund transfers.",,,,,,,,,,,,,,,
VCBF-AIF,2025-06-05,2025-06-11,2025-06-12,6,https://www.vcbf.com/images/2025/vcbaif_bc_tuan_20250611_1.xlsx,vcbaif,,standard,236469677104.0,9799.64,234128316484.0,9653.73,-3520202239.0,1178841619.0,2018278260.0,-839436641.0,,,10201.1,8092.46,50638.02,488845773.0,0.21,235389979847.0,9794.52,236469677104.0,9799.64,133413960.0,946283297.0,2476839748.0,-1530556451.0,,,10201.1,8092.46,50638.02,496234366.0,0.21,1178841619.0,24130445.312684957,24252627.376568437,-0.0148893224649068,-0.0148893224649068,,-0.0148893224649068,0.2087939555288294,,0.0,0.0,,False,0.0085350404530402,0.0035498701198412,0.0049851703331989,0.0120849105728814,True,False,0.412511975420462,vcbf,vcbaif,VCBF Active Income Fund,bond,VCBF-AIF,False,1315.2,1342.09,gap_8d_asof,-0.0200359141339253,0.0051465916690185,0.0051465916690185,2025-06,4.7,"Agribank published board rate, 12 months VND retail term deposit, read from Wayback Machine snapshot 20250613002901 of https://www.agribank.com.vn/vn/lai-suat",12 months,agribank-board-rate,Agribank,False,non-contiguous filing pair: 8-day boundary gap,non-contiguous filing pair: 8-day boundary gap,,net_unit_demand,"Net certificate-stock change only; not gross subscriptions, gross redemptions, investor counts, customer identity, or fund transfers.",,,,,,,,,,,,,,,
VCBF-AIF,2025-11-27,2025-12-03,2025-12-04,6,https://www.vcbf.com/images/2025/vcbaif_bc_tuan_20251203.xlsx,vcbaif,,standard,352499255363.0,11231.72,364870842074.0,11501.59,8542989870.0,3828596841.0,5031866737.0,-1203269896.0,,,11641.03,8092.46,172047.07,1978814860.0,0.54,354411111042.0,11304.74,352499255363.0,11231.72,-2290779156.0,378923477.0,2615576296.0,-2236652819.0,,,11641.03,8092.46,172047.07,1932384517.0,0.5499999999999999,3828596841.0,31384263.083748527,31723513.19026326,0.024027486440189,0.024027486440189,,0.024027486440189,0.5423329660303943,,0.0,0.0,,False,0.0142748294086982,0.0034135388307725,0.0108612905779257,0.0176883682394708,True,False,0.614035756768636,vcbf,vcbaif,VCBF Active Income Fund,bond,VCBF-AIF,False,1731.77,1684.32,gap_8d_asof,0.0281716063455874,-0.0041441199053984,-0.0041441199053984,2025-12,,"no observation: bracketing observations 2025-10 at 4.7% and 2026-03 at 5.9% disagree, so the rate moved somewhere in this gap; left missing rather than picking a side",12 months,,state-owned banks (average),False,non-contiguous filing pair: 8-day boundary gap,non-contiguous filing pair: 8-day boundary gap,,net_unit_demand,"Net certificate-stock change only; not gross subscriptions, gross redemptions, investor counts, customer identity, or fund transfers.",,,,,,,,,,,,,,,
VCBF-BCF,2022-07-21,2022-07-27,2022-07-28,6,https://www.vcbf.com/images/2022/vcbbcf_bc_tuan_20220727.pdf,vcbbcf,,standard,383256580599.0,27211.55,380542387739.0,27019.06,-2711587628.0,-2605232.0,300084696.0,-302689928.0,,-192.49,31723.28,26463.09,2885572.12,77965446245.0,20.51,379086899071.0,26938.39,383256580599.0,27211.55,3847427490.0,322254038.0,573545746.0,-251291708.0,,273.16,31723.28,26463.09,2885572.12,78520890022.0,20.49,-2605232.0,14084334.79897323,14084220.092741938,-0.0070738344563245,-0.0070738344563245,,-0.0070738344563245,20.48797946221792,,0.0,0.0,,False,0.0007829864148216,0.0007897840332628,-6.79761844122344e-06,0.0015727704480844,True,False,-0.0043220664843382,vcbf,vcbbcf,VCBF Blue Chip Fund,equity,VCBF-BCF,False,1191.04,1198.47,gap_8d_asof,-0.0061995711198444,-0.0008742633364801,-0.0008742633364801,2022-07,5.5,"Press report, article dated 02/08/2022 reporting the increase: ""for a 12-month term, the interest rate increases from 5.5%/year to 5.6%/year"". 5.5% is the pre-increase level, so it is the July level; the month is inferred from the increase date, the level is stated (https://en.baoquocte.vn/the-trend-of-race-to-increase-interest-rates-continues-to-be-hot-192920.html)",12 months,press-state-owned,Vietcombank (over-the-counter),False,non-contiguous filing pair: 8-day boundary gap,non-contiguous filing pair: 8-day boundary gap,,net_unit_demand,"Net certificate-stock change only; not gross subscriptions, gross redemptions, investor counts, customer identity, or fund transfers.",,,,,,,,,,,,,,,
VCBF-BCF,2022-09-29,2022-10-05,2022-10-06,6,https://www.vcbf.com/images/2022/vcbbcf_bc_tuan_20221005.pdf,vcbbcf,,standard,363360527749.0,25850.36,350939048880.0,24966.09,-12429285113.0,7806244.0,640452343.0,-632646099.0,,-884.27,31723.28,24442.18,2884920.3,72025179853.0,20.51,384764625008.0,27288.95,363360527749.0,25850.36,-20228754592.0,-1175342667.0,300303181.0,-1475645848.0,,-1438.59,31723.28,25850.36,2886991.41,74629767265.0,20.54,7806244.0,14056304.35123534,14056628.365915528,-0.0342072605565261,-0.0342072605565261,,-0.0342072605565261,20.52355817423677,,0.0,0.0,,False,0.0017625809467185,0.0017410974794626,2.1483467255949028e-05,0.0035036784261812,True,False,0.0061316892256474,vcbf,vcbbcf,VCBF Blue Chip Fund,equity,VCBF-BCF,False,1104.26,1126.07,gap_8d_asof,-0.0193682453133463,-0.0148390152431797,-0.0148390152431797,2022-10,6.4,"Agribank published board rate, 12 months VND retail term deposit, read from Wayback Machine snapshot 20221020012153 of https://www.agribank.com.vn/vn/lai-suat",12 months,agribank-board-rate,Agribank,False,non-contiguous filing pair: 8-day boundary gap,non-contiguous filing pair: 8-day boundary gap,,net_unit_demand,"Net certificate-stock change only; not gross subscriptions, gross redemptions, investor counts, customer identity, or fund transfers.",,,,,,,,,,,,,,,
VCBF-BCF,2023-10-19,2023-10-25,2023-10-26,6,https://www.vcbf.com/images/2023/vcbbcf_bc_tuan_20231025_1.xlsx,vcbbcf,,standard,372350214605.0,27372.97,371898690045.0,27282.4,-1231081463.0,779556903.0,1349750913.0,-570194010.0,,,30655.61,21439.31,2825704.9,77092011364.0,20.68,389548020585.0,28691.86,372350214605.0,27372.97,-17937865147.0,740059167.0,1396944637.0,-656885470.0,,,30655.61,21439.31,2825704.9,77347935457.0,20.76,779556903.0,13602843.045712613,13631450.680475324,-0.0033087385110202,-0.0033087385110202,,-0.0033087385110202,20.72930435831108,,0.0,0.0,,False,0.0036249500068956,0.0015313379384106,0.0020936120684849,0.0051562879453063,True,False,0.4060308676885936,vcbf,vcbbcf,VCBF Blue Chip Fund,equity,VCBF-BCF,False,1101.66,1087.85,gap_8d_asof,0.0126947649032496,-0.0160035034142698,-0.0160035034142698,2023-10,5.3,"VNDIRECT Research, average 12-month term deposit rate across commercial banks: ""As of October 26, 2023, the average 12-month deposit interest rate of commercial banks has decreased to 5.3%/year"" (https://www.vndirect.com.vn/Market-Strategy_November_20231106.pdf)",12 months,vndirect-market-average,commercial banks (average),False,non-contiguous filing pair: 8-day boundary gap,non-contiguous filing pair: 8-day boundary gap,,net_unit_demand,"Net certificate-stock change only; not gross subscriptions, gross redemptions, investor counts, customer identity, or fund transfers.",,,,,,,,,,,,,,,
VCBF-BCF,2024-12-26,2025-01-01,2025-01-02,6,https://www.vcbf.com/images/2025/vcbbcf_bc_tuan_20240102.xlsx,vcbbcf,,standard,699984275426.0,35759.41,702391280059.0,35759.89,5705950.0,2401298683.0,4200893424.0,-1799594741.0,,,35840.2,28455.79,3056472.11,109299106442.0,15.53,687321027402.0,35238.85,699984275426.0,35759.41,10189628558.0,2473619466.0,4338757415.0,-1865137949.0,,,35759.41,27889.87,3054937.21,109242752217.0,15.589999999999998,2401298683.0,19574827.30911947,19641874.73896033,1.3423040257087848e-05,1.3423040257087848e-05,,1.3423040257087848e-05,15.560999907746435,,0.0,0.0,,True,0.0060014111337621,0.0025709073820333,0.0034305037517287,0.0085723185157955,True,False,0.4001838878720628,vcbf,vcbbcf,VCBF Blue Chip Fund,equity,VCBF-BCF,False,1266.78,1272.87,gap_8d_asof,-0.0047844634565979,0.004797886496855,0.004797886496855,2025-01,4.7,"bridged between observations at 2024-12 and 2025-02, which agree at 4.7%",12 months,agribank-board-rate,Agribank,False,non-contiguous filing pair: 8-day boundary gap,non-contiguous filing pair: 8-day boundary gap,,net_unit_demand,"Net certificate-stock change only; not gross subscriptions, gross redemptions, investor counts, customer identity, or fund transfers.",,,,,,,,,,,,,,,
VCBF-BCF,2025-06-05,2025-06-11,2025-06-12,6,https://www.vcbf.com/images/2025/vcbbcf_bc_tuan_20250611_1.xlsx,vcbbcf,,standard,828208518534.0,35940.93,819598483590.0,35557.64,-8818911310.0,208876366.0,5632676530.0,-5423800164.0,,,36774.07,29253.38,2973229.85,105721036644.0,12.87,831844503392.0,36130.3,828208518534.0,35940.93,-4365465272.0,729480414.0,5084549162.0,-4355068748.0,,,36774.07,29253.38,2973229.85,106860645913.0,12.920000000000002,208876366.0,23043602.893247336,23049856.053157635,-0.0106644430180299,-0.0106644430180299,,-0.0106644430180299,12.899125457250896,,0.0,0.0,,False,0.0068010367002386,0.006548834070918,0.0002522026293206,0.0133498707711566,True,False,0.0188917655941291,vcbf,vcbbcf,VCBF Blue Chip Fund,equity,VCBF-BCF,False,1315.2,1342.09,gap_8d_asof,-0.0200359141339253,0.0093714711158954,0.0093714711158954,2025-06,4.7,"Agribank published board rate, 12 months VND retail term deposit, read from Wayback Machine snapshot 20250613002901 of https://www.agribank.com.vn/vn/lai-suat",12 months,agribank-board-rate,Agribank,False,non-contiguous filing pair: 8-day boundary gap,non-contiguous filing pair: 8-day boundary gap,,net_unit_demand,"Net certificate-stock change only; not gross subscriptions, gross redemptions, investor counts, customer identity, or fund transfers.",,,,,,,,,,,,,,,
VCBF-BCF,2025-11-27,2025-12-03,2025-12-04,6,https://www.vcbf.com/images/2025/vcbbcf_bc_tuan_20251203.xlsx,vcbbcf,,standard,1185052594708.0,42526.65,1218881381839.0,43570.17,29206608269.0,4622178862.0,11349081281.0,-6726902419.0,,,44822.36,29253.38,2997591.78,130605583445.0,10.72,1179041818082.0,42719.09,1185052594708.0,42526.65,-5340664436.0,11351441062.0,14831441356.0,-3480000294.0,,,44822.36,29253.38,2996062.4,127412497063.0,10.73,4622178862.0,27866116.769319944,27975134.864954624,0.0245380249796303,0.0245380249796303,,0.0245380249796303,10.715200460929797,,0.0,0.0,,False,0.00957685872482,0.0056764589597456,0.0039003997650744,0.0152533176845656,True,False,0.2557082888938431,vcbf,vcbbcf,VCBF Blue Chip Fund,equity,VCBF-BCF,False,1731.77,1684.32,gap_8d_asof,0.0281716063455874,-0.0036335813659571,-0.0036335813659571,2025-12,,"no observation: bracketing observations 2025-10 at 4.7% and 2026-03 at 5.9% disagree, so the rate moved somewhere in this gap; left missing rather than picking a side",12 months,,state-owned banks (average),False,non-contiguous filing pair: 8-day boundary gap,non-contiguous filing pair: 8-day boundary gap,,net_unit_demand,"Net certificate-stock change only; not gross subscriptions, gross redemptions, investor counts, customer identity, or fund transfers.",,,,,,,,,,,,,,,
VCBF-FIF,2023-10-19,2023-10-25,2023-10-26,6,https://www.vcbf.com/images/2023/vcbfif_bc_tuan_20231025_1.xlsx,vcbfif,,standard,109830484211.0,13249.28,110474164214.0,13276.47,225986728.0,417693275.0,656785218.0,-239091943.0,,,13291.48,12020.41,169476.07,2250043959.0,2.04,108933576509.0,13267.56,109830484211.0,13249.28,-152741545.0,1049649247.0,1168538064.0,-118888817.0,,,13291.48,12020.41,169476.07,2245435905.0,2.04,417693275.0,8289543.598671022,8321049.511956115,0.0020521869867644,0.0020521869867644,,0.0020521869867644,2.0367150772387195,,0.0,0.0,,False,0.0059799901886822,0.0021769178631742,0.003803072325508,0.0081569080518564,True,False,0.4662394502096253,vcbf,vcbfif,VCBF Fixed Income Fund,bond,VCBF-FIF,False,1101.66,1087.85,gap_8d_asof,0.0126947649032496,-0.0106425779164851,-0.0106425779164851,2023-10,5.3,"VNDIRECT Research, average 12-month term deposit rate across commercial banks: ""As of October 26, 2023, the average 12-month deposit interest rate of commercial banks has decreased to 5.3%/year"" (https://www.vndirect.com.vn/Market-Strategy_November_20231106.pdf)",12 months,vndirect-market-average,commercial banks (average),False,non-contiguous filing pair: 8-day boundary gap,non-contiguous filing pair: 8-day boundary gap,,net_unit_demand,"Net certificate-stock change only; not gross subscriptions, gross redemptions, investor counts, customer identity, or fund transfers.",,,,,,,,,,,,,,,
VCBF-FIF,2024-11-21,2024-11-27,2024-11-28,6,https://www.vcbf.com/images/2024/vcbfif_bc_tuan_20241127.xlsx,vcbfif,,standard,346147431487.0,14329.2,349805904320.0,14366.19,896661360.0,2761811473.0,5700768590.0,-2938957117.0,,,14375.0,13372.84,327232.0,4701077086.0,1.34,343478450190.0,14304.02,346147431487.0,14329.2,607568548.0,2061412749.0,5283913800.0,-3222501051.0,,,14329.2,13316.86,327232.0,4688972774.0,1.35,2761811473.0,24156786.944630545,24349246.6910155,0.0025814420902772,0.0025814420902772,,0.0025814420902772,1.3439101593035112,,0.0,0.0,,False,0.0164691922326573,0.0084904778994738,0.0079787143331835,0.0249596701321311,True,False,0.3196642540124104,vcbf,vcbfif,VCBF Fixed Income Fund,bond,VCBF-FIF,False,1241.97,1228.33,gap_8d_asof,0.0111045077462896,-0.0085230656560124,-0.0085230656560124,2024-11,4.7,"Agribank published board rate, 12 months VND retail term deposit, read from Wayback Machine snapshot 20241128101714 of https://www.agribank.com.vn/vn/lai-suat",12 months,agribank-board-rate,Agribank,False,non-contiguous filing pair: 8-day boundary gap,non-contiguous filing pair: 8-day boundary gap,,net_unit_demand,"Net certificate-stock change only; not gross subscriptions, gross redemptions, investor counts, customer identity, or fund transfers.",,,,,,,,,,,,,,,
VCBF-FIF,2025-06-05,2025-06-11,2025-06-12,6,https://www.vcbf.com/images/2025/vcbfif_bc_tuan_20250611_1.xlsx,vcbfif,,standard,530661779986.0,14876.23,538939753118.0,14835.77,-1473599442.0,9751572574.0,11823850451.0,-2072277877.0,,,14885.95,13950.22,247953.09,3678575014.0,0.6799999999999999,520917562280.0,14822.31,530661779986.0,14876.23,1912608769.0,7831608937.0,10580138553.0,-2748529616.0,,,14876.23,13916.77,246945.43,3673617014.0,0.69,9751572574.0,35671791.8441702,36327049.63193686,-0.0027197751043106,-0.0027197751043106,,-0.0027197751043106,0.6825577428122253,,0.0,0.0,,False,0.0222813304009042,0.0039050822108475,0.0183762481900567,0.0261864126117517,True,False,0.7017474467583227,vcbf,vcbfif,VCBF Fixed Income Fund,bond,VCBF-FIF,False,1315.2,1342.09,gap_8d_asof,-0.0200359141339253,0.0173161390296147,0.0173161390296147,2025-06,4.7,"Agribank published board rate, 12 months VND retail term deposit, read from Wayback Machine snapshot 20250613002901 of https://www.agribank.com.vn/vn/lai-suat",12 months,agribank-board-rate,Agribank,False,non-contiguous filing pair: 8-day boundary gap,non-contiguous filing pair: 8-day boundary gap,,net_unit_demand,"Net certificate-stock change only; not gross subscriptions, gross redemptions, investor counts, customer identity, or fund transfers.",,,,,,,,,,,,,,,
VCBF-MGF,2023-07-20,2023-07-26,2023-07-27,6,https://www.vcbf.com/images/2023/vcbmgf_bc_tuan_20230726_1.xlsx,vcbmgf,,standard,317347652975.0,10210.62,320641603694.0,10317.69,3322681952.0,-28731233.0,1648428432.0,-1677159665.0,,,10379.7,6778.32,100510.37,1037034839.0,0.32,312667703801.0,10124.56,317347652975.0,10210.62,2664814512.0,2015134662.0,2407124482.0,-391989820.0,,,10375.02,6778.32,100510.37,1026273194.0,0.32,-28731233.0,31080155.071386456,31076879.000435177,0.0104861409003567,0.0104861409003567,,0.0104861409003567,0.3234249164963883,,0.0,0.0,,False,0.0051943930151891,0.005284928529571,-9.0535514381962e-05,0.0104793215447601,True,False,-0.0086394442612776,vcbf,vcbmgf,VCBF Midcap Growth Fund,equity,VCBF-MGF,False,1200.84,1172.81,gap_8d_asof,0.0238998644281682,-0.0134137235278115,-0.0134137235278115,2023-07,6.4,"VNDIRECT Research, average 12-month term deposit rate across commercial banks: ""the average 12-month deposit interest rate of commercial banks fell to 6.40% p.a at the end of July 2023"" (https://www.vndirect.com.vn/cmsupload/beta/Vietnam-Money-market-chartbook_August_20230809.pdf)",12 months,vndirect-market-average,commercial banks (average),False,non-contiguous filing pair: 8-day boundary gap,non-contiguous filing pair: 8-day boundary gap,,net_unit_demand,"Net certificate-stock change only; not gross subscriptions, gross redemptions, investor counts, customer identity, or fund transfers.",,,,,,,,,,,,,,,
VCBF-MGF,2023-10-19,2023-10-25,2023-10-26,6,https://www.vcbf.com/images/2023/vcbmgf_bc_tuan_20231025_1.xlsx,vcbmgf,,standard,315270731747.0,10154.0,317173003675.0,10177.46,735715173.0,1166556755.0,2670072887.0,-1503516132.0,,,10946.13,6778.32,101170.75,1029661261.0,0.32,329250882388.0,10631.27,315270731747.0,10154.0,-14818614573.0,838463932.0,1872230237.0,-1033766305.0,,,10946.13,6778.32,101170.75,1027287796.0,0.33,1166556755.0,31048919.80963167,31164259.4198356,0.0023104195390977,0.0023104195390977,,0.0023104195390977,0.3246371062699493,,0.0,0.0,,False,0.0084691429242556,0.0047689683202389,0.0037001746040166,0.0132381112444945,True,False,0.2795092544304971,vcbf,vcbmgf,VCBF Midcap Growth Fund,equity,VCBF-MGF,False,1101.66,1087.85,gap_8d_asof,0.0126947649032496,-0.0103843453641518,-0.0103843453641518,2023-10,5.3,"VNDIRECT Research, average 12-month term deposit rate across commercial banks: ""As of October 26, 2023, the average 12-month deposit interest rate of commercial banks has decreased to 5.3%/year"" (https://www.vndirect.com.vn/Market-Strategy_November_20231106.pdf)",12 months,vndirect-market-average,commercial banks (average),False,non-contiguous filing pair: 8-day boundary gap,non-contiguous filing pair: 8-day boundary gap,,net_unit_demand,"Net certificate-stock change only; not gross subscriptions, gross redemptions, investor counts, customer identity, or fund transfers.",,,,,,,,,,,,,,,
VCBF-MGF,2025-06-05,2025-06-11,2025-06-12,6,https://www.vcbf.com/images/2025/vcbmgf_bc_tuan_20250611_1.xlsx,vcbmgf,,standard,831876997346.0,13031.99,831607499493.0,13014.01,-1145248578.0,875750725.0,5093729410.0,-4217978685.0,,,13931.95,10786.1,143089.0,1862161677.0,0.22,836897150591.0,13034.22,831876997346.0,13031.99,-162468310.0,-4857684935.0,5368516329.0,-10226201264.0,,,13931.95,10786.1,141920.76,1849509925.0,0.22,875750725.0,63833458.8459629,63900942.09955271,-0.0013796818444458,-0.0013796818444458,,-0.0013796818444458,0.2239231462120399,,0.0,0.0,,False,0.006123176174183,0.0050704355312827,0.0010527406429003,0.0111936117054658,True,False,0.0940483438769135,vcbf,vcbmgf,VCBF Midcap Growth Fund,equity,VCBF-MGF,False,1315.2,1342.09,gap_8d_asof,-0.0200359141339253,0.0186562322894795,0.0186562322894795,2025-06,4.7,"Agribank published board rate, 12 months VND retail term deposit, read from Wayback Machine snapshot 20250613002901 of https://www.agribank.com.vn/vn/lai-suat",12 months,agribank-board-rate,Agribank,False,non-contiguous filing pair: 8-day boundary gap,non-contiguous filing pair: 8-day boundary gap,,net_unit_demand,"Net certificate-stock change only; not gross subscriptions, gross redemptions, investor counts, customer identity, or fund transfers.",,,,,,,,,,,,,,,
VCBF-TBF,2023-10-19,2023-10-25,2023-10-26,6,https://www.vcbf.com/images/2023/vcbtbf_bc_tuan_20231025_1.xlsx,vcbtbf,,standard,210883677271.0,26706.75,211272782955.0,26731.48,196689567.0,192416117.0,629139112.0,-436722995.0,,,28698.29,21785.75,2692592.83,71976991383.0,34.02,218073734638.0,27644.1,210883677271.0,26706.75,-7400534096.0,210476729.0,595885132.0,-385408403.0,,,28698.29,21785.75,2692592.83,71910403563.0,34.13,192416117.0,7896268.81859455,7903519.855802971,0.0009259831316053,0.0009259831316053,,0.0009259831316053,34.068274377930976,,0.0,0.0,,False,0.0029833466494019,0.002070918909664,0.0009124277397379,0.0050542655590659,True,False,0.1805262760879818,vcbf,vcbtbf,VCBF Tactical Balanced Fund,balanced,VCBF-TBF,False,1101.66,1087.85,gap_8d_asof,0.0126947649032496,-0.0117687817716443,-0.0117687817716443,2023-10,5.3,"VNDIRECT Research, average 12-month term deposit rate across commercial banks: ""As of October 26, 2023, the average 12-month deposit interest rate of commercial banks has decreased to 5.3%/year"" (https://www.vndirect.com.vn/Market-Strategy_November_20231106.pdf)",12 months,vndirect-market-average,commercial banks (average),False,non-contiguous filing pair: 8-day boundary gap,non-contiguous filing pair: 8-day boundary gap,,net_unit_demand,"Net certificate-stock change only; not gross subscriptions, gross redemptions, investor counts, customer identity, or fund transfers.",,,,,,,,,,,,,,,
VCBF-TBF,2023-11-02,2023-11-08,2023-11-09,6,https://www.vcbf.com/images/2023/vcbtbf_bc_tuan_20231108_1.xlsx,vcbtbf,,standard,201813231148.0,25490.24,213919199798.0,26904.8,11235208861.0,870759789.0,1027180828.0,-156421039.0,,,28698.29,21785.75,2693356.25,72464211235.0,33.739999999999995,211272782955.0,26731.48,201813231148.0,25490.24,-9823216735.0,363664928.0,462875677.0,-99210749.0,,,28698.29,21785.75,2692788.98,68639837370.0,33.92,870759789.0,7917274.656809822,7950967.8495287085,0.0554941813023337,0.0554941813023337,,0.0554941813023337,33.874571007850925,ownership %: reported 33.74% vs calculated 33.87%,0.0,0.0,,False,0.0050897595869059,0.0007750782151904,0.0043146813717155,0.0058648378020963,True,False,0.7356863936072179,vcbf,vcbtbf,VCBF Tactical Balanced Fund,balanced,VCBF-TBF,False,1113.43,1075.47,gap_8d_asof,0.035296196081713,0.0201979852206206,0.0201979852206206,2023-11,5.18,"Shinhan Securities Vietnam, Vietnam Economic Update (25 Mar 2024), indicator table row ""Avg. Deposit rate 12M term of SCBs"", column 11/23 = 5.18% (https://shinhansec.com.vn/uploads/report/Vietnam_economic_update_2402_E.pdf)",12 months,shinhan-scb-average,state-owned commercial banks (average),False,non-contiguous filing pair: 8-day boundary gap,non-contiguous filing pair: 8-day boundary gap,,net_unit_demand,"Net certificate-stock change only; not gross subscriptions, gross redemptions, investor counts, customer identity, or fund transfers.",,,,,,,,,,,,,,,
VCBF-TBF,2024-09-19,2024-09-25,2024-09-26,6,https://www.vcbf.com/images/2024/vcbtbf_bc_tuan_20240925.xlsx,vcbtbf,,standard,341901207049.0,32120.7,348151972880.0,32670.16,5855591082.0,395174749.0,1821363345.0,-1426188596.0,,,32670.16,25312.64,2963499.76,96818011319.0,27.79,336239622394.0,31740.56,341901207049.0,32120.7,4050073222.0,1611511433.0,2372549203.0,-761037770.0,,,32223.15,25312.64,2963499.76,95189686741.0,27.81,395174749.0,10644263.887430849,10656573.854551064,0.0171061029180559,0.0171061029180559,,0.0171061029180559,27.809123273982124,,0.0,0.0,,False,0.0053271626640936,0.0041713470634094,0.0011558156006842,0.0094985097275031,True,False,0.1216838887196723,vcbf,vcbtbf,VCBF Tactical Balanced Fund,balanced,VCBF-TBF,False,1287.48,1271.27,gap_8d_asof,0.0127510284990599,0.0043550744189959,0.0043550744189959,2024-09,4.7,"Agribank published board rate, 12 months VND retail term deposit, read from Wayback Machine snapshot 20240906234432 of https://www.agribank.com.vn/vn/lai-suat",12 months,agribank-board-rate,Agribank,False,non-contiguous filing pair: 8-day boundary gap,non-contiguous filing pair: 8-day boundary gap,,net_unit_demand,"Net certificate-stock change only; not gross subscriptions, gross redemptions, investor counts, customer identity, or fund transfers.",,,,,,,,,,,,,,,
VCBF-TBF,2025-06-05,2025-06-11,2025-06-12,6,https://www.vcbf.com/images/2025/vcbtbf_bc_tuan_20250611_1.xlsx,vcbtbf,,standard,431338264851.0,33512.13,427947632636.0,33246.42,-3421385185.0,30752970.0,2727126892.0,-2696373922.0,,,33910.97,29331.63,2811133.07,93460110721.0,21.8,431792961382.0,33592.36,431338264851.0,33512.13,-1032311450.0,577614919.0,3192326285.0,-2614711366.0,,,33910.97,29331.63,2811133.07,94207056889.0,21.84,30752970.0,12871108.60607786,12871991.409481082,-0.0079287708659521,-0.0079287708659521,,-0.0079287708659521,21.839146566910557,,0.0,0.0,,False,0.0063224784681276,0.0062511818257798,7.129664234779448e-05,0.0125736602939075,True,False,0.0056703172092489,vcbf,vcbtbf,VCBF Tactical Balanced Fund,balanced,VCBF-TBF,False,1315.2,1342.09,gap_8d_asof,-0.0200359141339253,0.0121071432679732,0.0121071432679732,2025-06,4.7,"Agribank published board rate, 12 months VND retail term deposit, read from Wayback Machine snapshot 20250613002901 of https://www.agribank.com.vn/vn/lai-suat",12 months,agribank-board-rate,Agribank,False,non-contiguous filing pair: 8-day boundary gap,non-contiguous filing pair: 8-day boundary gap,,net_unit_demand,"Net certificate-stock change only; not gross subscriptions, gross redemptions, investor counts, customer identity, or fund transfers.",,,,,,,,,,,,,,,
VINACAPITAL-VEOF,2021-03-23,2021-03-29,2021-03-30,6,https://vinacapital.com/wp-content/uploads/2022/07/20210329-veof-changes-of-nav-weekly-report.xlsx,veof,,standard,299072350149.0,19448.25,293422381199.0,19010.42,-6581963206.0,931994256.0,8646285051.0,-7714290795.0,0.0,,19448.25,10253.94,311979.05,5930852772.0,2.03,302021984176.0,19292.44,299072350149.0,19448.25,2405509524.0,-5355143551.0,2887025207.0,-8242168758.0,0.0,,19448.25,10253.94,311453.03,6057216391.0,2.06,931994256.0,15377854.056226138,15434818.44162307,-0.022512565397915,-0.022512565397915,-0.0,-0.022512565397915,2.02126802589666,,0.0,0.0,,False,0.0289103457631317,0.0257940621764488,0.0031162835866828,0.0547044079395806,True,False,0.0569658589509771,vinacapital,veof,VinaCapital Leading Enterprise Equity Fund,equity,VINACAPITAL-VEOF,False,1175.68,1186.09,contiguous,-0.0087767370098389,-0.013735828388076,-0.013735828388076,2021-03,,,,,,False,non-contiguous filing pair: 6-day boundary gap,non-contiguous filing pair: 6-day boundary gap,,net_unit_demand,"Net certificate-stock change only; not gross subscriptions, gross redemptions, investor counts, customer identity, or fund transfers.",,,,,,,,,,,,,,,
VINACAPITAL-VEOF,2021-09-28,2021-10-04,2021-10-05,6,https://vinacapital.com/wp-content/uploads/2022/07/20211004-veof-changes-of-nav-weekly-report.xlsx,veof,,standard,420406810942.0,24236.55,434021245287.0,24636.24,7003600249.0,6610834096.0,11198151302.0,-4587317206.0,0.0,,24853.08,14307.23,408429.0,10062154867.0,2.32,432367941153.0,24727.96,420406810942.0,24236.55,-8561901766.0,-3399228445.0,9324531776.0,-12723760221.0,0.0,,24853.08,14253.4,408429.0,9898909880.0,2.35,6610834096.0,17345984.100129765,17617186.92815949,0.016491208525966,0.016491208525966,-0.0,0.016491208525966,2.31835537459608,,0.0,0.0,,False,0.0266364649918693,0.0109116148611419,0.0157248501307274,0.0375480798530112,True,False,0.418792390776977,vinacapital,veof,VinaCapital Leading Enterprise Equity Fund,equity,VINACAPITAL-VEOF,False,1339.54,1339.31,gap_8d_asof,0.000171730219292,0.016319478306674,0.016319478306674,2021-10,,,,,,False,non-contiguous filing pair: 8-day boundary gap,non-contiguous filing pair: 8-day boundary gap,,net_unit_demand,"Net certificate-stock change only; not gross subscriptions, gross redemptions, investor counts, customer identity, or fund transfers.",,,,,,,,,,,,,,,
VINACAPITAL-VEOF,2022-05-10,2022-05-16,2022-05-17,6,https://vinacapital.com/wp-content/uploads/2022/07/20220516-veof-changes-of-nav-weekly-report.xlsx,veof,,standard,1012304629384.0,24931.9,938241467157.0,23110.01,-75198017650.0,1134855423.0,23265804514.0,-22130949091.0,0.0,,29461.74,20878.45,1066396.79,24644440481.0,2.63,992283248694.0,27126.67,1012304629384.0,24931.9,-85865292182.0,105886672872.0,107156666997.0,-1269994125.0,0.0,,29461.74,20801.25,1045639.72,26069784935.0,2.58,1134855423.0,40602787.16760455,40598920.864032514,-0.073074655361204,-0.073074655361204,-0.0,-0.073074655361204,2.6266628947530988,,0.0,0.0,,False,0.022983007129146,0.0218619459484907,0.0011210611806552,0.0448449530776368,True,False,0.0249986030471352,vinacapital,veof,VinaCapital Leading Enterprise Equity Fund,equity,VINACAPITAL-VEOF,False,1171.95,1293.56,gap_8d_asof,-0.094011874207613,0.0209372188464089,0.0209372188464089,2022-05,,,,,,False,non-contiguous filing pair: 8-day boundary gap,non-contiguous filing pair: 8-day boundary gap,,net_unit_demand,"Net certificate-stock change only; not gross subscriptions, gross redemptions, investor counts, customer identity, or fund transfers.",,,,,,,,,,,,,,,
VINACAPITAL-VEOF,2022-08-23,2022-08-29,2022-08-30,6,https://vinacapital.com/wp-content/uploads/2022/08/20220829-veof-changes-of-nav-weekly-report.xlsx,veof,,standard,1116969920351.0,25297.67,1134396183861.0,25627.73,14577804936.0,2848458574.0,6600522171.0,-3752063597.0,0.0,,29461.74,23110.01,1726611.26,44249127186.0,3.91,1127044068695.0,25526.45,1116969920351.0,25297.67,-10100796998.0,26648654.0,6549081257.0,-6522432603.0,0.0,,29461.74,23078.82,1723461.83,43599568633.0,3.91,2848458574.0,44153074.98085792,44264403.59177344,0.0130470513687623,0.0130470513687623,-0.0,0.0130470513687623,3.9006766608994465,,0.0,0.0,,False,0.0059093105828005,0.0033591447080517,0.0025501658747487,0.0092684552908522,True,False,0.2751446486736317,vinacapital,veof,VinaCapital Leading Enterprise Equity Fund,equity,VINACAPITAL-VEOF,False,1270.8,1270.81,gap_8d_asof,-7.868996938942274e-06,0.0130549203657013,0.0130549203657013,2022-08,5.6,"Press report, article dated 02/08/2022: ""for a 12-month term, the interest rate increases from 5.5%/year to 5.6%/year"". Sits just above the SBV's 5.5-6.6% band for 12-to-24-month terms that month (https://en.baoquocte.vn/the-trend-of-race-to-increase-interest-rates-continues-to-be-hot-192920.html)",12 months,press-state-owned,Vietcombank (over-the-counter),False,non-contiguous filing pair: 8-day boundary gap,non-contiguous filing pair: 8-day boundary gap,,net_unit_demand,"Net certificate-stock change only; not gross subscriptions, gross redemptions, investor counts, customer identity, or fund transfers.",,,,,,,,,,,,,,,
VINACAPITAL-VEOF,2023-03-21,2023-03-27,2023-03-28,6,https://vinacapital.com/wp-content/uploads/2023/03/20230328_VEOF_BC_Tuan_Ky-so_20230327.xlsx,veof,,standard,861499542347.0,21074.06,875210024171.0,21463.1,15883222749.0,-2172740925.0,923637656.0,-3096378581.0,,,29461.74,18161.37,2045639.76,43905770733.0,5.01,889714948330.0,21629.51,861499542347.0,21074.06,-22729261197.0,-5486144786.0,1222539046.0,-6708683832.0,,,29461.74,18161.37,2064122.32,43499437619.0,5.05,-2172740925.0,40879618.941343054,40777428.43163383,0.0184606098682453,0.0184606098682453,,0.0184606098682453,5.016598247327845,,0.0,0.0,,False,0.0010721278545125,0.0035941732163484,-0.0025220453618358,0.0046663010708609,True,False,-0.5404806341333193,vinacapital,veof,VinaCapital Leading Enterprise Equity Fund,equity,VINACAPITAL-VEOF,False,1052.25,1032.43,gap_8d_asof,0.0191974274284938,-0.0007368175602484,-0.0007368175602484,2023-03,7.2,"Agribank published board rate, 12 months VND retail term deposit, read from Wayback Machine snapshot 20230327002150 of https://www.agribank.com.vn/vn/lai-suat",12 months,agribank-board-rate,Agribank,False,non-contiguous filing pair: 8-day boundary gap,non-contiguous filing pair: 8-day boundary gap,,net_unit_demand,"Net certificate-stock change only; not gross subscriptions, gross redemptions, investor counts, customer identity, or fund transfers.",,,,,,,,,,,,,,,
VINACAPITAL-VESAF,2021-12-28,2022-01-03,2022-01-04,6,https://vinacapital.com/wp-content/uploads/2022/07/20220103-vesaf-changes-of-nav-weekly-report.xlsx,vesaf,,standard,906478922943.0,25898.18,919126527085.0,26124.04,7928245940.0,4719358202.0,12599518346.0,-7880160144.0,0.0,,26687.04,15445.52,13586205.66,354926580110.0,38.62,889263069865.0,25833.12,906478922943.0,25898.18,2294344761.0,14921508317.0,25008087993.0,-10086579676.0,0.0,,26687.04,15364.78,13559396.6,351163693838.0,38.74,4719358202.0,35001645.78912495,35183169.490055904,0.0087210761528415,0.0087210761528415,-0.0,0.0087210761528415,38.615638832190584,,0.0,0.0,,False,0.0138994057413867,0.0086931531936959,0.0052062525476907,0.0225925589350826,True,False,0.2304410298386476,vinacapital,vesaf,VinaCapital Strategic Growth Equity Fund,equity,VINACAPITAL-VESAF,False,1498.28,1494.39,gap_8d_asof,0.0026030688106852,0.0061180073421562,0.0061180073421562,2022-01,,,,,,False,non-contiguous filing pair: 8-day boundary gap,non-contiguous filing pair: 8-day boundary gap,,net_unit_demand,"Net certificate-stock change only; not gross subscriptions, gross redemptions, investor counts, customer identity, or fund transfers.",,,,,,,,,,,,,,,
VINACAPITAL-VESAF,2022-06-07,2022-06-13,2022-06-14,6,https://vinacapital.com/wp-content/uploads/2022/07/20220613-vesaf-changes-of-nav-weekly-report.xlsx,vesaf,,standard,1275520206857.0,26230.67,1214846781405.0,24934.43,-63177564887.0,2504139435.0,15003692286.0,-12499552851.0,0.0,,28872.36,20745.14,13198351.2,329093364112.0,27.090000000000003,1256275649007.0,25924.09,1275520206857.0,26230.67,14999843967.0,4244713883.0,18176364346.0,-13931650463.0,0.0,,28872.36,20745.14,13182699.38,345791037146.0,27.11,2504139435.0,48627054.01184949,48721658.42190898,-0.0494169611374775,-0.0494169611374775,-0.0,-0.0494169611374775,27.089289707085157,,0.0,0.0,,False,0.0117628025062578,0.0097995725852121,0.0019632299210456,0.0215623750914699,True,False,0.0910488715977443,vinacapital,vesaf,VinaCapital Strategic Growth Equity Fund,equity,VINACAPITAL-VESAF,False,1227.04,1291.35,gap_8d_asof,-0.0498005962752158,0.0003836351377383,0.0003836351377383,2022-06,,,,,,False,non-contiguous filing pair: 8-day boundary gap,non-contiguous filing pair: 8-day boundary gap,,net_unit_demand,"Net certificate-stock change only; not gross subscriptions, gross redemptions, investor counts, customer identity, or fund transfers.",,,,,,,,,,,,,,,
VINACAPITAL-VESAF,2022-07-12,2022-07-18,2022-07-19,6,https://vinacapital.com/wp-content/uploads/2022/08/20220718-vesaf-changes-of-nav-weekly-report.xlsx,vesaf,,standard,1166174535584.0,23258.04,1197773032456.0,23834.22,28915763228.0,2682733644.0,5894886352.0,-3212152708.0,0.0,,28872.36,20745.14,13251973.89,315850461129.0,26.369999999999997,1208661435724.0,24176.93,1166174535584.0,23258.04,-45965212071.0,3478311931.0,9638602195.0,-6160290264.0,0.0,,28872.36,20745.14,13246278.05,308082464738.0,26.42,2682733644.0,50140705.561775625,50254341.54992276,0.0247733686931486,0.0247733686931486,-0.0,0.0247733686931486,26.369809018103997,,0.0,0.0,,False,0.0050548920184129,0.0027544356440534,0.0023004563743595,0.0078093276624663,True,False,0.2945780320393179,vinacapital,vesaf,VinaCapital Strategic Growth Equity Fund,equity,VINACAPITAL-VESAF,False,1176.49,1174.82,gap_8d_asof,0.0014214943565824,0.0233518743365661,0.0233518743365661,2022-07,5.5,"Press report, article dated 02/08/2022 reporting the increase: ""for a 12-month term, the interest rate increases from 5.5%/year to 5.6%/year"". 5.5% is the pre-increase level, so it is the July level; the month is inferred from the increase date, the level is stated (https://en.baoquocte.vn/the-trend-of-race-to-increase-interest-rates-continues-to-be-hot-192920.html)",12 months,press-state-owned,Vietcombank (over-the-counter),False,non-contiguous filing pair: 8-day boundary gap,non-contiguous filing pair: 8-day boundary gap,,net_unit_demand,"Net certificate-stock change only; not gross subscriptions, gross redemptions, investor counts, customer identity, or fund transfers.",,,,,,,,,,,,,,,
VINACAPITAL-VESAF,2022-11-29,2022-12-05,2022-12-06,6,https://vinacapital.com/wp-content/uploads/2022/12/20221206_VESAF_BC_Tuan_Ky-so_20221205.xlsx,vesaf,,standard,966992860415.0,19245.0,1034623121491.0,20527.37,64587257405.0,3043003671.0,5910267100.0,-2867263429.0,0.0,,28872.36,17459.5,13394290.68,274949560676.0,26.580000000000005,921068793933.0,18377.97,966992860415.0,19245.0,43620592616.0,2303473866.0,7376190143.0,-5072716277.0,0.0,,28872.36,17459.5,13391963.96,257728346410.0,26.65,3043003671.0,50246446.37126526,50402127.57362487,0.0666339308911405,0.0666339308911405,-0.0,0.0666339308911405,26.5748517469597,,0.0,0.0,,False,0.0061120069671078,0.0029651340215371,0.0031468729455707,0.0090771409886449,True,False,0.3466810694586876,vinacapital,vesaf,VinaCapital Strategic Growth Equity Fund,equity,VINACAPITAL-VESAF,False,1093.67,1032.16,gap_29d_asof,0.0595934738800185,0.0070404570111219,0.0070404570111219,2022-12,7.4,"Agribank published board rate, 12 months VND retail term deposit, read from Wayback Machine snapshot 20221225030309 of https://www.agribank.com.vn/vn/lai-suat",12 months,agribank-board-rate,Agribank,False,non-contiguous filing pair: 29-day boundary gap,non-contiguous filing pair: 29-day boundary gap,,net_unit_demand,"Net certificate-stock change only; not gross subscriptions, gross redemptions, investor counts, customer identity, or fund transfers.",,,,,,,,,,,,,,,
VINACAPITAL-VESAF,2023-01-03,2023-01-09,2023-01-10,6,https://vinacapital.com/wp-content/uploads/2023/01/20230110-VESAF_BC_Weekly_20230109.xlsx,vesaf,,standard,993826967854.0,19741.73,1025603732183.0,20371.05,31694649682.0,82114647.0,2838475072.0,-2756360425.0,,,28872.36,17459.5,13405730.1,273088798154.0,26.630000000000003,973063550128.0,19324.51,993826967854.0,19741.73,21005999877.0,-242582151.0,2556003801.0,-2798585952.0,,,28872.36,17459.5,13399895.43,264537117607.0,26.619999999999997,82114647.0,50341432.481043965,50346139.84959047,0.0318776520598751,0.0318776520598751,,0.0318776520598751,26.62712601218112,,0.0,0.0,,False,0.0028561059055674,0.0027734812136884,8.262469187902255e-05,0.0056295871192558,True,False,0.0146768653062329,vinacapital,vesaf,VinaCapital Strategic Growth Equity Fund,equity,VINACAPITAL-VESAF,False,1054.21,1043.9,gap_29d_asof,0.0098764249449181,0.022001227114957,0.022001227114957,2023-01,7.4,"bridged between observations at 2022-12 and 2023-02, which agree at 7.4%",12 months,agribank-board-rate,Agribank,False,non-contiguous filing pair: 29-day boundary gap,non-contiguous filing pair: 29-day boundary gap,,net_unit_demand,"Net certificate-stock change only; not gross subscriptions, gross redemptions, investor counts, customer identity, or fund transfers.",,,,,,,,,,,,,,,
VINACAPITAL-VESAF,2023-03-21,2023-03-27,2023-03-28,6,https://vinacapital.com/wp-content/uploads/2023/03/20230328_VESAF_BC_Weekly_20230327.xlsx,vesaf,,standard,1023413764749.0,20393.2,1036355881404.0,20828.11,21745474840.0,-8803358185.0,3494509138.0,-12297867323.0,,,28872.36,17459.5,13468059.77,280514230376.0,27.07,1045347216577.0,20768.81,1023413764749.0,20393.2,-18860259942.0,-3073191886.0,3313288991.0,-6386480877.0,,,28872.36,17459.5,13734752.26,280095549789.0,27.37,-8803358185.0,50184069.43240884,49757557.522213966,0.0213262263891884,0.0213262263891884,,0.0213262263891884,27.067365121330155,,0.0,0.0,,False,0.0034145614006442,0.0120165154569873,-0.008601954056343,0.0154310768576316,True,False,-0.5574435365532412,vinacapital,vesaf,VinaCapital Strategic Growth Equity Fund,equity,VINACAPITAL-VESAF,False,1052.25,1032.43,gap_8d_asof,0.0191974274284938,0.0021287989606946,0.0021287989606946,2023-03,7.2,"Agribank published board rate, 12 months VND retail term deposit, read from Wayback Machine snapshot 20230327002150 of https://www.agribank.com.vn/vn/lai-suat",12 months,agribank-board-rate,Agribank,False,non-contiguous filing pair: 8-day boundary gap,non-contiguous filing pair: 8-day boundary gap,,net_unit_demand,"Net certificate-stock change only; not gross subscriptions, gross redemptions, investor counts, customer identity, or fund transfers.",,,,,,,,,,,,,,,
VINACAPITAL-VESAF,2023-08-08,2023-08-14,2023-08-15,6,https://vinacapital.com/wp-content/uploads/2023/08/20230815_VESAF_BC_Weekly_20230814.xlsx,vesaf,,standard,1359125261492.0,25747.7,1351906289935.0,25559.58,-9918313517.0,2699341960.0,12840893718.0,-10141551758.0,,,25747.7,17459.5,14488506.97,373045730911.0,27.389999999999997,1346279538417.0,25567.36,1359125261492.0,25747.7,9525663158.0,3320059917.0,12298268323.0,-8978208406.0,,,25747.7,17459.5,14423399.37,371369359959.0,27.32,2699341960.0,52786278.44397752,52892351.51497012,-0.0073062836680557,-0.0073062836680557,,-0.0073062836680557,27.594052464164225,"foreign_value identity: 2,725,577,931 VND gap; ownership %: reported 27.39% vs calculated 27.59%",0.0,0.0,,False,0.0094479104184287,0.0074618227218195,0.0019860876966091,0.0169097331402483,True,False,0.1174523382561205,vinacapital,vesaf,VinaCapital Strategic Growth Equity Fund,equity,VINACAPITAL-VESAF,False,1236.84,1241.42,contiguous,-0.0036893235166182,-0.0036169601514375,-0.0036169601514375,2023-08,5.9,"VNDIRECT Research, average 12-month term deposit rate across commercial banks: ""decreased to 5.4%/year on October 10, down 0.5% points compared to the end of August (corroborated by the 25 Sep report's 0.3pp decline from end-August)"" (https://www.vndirect.com.vn/cmsupload/beta/Econ_Update_20231017.pdf)",12 months,vndirect-market-average,commercial banks (average),False,"current foreign_value identity gap 2,725,577,931 VND exceeds 0.1% of total NAV (1,351,906,290 VND)","current foreign_value identity gap 2,725,577,931 VND exceeds 0.1% of total NAV (1,351,906,290 VND)",,net_unit_demand,"Net certificate-stock change only; not gross subscriptions, gross redemptions, investor counts, customer identity, or fund transfers.",,,,,,,,,,,,,,,
VINACAPITAL-VESAF,2023-08-15,2023-08-21,2023-08-22,6,https://vinacapital.com/wp-content/uploads/2023/08/20230822_VESAF_BC_Weekly_20230821.xlsx,vesaf,,standard,1351906289935.0,25559.58,1316234586275.0,24743.75,-43370168278.0,7698464618.0,14411181728.0,-6712717110.0,,,25747.7,17459.5,14527550.010000002,359466065560.0,27.31,1359125261492.0,25747.7,1351906289935.0,25559.58,-9918313517.0,2699341960.0,12840893718.0,-10141551758.0,,,25747.7,17459.5,14488506.97,373045730911.0,27.389999999999997,7698464618.0,52892351.51497012,53194628.392018184,-0.0319187560984962,-0.0319187560984962,,-0.0319187560984962,27.31018234198695,,0.0,0.0,,False,0.0106598969435173,0.0049653716089469,0.0056945253345704,0.0156252685524642,True,False,0.3644433575941555,vinacapital,vesaf,VinaCapital Strategic Growth Equity Fund,equity,VINACAPITAL-VESAF,False,1179.76,1236.84,contiguous,-0.0461498657870055,0.0142311096885092,0.0142311096885092,2023-08,5.9,"VNDIRECT Research, average 12-month term deposit rate across commercial banks: ""decreased to 5.4%/year on October 10, down 0.5% points compared to the end of August (corroborated by the 25 Sep report's 0.3pp decline from end-August)"" (https://www.vndirect.com.vn/cmsupload/beta/Econ_Update_20231017.pdf)",12 months,vndirect-market-average,commercial banks (average),False,"previous foreign_value identity gap 2,725,577,931 VND exceeds 0.1% of total NAV (1,351,906,290 VND)","previous foreign_value identity gap 2,725,577,931 VND exceeds 0.1% of total NAV (1,351,906,290 VND)",,net_unit_demand,"Net certificate-stock change only; not gross subscriptions, gross redemptions, investor counts, customer identity, or fund transfers.",,,,,,,,,,,,,,,
VINACAPITAL-VESAF,2026-02-23,2026-02-23,2026-02-24,0,https://vinacapital.com/wp-content/uploads/2026/02/20260224_VESAF_BC_Weekly_20260223-1.xlsx,vesaf,,standard,2546989826256.0,36763.52,2574735164012.0,37377.75,42310962368.0,-14565624612.0,2607215196.0,-17172839808.0,,,37822.14,24755.85,7313982.59,273380212753.0,10.62,2477416057100.0,36186.09,2546989826256.0,36763.52,39919191774.0,29654577382.0,33240019727.0,-3585442345.0,,,37822.14,24755.85,7316304.08,268973091371.0,10.56,-14565624612.0,69280357.98139025,68884166.75728208,0.0167075949201818,0.0167075949201818,,0.0167075949201818,10.617799320649892,,0.0,0.0,,False,0.0010236457048721,0.0067424061262323,-0.0057187604213602,0.0077660518311045,True,False,-0.7363793785737442,vinacapital,vesaf,VinaCapital Strategic Growth Equity Fund,equity,VINACAPITAL-VESAF,False,1860.14,1860.14,gap_14d_asof,0.0,0.0167075949201818,0.0167075949201818,2026-02,,"no observation: bracketing observations 2025-10 at 4.7% and 2026-03 at 5.9% disagree, so the rate moved somewhere in this gap; left missing rather than picking a side",12 months,,state-owned banks (average),False,non-contiguous filing pair: 14-day boundary gap,non-contiguous filing pair: 14-day boundary gap,,net_unit_demand,"Net certificate-stock change only; not gross subscriptions, gross redemptions, investor counts, customer identity, or fund transfers.",,,,,,,,,,,,,,,
VINACAPITAL-VFF,2021-06-22,2021-06-28,2021-06-29,6,https://vinacapital.com/wp-content/uploads/2022/07/20210628-vff-changes-of-nav-weekly-report.xlsx,vff,,standard,1413275787221.0,18321.02,1407496465842.0,18315.16,-450915585.0,-5328405794.0,10085315300.0,-15413721094.0,0.0,,18321.02,17226.27,1437067.79,26320126505.0,1.88,1418665040010.0,18276.88,1413275787221.0,18321.02,3404954763.0,-8794207552.0,12869411759.0,-21663619311.0,0.0,,18321.02,17183.62,1437067.79,26328547722.0,1.87,-5328405794.0,77139579.95903066,76848712.53333305,-0.0003198511873248,-0.0003198511873248,-0.0,-0.0003198511873248,1.8699959213932829,,0.0,0.0,,False,0.0071361268559134,0.0109063788068631,-0.0037702519509497,0.0180425056627766,True,False,-0.2089649864280279,vinacapital,vff,VinaCapital Enhanced Fixed Income Fund,bond,VINACAPITAL-VFF,False,1405.81,1379.97,gap_8d_asof,0.0187250447473494,-0.0190448959346742,-0.0190448959346742,2021-06,,,,,,False,non-contiguous filing pair: 8-day boundary gap,non-contiguous filing pair: 8-day boundary gap,,net_unit_demand,"Net certificate-stock change only; not gross subscriptions, gross redemptions, investor counts, customer identity, or fund transfers.",,,,,,,,,,,,,,,
VINACAPITAL-VFF,2021-08-31,2021-09-06,2021-09-07,6,https://vinacapital.com/wp-content/uploads/2022/07/20210906-vff-changes-of-nav-weekly-report.xlsx,vff,,standard,1314916153406.0,18591.21,1297963794494.0,18621.99,2145299677.0,-19097658589.0,6363633935.0,-25461292524.0,0.0,,18621.99,17370.5,1499462.86,27922982384.0,2.15,1343235978686.0,18563.64,1314916153406.0,18591.21,1950345765.0,-30270171045.0,1606161921.0,-31876332966.0,0.0,,18591.21,17370.5,1499462.86,27876828917.0,2.15,-19097658589.0,70727841.45873238,69700595.61271378,0.0016556211241764,0.0016556211241764,-0.0,0.0016556211241764,2.1512913150929247,,0.0,0.0,,False,0.0048395739291181,0.0193634342828994,-0.0145238603537812,0.0242030082120175,True,False,-0.6000849244256222,vinacapital,vff,VinaCapital Enhanced Fixed Income Fund,bond,VINACAPITAL-VFF,False,1346.39,1331.47,gap_8d_asof,0.0112056599097238,-0.0095500387855473,-0.0095500387855473,2021-09,,,,,,False,non-contiguous filing pair: 8-day boundary gap,non-contiguous filing pair: 8-day boundary gap,,net_unit_demand,"Net certificate-stock change only; not gross subscriptions, gross redemptions, investor counts, customer identity, or fund transfers.",,,,,,,,,,,,,,,
VINACAPITAL-VFF,2021-12-07,2021-12-13,2021-12-14,6,https://vinacapital.com/wp-content/uploads/2022/07/20211213-vff-changes-of-nav-weekly-report.xlsx,vff,,standard,901239831153.0,18963.62,891591206341.0,19000.93,1765576506.0,-11414201318.0,23145868809.0,-34560070127.0,0.0,,19000.93,17720.38,1455561.71,27657026162.0,3.1,933389238859.0,18933.41,901239831153.0,18963.62,1445235617.0,-33594643323.0,4688639582.0,-38283282905.0,0.0,,18963.62,17687.93,1455561.71,27602719155.0,3.06,-11414201318.0,47524672.5653119,46923556.18072379,0.0019674513621346,0.0019674513621346,-0.0,0.0019674513621346,3.101985076266245,,0.0,0.0,,False,0.0256822523915619,0.0383472511226957,-0.0126649987311338,0.0640295035142576,True,False,-0.1977994211420624,vinacapital,vff,VinaCapital Enhanced Fixed Income Fund,bond,VINACAPITAL-VFF,False,1476.21,1446.77,gap_15d_asof,0.02034877693068,-0.0183813255685454,-0.0183813255685454,2021-12,,,,,,False,non-contiguous filing pair: 15-day boundary gap,non-contiguous filing pair: 15-day boundary gap,,net_unit_demand,"Net certificate-stock change only; not gross subscriptions, gross redemptions, investor counts, customer identity, or fund transfers.",,,,,,,,,,,,,,,
VINACAPITAL-VFF,2021-12-21,2021-12-27,2021-12-28,6,https://vinacapital.com/wp-content/uploads/2022/07/20211227-vff-changes-of-nav-weekly-report.xlsx,vff,,standard,836315007668.0,19047.73,806335524964.0,19095.07,2027397825.0,-32006880529.0,23079441761.0,-55086322290.0,0.0,,19095.07,17740.21,1455561.71,27794052742.0,3.45,891591206341.0,19000.93,836315007668.0,19047.73,2062338108.0,-57338536781.0,7294851470.0,-64633388251.0,0.0,,19047.73,17740.21,1455561.71,27725146450.0,3.32,-32006880529.0,43906282.14847649,42227419.169660024,0.0024853355229206,0.0024853355229206,-0.0,0.0024853355229206,3.446958726423582,,0.0,0.0,,False,0.0275965892628846,0.0658679107572205,-0.0382713214943358,0.0934645000201051,True,False,-0.4094744152710745,vinacapital,vff,VinaCapital Enhanced Fixed Income Fund,bond,VINACAPITAL-VFF,False,1488.88,1478.74,gap_8d_asof,0.0068571892286677,-0.0043718537057471,-0.0043718537057471,2021-12,,,,,,False,non-contiguous filing pair: 8-day boundary gap,non-contiguous filing pair: 8-day boundary gap,,net_unit_demand,"Net certificate-stock change only; not gross subscriptions, gross redemptions, investor counts, customer identity, or fund transfers.",,,,,,,,,,,,,,,
VINACAPITAL-VFF,2022-06-07,2022-06-13,2022-06-14,6,https://vinacapital.com/wp-content/uploads/2022/07/20220613-vff-changes-of-nav-weekly-report.xlsx,vff,,standard,671024755638.0,19823.7,696898722295.0,19848.76,873715703.0,25000250954.0,28995885257.0,-3995634303.0,0.0,,19848.76,18276.88,1837377.95,36469673959.0,5.24,663374459234.0,19792.8,671024755638.0,19823.7,1042872386.0,6607424018.0,17978534191.0,-11371110173.0,0.0,,19823.7,18276.88,1837277.07,36421629453.0,5.43,25000250954.0,33849622.20160717,35110441.271646194,0.001264143424285,0.001264143424285,-0.0,0.001264143424285,5.23313830148798,,0.0,0.0,,False,0.0432113495267863,0.0059545259238625,0.0372568236029237,0.0491658754506488,True,False,0.7577780983544367,vinacapital,vff,VinaCapital Enhanced Fixed Income Fund,bond,VINACAPITAL-VFF,False,1227.04,1291.35,gap_8d_asof,-0.0498005962752158,0.0510647396995008,0.0510647396995008,2022-06,,,,,,False,non-contiguous filing pair: 8-day boundary gap,non-contiguous filing pair: 8-day boundary gap,,net_unit_demand,"Net certificate-stock change only; not gross subscriptions, gross redemptions, investor counts, customer identity, or fund transfers.",,,,,,,,,,,,,,,
VINACAPITAL-VFF,2022-07-12,2022-07-18,2022-07-19,6,https://vinacapital.com/wp-content/uploads/2022/08/20220718-vff-changes-of-nav-weekly-report.xlsx,vff,,standard,846700433335.0,19935.46,873859043391.0,19961.56,1138754591.0,26019855465.0,27758925335.0,-1739069870.0,0.0,,17271.47,18415.45,2179960.3899999997,43515410123.0,4.9799999999999995,813693164455.0,19908.33,846700433335.0,19935.46,1147123329.0,31860145551.0,34517158374.0,-2657012823.0,0.0,,19935.46,18379.41,2117232.98,42208013383.0,4.9799999999999995,26019855465.0,42472079.06589565,43777091.739874035,0.0013092248686512,0.0013092248686512,-0.0,0.0013092248686512,4.979682988018176,,0.0,0.0,,False,0.0327848247646013,0.0020539376165784,0.0307308871480229,0.0348387623811797,True,False,0.882088944830717,vinacapital,vff,VinaCapital Enhanced Fixed Income Fund,bond,VINACAPITAL-VFF,False,1176.49,1174.82,gap_8d_asof,0.0014214943565824,-0.0001122694879311,-0.0001122694879311,2022-07,5.5,"Press report, article dated 02/08/2022 reporting the increase: ""for a 12-month term, the interest rate increases from 5.5%/year to 5.6%/year"". 5.5% is the pre-increase level, so it is the July level; the month is inferred from the increase date, the level is stated (https://en.baoquocte.vn/the-trend-of-race-to-increase-interest-rates-continues-to-be-hot-192920.html)",12 months,press-state-owned,Vietcombank (over-the-counter),False,non-contiguous filing pair: 8-day boundary gap,non-contiguous filing pair: 8-day boundary gap,,net_unit_demand,"Net certificate-stock change only; not gross subscriptions, gross redemptions, investor counts, customer identity, or fund transfers.",,,,,,,,,,,,,,,
VINACAPITAL-VFF,2023-01-03,2023-01-09,2023-01-10,6,https://vinacapital.com/wp-content/uploads/2023/01/20230110-VFF_BC_Weekly_20230109.xlsx,vff,,standard,848122289970.0,20651.83,814755014887.0,20685.17,1314964591.0,-34682239674.0,2661470841.0,-37343710515.0,,,20685.17,19164.58,2121644.78,43886582954.0,5.38,855510319461.0,20634.84,848122289970.0,41067639.78,698733432.0,-8086762923.0,327081662.0,-8413844585.0,,,20651.83,19122.11,2018993.09,41695902066.0,4.91,-34682239674.0,41067657.92522987,39388364.46048063,0.0016143847784915,0.0016143847784915,,0.0016143847784915,5.386475953153442,,0.0,0.0,"prior nav_per_unit_end 41,067,639.78 vs current nav_per_unit_begin 20,651.83, gap -41,046,987.95",False,0.0031380743938402,0.044031044763982,-0.0408929703701417,0.0471691191578222,True,False,-0.8669436932523327,vinacapital,vff,VinaCapital Enhanced Fixed Income Fund,bond,VINACAPITAL-VFF,False,1054.21,1043.9,gap_8d_asof,0.0098764249449181,-0.0082620401664266,-0.0082620401664266,2023-01,7.4,"bridged between observations at 2022-12 and 2023-02, which agree at 7.4%",12 months,agribank-board-rate,Agribank,False,non-contiguous filing pair: 8-day boundary gap,non-contiguous filing pair: 8-day boundary gap,,net_unit_demand,"Net certificate-stock change only; not gross subscriptions, gross redemptions, investor counts, customer identity, or fund transfers.",,,,,,,,,,,,,,,
VINACAPITAL-VFF,2023-01-17,2023-01-23,2023-01-24,6,https://vinacapital.com/wp-content/uploads/2023/01/20230127-VFF_BC_Weekly_20230123.xlsx,vff,,standard,812023522426.0,20720.15,810401120570.0,20755.29,1372494761.0,-2994896617.0,1355974317.0,-4350870934.0,,,20755.29,19228.98,2147600.6,44574073257.0,5.5,814755014887.0,20685.17,812023522426.0,20720.15,1371172255.0,-4102664716.0,2771539178.0,-6874203894.0,,,20720.15,19193.83,2119840.91,43923421631.0,5.4,-2994896617.0,39190040.729724444,39045521.43429458,0.0016959336684339,0.0016959336684339,,0.0016959336684339,5.500248225921577,,0.0,0.0,,False,0.0016698707359472,0.0053580602209666,-0.0036881894850194,0.0070279309569139,True,False,-0.5247902273984405,vinacapital,vff,VinaCapital Enhanced Fixed Income Fund,bond,VINACAPITAL-VFF,False,1108.08,1088.29,gap_8d_asof,0.0181844912661146,-0.0164885575976807,-0.0164885575976807,2023-01,7.4,"bridged between observations at 2022-12 and 2023-02, which agree at 7.4%",12 months,agribank-board-rate,Agribank,False,non-contiguous filing pair: 8-day boundary gap,non-contiguous filing pair: 8-day boundary gap,,net_unit_demand,"Net certificate-stock change only; not gross subscriptions, gross redemptions, investor counts, customer identity, or fund transfers.",,,,,,,,,,,,,,,
VINACAPITAL-VFF,2023-03-28,2023-04-03,2023-04-04,6,https://vinacapital.com/wp-content/uploads/2023/04/20230404_VFF_BC_Weekly_20230403-1.xlsx,vff,,standard,751067203527.0,21049.44,703314487126.0,21077.48,935605931.0,-48688322332.0,2005683220.0,-50694005552.0,,,21077.48,19544.57,2466355.39,51984556406.0,7.390000000000001,769855667942.0,21028.49,751067203527.0,21049.44,756275889.0,-19544740304.0,3926002504.0,-23470742808.0,,,21049.44,19501.74,2415306.83,50840856200.0,6.77,-48688322332.0,35681101.42250816,33368053.82455588,0.0013321019466552,0.0013321019466552,,0.0013321019466552,7.391367213041194,,0.0,0.0,,False,0.0026704444164002,0.0674959648270377,-0.0648255204106375,0.0701664092434379,True,False,-0.9238825402298904,vinacapital,vff,VinaCapital Enhanced Fixed Income Fund,bond,VINACAPITAL-VFF,False,1079.28,1054.29,gap_8d_asof,0.023703155678229,-0.0223710537315737,-0.0223710537315737,2023-04,7.2,"Agribank published board rate, 12 months VND retail term deposit, read from Wayback Machine snapshot 20230422161036 of https://www.agribank.com.vn/vn/lai-suat",12 months,agribank-board-rate,Agribank,False,non-contiguous filing pair: 8-day boundary gap,non-contiguous filing pair: 8-day boundary gap,,net_unit_demand,"Net certificate-stock change only; not gross subscriptions, gross redemptions, investor counts, customer identity, or fund transfers.",,,,,,,,,,,,,,,
VINACAPITAL-VFF,2024-01-16,2024-01-22,2024-01-23,6,https://vinacapital.com/wp-content/uploads/2024/01/20240123_VFF_BC_Weekly_20240122.xlsx,vff,,standard,781820718500.0,22399.95,858266309599.0,22428.88,1097498833.0,75348092266.0,77537804170.0,-2189711904.0,,,22428.88,20755.29,6477765.050000001,145289014975.0,16.93,767148631645.0,22335.89,781820718500.0,22399.95,2229277397.0,12442809458.0,46237657282.0,-33794847824.0,,,22399.95,20720.15,5514518.98,123524949426.0,15.8,75348092266.0,34902788.555331595,38266124.28257675,0.0012915207400017,0.0012915207400017,,0.0012915207400017,16.928197384665147,,0.0,0.0,,False,0.0991759393621134,0.0028007852084058,0.0963751541537076,0.1019767245705192,True,False,0.9450701084938457,vinacapital,vff,VinaCapital Enhanced Fixed Income Fund,bond,VINACAPITAL-VFF,False,1182.86,1163.12,gap_15d_asof,0.0169715936446799,-0.0156800729046782,-0.0156800729046782,2024-01,5.14,"VNDIRECT Research, average 12-month term deposit rate across commercial banks: ""As of January 31, 2024, the average 12-month term deposit interest rate of commercial banks has decreased to 5.14%/year"" (https://www.vndirect.com.vn/cmsupload/beta/Market-Strategy_Feb_20240206.pdf)",12 months,vndirect-market-average,commercial banks (average),False,non-contiguous filing pair: 15-day boundary gap,non-contiguous filing pair: 15-day boundary gap,,net_unit_demand,"Net certificate-stock change only; not gross subscriptions, gross redemptions, investor counts, customer identity, or fund transfers.",,,,,,,,,,,,,,,
VINACAPITAL-VFF,2024-04-02,2024-04-08,2024-04-09,6,https://vinacapital.com/wp-content/uploads/2024/04/20240409_VFF_BC_Weekly_20240408.xlsx,vff,,standard,1250003608569.0,22710.54,1270160915753.0,22730.3,19574416206.0,582890978.0,20131377358.0,-19548486380.0,,,22730.3,21112.59,7014195.390000001,159434765473.0,12.55,1217941648449.0,22683.17,1250003608569.0,22710.54,1503792993.0,30558167127.0,39832156564.0,-9273989437.0,,,22710.54,21077.48,7053352.0600000005,160185434093.0,12.810000000000002,582890978.0,55040681.92869918,55879637.12546689,0.000870080588132,0.000870080588132,,0.000870080588132,12.552328094466752,,0.0,0.0,,False,0.016105055393437,0.0156387439572106,0.0004663114362264,0.0317437993506477,True,False,0.0146898432375861,vinacapital,vff,VinaCapital Enhanced Fixed Income Fund,bond,VINACAPITAL-VFF,False,1250.35,1281.52,contiguous,-0.0243226793183095,0.0251927599064416,0.0251927599064416,2024-04,4.61,"VNDIRECT Research, average 12-month term deposit rate across commercial banks: ""As of April 27, 2024, the average 12-month term deposit interest rate of commercial banks plateaued at around 4.61%"" (https://www.vndirect.com.vn/cmsupload/beta/Econ_Update_20240520.pdf)",12 months,vndirect-market-average,commercial banks (average),False,unit-change/net-flow proxy error is 1.478% of opening NAV,unit-change/net-flow proxy error is 1.478% of opening NAV,,net_unit_demand,"Net certificate-stock change only; not gross subscriptions, gross redemptions, investor counts, customer identity, or fund transfers.",,,,,,,,,,,,,,,
VINACAPITAL-VFF,2025-01-21,2025-01-31,2025-02-03,10,https://vinacapital.com/wp-content/uploads/2025/02/20250203_VFF_BC_Weekly_20250131-1.xlsx,vff,,standard,1630073224974.0,23920.72,1631527546325.0,23966.86,3141789562.0,-1687468211.0,6582290928.0,-8269759139.0,,,23966.86,22491.15,9865359.35,236441686391.0,14.49,1631687443686.0,23890.24,1630073224974.0,23920.72,2077048236.0,-3691266948.0,8829327325.0,-12520594273.0,,,23920.72,22428.88,10050284.65,240410045033.0,14.75,-1687468211.0,68144822.7718062,68074313.71172528,0.0019288717062027,0.0019288717062027,,0.0019288717062027,14.492043785811806,,0.0,0.0,,False,0.004038033891456,0.0050732439575724,-0.0010352100661164,0.0091112778490284,True,False,-0.1136185377363769,vinacapital,vff,VinaCapital Enhanced Fixed Income Fund,bond,VINACAPITAL-VFF,False,1265.05,1246.09,gap_15d_asof,0.0152155943792182,-0.0132867226730155,-0.0132867226730155,2025-01,4.7,"bridged between observations at 2024-12 and 2025-02, which agree at 4.7%",12 months,agribank-board-rate,Agribank,False,non-contiguous filing pair: 15-day boundary gap,non-contiguous filing pair: 15-day boundary gap,,net_unit_demand,"Net certificate-stock change only; not gross subscriptions, gross redemptions, investor counts, customer identity, or fund transfers.",,,,,,,,,,,,,,,
VINACAPITAL-VIBF,2021-09-02,2021-09-08,,6,https://vinacapital.com/wp-content/uploads/2022/07/20210908-vibf-changes-of-nav-weekly-report.xlsx,vibf,,standard,464920036876.0,14436.19,477228986765.0,14479.78,1370093723.0,10938856166.0,11607001056.0,-668144890.0,0.0,,14524.51,9847.78,300979.99,4358124040.0,0.91,451396334470.0,14244.62,464920036876.0,14436.19,6169307666.0,7354394740.0,10570156878.0,-3215762138.0,0.0,,14507.55,9847.78,300979.99,4345004322.0,0.94,10938856166.0,32205175.803033903,32958303.701092143,0.0030194947558879,0.0030194947558879,-0.0,0.0030194947558879,0.9132144443996344,,0.0,0.0,,False,0.0249655857682376,0.0014371178632987,0.0235284679049389,0.0264027036315363,True,False,0.8911385831273603,vinacapital,vibf,VinaCapital Integrated Balanced Fund,balanced,VINACAPITAL-VIBF,False,1333.61,1334.65,gap_8d_asof,-0.0007792305098716,0.0037987252657595,0.0037987252657595,2021-09,,,,,,False,non-contiguous filing pair: 8-day boundary gap,non-contiguous filing pair: 8-day boundary gap,,net_unit_demand,"Net certificate-stock change only; not gross subscriptions, gross redemptions, investor counts, customer identity, or fund transfers.",,,,,,,,,,,,,,,
VINACAPITAL-VIBF,2022-05-12,2022-05-18,2022-05-19,6,https://vinacapital.com/wp-content/uploads/2022/07/20220518-vibf-changes-of-nav-weekly-report.xlsx,vibf,,standard,684467086072.0,15028.57,672477118829.0,14724.6,-13853847142.0,1863879899.0,4665259377.0,-2801379478.0,0.0,,16285.42,13385.92,901813.06,13278836583.0,1.97,697868004608.0,15430.53,684467086072.0,15028.57,-18161329691.0,4760411155.0,7555469897.0,-2795058742.0,0.0,,16285.42,13184.02,862555.22,12962971503.0,1.89,1863879899.0,45544392.18581675,45670314.90356275,-0.0202261426070476,-0.0202261426070476,-0.0,-0.0202261426070476,1.9746153751852176,,0.0,0.0,,False,0.0068159002411246,0.0040927891713193,0.0027231110698052,0.0109086894124439,True,False,0.2496277019949694,vinacapital,vibf,VinaCapital Integrated Balanced Fund,balanced,VINACAPITAL-VIBF,False,1240.76,1238.84,gap_8d_asof,0.0015498369442381,-0.0217759795512858,-0.0217759795512858,2022-05,,,,,,False,non-contiguous filing pair: 8-day boundary gap,non-contiguous filing pair: 8-day boundary gap,,net_unit_demand,"Net certificate-stock change only; not gross subscriptions, gross redemptions, investor counts, customer identity, or fund transfers.",,,,,,,,,,,,,,,
VINACAPITAL-VIBF,2022-06-02,2022-06-08,,6,https://vinacapital.com/wp-content/uploads/2022/07/20220608-vibf-changes-of-nav-weekly-report.xlsx,vibf,,standard,708361011695.0,15321.94,723613944908.0,15701.63,17503100399.0,-2250167186.0,6900140880.0,-9150308066.0,0.0,,16285.42,13808.58,1039704.97,16325062748.0,2.26,691860477199.0,15118.03,708361011695.0,15321.94,9309113080.0,7191421416.0,9634584393.0,-2443162977.0,0.0,,16285.42,13808.58,1039056.61,15920363035.0,2.25,-2250167186.0,46231809.52901525,46085275.535597265,0.0247808045195321,0.0247808045195321,-0.0,0.0247808045195321,2.256045901668681,,0.0,0.0,,False,0.0097409947273763,0.0129175772168836,-0.0031765824895072,0.02265857194426,True,False,-0.1401934110111464,vinacapital,vibf,VinaCapital Integrated Balanced Fund,balanced,VINACAPITAL-VIBF,False,1307.91,1288.62,gap_8d_asof,0.0149695022582299,0.0098113022613022,0.0098113022613022,2022-06,,,,,,False,non-contiguous filing pair: 8-day boundary gap,non-contiguous filing pair: 8-day boundary gap,,net_unit_demand,"Net certificate-stock change only; not gross subscriptions, gross redemptions, investor counts, customer identity, or fund transfers.",,,,,,,,,,,,,,,
VINACAPITAL-VIBF,2022-07-21,2022-07-27,,6,https://vinacapital.com/wp-content/uploads/2022/08/20220727-vibf-changes-of-nav-weekly-report.xlsx,vibf,,standard,685060499567.0,14909.34,685570684993.0,14872.76,-1692006091.0,2202191517.0,4177740004.0,-1975548487.0,0.0,,16285.42,13950.02,1125526.47,16739685062.0,2.44,684759340372.0,14798.18,685060499567.0,14909.34,5103649846.0,-4802490651.0,1363766479.0,-6166257130.0,0.0,,16285.42,13903.73,1122172.87,16730856858.0,2.44,2202191517.0,45948412.174314894,46095727.01993443,-0.002453495594037,-0.002453495594037,-0.0,-0.002453495594037,2.4417154100121596,,0.0,0.0,,False,0.0060983519070805,0.0028837576947564,0.0032145942123241,0.0089821096018369,True,False,0.3578885534492649,vinacapital,vibf,VinaCapital Integrated Balanced Fund,balanced,VINACAPITAL-VIBF,False,1191.04,1198.47,gap_8d_asof,-0.0061995711198444,0.0037460755258074,0.0037460755258074,2022-07,5.5,"Press report, article dated 02/08/2022 reporting the increase: ""for a 12-month term, the interest rate increases from 5.5%/year to 5.6%/year"". 5.5% is the pre-increase level, so it is the July level; the month is inferred from the increase date, the level is stated (https://en.baoquocte.vn/the-trend-of-race-to-increase-interest-rates-continues-to-be-hot-192920.html)",12 months,press-state-owned,Vietcombank (over-the-counter),False,non-contiguous filing pair: 8-day boundary gap,non-contiguous filing pair: 8-day boundary gap,,net_unit_demand,"Net certificate-stock change only; not gross subscriptions, gross redemptions, investor counts, customer identity, or fund transfers.",,,,,,,,,,,,,,,
VINACAPITAL-VIBF,2023-06-29,2023-07-05,2023-07-06,6,https://vinacapital.com/wp-content/uploads/2023/07/20230706_VIBF_BC_Weekly_20230705-1.xlsx,vibf,,standard,441183528324.0,14546.23,439912519277.0,14574.14,842939034.0,-2113948081.0,811071064.0,-2925019145.0,,,15491.3,12746.04,2169938.99,31624994632.0,7.19,439404932288.0,14409.75,441183528324.0,14546.23,4155347365.0,-2376751329.0,717706420.0,-3094457749.0,,,15491.3,12746.04,2170351.19,31570427591.0,7.1499999999999995,-2113948081.0,30329750.617445208,30184458.17571397,0.0019187102087618,0.0019187102087618,,0.0019187102087618,7.188928081423087,,0.0,0.0,,False,0.001838398335226,0.0066299373326827,-0.0047915389974567,0.0084683356679088,True,False,-0.5658182652837546,vinacapital,vibf,VinaCapital Integrated Balanced Fund,balanced,VINACAPITAL-VIBF,False,1134.62,1125.39,gap_8d_asof,0.008201601222687,-0.0062828910139252,-0.0062828910139252,2023-07,6.4,"VNDIRECT Research, average 12-month term deposit rate across commercial banks: ""the average 12-month deposit interest rate of commercial banks fell to 6.40% p.a at the end of July 2023"" (https://www.vndirect.com.vn/cmsupload/beta/Vietnam-Money-market-chartbook_August_20230809.pdf)",12 months,vndirect-market-average,commercial banks (average),False,non-contiguous filing pair: 8-day boundary gap,non-contiguous filing pair: 8-day boundary gap,,net_unit_demand,"Net certificate-stock change only; not gross subscriptions, gross redemptions, investor counts, customer identity, or fund transfers.",,,,,,,,,,,,,,,
VINACAPITAL-VIBF,2023-12-07,2023-12-13,2023-12-14,6,https://vinacapital.com/wp-content/uploads/2023/12/20231214_VIBF_BC_Weekly_20231213.xlsx,vibf,,standard,412682181360.0,15013.24,409680129247.0,14940.6,-1991766395.0,-1010285718.0,936159842.0,-1946445560.0,,,15456.52,13465.79,2232748.04,33358595366.0,8.14,407775491469.0,14838.31,412682181360.0,15013.24,4805983518.0,100706373.0,796861411.0,-696155038.0,,,15456.52,13465.79,2230447.04,33486236719.0,8.12,-1010285718.0,27487882.786127444,27420594.1693774,-0.0048383959758185,-0.0048383959758185,,-0.0048383959758185,8.142595401762282,,0.0,0.0,,False,0.0022684765281478,0.0047165728202401,-0.0024480962920923,0.0069850493483879,True,False,-0.3504765922172513,vinacapital,vibf,VinaCapital Integrated Balanced Fund,balanced,VINACAPITAL-VIBF,False,1114.2,1121.49,gap_8d_asof,-0.0065002808763341,0.0016618849005155,0.0016618849005155,2023-12,5.3,"Agribank published board rate, 12 months VND retail term deposit, read from Wayback Machine snapshot 20231204024251 of https://www.agribank.com.vn/vn/lai-suat",12 months,agribank-board-rate,Agribank,False,non-contiguous filing pair: 8-day boundary gap,non-contiguous filing pair: 8-day boundary gap,,net_unit_demand,"Net certificate-stock change only; not gross subscriptions, gross redemptions, investor counts, customer identity, or fund transfers.",,,,,,,,,,,,,,,
VINACAPITAL-VIBF,2024-12-17,2024-12-23,2024-12-24,6,https://vinacapital.com/wp-content/uploads/2024/12/20241224_VIBF_BC_Weekly_20241223-1.xlsx,vibf,,standard,799382755027.0,17643.21,800336382619.0,17691.25,2176879308.0,-1223251716.0,7824293024.0,-9047544740.0,,,17691.25,15068.79,3378704.48,59773505632.0,7.470000000000001,807826577895.0,17636.69,799382755027.0,17643.21,293551915.0,-8737374783.0,7444950661.0,-16182325444.0,,,17659.52,14831.14,3348919.2800000003,59085686130.0,7.4,-1223251716.0,45308237.844870634,45239108.74692291,0.0027228605225466,0.0027228605225466,,0.0027228605225466,7.46854784189602,,0.0,0.0,,False,0.0097879182091384,0.0113181635244238,-0.0015302453152853,0.0211060817335622,True,False,-0.0725025769634943,vinacapital,vibf,VinaCapital Integrated Balanced Fund,balanced,VINACAPITAL-VIBF,False,1262.76,1261.72,gap_8d_asof,0.0008242716292046,0.001898588893342,0.001898588893342,2024-12,4.7,"Agribank published board rate, 12 months VND retail term deposit, read from Wayback Machine snapshot 20241217044809 of https://www.agribank.com.vn/vn/lai-suat",12 months,agribank-board-rate,Agribank,False,non-contiguous filing pair: 8-day boundary gap,non-contiguous filing pair: 8-day boundary gap,,net_unit_demand,"Net certificate-stock change only; not gross subscriptions, gross redemptions, investor counts, customer identity, or fund transfers.",,,,,,,,,,,,,,,
VINACAPITAL-VIBF,2025-05-13,2025-05-19,2025-05-20,6,https://vinacapital.com/wp-content/uploads/2025/05/20250520_VIBF_BC_Weekly_20250519-1.xlsx,vibf,,standard,1058936746707.0,17728.12,1063465256616.0,17836.89,6462938235.0,-1934428326.0,5417049359.0,-7351477685.0,,,18274.3,16614.34,3114418.76,55551544836.0,5.2299999999999995,1037718023759.0,17604.44,1058936746707.0,17728.12,7360864225.0,13857858723.0,16703373540.0,-2845514817.0,,,18274.3,16614.34,3131901.64,55522728102.0,5.25,-1934428326.0,59732038.51886156,59621674.88928844,0.0061354503466808,0.0061354503466808,,0.0061354503466808,5.223635139032921,,0.0,0.0,,False,0.0051155551791412,0.0069423199335192,-0.0018267647543779,0.0120578751126604,True,False,-0.1514997242308382,vinacapital,vibf,VinaCapital Integrated Balanced Fund,balanced,VINACAPITAL-VIBF,False,1296.29,1293.43,gap_8d_asof,0.0022111749379556,0.0039242754087251,0.0039242754087251,2025-05,4.7,"Agribank published board rate, 12 months VND retail term deposit, read from Wayback Machine snapshot 20250531072021 of https://www.agribank.com.vn/vn/lai-suat",12 months,agribank-board-rate,Agribank,False,non-contiguous filing pair: 8-day boundary gap,non-contiguous filing pair: 8-day boundary gap,,net_unit_demand,"Net certificate-stock change only; not gross subscriptions, gross redemptions, investor counts, customer identity, or fund transfers.",,,,,,,,,,,,,,,
VINACAPITAL-VLBF,2021-09-23,2021-09-29,2021-09-30,6,https://vinacapital.com/wp-content/uploads/2022/07/20210929-vlbf-changes-of-nav-weekly-report.xlsx,vlbf,,alt,51221760473.0,10001.94,51507009266.0,10014.92,66701027.0,218547766.0,,,0.0,12.98,,,5005000.0,50124674600.0,97.32,50296818137.0,9997.87,51221760473.0,10001.94,20782286.0,904160050.0,,,0.0,4.07,,,5005000.0,50059709700.0,97.73,218547766.0,5121182.53788765,5143027.529525947,0.0012977482368419,0.0012977482368419,-0.0,0.0012977482368419,97.31622028593982,,0.0,0.0,,False,,,0.0042666976687613,,False,False,,vinacapital,vlbf,VinaCapital Liquidity Bond Fund,bond,VINACAPITAL-VLBF,False,1339.21,1352.76,gap_8d_asof,-0.0100165587391702,0.0113143069760122,0.0113143069760122,2021-09,,,,,,False,non-contiguous filing pair: 8-day boundary gap,non-contiguous filing pair: 8-day boundary gap,,net_unit_demand,"Net certificate-stock change only; not gross subscriptions, gross redemptions, investor counts, customer identity, or fund transfers.",,,,,,,,,,,,,,,
VINACAPITAL-VLBF,2022-02-10,2022-02-16,2022-02-17,6,https://vinacapital.com/wp-content/uploads/2022/07/20220216-vlbf-changes-of-nav-weekly-report.xlsx,vlbf,,alt,89575994552.0,10205.38,89945788180.0,10215.89,92329388.0,277464240.0,,,0.0,10.51,,,6776548.92,69228478346.33879,76.97,89524585289.0,10194.84,89575994552.0,10205.38,92570001.0,-41160738.0,,,0.0,10.54,,,6776548.92,69157256817.18959,77.21000000000001,277464240.0,8777330.638545552,8804498.499885963,0.0010298489620181,0.0010298489620181,-0.0,0.0010298489620181,76.96689277745655,,0.0,0.0,,False,,,0.003097528990749,,False,False,,vinacapital,vlbf,VinaCapital Liquidity Bond Fund,bond,VINACAPITAL-VLBF,False,1492.1,1506.79,gap_8d_asof,-0.0097492019458584,0.0107790509078766,0.0107790509078766,2022-02,,,,,,False,non-contiguous filing pair: 8-day boundary gap,non-contiguous filing pair: 8-day boundary gap,,net_unit_demand,"Net certificate-stock change only; not gross subscriptions, gross redemptions, investor counts, customer identity, or fund transfers.",,,,,,,,,,,,,,,
VINACAPITAL-VLBF,2023-01-05,2023-01-11,2023-01-12,6,https://vinacapital.com/wp-content/uploads/2023/01/20230112-VLBF-NAV-TUAN-TU-05.01.2023-den-11.01.2023-1.xlsx,vlbf,,alt,58967615641.0,10593.62,58907727729.0,10606.83,73460856.0,-133348768.0,,,0.0,13.21,,,5005000.0,53087184150.0,90.12,59582177074.0,10584.79,58967615641.0,10593.62,49615524.0,-664176957.0,,,0.0,8.83,,,5005000.0,53021068100.00001,89.92,-133348768.0,5566332.909902375,5553754.300672303,0.0012469769540532,0.0012469769540532,-0.0,0.0012469769540532,90.11921898298824,,0.0,0.0,,False,,,-0.0022613898586613,,False,False,,vinacapital,vlbf,VinaCapital Liquidity Bond Fund,bond,VINACAPITAL-VLBF,False,1055.76,1055.82,gap_8d_asof,-5.6827868386566394e-05,0.0013038048224398,0.0013038048224398,2023-01,7.4,"bridged between observations at 2022-12 and 2023-02, which agree at 7.4%",12 months,agribank-board-rate,Agribank,False,non-contiguous filing pair: 8-day boundary gap,non-contiguous filing pair: 8-day boundary gap,,net_unit_demand,"Net certificate-stock change only; not gross subscriptions, gross redemptions, investor counts, customer identity, or fund transfers.",,,,,,,,,,,,,,,
VINACAPITAL-VLBF,2023-06-29,2023-07-05,2023-07-06,6,https://vinacapital.com/wp-content/uploads/2023/07/20230706-VLBF-NAV-TUAN-TU-29.06.2023-den-05.07.2023-1.xlsx,vlbf,,alt,59261828112.0,10946.83,59625107155.0,10960.15,72244646.0,291034397.0,,,0.0,13.32,,,4367451.2,47867920269.68,80.28,58462983296.0,10933.14,59261828112.0,10946.83,73524741.0,725320075.0,,,0.0,13.69,,,4367451.2,47809745819.696,80.67999999999999,291034397.0,5413606.323657168,5440172.548277168,0.001216790614269,0.001216790614269,-0.0,0.001216790614269,80.28148300890044,,0.0,0.0,,False,,,0.0049109925608431,,False,False,,vinacapital,vlbf,VinaCapital Liquidity Bond Fund,bond,VINACAPITAL-VLBF,False,1134.62,1125.39,gap_8d_asof,0.008201601222687,-0.006984810608418,-0.006984810608418,2023-07,6.4,"VNDIRECT Research, average 12-month term deposit rate across commercial banks: ""the average 12-month deposit interest rate of commercial banks fell to 6.40% p.a at the end of July 2023"" (https://www.vndirect.com.vn/cmsupload/beta/Vietnam-Money-market-chartbook_August_20230809.pdf)",12 months,vndirect-market-average,commercial banks (average),False,non-contiguous filing pair: 8-day boundary gap,non-contiguous filing pair: 8-day boundary gap,,net_unit_demand,"Net certificate-stock change only; not gross subscriptions, gross redemptions, investor counts, customer identity, or fund transfers.",,,,,,,,,,,,,,,
VINACAPITAL-VLBF,2024-04-25,2024-05-01,2024-05-02,6,https://vinacapital.com/wp-content/uploads/2024/05/20240502-VLBF-NAV-TUAN-TU-25.04.2024-den-01.05.2024.xlsx,vlbf,,alt,63669218439.0,11378.49,63978008773.0,11386.06,42535639.0,266254695.0,,,0.0,7.57,,,4366528.400000001,49717554354.10401,77.71000000000001,63527371202.0,11376.36,63669218439.0,11378.49,11945466.0,129901771.0,,,0.0,2.13,,,4366528.400000001,49684499734.11601,78.03999999999999,266254695.0,5595577.131851414,5618976.957173948,0.000665290385631,0.000665290385631,-0.0,0.000665290385631,77.71038096935243,,0.0,0.0,,False,,,0.0041818433071405,,False,False,,vinacapital,vlbf,VinaCapital Liquidity Bond Fund,bond,VINACAPITAL-VLBF,False,1209.52,1193.01,contiguous,0.0138389451890597,-0.0131736548034286,-0.0131736548034286,2024-05,4.7,"Agribank published board rate, 12 months VND retail term deposit, read from Wayback Machine snapshot 20240526204434 of https://www.agribank.com.vn/vn/lai-suat",12 months,agribank-board-rate,Agribank,False,non-contiguous filing pair: 7-day boundary gap,non-contiguous filing pair: 7-day boundary gap,,net_unit_demand,"Net certificate-stock change only; not gross subscriptions, gross redemptions, investor counts, customer identity, or fund transfers.",,,,,,,,,,,,,,,
VINACAPITAL-VLBF,2024-07-11,2024-07-17,2024-07-18,6,https://vinacapital.com/wp-content/uploads/2024/07/20240718-VLBF-NAV-TUAN-TU-11.07.2024-den-17.07.2024.xlsx,vlbf,,alt,61337181426.0,11471.23,61417651538.0,11480.79,51161011.0,29309101.0,,,0.0,9.56,,,4368717.710000001,50156330598.0,81.66,61960203927.0,11461.81,61337181426.0,11471.23,50690760.0,-673713261.0,,,0.0,9.42,,,4368717.710000001,50114565656.0,81.69999999999999,29309101.0,5347044.861449034,5349601.511568454,0.0008333892703746,0.0008333892703746,-0.0,0.0008333892703746,81.66435762684209,,0.0,0.0,,False,,,0.0004778357974495,,False,False,,vinacapital,vlbf,VinaCapital Liquidity Bond Fund,bond,VINACAPITAL-VLBF,False,1268.66,1283.8,gap_8d_asof,-0.0117931141922417,0.0126265034626164,0.0126265034626164,2024-07,4.7,"bridged between observations at 2024-06 and 2024-09, which agree at 4.7%",12 months,agribank-board-rate,Agribank,False,non-contiguous filing pair: 8-day boundary gap,non-contiguous filing pair: 8-day boundary gap,,net_unit_demand,"Net certificate-stock change only; not gross subscriptions, gross redemptions, investor counts, customer identity, or fund transfers.",,,,,,,,,,,,,,,
VINACAPITAL-VLBF,2024-08-08,2024-08-14,2024-08-15,6,https://vinacapital.com/wp-content/uploads/2024/08/20240815-VLBF-NAV-TUAN-TU-08.08.2024-den-14.08.2024.xlsx,vlbf,,alt,61243764569.0,11510.28,61310667519.0,11520.82,56123375.0,10779575.0,,,0.0,10.54,,,4368120.750000001,50324332899.0,82.08,61375049708.0,11500.31,61243764569.0,11510.28,53155499.0,-184440638.0,,,0.0,9.97,,,4368120.750000001,50278292906.0,82.1,10779575.0,5320788.422957565,5321727.751930852,0.0009157031801136,0.0009157031801136,-0.0,0.0009157031801136,82.08087586618534,,0.0,0.0,,False,,,0.0001760109796623,,False,False,,vinacapital,vlbf,VinaCapital Liquidity Bond Fund,bond,VINACAPITAL-VLBF,False,1230.36,1208.32,gap_8d_asof,0.0182402012711864,-0.0173244980910727,-0.0173244980910727,2024-08,4.7,"bridged between observations at 2024-06 and 2024-09, which agree at 4.7%",12 months,agribank-board-rate,Agribank,False,non-contiguous filing pair: 8-day boundary gap,non-contiguous filing pair: 8-day boundary gap,,net_unit_demand,"Net certificate-stock change only; not gross subscriptions, gross redemptions, investor counts, customer identity, or fund transfers.",,,,,,,,,,,,,,,
VINACAPITAL-VLBF,2024-10-17,2024-10-23,2024-10-24,6,https://vinacapital.com/wp-content/uploads/2024/10/20241024-VLBF-NAV-TUAN-TU-17.10.2024-den-23.10.2024-1.xlsx,vlbf,,alt,62500555753.0,11616.28,62488091367.0,11627.03,57817129.0,-70281515.0,,,0.0,10.75,,,4393987.340000002,51089022622.0,81.76,62030802036.0,11605.55,62500555753.0,11616.28,57619730.0,412133987.0,,,0.0,10.73,,,4393987.340000002,51041787258.0,81.67,-70281515.0,5380427.792115892,5374381.193391605,0.0009254253513173,0.0009254253513173,-0.0,0.0009254253513173,81.75801421417736,,0.0,0.0,,False,,,-0.0011244942409432,,False,False,,vinacapital,vlbf,VinaCapital Liquidity Bond Fund,bond,VINACAPITAL-VLBF,False,1270.9,1279.48,contiguous,-0.0067058492512582,0.0076312746025756,0.0076312746025756,2024-10,4.7,"Agribank published board rate, 12 months VND retail term deposit, read from Wayback Machine snapshot 20241008043404 of https://www.agribank.com.vn/vn/lai-suat",12 months,agribank-board-rate,Agribank,False,same-filing prior foreign units disagree with previous filing by 0.4875%,same-filing prior foreign units disagree with previous filing by 0.4875%,,net_unit_demand,"Net certificate-stock change only; not gross subscriptions, gross redemptions, investor counts, customer identity, or fund transfers.",,,,,,,,,,,,,,,
VINACAPITAL-VLBF,2025-01-02,2025-01-08,2025-01-09,6,https://vinacapital.com/wp-content/uploads/2025/01/20250109-VLBF-NAV-TUAN-TU-02.01.2025-den-08.01.2025-1.xlsx,vlbf,,alt,52369717919.0,11731.53,52089665657.0,11743.02,50867423.0,-330919685.0,,,0.0,11.49,,,144268.80000000235,1694151404.0,3.25,53512981024.0,11720.44,52369717919.0,11731.53,50293735.0,-1193556840.0,,,0.0,11.09,,,144268.80000000235,1692493755.0,3.2300000000000004,-330919685.0,4464014.3202975225,4435798.0874596145,0.0009794118925663,0.0009794118925663,-0.0,0.0009794118925663,3.2523752698964263,,0.0,0.0,,False,,,-0.0063189128784659,,False,False,,vinacapital,vlbf,VinaCapital Liquidity Bond Fund,bond,VINACAPITAL-VLBF,False,1251.02,1269.71,gap_8d_asof,-0.0147198966693182,0.0156993085618846,0.0156993085618846,2025-01,4.7,"bridged between observations at 2024-12 and 2025-02, which agree at 4.7%",12 months,agribank-board-rate,Agribank,False,non-contiguous filing pair: 8-day boundary gap,non-contiguous filing pair: 8-day boundary gap,,net_unit_demand,"Net certificate-stock change only; not gross subscriptions, gross redemptions, investor counts, customer identity, or fund transfers.",,,,,,,,,,,,,,,
VINACAPITAL-VLBF,2025-03-27,2025-04-02,2025-04-03,6,https://vinacapital.com/wp-content/uploads/2025/04/20250403-VLBF-NAV-TUAN-TU-27.03.2025-den-02.04.2025-1.xlsx,vlbf,,alt,52912271062.0,11866.78,53043572772.0,11879.49,56709537.0,74592173.0,,,0.0,12.71,,,144268.80000000235,1713839767.0,3.2300000000000004,52868688415.0,11855.43,52912271062.0,11866.78,50579963.0,-6997316.0,,,0.0,11.35,,,144268.80000000235,1712006110.0,3.24,74592173.0,4458856.662211653,4465138.888285608,0.0010710571865324,0.0010710571865324,-0.0,0.0010710571865324,3.2310036399069277,,0.0,0.0,,False,,,0.0014097329693635,,False,False,,vinacapital,vlbf,VinaCapital Liquidity Bond Fund,bond,VINACAPITAL-VLBF,False,1317.83,1323.81,gap_8d_asof,-0.004517264562135,0.0055883217486675,0.0055883217486675,2025-04,4.7,"Agribank published board rate, 12 months VND retail term deposit, read from Wayback Machine snapshot 20250404031732 of https://www.agribank.com.vn/vn/lai-suat",12 months,agribank-board-rate,Agribank,False,non-contiguous filing pair: 8-day boundary gap,non-contiguous filing pair: 8-day boundary gap,,net_unit_demand,"Net certificate-stock change only; not gross subscriptions, gross redemptions, investor counts, customer identity, or fund transfers.",,,,,,,,,,,,,,,
VINACAPITAL-VLBF,2026-07-23,2026-07-29,2026-07-30,6,https://vinacapital.com/wp-content/uploads/2026/07/20260730-VLBF-NAV-TUAN-TU-23.07.2026-den-29.07.2026.xlsx,vlbf,,alt,44357977507.0,12638.61,44870338899.0,12650.38,41180374.0,471181018.0,,,0.0,11.77,,,600051716.0400001,7590882227558.0,16917.37,44494177679.0,12624.59,44357977507.0,12638.61,49287965.0,-185488137.0,,,0.0,14.02,,,50939.13000000235,643799798.0,1.4500000000000002,471181018.0,3509719.6216197824,3546955.81468699,0.0009312732966677,0.0009312732966677,-0.0,0.0009312732966677,16917.37217462196,,0.0,0.0,,False,,,0.0106222385347854,,False,False,,vinacapital,vlbf,VinaCapital Liquidity Bond Fund,bond,VINACAPITAL-VLBF,False,1704.68,1668.53,contiguous,0.0216657776605755,-0.0207345043639077,-0.0207345043639077,2026-07,5.9,"bridged between observations at 2026-03 and 2026-08, which agree at 5.9%",12 months,cafef-big-four,big four (mean),False,current foreign_units 6.00052e+08 exceed total units 3.54696e+06 (including 0.1% tolerance),current foreign_units 6.00052e+08 exceed total units 3.54696e+06 (including 0.1% tolerance),,net_unit_demand,"Net certificate-stock change only; not gross subscriptions, gross redemptions, investor counts, customer identity, or fund transfers.",,,,,,,,,,,,,,,
VINACAPITAL-VLBF,2026-07-30,2026-08-05,2026-08-06,6,https://vinacapital.com/wp-content/uploads/2026/08/20260806-VLBF-NAV-TUAN-TU-30.07.2026-den-05.08.2026-1.xlsx,vlbf,,alt,44870338899.0,12650.38,45014753830.0,12666.28,56309823.0,88105108.0,,,0.0,15.9,,,99144.94000000236,1255797571.0,2.79,44357977507.0,12638.61,44870338899.0,12650.38,41180374.0,471181018.0,,,0.0,11.77,,,99144.94000000236,1254221166.0,2.8000000000000003,88105108.0,3546955.81468699,3553904.8426215113,0.0012568792399914,0.0012568792399914,-0.0,0.0012568792399914,2.7897466145045895,,0.0,0.0,,False,,,0.0019635489760467,,False,False,,vinacapital,vlbf,VinaCapital Liquidity Bond Fund,bond,VINACAPITAL-VLBF,False,1776.46,1704.68,contiguous,0.0421076096393457,-0.0408507303993543,-0.0408507303993543,2026-08,5.9,"mean of big-four published 12-month VND board rates (Agribank 5.9, BIDV 5.9, Vietcombank 5.9, VietinBank 5.9), read live from https://cafefnew.mediacdn.vn/Images/Uploaded/DuLieuDownload/Liveboard/all_banks_interest_rates.json on 2026-08-15",12 months,cafef-big-four,big four (mean),False,previous foreign_units 6.00052e+08 exceed total units 3.54696e+06 (including 0.1% tolerance),previous foreign_units 6.00052e+08 exceed total units 3.54696e+06 (including 0.1% tolerance),,net_unit_demand,"Net certificate-stock change only; not gross subscriptions, gross redemptions, investor counts, customer identity, or fund transfers.",,,,,,,,,,,,,,,
VLGF,2022-03-31,2022-04-06,2022-04-07,6,https://ssiam.com.vn/upload/files/QuanLyQuy/Bao-cao-ve-thay-doi-gia-tri-tai-san-rong-quy-mo-PLXXIV-TT98-2020-TT-BTC_VLGF_TUAN_220406(1).pdf,vlgf,,standard,163848230675.0,10456.2,2224023813991.0,10523.99,14452409507.0,2045723173809.0,2153214165550.0,-107490991741.0,,67.79,10523.99,9615.83,205858014.92,2166447690438.0,97.41,160461613603.0,10174.41,163848230675.0,10456.2,4442615403.0,-1055998331.0,113664826.0,-1169663157.0,,281.79,10483.57,9615.83,10002500.0,104588140500.0,63.84,2045723173809.0,15669959.514450757,211328955.4618543,0.0064832348271837,0.0064832348271837,,0.0064832348271837,97.41117324415336,,0.0,0.0,,False,13.141516125499049,0.6560399907778863,12.48547613472116,13.797556116276931,True,False,0.9049048997881648,ssiam,vlgf,Vietnam Long-term Growth Fund,equity,VLGF,False,1522.9,1490.51,contiguous,0.0217308169686887,-0.015247582141505,-0.015247582141505,2022-04,,,,,,False,unit-change/net-flow proxy error is 4.125% of opening NAV,unit-change/net-flow proxy error is 4.125% of opening NAV,,net_unit_demand,"Net certificate-stock change only; not gross subscriptions, gross redemptions, investor counts, customer identity, or fund transfers.",,,,,,,,,,,,,,,
VLGF,2023-03-02,2023-03-08,2023-03-09,6,https://ssiam.com.vn/upload/files/QuanLyQuy/Bao-cao-ve-thay-doi-gia-tri-tai-san-rong-quy-mo-PLXXIV-TT98-2020-TT-BTC_VLGF_TUAN_230308(1).pdf,vlgf,,standard,2613636722558.0,8328.98,2604996844241.0,8302.71,-8244485543.0,-395392774.0,69481823.0,-464874597.0,,-26.27,10523.99,7089.5,308650269.4,2562633678250.0,98.37,2713879017421.0,8509.42,2613636722558.0,8328.98,-57964221239.0,-42278073624.0,175307634.0,-42453381258.0,,-180.44,10523.99,7089.5,308650269.4,2570741920827.0,98.36,-395392774.0,313800336.0024877,313752599.36105204,-0.0031540476745052,-0.0031540476745052,,-0.0031540476745052,98.37377284795356,,0.0,0.0,,False,2.6584346018828985e-05,0.0001778650387744,-0.0001512806927555,0.0002044493847932,True,False,-0.7399420297036948,ssiam,vlgf,Vietnam Long-term Growth Fund,equity,VLGF,False,1049.18,1037.61,gap_8d_asof,0.0111506249939767,-0.014304672668482,-0.014304672668482,2023-03,7.2,"Agribank published board rate, 12 months VND retail term deposit, read from Wayback Machine snapshot 20230327002150 of https://www.agribank.com.vn/vn/lai-suat",12 months,agribank-board-rate,Agribank,False,non-contiguous filing pair: 8-day boundary gap,non-contiguous filing pair: 8-day boundary gap,,net_unit_demand,"Net certificate-stock change only; not gross subscriptions, gross redemptions, investor counts, customer identity, or fund transfers.",,,,,,,,,,,,,,,
VLGF,2024-02-08,2024-02-14,2024-02-15,6,https://ssiam.com.vn/upload/files/QuanLyQuy/Bao-cao-ve-thay-doi-gia-tri-tai-san-rong-quy-mo-PLXXIV-TT98-2020-TT-BTC_VLGF_TUAN_240214.pdf,vlgf,,standard,3374797097682.0,10287.73,3373839830958.0,10284.81,-957266724.0,,,,,-2.92,10287.73,8090.04,322669957.42,3318599204773.0,98.36,3218548093263.0,9820.7,3374797097682.0,10287.73,153161169262.0,3087835157.0,3428175860.0,-340340703.0,,467.03,10287.73,8090.04,322669957.42,3319541401048.0,98.36,,328040986.46465254,328041046.062883,-0.0002838332654531,-0.0002838332654531,,-0.0002838332654531,98.3626778699416,,0.0,0.0,,False,,,,,False,True,,ssiam,vlgf,Vietnam Long-term Growth Fund,equity,VLGF,False,1198.53,1198.53,contiguous,0.0,-0.0002838332654531,-0.0002838332654531,2024-02,4.78,"Shinhan Securities Vietnam, Vietnam Economic Update (25 Mar 2024), indicator table row ""Avg. Deposit rate 12M term of SCBs"", column 02/24 = 4.78% (https://shinhansec.com.vn/uploads/report/Vietnam_economic_update_2402_E.pdf)",12 months,shinhan-scb-average,state-owned commercial banks (average),False,critical fields missing: net_flow,critical fields missing: net_flow,,net_unit_demand,"Net certificate-stock change only; not gross subscriptions, gross redemptions, investor counts, customer identity, or fund transfers.",,,,,,,,,,,,,,,
VLGF,2024-10-10,2024-10-16,2024-10-17,6,https://ssiam.com.vn/upload/files/QuanLyQuy/Bao-cao-ve-thay-doi-gia-tri-tai-san-rong-quy-mo-PLXXIV-TT98-2020-TT-BTC_VLGF_TUAN_241016.pdf,vlgf,,standard,4571464188852.0,12148.39,4573272610904.0,12089.22,-22486640701.0,24295062753.0,24762434348.0,-467371595.0,,-59.17,12365.96,8683.83,371271386.09,4488381466147.0,98.14,4581170089603.0,12256.0,4571464188852.0,12148.39,-40027624526.0,30321723775.0,30653506436.0,-331782661.0,,-107.61,12365.96,8683.83,369427995.28,4487955363580.0,98.17,24295062753.0,376302060.507771,378293439.1883017,-0.0048706042529091,-0.0048706042529091,,-0.0048706042529091,98.14375498730176,,0.0,0.0,,False,0.0054167403101146,0.0001022367398479,0.0053145035702666,0.0055189770499625,True,False,0.962950837112588,ssiam,vlgf,Vietnam Long-term Growth Fund,equity,VLGF,False,1279.48,1286.36,gap_8d_asof,-0.0053484250132155,0.0004778207603063,0.0004778207603063,2024-10,4.7,"Agribank published board rate, 12 months VND retail term deposit, read from Wayback Machine snapshot 20241008043404 of https://www.agribank.com.vn/vn/lai-suat",12 months,agribank-board-rate,Agribank,False,non-contiguous filing pair: 8-day boundary gap,non-contiguous filing pair: 8-day boundary gap,,net_unit_demand,"Net certificate-stock change only; not gross subscriptions, gross redemptions, investor counts, customer identity, or fund transfers.",,,,,,,,,,,,,,,
